企業名,メールアドレス,学籍番号,レポートID,event_kind,result_status,start_datetime,終了日時,形式,住所種別,対応者数,役職,report_text
株式会社アルファテック,alfa.tech.1@example.com,S20240001,P20249001,試験_面接,継続（合格）,2025-01-30 14:00,2025-01-30 14:30,オンライン・単独,自宅,1,人事・エンジニア,"株式会社アルファテックの試験_面接は淡々としていたが質問の意図は分かりやすかった面接だった。ストレスへの対処方法、価値観など幅広い内容に触れながら失敗経験から何を学んだかを重点的に聞かれた。結論から整理して話す練習をしておくべきだと学んだ。選考は次のステップに進むことになり、引き続き準備を進めていく必要があると感じた。"
株式会社アルファテック,alfa.tech.2@example.com,S20240002,P20249002,試験_面接,継続（合格）,2025-02-01 10:00,2025-02-01 10:40,オンライン・単独,自宅,1,人事,"株式会社アルファテックでの試験_面接では、志望動機、長所と短所、入社後の目標について深掘りされた。全体的に穏やかな雰囲気で、リラックスして話せた。企業研究の甘さを痛感し、情報収集の重要性を実感した。選考は次のステップに進むことになり、引き続き準備を進めていく必要があると感じた。"
株式会社アルファテック,alfa.tech.3@example.com,S20240003,P20249003,試験_面接,落選,2025-02-03 15:30,2025-02-03 15:50,オンライン・単独,自宅,1,エンジニア,"株式会社アルファテックの試験_面接では、チーム開発での役割、Git経験、ポートフォリオでの挑戦点について具体的な説明を求められた。淡々としていたが、質問は鋭かった。専門用語を分かりやすく説明する練習が必要だと感じた。結果としては不合格だったものの、今後の改善点が明確になり次の選考に活かせる面接だった。"
株式会社アルファテック,alfa.tech.4@example.com,S20240004,P20249004,試験_面接,内定,2025-02-05 13:00,2025-02-05 13:30,オンライン・単独,自宅,1,人事・エンジニア,"株式会社アルファテックでの試験_面接では、キャリアビジョン、会社への貢献意欲、学生時代に最も力を入れたことについて深く問われた。面接官が親身になって話を聞いてくれる印象だった。熱意と具体的な目標が評価されたと感じる。最終的に総合的な評価は高く、非常に良いフィードバックをいただき内定となった。"
株式会社アルファテック,alfa.tech.5@example.com,S20240005,P20249005,試験_面接,継続（合格）,2025-02-07 11:00,2025-02-07 11:30,オンライン・単独,自宅,1,人事,"株式会社アルファテックの試験_面接では、周囲からの評価、困難な状況への対処法、価値観について聞かれた。やや厳しめではあったが、真剣にこちらの話を聞いてもらえた。逆質問のバリエーションを増やしておくべきだったと反省した。選考は次のステップに進むことになり、引き続き準備を進めていく必要があると感じた。"
株式会社アルファテック,alfa.tech.6@example.com,S20240006,P20249006,試験_面接,継続（合格）,2025-02-10 14:00,2025-02-10 14:50,オンライン・単独,自宅,1,人事・エンジニア,"株式会社アルファテックでの試験_面接では、技術的な興味、長所と短所、失敗経験から何を学んだかを重点的に聞かれた。具体的なエピソードを何度か深掘りされた。静かな緊張感はあったものの、こちらの話を受け止めてくれた。話の論理性を高める必要性を感じた。選考は次のステップに進むことになり、引き続き準備を進めていく必要があると感じた。"
株式会社アルファテック,alfa.tech.7@example.com,S20240007,P20249007,試験_面接,落選,2025-02-12 16:00,2025-02-12 16:20,オンライン・単独,自宅,1,人事,"株式会社アルファテックの試験_面接では、札幌で働く理由、アルバイト経験、HCSを選んだ理由について質問された。淡々としていたが、回答の背景や理由を詳しく問われた。自己分析の甘さを痛感した。結果としては不合格だったものの、今後の改善点が明確になり次の選考に活かせる面接だった。"
株式会社アルファテック,alfa.tech.8@example.com,S20240008,P20249008,試験_面接,継続（合格）,2025-02-14 09:30,2025-02-14 10:00,オンライン・単独,自宅,1,エンジニア,"株式会社アルファテックでの試験_面接では、レビューの受け方、学校で学んだ専門技術、入社後に挑戦したいことについて質問された。全体的に穏やかな雰囲気で、和やかに進んだ。技術的な知識の確認を徹底する必要があると学んだ。選考は次のステップに進むことになり、引き続き準備を進めていく必要があると感じた。"
株式会社アルファテック,alfa.tech.9@example.com,S20240009,P20249009,試験_面接,継続（合格）,2025-02-17 13:30,2025-02-17 14:10,オンライン・単独,自宅,1,人事,"株式会社アルファテックの試験_面接では、ガクチカ、将来像、チーム開発での役割について聞かれた。やや厳しめではあったが、質問の意図は明確だった。緊張すると早口になるため、落ち着いて話す意識が必要だと感じた。選考は次のステップに進むことになり、引き続き準備を進めていく必要があると感じた。"
株式会社アルファテック,alfa.tech.10@example.com,S20240010,P20249010,試験_面接,継続（合格）,2025-02-19 11:00,2025-02-19 11:30,オンライン・単独,自宅,1,人事・エンジニア,"株式会社アルファテックでの試験_面接では、長所と短所、志望動機、価値観について質問された。具体的なエピソードを何度も深掘りされた。静かな緊張感はあったものの、こちらの話を真摯に受け止めてくれた。結論ファーストを徹底する訓練が必要だと感じた。選考は次のステップに進むことになり、引き続き準備を進めていく必要があると感じた。"
株式会社ビーリンク,be.link.1@example.com,S20240011,P20249011,試験_面接,継続（合格）,2025-02-25 14:00,2025-02-25 15:00,オンライン・単独,自宅,1,人事,"株式会社ビーリンクの試験_面接では、ガクチカ、志望動機、札幌で働く理由、アルバイト経験に加えて、学生時代の経験全般についても質問された。自分の強みをどのように活かせるかを問われた。やや厳しめではあったが誠実に話を聞いてもらえた。結論から整理して話す練習をしておくべきだと学んだ。選考は次のステップに進むことになり、引き続き準備を進めていく必要があると感じた。"
株式会社ビーリンク,be.link.2@example.com,S20240012,P20249012,試験_面接,内定,2025-02-27 10:00,2025-02-27 10:30,オンライン・単独,自宅,1,人事・エンジニア,"株式会社ビーリンクでの試験_面接では、技術的な興味、キャリアビジョン、チーム開発での工夫点について深く問われた。面接官が親身になって話を聞いてくれる印象だった。論理的な思考力と、企業への高い関心が評価されたと感じる。最終的に総合的な評価は高く、非常に良いフィードバックをいただき内定となった。"
株式会社ビーリンク,be.link.3@example.com,S20240013,P20249013,試験_面接,継続（合格）,2025-03-01 13:00,2025-03-01 13:40,オンライン・単独,自宅,1,人事,"株式会社ビーリンクの試験_面接では、周囲からの評価、困難な状況への対処法、入社後の目標について聞かれた。全体的に穏やかな雰囲気だった。企業研究をより進める必要を実感した。選考は次のステップに進むことになり、引き続き準備を進めていく必要があると感じた。"
株式会社ビーリンク,be.link.4@example.com,S20240014,P20249014,試験_面接,落選,2025-03-05 15:00,2025-03-05 15:20,オンライン・単独,自宅,1,エンジニア,"株式会社ビーリンクでの試験_面接では、ポートフォリオの詳細、技術選定の理由、開発における課題解決について重点的に聞かれた。淡々としていたが、質問は非常に具体的で専門的だった。技術的な知識の応用力を高める必要性を感じた。結果としては不合格だったものの、今後の改善点が明確になり次の選考に活かせる面接だった。"
株式会社ビーリンク,be.link.5@example.com,S20240015,P20249015,試験_面接,継続（合格）,2025-03-10 14:00,2025-03-10 14:50,オンライン・単独,自宅,1,人事,"株式会社ビーリンクの試験_面接では、長所と短所、学生時代に最も力を入れたこと、価値観について質問された。具体的なエピソードを何度か深掘りされた。やや厳しめではあったが、質問の意図は明確だった。自己PRの構成を見直す必要があると感じた。選考は次のステップに進むことになり、引き続き準備を進めていく必要があると感じた。"
株式会社ビーリンク,be.link.6@example.com,S20240016,P20249016,試験_面接,継続（合格）,2025-03-12 11:00,2025-03-12 11:30,オンライン・単独,自宅,1,人事・エンジニア,"株式会社ビーリンクでの試験_面接では、失敗経験から何を学んだか、ストレスへの対処方法、将来像について質問された。終始和やかな雰囲気で、会話形式で進んだ。緊張すると早口になるため、落ち着いて話す意識が必要だと感じた。選考は次のステップに進むことになり、引き続き準備を進めていく必要があると感じた。"
株式会社ビーリンク,be.link.7@example.com,S20240017,P20249017,試験_面接,継続（合格）,2025-03-15 09:00,2025-03-15 09:20,オンライン・単独,自宅,1,人事,"株式会社ビーリンクの試験_面接では、チーム開発での役割、学校で学んだこと、HCSを選んだ理由について聞かれた。回答の背景や理由を詳しく問われた。静かな緊張感はあったものの、こちらの話を真摯に受け止めてくれた。話の論理性を高める必要性を感じた。選考は次のステップに進むことになり、引き続き準備を進めていく必要があると感じた。"
株式会社ビーリンク,be.link.8@example.com,S20240018,P20249018,試験_面接,落選,2025-03-18 16:00,2025-03-18 16:40,オンライン・単独,自宅,1,エンジニア,"株式会社ビーリンクでの試験_面接では、レビューの受け方、Gitの具体的な利用経験、技術的な課題解決について深掘りされた。やや厳しめではあったが、誠実に話を聞いてもらえた。技術的な知識の浅さを痛感した。結果としては不合格だったものの、今後の改善点が明確になり次の選考に活かせる面接だった。"
株式会社ビーリンク,be.link.9@example.com,S20240019,P20249019,試験_面接,継続（合格）,2025-03-20 10:00,2025-03-20 10:30,オンライン・単独,自宅,1,人事,"株式会社ビーリンクの試験_面接では、アルバイト経験、札幌で働く理由、他社との違いについてどう考えているか問われた。淡々としていたが、質問の意図は分かりやすかった。自己分析をもう一段深める必要があると感じた。選考は次のステップに進むことになり、引き続き準備を進めていく必要があると感じた。"
株式会社ビーリンク,be.link.10@example.com,S20240020,P20249020,試験_面接,継続（合格）,2025-03-22 15:00,2025-03-22 15:45,オンライン・単独,自宅,1,人事・エンジニア,"株式会社ビーリンクでの試験_面接では、入社後のキャリアパス、会社への貢献意欲、学生時代に最も力を入れたことについて質問された。全体的に穏やかな雰囲気で、リラックスして話せた。結論から整理して話す練習をしておくべきだと学んだ。選考は次のステップに進むことになり、引き続き準備を進めていく必要があると感じた。"
クリエイトソリューションズ株式会社,create.sol.1@example.com,S20240021,P20249021,試験_面接,内定,2025-02-27 10:00,2025-02-27 10:30,オンライン・単独,自宅,1,人事・エンジニア,"クリエイトソリューションズ株式会社の試験_面接では、チーム開発での役割、学校で学んだこと、長所と短所、ガクチカに加えて、学生時代の経験全般についても質問された。回答の背景や理由を詳しく問われた。静かな緊張感はあったものの、こちらの話を受け止めてくれる印象だった。自己分析をもう一段深める必要があると感じた。最終的に総合的な評価は高く、非常に良いフィードバックをいただき内定となった。"
クリエイトソリューションズ株式会社,create.sol.2@example.com,S20240022,P20249022,試験_面接,内定,2025-03-01 13:00,2025-03-01 13:40,オンライン・単独,自宅,1,人事,"クリエイトソリューションズ株式会社での試験_面接では、志望動機、価値観、ストレスへの対処方法について深く聞かれた。終始和やかな雰囲気で、会話形式で進んだ。自分の言葉で熱意と論理性を伝えられたことが評価されたと感じる。最終的に総合的な評価は高く、非常に良いフィードバックをいただき内定となった。"
クリエイトソリューションズ株式会社,create.sol.3@example.com,S20240023,P20249023,試験_面接,継続（合格）,2025-03-05 15:00,2025-03-05 15:20,オンライン・単独,自宅,1,エンジニア,"クリエイトソリューションズ株式会社の試験_面接では、ポートフォリオの説明、技術選定の理由、開発における工夫点について質問された。やや厳しめではあったが、質問の意図は明確だった。技術的な回答の深さが不足していたと痛感した。選考は次のステップに進むことになり、引き続き準備を進めていく必要があると感じた。"
クリエイトソリューションズ株式会社,create.sol.4@example.com,S20240024,P20249024,試験_面接,内定,2025-03-10 14:00,2025-03-10 14:50,オンライン・単独,自宅,1,人事・エンジニア,"クリエイトソリューションズ株式会社での試験_面接では、入社後のキャリアプラン、会社への貢献意欲、失敗経験から何を学んだかについて問われた。静かな緊張感はあったものの、真摯に話を聞いてもらえた。一貫性のある回答と、将来への明確なビジョンが評価されたと感じる。最終的に総合的な評価は高く、非常に良いフィードバックをいただき内定となった。"
クリエイトソリューションズ株式会社,create.sol.5@example.com,S20240025,P20249025,試験_面接,継続（合格）,2025-03-12 11:00,2025-03-12 11:30,オンライン・単独,自宅,1,人事,"クリエイトソリューションズ株式会社の試験_面接では、周囲からの評価、長所と短所、アルバイト経験について聞かれた。淡々としていたが、的確に核心を突く質問が多かった。緊張すると早口になるため、落ち着いて話す意識が必要だと感じた。選考は次のステップに進むことになり、引き続き準備を進めていく必要があると感じた。"
クリエイトソリューションズ株式会社,create.sol.6@example.com,S20240026,P20249026,試験_面接,内定,2025-03-15 09:00,2025-03-15 09:20,オンライン・単独,自宅,1,人事・エンジニア,"クリエイトソリューションズ株式会社での試験_面接では、技術的な興味、学生時代に頑張ったこと、チーム開発での課題解決能力について深く問われた。全体的に穏やかな雰囲気で、リラックスして話せた。自己分析の深さが評価され、非常にポジティブなフィードバックをいただいた。最終的に総合的な評価は高く、非常に良いフィードバックをいただき内定となった。"
クリエイトソリューションズ株式会社,create.sol.7@example.com,S20240027,P20249027,試験_面接,継続（合格）,2025-03-18 16:00,2025-03-18 16:40,オンライン・単独,自宅,1,人事,"クリエイトソリューションズ株式会社の試験_面接では、ガクチカ、札幌で働く理由、入社後に挑戦したいことについて質問された。具体的なエピソードを何度か深掘りされた。やや厳しめではあったが、質問の意図は分かりやすかった。企業研究の甘さを痛感し、情報収集の重要性を実感した。選考は次のステップに進むことになり、引き続き準備を進めていく必要があると感じた。"
クリエイトソリューションズ株式会社,create.sol.8@example.com,S20240028,P20249028,試験_面接,継続（合格）,2025-03-20 10:00,2025-03-20 10:30,オンライン・単独,自宅,1,エンジニア,"クリエイトソリューションズ株式会社での試験_面接では、Git経験、レビューの受け方、学校で学んだ専門技術について詳しく聞かれた。静かな緊張感はあったものの、こちらの話を真摯に受け止めてくれた。専門用語を分かりやすく説明する練習が必要だと感じた。選考は次のステップに進むことになり、引き続き準備を進めていく必要があると感じた。"
クリエイトソリューションズ株式会社,create.sol.9@example.com,S20240029,P20249029,試験_面接,内定,2025-03-22 15:00,2025-03-22 15:45,オンライン・単独,自宅,1,人事・エンジニア,"クリエイトソリューションズ株式会社の試験_面接では、会社の理念に対する共感度、将来像、チームでの貢献方法について問われた。面接官が明るく、非常に話しやすい雰囲気だった。自分の価値観と企業文化のフィット感が評価されたと感じる。最終的に総合的な評価は高く、非常に良いフィードバックをいただき内定となった。"
クリエイトソリューションズ株式会社,create.sol.10@example.com,S20240030,P20249030,試験_面接,継続（合格）,2025-03-25 11:00,2025-03-25 11:20,オンライン・単独,自宅,1,人事,"クリエイトソリューションズ株式会社での試験_面接では、長所と短所、HCSを選んだ理由、困難を乗り越えた経験について質問された。淡々としていたが、質問の意図は明確だった。結論から整理して話す練習をしておくべきだと学んだ。選考は次のステップに進むことになり、引き続き準備を進めていく必要があると感じた。"
株式会社デジタルリンク,digi.link.1@example.com,S20240031,P20249031,試験_面接,継続（合格）,2025-03-01 13:00,2025-03-01 13:40,オンライン・単独,自宅,1,人事,"株式会社デジタルリンクの試験_面接では、長所と短所、志望動機に加えて、学生時代の経験全般についても質問された。具体的なエピソードを何度か深掘りされた。全体的に穏やかな雰囲気だった。企業研究の甘さを痛感し、情報収集の重要性を実感した。選考は次のステップに進むことになり、引き続き準備を進めていく必要があると感じた。"
株式会社デジタルリンク,digi.link.2@example.com,S20240032,P20249032,試験_面接,落選,2025-03-05 15:00,2025-03-05 15:20,オンライン・単独,自宅,1,人事・エンジニア,"株式会社デジタルリンクでの試験_面接では、技術的な興味、ポートフォリオの内容、チーム開発でのトラブル対応について詳しく聞かれた。やや厳しめではあったが、誠実に話を聞いてもらえた。技術的な背景を論理的に説明する力が不足していたと痛感した。結果としては不合格だったものの、今後の改善点が明確になり次の選考に活かせる面接だった。"
株式会社デジタルリンク,digi.link.3@example.com,S20240033,P20249033,試験_面接,継続（合格）,2025-03-10 14:00,2025-03-10 14:50,オンライン・単独,自宅,1,人事,"株式会社デジタルリンクの試験_面接では、入社後の目標、価値観、ストレスへの対処方法について質問された。淡々としていたが、質問の意図は分かりやすかった。逆質問のバリエーションを増やしておくべきだったと反省した。選考は次のステップに進むことになり、引き続き準備を進めていく必要があると感じた。"
株式会社デジタルリンク,digi.link.4@example.com,S20240034,P20249034,試験_面接,継続（合格）,2025-03-12 11:00,2025-03-12 11:30,オンライン・単独,自宅,1,エンジニア,"株式会社デジタルリンクでの試験_面接では、レビューの受け方、学校で学んだこと、Git経験について重点的に深掘りされた。静かな緊張感はあったものの、こちらの話を受け止めてくれた。技術的な知識の応用力を高める必要性を感じた。選考は次のステップに進むことになり、引き続き準備を進めていく必要があると感じた。"
株式会社デジタルリンク,digi.link.5@example.com,S20240035,P20249035,試験_面接,継続（合格）,2025-03-15 09:00,2025-03-15 09:20,オンライン・単独,自宅,1,人事,"株式会社デジタルリンクの試験_面接では、周囲からの評価、失敗経験から何を学んだか、札幌で働く理由について聞かれた。全体的に穏やかな雰囲気で、和やかに進んだ。緊張すると早口になるため、落ち着いて話す意識が必要だと感じた。選考は次のステップに進むことになり、引き続き準備を進めていく必要があると感じた。"
株式会社デジタルリンク,digi.link.6@example.com,S20240036,P20249036,試験_面接,継続（合格）,2025-03-18 16:00,2025-03-18 16:40,オンライン・単独,自宅,1,人事・エンジニア,"株式会社デジタルリンクでの試験_面接では、キャリアビジョン、長所と短所、チーム開発での役割について質問された。回答の背景や理由を詳しく問われた。やや厳しめではあったが、質問の意図は明確だった。話の論理性を高める必要性を感じた。選考は次のステップに進むことになり、引き続き準備を進めていく必要があると感じた。"
株式会社デジタルリンク,digi.link.7@example.com,S20240037,P20249037,試験_面接,落選,2025-03-20 10:00,2025-03-20 10:30,オンライン・単独,自宅,1,人事,"株式会社デジタルリンクの試験_面接では、ガクチカ、アルバイト経験、HCSを選んだ理由について深掘りされた。淡々としていたが、質問は鋭かった。自己分析の甘さを痛感した。結果としては不合格だったものの、今後の改善点が明確になり次の選考に活かせる面接だった。"
株式会社デジタルリンク,digi.link.8@example.com,S20240038,P20249038,試験_面接,継続（合格）,2025-03-22 15:00,2025-03-22 15:45,オンライン・単独,自宅,1,エンジニア,"株式会社デジタルリンクでの試験_面接では、ポートフォリオでの挑戦点、技術的な課題への取り組み方、入社後の貢献について質問された。具体的なエピソードを何度も深掘りされた。静かな緊張感はあったものの、こちらの話を真摯に受け止めてくれた。専門用語を分かりやすく説明する練習が必要だと感じた。選考は次のステップに進むことになり、引き続き準備を進めていく必要があると感じた。"
株式会社デジタルリンク,digi.link.9@example.com,S20240039,P20249039,試験_面接,継続（合格）,2025-03-25 11:00,2025-03-25 11:20,オンライン・単独,自宅,1,人事,"株式会社デジタルリンクの試験_面接では、将来像、学生時代の経験全般、他社との比較について聞かれた。全体的に穏やかな雰囲気だった。結論ファーストを徹底する訓練が必要だと感じた。選考は次のステップに進むことになり、引き続き準備を進めていく必要があると感じた。"
株式会社デジタルリンク,digi.link.10@example.com,S20240040,P20249040,試験_面接,内定,2025-03-28 13:30,2025-03-28 14:00,オンライン・単独,自宅,1,人事・エンジニア,"株式会社デジタルリンクでの試験_面接では、キャリアビジョン、技術への情熱、会社へのフィット感について重点的に問われた。面接官が親身になって話を聞いてくれる印象だった。熱意と論理性を両立できたことが評価されたと感じる。最終的に総合的な評価は高く、非常に良いフィードバックをいただき内定となった。"
株式会社エムライン,m.line.1@example.com,S20240041,P20249041,試験_面接,落選,2025-03-05 15:00,2025-03-05 15:20,オンライン・単独,自宅,1,人事,"株式会社エムラインでの試験_面接では、こちらの回答に対してその都度深掘りが入り、ガクチカ、HCSを選んだ理由やHCSを選んだ理由に関する考え方を詳しく説明した。静かな緊張感はあったものの、こちらの話を受け止めてくれる印象だった。自己分析をもう一段深める必要があると感じた。結果としては不合格だったものの、今後の改善点が明確になり次の選考に活かせる面接だった。"
株式会社エムライン,m.line.2@example.com,S20240042,P20249042,試験_面接,落選,2025-03-10 14:00,2025-03-10 14:50,オンライン・単独,自宅,1,人事・エンジニア,"株式会社エムラインの試験_面接では、技術的な興味、長所と短所、チーム開発での役割について質問された。淡々としていたが、質問の意図は分かりやすかった。技術的な知識の浅さを痛感し、情報収集の重要性を実感した。結果としては不合格だったものの、今後の改善点が明確になり次の選考に活かせる面接だった。"
株式会社エムライン,m.line.3@example.com,S20240043,P20249043,試験_面接,継続（合格）,2025-03-12 11:00,2025-03-12 11:30,オンライン・単独,自宅,1,人事,"株式会社エムラインでの試験_面接では、志望動機、入社後の目標、周囲からの評価について聞かれた。やや厳しめではあったが、誠実に話を聞いてもらえた。結論から整理して話す練習をしておくべきだと学んだ。選考は次のステップに進むことになり、引き続き準備を進めていく必要があると感じた。"
株式会社エムライン,m.line.4@example.com,S20240044,P20249044,試験_面接,落選,2025-03-15 09:00,2025-03-15 09:20,オンライン・単独,自宅,1,エンジニア,"株式会社エムラインの試験_面接では、レビューの受け方、ポートフォリオの詳細、使用技術の選定理由について深く問われた。終始和やかな雰囲気で、会話形式で進んだ。技術的な背景を論理的に説明する力が不足していたと痛感した。結果としては不合格だったものの、今後の改善点が明確になり次の選考に活かせる面接だった。"
株式会社エムライン,m.line.5@example.com,S20240045,P20249045,試験_面接,継続（合格）,2025-03-18 16:00,2025-03-18 16:40,オンライン・単独,自宅,1,人事,"株式会社エムラインでの試験_面接では、失敗経験から何を学んだか、価値観、ストレスへの対処方法について質問された。具体的なエピソードを何度も深掘りされた。静かな緊張感はあったものの、こちらの話を真摯に受け止めてくれた。緊張すると早口になるため、落ち着いて話す意識が必要だと感じた。選考は次のステップに進むことになり、引き続き準備を進めていく必要があると感じた。"
株式会社エムライン,m.line.6@example.com,S20240046,P20249046,試験_面接,落選,2025-03-20 10:00,2025-03-20 10:30,オンライン・単独,自宅,1,人事・エンジニア,"株式会社エムラインの試験_面接では、キャリアビジョン、学生時代に頑張ったこと、札幌で働く理由について質問された。回答の背景や理由を詳しく問われた。全体的に穏やかな雰囲気だったが、深掘りが鋭かった。逆質問のバリエーションを増やしておくべきだった。結果としては不合格だったものの、今後の改善点が明確になり次の選考に活かせる面接だった。"
株式会社エムライン,m.line.7@example.com,S20240047,P20249047,試験_面接,継続（合格）,2025-03-22 15:00,2025-03-22 15:45,オンライン・単独,自宅,1,人事,"株式会社エムラインでの試験_面接では、アルバイト経験、学校で学んだこと、他社との違いについて聞かれた。淡々としていたが、質問の意図は明確だった。自己PRに具体性を持たせる練習が必要だと感じた。選考は次のステップに進むことになり、引き続き準備を進めていく必要があると感じた。"
株式会社エムライン,m.line.8@example.com,S20240048,P20249048,試験_面接,落選,2025-03-25 11:00,2025-03-25 11:20,オンライン・単独,自宅,1,エンジニア,"株式会社エムラインの試験_面接では、Git経験、技術的な課題解決、入社後の貢献について質問された。やや厳しめではあったが、質問の意図は分かりやすかった。専門用語を分かりやすく説明する練習が必要だと感じた。結果としては不合格だったものの、今後の改善点が明確になり次の選考に活かせる面接だった。"
株式会社エムライン,m.line.9@example.com,S20240049,P20249049,試験_面接,内定,2025-03-28 13:30,2025-03-28 14:00,オンライン・単独,自宅,1,人事・エンジニア,"株式会社エムラインでの試験_面接では、会社の理念に対する共感度、チームでの貢献方法、技術への情熱について重点的に問われた。面接官が親身になって話を聞いてくれる印象だった。一貫性のある回答と、高い熱意が評価されたと感じる。最終的に総合的な評価は高く、非常に良いフィードバックをいただき内定となった。"
株式会社エムライン,m.line.10@example.com,S20240050,P20249050,試験_面接,落選,2025-04-01 10:00,2025-04-01 10:30,オンライン・単独,自宅,1,人事,"株式会社エムラインの試験_面接では、長所と短所、ガクチカ、困難を乗り越えた経験について質問された。具体的なエピソードを何度か深掘りされた。静かな緊張感はあったものの、こちらの話を受け止めてくれた。話の論理性を高める必要性を感じた。結果としては不合格だったものの、今後の改善点が明確になり次の選考に活かせる面接だった。"
株式会社フォースウェーブ,force.wave.1@example.com,S20240051,P20249051,試験_面接,継続（合格）,2025-03-10 14:00,2025-03-10 14:50,オンライン・単独,自宅,1,エンジニア,"株式会社フォースウェーブでの試験_面接では、レビューの受け方、アルバイト経験について主に質問が進んだ。具体的なエピソードを何度か深掘りされた。全体的に穏やかな雰囲気だった。緊張すると早口になるため、落ち着いて話す意識が必要だと感じた。選考は次のステップに進むことになり、引き続き準備を進めていく必要があると感じた。"
株式会社フォースウェーブ,force.wave.2@example.com,S20240052,P20249052,試験_面接,継続（合格）,2025-03-12 11:00,2025-03-12 11:30,オンライン・単独,自宅,1,人事,"株式会社フォースウェーブの試験_面接では、志望動機、入社後の目標、周囲からの評価について聞かれた。淡々としていたが、質問の意図は分かりやすかった。企業研究の甘さを痛感し、情報収集の重要性を実感した。選考は次のステップに進むことになり、引き続き準備を進めていく必要があると感じた。"
株式会社フォースウェーブ,force.wave.3@example.com,S20240053,P20249053,試験_面接,内定,2025-03-15 09:00,2025-03-15 09:20,オンライン・単独,自宅,1,人事・エンジニア,"株式会社フォースウェーブでの試験_面接では、技術的な興味、キャリアビジョン、チーム開発での工夫点について深く問われた。面接官が明るく、非常に話しやすい雰囲気だった。論理的な思考力と、自己成長意欲が評価されたと感じる。最終的に総合的な評価は高く、非常に良いフィードバックをいただき内定となった。"
株式会社フォースウェーブ,force.wave.4@example.com,S20240054,P20249054,試験_面接,継続（合格）,2025-03-18 16:00,2025-03-18 16:40,オンライン・単独,自宅,1,エンジニア,"株式会社フォースウェーブの試験_面接では、Git経験、ポートフォリオの内容、技術的な課題解決について深掘りされた。やや厳しめではあったが、質問の意図は明確だった。技術的な知識の確認を徹底する必要があると学んだ。選考は次のステップに進むことになり、引き続き準備を進めていく必要があると感じた。"
株式会社フォースウェーブ,force.wave.5@example.com,S20240055,P20249055,試験_面接,落選,2025-03-20 10:00,2025-03-20 10:30,オンライン・単独,自宅,1,人事,"株式会社フォースウェーブでの試験_面接では、長所と短所、ガクチカ、失敗経験から何を学んだかを中心に質問された。回答の背景や理由を詳しく問われた。静かな緊張感はあったものの、こちらの話を受け止めてくれた。結論から整理して話す練習をしておくべきだと学んだ。結果としては不合格だったものの、今後の改善点が明確になり次の選考に活かせる面接だった。"
株式会社フォースウェーブ,force.wave.6@example.com,S20240056,P20249056,試験_面接,継続（合格）,2025-03-22 15:00,2025-03-22 15:45,オンライン・単独,自宅,1,人事・エンジニア,"株式会社フォースウェーブの試験_面接では、札幌で働く理由、価値観、ストレスへの対処方法について聞かれた。全体的に穏やかな雰囲気で、リラックスして話せた。逆質問のバリエーションを増やしておくべきだったと反省した。選考は次のステップに進むことになり、引き続き準備を進めていく必要があると感じた。"
株式会社フォースウェーブ,force.wave.7@example.com,S20240057,P20249057,試験_面接,継続（合格）,2025-03-25 11:00,2025-03-25 11:20,オンライン・単独,自宅,1,人事,"株式会社フォースウェーブでの試験_面接では、学校で学んだこと、将来像、HCSを選んだ理由について質問された。具体的なエピソードを何度も深掘りされた。淡々としていたが、質問は鋭かった。自己PRの構成を見直す必要があると感じた。選考は次のステップに進むことになり、引き続き準備を進めていく必要があると感じた。"
株式会社フォースウェーブ,force.wave.8@example.com,S20240058,P20249058,試験_面接,落選,2025-03-28 13:30,2025-03-28 14:00,オンライン・単独,自宅,1,エンジニア,"株式会社フォースウェーブの試験_面接では、技術的な課題への取り組み方、入社後の貢献、チーム開発でのトラブル対応について質問された。やや厳しめではあったが、真摯に話を聞いてもらえた。専門用語を分かりやすく説明する練習が必要だと感じた。結果としては不合格だったものの、今後の改善点が明確になり次の選考に活かせる面接だった。"
株式会社フォースウェーブ,force.wave.9@example.com,S20240059,P20249059,試験_面接,継続（合格）,2025-04-01 10:00,2025-04-01 10:30,オンライン・単独,自宅,1,人事,"株式会社フォースウェーブでの試験_面接では、アルバイト経験、周囲からの評価、困難を乗り越えた経験について聞かれた。全体的に穏やかな雰囲気で、和やかに進んだ。話の論理性を高める必要性を感じた。選考は次のステップに進むことになり、引き続き準備を進めていく必要があると感じた。"
株式会社フォースウェーブ,force.wave.10@example.com,S20240060,P20249060,試験_面接,継続（合格）,2025-04-03 14:30,2025-04-03 15:00,オンライン・単独,自宅,1,人事・エンジニア,"株式会社フォースウェーブの試験_面接では、志望動機、学生時代の経験全般、長所と短所について質問された。回答の背景や理由を詳しく問われた。静かな緊張感はあったものの、こちらの話をしっかりと受け止めてくれた。企業研究をより進める必要を実感した。選考は次のステップに進むことになり、引き続き準備を進めていく必要があると感じた。"
ノースシステム株式会社,north.sys.1@example.com,S20240061,P20249061,試験_面接,継続（合格）,2025-03-12 11:00,2025-03-12 11:30,オンライン・単独,自宅,1,人事,"ノースシステム株式会社の試験_面接では、周囲からどう見られているか、長所と短所、チーム開発での役割、札幌で働く理由に加えて、学生時代の経験全般についても質問された。回答の背景や理由を詳しく問われた。静かな緊張感はあったものの、こちらの話を受け止めてくれる印象だった。結論から整理して話す練習をしておくべきだと学んだ。選考は次のステップに進むことになり、引き続き準備を進めていく必要があると感じた。"
ノースシステム株式会社,north.sys.2@example.com,S20240062,P20249062,試験_面接,継続（合格）,2025-03-15 09:00,2025-03-15 09:20,オンライン・単独,自宅,1,人事・エンジニア,"ノースシステム株式会社での試験_面接では、技術的な興味、ポートフォリオの詳細、キャリアビジョンについて深く聞かれた。淡々としていたが、質問の意図は分かりやすかった。技術的な知識の確認を徹底する必要があると学んだ。選考は次のステップに進むことになり、引き続き準備を進めていく必要があると感じた。"
ノースシステム株式会社,north.sys.3@example.com,S20240063,P20249063,試験_面接,落選,2025-03-18 16:00,2025-03-18 16:40,オンライン・単独,自宅,1,人事,"ノースシステム株式会社の試験_面接では、ガクチカ、HCSを選んだ理由、将来像について深掘りされた。やや厳しめではあったが、誠実に話を聞いてもらえた。自己分析の甘さを痛感した。結果としては不合格だったものの、今後の改善点が明確になり次の選考に活かせる面接だった。"
ノースシステム株式会社,north.sys.4@example.com,S20240064,P20249064,試験_面接,継続（合格）,2025-03-20 10:00,2025-03-20 10:30,オンライン・単独,自宅,1,エンジニア,"ノースシステム株式会社での試験_面接では、レビューの受け方、学校で学んだこと、Git経験について重点的に質問された。全体的に穏やかな雰囲気で、リラックスして話せた。専門用語を分かりやすく説明する練習が必要だと感じた。選考は次のステップに進むことになり、引き続き準備を進めていく必要があると感じた。"
ノースシステム株式会社,north.sys.5@example.com,S20240065,P20249065,試験_面接,継続（合格）,2025-03-22 15:00,2025-03-22 15:45,オンライン・単独,自宅,1,人事,"ノースシステム株式会社の試験_面接では、志望動機、入社後の目標、ストレスへの対処方法について聞かれた。具体的なエピソードを何度か深掘りされた。淡々としていたが、質問は鋭かった。緊張すると早口になるため、落ち着いて話す意識が必要だと感じた。選考は次のステップに進むことになり、引き続き準備を進めていく必要があると感じた。"
ノースシステム株式会社,north.sys.6@example.com,S20240066,P20249066,試験_面接,内定,2025-03-25 11:00,2025-03-25 11:20,オンライン・単独,自宅,1,人事・エンジニア,"ノースシステム株式会社での試験_面接では、失敗経験から何を学んだか、価値観、会社への貢献意欲について深く問われた。面接官が親身になって話を聞いてくれる印象だった。論理的な思考力と、前向きな姿勢が評価されたと感じる。最終的に総合的な評価は高く、非常に良いフィードバックをいただき内定となった。"
ノースシステム株式会社,north.sys.7@example.com,S20240067,P20249067,試験_面接,継続（合格）,2025-03-28 13:30,2025-03-28 14:00,オンライン・単独,自宅,1,人事,"ノースシステム株式会社の試験_面接では、アルバイト経験、困難な状況への対処法、長所と短所について質問された。回答の背景や理由を詳しく問われた。静かな緊張感はあったものの、こちらの話を真摯に受け止めてくれた。逆質問のバリエーションを増やしておくべきだったと反省した。選考は次のステップに進むことになり、引き続き準備を進めていく必要があると感じた。"
ノースシステム株式会社,north.sys.8@example.com,S20240068,P20249068,試験_面接,落選,2025-04-01 10:00,2025-04-01 10:40,オンライン・単独,自宅,1,エンジニア,"ノースシステム株式会社での試験_面接では、技術的な課題解決、入社後の貢献、チーム開発でのトラブル対応について詳しく聞かれた。やや厳しめではあったが、質問の意図は明確だった。技術的な説明を簡潔に行う練習が必要だと感じた。結果としては不合格だったものの、今後の改善点が明確になり次の選考に活かせる面接だった。"
ノースシステム株式会社,north.sys.9@example.com,S20240069,P20249069,試験_面接,継続（合格）,2025-04-03 14:30,2025-04-03 15:00,オンライン・単独,自宅,1,人事,"ノースシステム株式会社の試験_面接では、学生時代の経験全般、他社との比較、札幌で働く理由について聞かれた。全体的に穏やかな雰囲気だった。自己分析をもう一段深める必要があると感じた。選考は次のステップに進むことになり、引き続き準備を進めていく必要があると感じた。"
ノースシステム株式会社,north.sys.10@example.com,S20240070,P20249070,試験_面接,継続（合格）,2025-04-05 16:00,2025-04-05 16:25,オンライン・単独,自宅,1,人事・エンジニア,"ノースシステム株式会社での試験_面接では、キャリアビジョン、HCSを選んだ理由、入社後に挑戦したいことについて質問された。具体的なエピソードを何度か深掘りされた。淡々としていたが、的確に核心を突く質問が多かった。話の論理性を高める必要性を感じた。選考は次のステップに進むことになり、引き続き準備を進めていく必要があると感じた。"
株式会社ライフネットワーク,life.net.1@example.com,S20240071,P20249071,試験_面接,落選,2025-03-15 09:00,2025-03-15 09:20,オンライン・単独,自宅,1,人事,"株式会社ライフネットワークの試験_面接では、将来像、長所と短所、学校で学んだこと、ガクチカに加えて、学生時代の経験全般についても質問された。回答の背景や理由を詳しく問われた。淡々としていたが質問の意図は分かりやすかった。緊張すると早口になるため、落ち着いて話す意識が必要だと感じた。結果としては不合格だったものの、今後の改善点が明確になり次の選考に活かせる面接だった。"
株式会社ライフネットワーク,life.net.2@example.com,S20240072,P20249072,試験_面接,継続（合格）,2025-03-18 16:00,2025-03-18 16:40,オンライン・単独,自宅,1,人事・エンジニア,"株式会社ライフネットワークでの試験_面接では、技術的な興味、チーム開発での役割、失敗経験から何を学んだかについて質問された。やや厳しめではあったが、誠実に話を聞いてもらえた。結論から整理して話す練習をしておくべきだと学んだ。選考は次のステップに進むことになり、引き続き準備を進めていく必要があると感じた。"
株式会社ライフネットワーク,life.net.3@example.com,S20240073,P20249073,試験_面接,落選,2025-03-20 10:00,2025-03-20 10:30,オンライン・単独,自宅,1,人事,"株式会社ライフネットワークの試験_面接では、志望動機、入社後の目標、価値観について深掘りされた。全体的に穏やかな雰囲気だった。企業研究の甘さを痛感し、情報収集の重要性を実感した。結果としては不合格だったものの、今後の改善点が明確になり次の選考に活かせる面接だった。"
株式会社ライフネットワーク,life.net.4@example.com,S20240074,P20249074,試験_面接,継続（合格）,2025-03-22 15:00,2025-03-22 15:45,オンライン・単独,自宅,1,エンジニア,"株式会社ライフネットワークでの試験_面接では、Git経験、ポートフォリオの詳細、技術選定の理由について重点的に聞かれた。静かな緊張感はあったものの、こちらの話を真摯に受け止めてくれた。技術的な知識の応用力を高める必要性を感じた。選考は次のステップに進むことになり、引き続き準備を進めていく必要があると感じた。"
株式会社ライフネットワーク,life.net.5@example.com,S20240075,P20249075,試験_面接,落選,2025-03-25 11:00,2025-03-25 11:20,オンライン・単独,自宅,1,人事,"株式会社ライフネットワークの試験_面接では、周囲からの評価、困難な状況への対処法、アルバイト経験について質問された。淡々としていたが、質問は鋭かった。自己PRの構成を見直す必要があると感じた。結果としては不合格だったものの、今後の改善点が明確になり次の選考に活かせる面接だった。"
株式会社ライフネットワーク,life.net.6@example.com,S20240076,P20249076,試験_面接,継続（合格）,2025-03-28 13:30,2025-03-28 14:00,オンライン・単独,自宅,1,人事・エンジニア,"株式会社ライフネットワークでの試験_面接では、キャリアビジョン、長所と短所、会社への貢献意欲について問われた。終始和やかな雰囲気で、会話形式で進んだ。逆質問のバリエーションを増やしておくべきだったと反省した。選考は次のステップに進むことになり、引き続き準備を進めていく必要があると感じた。"
株式会社ライフネットワーク,life.net.7@example.com,S20240077,P20249077,試験_面接,落選,2025-04-01 10:00,2025-04-01 10:30,オンライン・単独,自宅,1,人事,"株式会社ライフネットワークの試験_面接では、札幌で働く理由、学生時代に最も力を入れたこと、チーム開発でのトラブル対応について聞かれた。回答の背景や理由を詳しく問われた。やや厳しめではあったが、質問の意図は分かりやすかった。話の論理性を高める必要性を感じた。結果としては不合格だったものの、今後の改善点が明確になり次の選考に活かせる面接だった。"
株式会社ライフネットワーク,life.net.8@example.com,S20240078,P20249078,試験_面接,継続（合格）,2025-04-03 14:30,2025-04-03 15:00,オンライン・単独,自宅,1,エンジニア,"株式会社ライフネットワークでの試験_面接では、技術的な課題解決、入社後の目標、学校で学んだことについて質問された。具体的なエピソードを何度も深掘りされた。全体的に穏やかな雰囲気で、和やかに進んだ。専門用語を分かりやすく説明する練習が必要だと感じた。選考は次のステップに進むことになり、引き続き準備を進めていく必要があると感じた。"
株式会社ライフネットワーク,life.net.9@example.com,S20240079,P20249079,試験_面接,内定,2025-04-05 16:00,2025-04-05 16:25,オンライン・単独,自宅,1,人事・エンジニア,"株式会社ライフネットワークの試験_面接では、会社の理念に対する共感度、技術への情熱、将来像について重点的に問われた。面接官が親身になって話を聞いてくれる印象だった。熱意と一貫性が評価され、非常に良いフィードバックをいただいた。最終的に総合的な評価は高く、非常に良いフィードバックをいただき内定となった。"
株式会社ライフネットワーク,life.net.10@example.com,S20240080,P20249080,試験_面接,落選,2025-04-08 11:30,2025-04-08 12:00,オンライン・単独,自宅,1,人事,"株式会社ライフネットワークでの試験_面接では、HCSを選んだ理由、長所と短所、ガクチカについて質問された。淡々としていたが、的確に核心を突く質問が多かった。自己分析をもう一段深める必要があると感じた。結果としては不合格だったものの、今後の改善点が明確になり次の選考に活かせる面接だった。"
サッポロエンジニアリング株式会社,sapporo.eng.1@example.com,S20240081,P20249081,試験_面接,内定,2025-03-18 16:00,2025-03-18 16:40,オンライン・単独,自宅,1,人事・エンジニア,"サッポロエンジニアリング株式会社の試験_面接では、学校で学んだこと、Git経験、札幌で働く理由、将来像に加えて、学生時代の経験全般についても質問された。失敗経験から何を学んだかを重点的に聞かれた。やや厳しめではあったが誠実に話を聞いてもらえた。逆質問のバリエーションを増やしておくと、より良い印象を与えられそうだと感じた。最終的に総合的な評価は高く、非常に良いフィードバックをいただき内定となった。"
サッポロエンジニアリング株式会社,sapporo.eng.2@example.com,S20240082,P20249082,試験_面接,継続（合格）,2025-03-20 10:00,2025-03-20 10:30,オンライン・単独,自宅,1,人事,"サッポロエンジニアリング株式会社での試験_面接では、志望動機、入社後の目標、長所と短所について聞かれた。全体的に穏やかな雰囲気で、リラックスして話せた。企業研究の甘さを痛感し、情報収集の重要性を実感した。選考は次のステップに進むことになり、引き続き準備を進めていく必要があると感じた。"
サッポロエンジニアリング株式会社,sapporo.eng.3@example.com,S20240083,P20249083,試験_面接,内定,2025-03-22 15:00,2025-03-22 15:45,オンライン・単独,自宅,1,エンジニア,"サッポロエンジニアリング株式会社の試験_面接では、ポートフォリオの内容、技術選定の理由、チーム開発での工夫点について深く問われた。静かな緊張感はあったものの、こちらの話をしっかりと受け止めてくれた。技術的な知識の深さと応用力が評価されたと感じる。最終的に総合的な評価は高く、非常に良いフィードバックをいただき内定となった。"
サッポロエンジニアリング株式会社,sapporo.eng.4@example.com,S20240084,P20249084,試験_面接,継続（合格）,2025-03-25 11:00,2025-03-25 11:20,オンライン・単独,自宅,1,人事・エンジニア,"サッポロエンジニアリング株式会社での試験_面接では、キャリアビジョン、会社への貢献意欲、学生時代に最も力を入れたことについて質問された。具体的なエピソードを何度も深掘りされた。淡々としていたが、質問の意図は分かりやすかった。話の論理性を高める必要性を感じた。選考は次のステップに進むことになり、引き続き準備を進めていく必要があると感じた。"
サッポロエンジニアリング株式会社,sapporo.eng.5@example.com,S20240085,P20249085,試験_面接,継続（合格）,2025-03-28 13:30,2025-03-28 14:00,オンライン・単独,自宅,1,人事,"サッポロエンジニアリング株式会社の試験_面接では、周囲からの評価、価値観、ストレスへの対処方法について聞かれた。やや厳しめではあったが、真剣にこちらの話を聞いてもらえた。緊張すると早口になるため、落ち着いて話す意識が必要だと感じた。選考は次のステップに進むことになり、引き続き準備を進めていく必要があると感じた。"
サッポロエンジニアリング株式会社,sapporo.eng.6@example.com,S20240086,P20249086,試験_面接,落選,2025-04-01 10:00,2025-04-01 10:30,オンライン・単独,自宅,1,エンジニア,"サッポロエンジニアリング株式会社での試験_面接では、レビューの受け方、技術的な課題解決、入社後の貢献について詳しく聞かれた。終始和やかな雰囲気で、会話形式で進んだ。技術的な回答の具体性が不足していたと痛感した。結果としては不合格だったものの、今後の改善点が明確になり次の選考に活かせる面接だった。"
サッポロエンジニアリング株式会社,sapporo.eng.7@example.com,S20240087,P20249087,試験_面接,内定,2025-04-03 14:30,2025-04-03 15:00,オンライン・単独,自宅,1,人事・エンジニア,"サッポロエンジニアリング株式会社の試験_面接では、技術的な興味、困難を乗り越えた経験、チームでの意見対立への対処法について深く問われた。面接官が明るく、非常に話しやすい雰囲気だった。一貫性のある回答と、コミュニケーション能力が評価されたと感じる。最終的に総合的な評価は高く、非常に良いフィードバックをいただき内定となった。"
サッポロエンジニアリング株式会社,sapporo.eng.8@example.com,S20240088,P20249088,試験_面接,継続（合格）,2025-04-05 16:00,2025-04-05 16:25,オンライン・単独,自宅,1,人事,"サッポロエンジニアリング株式会社での試験_面接では、HCSを選んだ理由、アルバイト経験、将来像について質問された。回答の背景や理由を詳しく問われた。静かな緊張感はあったものの、こちらの話を真摯に受け止めてくれた。自己PRの構成をブラッシュアップする必要があると学んだ。選考は次のステップに進むことになり、引き続き準備を進めていく必要があると感じた。"
サッポロエンジニアリング株式会社,sapporo.eng.9@example.com,S20240089,P20249089,試験_面接,継続（合格）,2025-04-08 11:30,2025-04-08 12:00,オンライン・単独,自宅,1,エンジニア,"サッポロエンジニアリング株式会社の試験_面接では、学校で学んだこと、Gitの具体的な利用経験、ポートフォリオでの挑戦点について深掘りされた。やや厳しめではあったが、質問の意図は明確だった。専門用語を分かりやすく説明する練習が必要だと感じた。選考は次のステップに進むことになり、引き続き準備を進めていく必要があると感じた。"
サッポロエンジニアリング株式会社,sapporo.eng.10@example.com,S20240090,P20249090,試験_面接,継続（合格）,2025-04-10 15:30,2025-04-10 16:10,オンライン・単独,自宅,1,人事,"サッポロエンジニアリング株式会社での試験_面接では、長所と短所、ガクチカ、札幌で働く理由について質問された。淡々としていたが、的確に核心を突く質問が多かった。結論ファーストを徹底する訓練が必要だと感じた。選考は次のステップに進むことになり、引き続き準備を進めていく必要があると感じた。"
株式会社ホライズンテック,horizon.tech.1@example.com,S20240091,P20249091,試験_面接,継続（合格）,2025-03-20 10:00,2025-03-20 10:30,オンライン・単独,自宅,1,人事,"株式会社ホライズンテックでの試験_面接では、アルバイト経験、将来像、コミュニケーションの取り方について主に質問が進んだ。他社との違いをどう考えているか聞かれた。やや厳しめではあったが誠実に話を聞いてもらえた。逆質問のバリエーションを増やしておくと、より良い印象を与えられそうだと感じた。選考は次のステップに進むことになり、引き続き準備を進めていく必要があると感じた。"
株式会社ホライズンテック,horizon.tech.2@example.com,S20240092,P20249092,試験_面接,継続（合格）,2025-03-22 15:00,2025-03-22 15:45,オンライン・単独,自宅,1,人事・エンジニア,"株式会社ホライズンテックの試験_面接では、技術的な興味、キャリアビジョン、チーム開発での役割について深く問われた。全体的に穏やかな雰囲気で、リラックスして話せた。技術的な知識の確認を徹底する必要があると学んだ。選考は次のステップに進むことになり、引き続き準備を進めていく必要があると感じた。"
株式会社ホライズンテック,horizon.tech.3@example.com,S20240093,P20249093,試験_面接,落選,2025-03-25 11:00,2025-03-25 11:20,オンライン・単独,自宅,1,人事,"株式会社ホライズンテックでの試験_面接では、志望動機、長所と短所、価値観について深掘りされた。淡々としていたが、質問は鋭かった。企業研究の甘さを痛感し、情報収集の重要性を実感した。結果としては不合格だったものの、今後の改善点が明確になり次の選考に活かせる面接だった。"
株式会社ホライズンテック,horizon.tech.4@example.com,S20240094,P20249094,試験_面接,内定,2025-03-28 13:30,2025-03-28 14:00,オンライン・単独,自宅,1,エンジニア,"株式会社ホライズンテックの試験_面接では、ポートフォリオでの挑戦点、技術的な失敗とそこからの学び、会社への貢献意欲について重点的に聞かれた。面接官が親身になって話を聞いてくれる印象だった。問題解決能力と、自己成長意欲が評価されたと感じる。最終的に総合的な評価は高く、非常に良いフィードバックをいただき内定となった。"
株式会社ホライズンテック,horizon.tech.5@example.com,S20240095,P20249095,試験_面接,継続（合格）,2025-04-01 10:00,2025-04-01 10:30,オンライン・単独,自宅,1,人事,"株式会社ホライズンテックでの試験_面接では、周囲からの評価、ガクチカ、困難を乗り越えた経験について質問された。具体的なエピソードを何度も深掘りされた。やや厳しめではあったが、質問の意図は明確だった。結論から整理して話す練習をしておくべきだと学んだ。選考は次のステップに進むことになり、引き続き準備を進めていく必要があると感じた。"
株式会社ホライズンテック,horizon.tech.6@example.com,S20240096,P20249096,試験_面接,継続（合格）,2025-04-03 14:30,2025-04-03 15:00,オンライン・単独,自宅,1,人事・エンジニア,"株式会社ホライズンテックの試験_面接では、入社後の目標、ストレスへの対処方法、学校で学んだことについて聞かれた。静かな緊張感はあったものの、こちらの話を受け止めてくれた。話の論理性を高める必要性を感じた。選考は次のステップに進むことになり、引き続き準備を進めていく必要があると感じた。"
株式会社ホライズンテック,horizon.tech.7@example.com,S20240097,P20249097,試験_面接,落選,2025-04-05 16:00,2025-04-05 16:25,オンライン・単独,自宅,1,人事,"株式会社ホライズンテックでの試験_面接では、札幌で働く理由、HCSを選んだ理由、チーム開発でのトラブル対応について質問された。回答の背景や理由を詳しく問われた。全体的に穏やかな雰囲気だった。自己分析の甘さを痛感した。結果としては不合格だったものの、今後の改善点が明確になり次の選考に活かせる面接だった。"
株式会社ホライズンテック,horizon.tech.8@example.com,S20240098,P20249098,試験_面接,継続（合格）,2025-04-08 11:30,2025-04-08 12:00,オンライン・単独,自宅,1,エンジニア,"株式会社ホライズンテックの試験_面接では、レビューの受け方、Git経験、技術的な課題解決について重点的に深掘りされた。淡々としていたが、質問の意図は分かりやすかった。専門用語を分かりやすく説明する練習が必要だと感じた。選考は次のステップに進むことになり、引き続き準備を進めていく必要があると感じた。"
株式会社ホライズンテック,horizon.tech.9@example.com,S20240099,P20249099,試験_面接,継続（合格）,2025-04-10 15:30,2025-04-10 16:10,オンライン・単独,自宅,1,人事,"株式会社ホライズンテックでの試験_面接では、将来像、学生時代の経験全般、アルバイト経験について聞かれた。やや厳しめではあったが、誠実に話を聞いてもらえた。緊張すると早口になるため、落ち着いて話す意識が必要だと感じた。選考は次のステップに進むことになり、引き続き準備を進めていく必要があると感じた。"
株式会社ホライズンテック,horizon.tech.10@example.com,S20240100,P20249100,試験_面接,内定,2025-04-12 09:30,2025-04-12 10:00,オンライン・単独,自宅,1,人事・エンジニア,"株式会社ホライズンテックの試験_面接では、会社の理念に対する共感度、技術への情熱、長所と短所について深く問われた。面接官が明るく、非常に話しやすい雰囲気だった。自分の言葉で熱意と将来への展望を伝えられたことが評価されたと感じる。最終的に総合的な評価は高く、非常に良いフィードバックをいただき内定となった。"
株式会社アルファテック,alfa.tech.11@example.com,S20240101,P20249101,試験_面接,継続（合格）,2025-04-14 14:00,2025-04-14 14:30,オンライン・単独,自宅,1,人事・エンジニア,"株式会社アルファテックの試験_面接は淡々としていたが質問の意図は分かりやすかった面接だった。ストレスへの対処方法、価値観など幅広い内容に触れながら失敗経験から何を学んだかを重点的に聞かれた。結論から整理して話す練習をしておくべきだと学んだ。選考は次のステップに進むことになり、引き続き準備を進めていく必要があると感じた。"
株式会社アルファテック,alfa.tech.12@example.com,S20240102,P20249102,試験_面接,継続（合格）,2025-04-16 10:00,2025-04-16 10:40,オンライン・単独,自宅,1,人事,"株式会社アルファテックでの試験_面接では、志望動機、長所と短所、入社後の目標について深掘りされた。全体的に穏やかな雰囲気で、リラックスして話せた。企業研究の甘さを痛感し、情報収集の重要性を実感した。選考は次のステップに進むことになり、引き続き準備を進めていく必要があると感じた。"
株式会社アルファテック,alfa.tech.13@example.com,S20240103,P20249103,試験_面接,落選,2025-04-18 15:30,2025-04-18 15:50,オンライン・単独,自宅,1,エンジニア,"株式会社アルファテックの試験_面接では、チーム開発での役割、Git経験、ポートフォリオでの挑戦点について具体的な説明を求められた。淡々としていたが、質問は鋭かった。専門用語を分かりやすく説明する練習が必要だと感じた。結果としては不合格だったものの、今後の改善点が明確になり次の選考に活かせる面接だった。"
株式会社アルファテック,alfa.tech.14@example.com,S20240104,P20249104,試験_面接,内定,2025-04-21 13:00,2025-04-21 13:30,オンライン・単独,自宅,1,人事・エンジニア,"株式会社アルファテックでの試験_面接では、キャリアビジョン、会社への貢献意欲、学生時代に最も力を入れたことについて深く問われた。面接官が親身になって話を聞いてくれる印象だった。熱意と具体的な目標が評価されたと感じる。最終的に総合的な評価は高く、非常に良いフィードバックをいただき内定となった。"
株式会社アルファテック,alfa.tech.15@example.com,S20240105,P20249105,試験_面接,継続（合格）,2025-04-23 11:00,2025-04-23 11:30,オンライン・単独,自宅,1,人事,"株式会社アルファテックの試験_面接では、周囲からの評価、困難な状況への対処法、価値観について聞かれた。やや厳しめではあったが、真剣にこちらの話を聞いてもらえた。逆質問のバリエーションを増やしておくべきだったと反省した。選考は次のステップに進むことになり、引き続き準備を進めていく必要があると感じた。"
株式会社アルファテック,alfa.tech.16@example.com,S20240106,P20249106,試験_面接,継続（合格）,2025-04-25 14:00,2025-04-25 14:50,オンライン・単独,自宅,1,人事・エンジニア,"株式会社アルファテックでの試験_面接では、技術的な興味、長所と短所、失敗経験から何を学んだかを重点的に聞かれた。具体的なエピソードを何度か深掘りされた。静かな緊張感はあったものの、こちらの話を受け止めてくれた。話の論理性を高める必要性を感じた。選考は次のステップに進むことになり、引き続き準備を進めていく必要があると感じた。"
株式会社アルファテック,alfa.tech.17@example.com,S20240107,P20249107,試験_面接,落選,2025-04-28 16:00,2025-04-28 16:20,オンライン・単独,自宅,1,人事,"株式会社アルファテックの試験_面接では、札幌で働く理由、アルバイト経験、HCSを選んだ理由について質問された。淡々としていたが、回答の背景や理由を詳しく問われた。自己分析の甘さを痛感した。結果としては不合格だったものの、今後の改善点が明確になり次の選考に活かせる面接だった。"
株式会社アルファテック,alfa.tech.18@example.com,S20240108,P20249108,試験_面接,継続（合格）,2025-04-30 09:30,2025-04-30 10:00,オンライン・単独,自宅,1,エンジニア,"株式会社アルファテックでの試験_面接では、レビューの受け方、学校で学んだ専門技術、入社後に挑戦したいことについて質問された。全体的に穏やかな雰囲気で、和やかに進んだ。技術的な知識の確認を徹底する必要があると学んだ。選考は次のステップに進むことになり、引き続き準備を進めていく必要があると感じた。"
株式会社アルファテック,alfa.tech.19@example.com,S20240109,P20249109,試験_面接,継続（合格）,2025-05-02 13:30,2025-05-02 14:10,オンライン・単独,自宅,1,人事,"株式会社アルファテックの試験_面接では、ガクチカ、将来像、チーム開発での役割について聞かれた。やや厳しめではあったが、質問の意図は明確だった。緊張すると早口になるため、落ち着いて話す意識が必要だと感じた。選考は次のステップに進むことになり、引き続き準備を進めていく必要があると感じた。"
株式会社アルファテック,alfa.tech.20@example.com,S20240110,P20249110,試験_面接,継続（合格）,2025-05-07 11:00,2025-05-07 11:30,オンライン・単独,自宅,1,人事・エンジニア,"株式会社アルファテックでの試験_面接では、長所と短所、志望動機、価値観について質問された。具体的なエピソードを何度も深掘りされた。静かな緊張感はあったものの、こちらの話を真摯に受け止めてくれた。結論ファーストを徹底する訓練が必要だと感じた。選考は次のステップに進むことになり、引き続き準備を進めていく必要があると感じた。"
株式会社ビーリンク,be.link.11@example.com,S20240111,P20249111,試験_面接,継続（合格）,2025-05-12 14:00,2025-05-12 15:00,オンライン・単独,自宅,1,人事,"株式会社ビーリンクの試験_面接では、ガクチカ、志望動機、札幌で働く理由、アルバイト経験に加えて、学生時代の経験全般についても質問された。自分の強みをどのように活かせるかを問われた。やや厳しめではあったが誠実に話を聞いてもらえた。結論から整理して話す練習をしておくべきだと学んだ。選考は次のステップに進むことになり、引き続き準備を進めていく必要があると感じた。"
株式会社ビーリンク,be.link.12@example.com,S20240112,P20249112,試験_面接,内定,2025-05-14 10:00,2025-05-14 10:30,オンライン・単独,自宅,1,人事・エンジニア,"株式会社ビーリンクでの試験_面接では、技術的な興味、キャリアビジョン、チーム開発での工夫点について深く問われた。面接官が親身になって話を聞いてくれる印象だった。論理的な思考力と、企業への高い関心が評価されたと感じる。最終的に総合的な評価は高く、非常に良いフィードバックをいただき内定となった。"
株式会社ビーリンク,be.link.13@example.com,S20240113,P20249113,試験_面接,継続（合格）,2025-05-16 13:00,2025-05-16 13:40,オンライン・単独,自宅,1,人事,"株式会社ビーリンクの試験_面接では、周囲からの評価、困難な状況への対処法、入社後の目標について聞かれた。全体的に穏やかな雰囲気だった。企業研究をより進める必要を実感した。選考は次のステップに進むことになり、引き続き準備を進めていく必要があると感じた。"
株式会社ビーリンク,be.link.14@example.com,S20240114,P20249114,試験_面接,落選,2025-05-19 15:00,2025-05-19 15:20,オンライン・単独,自宅,1,エンジニア,"株式会社ビーリンクでの試験_面接では、ポートフォリオの詳細、技術選定の理由、開発における課題解決について重点的に聞かれた。淡々としていたが、質問は非常に具体的で専門的だった。技術的な知識の応用力を高める必要性を感じた。結果としては不合格だったものの、今後の改善点が明確になり次の選考に活かせる面接だった。"
株式会社ビーリンク,be.link.15@example.com,S20240115,P20249115,試験_面接,継続（合格）,2025-05-21 14:00,2025-05-21 14:50,オンライン・単独,自宅,1,人事,"株式会社ビーリンクの試験_面接では、長所と短所、学生時代に最も力を入れたこと、価値観について質問された。具体的なエピソードを何度か深掘りされた。やや厳しめではあったが、質問の意図は明確だった。自己PRの構成を見直す必要があると感じた。選考は次のステップに進むことになり、引き続き準備を進めていく必要があると感じた。"
株式会社ビーリンク,be.link.16@example.com,S20240116,P20249116,試験_面接,継続（合格）,2025-05-23 11:00,2025-05-23 11:30,オンライン・単独,自宅,1,人事・エンジニア,"株式会社ビーリンクでの試験_面接では、失敗経験から何を学んだか、ストレスへの対処方法、将来像について質問された。終始和やかな雰囲気で、会話形式で進んだ。緊張すると早口になるため、落ち着いて話す意識が必要だと感じた。選考は次のステップに進むことになり、引き続き準備を進めていく必要があると感じた。"
株式会社ビーリンク,be.link.17@example.com,S20240117,P20249117,試験_面接,継続（合格）,2025-05-26 09:00,2025-05-26 09:20,オンライン・単独,自宅,1,人事,"株式会社ビーリンクの試験_面接では、チーム開発での役割、学校で学んだこと、HCSを選んだ理由について聞かれた。回答の背景や理由を詳しく問われた。静かな緊張感はあったものの、こちらの話を真摯に受け止めてくれた。話の論理性を高める必要性を感じた。選考は次のステップに進むことになり、引き続き準備を進めていく必要があると感じた。"
株式会社ビーリンク,be.link.18@example.com,S20240118,P20249118,試験_面接,落選,2025-05-28 16:00,2025-05-28 16:40,オンライン・単独,自宅,1,エンジニア,"株式会社ビーリンクでの試験_面接では、レビューの受け方、Gitの具体的な利用経験、技術的な課題解決について深掘りされた。やや厳しめではあったが、誠実に話を聞いてもらえた。技術的な知識の浅さを痛感した。結果としては不合格だったものの、今後の改善点が明確になり次の選考に活かせる面接だった。"
株式会社ビーリンク,be.link.19@example.com,S20240119,P20249119,試験_面接,継続（合格）,2025-05-30 10:00,2025-05-30 10:30,オンライン・単独,自宅,1,人事,"株式会社ビーリンクの試験_面接では、アルバイト経験、札幌で働く理由、他社との違いについてどう考えているか問われた。淡々としていたが、質問の意図は分かりやすかった。自己分析をもう一段深める必要があると感じた。選考は次のステップに進むことになり、引き続き準備を進めていく必要があると感じた。"
株式会社ビーリンク,be.link.20@example.com,S20240120,P20249120,試験_面接,継続（合格）,2025-06-02 15:00,2025-06-02 15:45,オンライン・単独,自宅,1,人事・エンジニア,"株式会社ビーリンクでの試験_面接では、入社後のキャリアパス、会社への貢献意欲、学生時代に最も力を入れたことについて質問された。全体的に穏やかな雰囲気で、リラックスして話せた。結論から整理して話す練習をしておくべきだと学んだ。選考は次のステップに進むことになり、引き続き準備を進めていく必要があると感じた。"
クリエイトソリューションズ株式会社,create.sol.11@example.com,S20240121,P20249121,試験_面接,内定,2025-06-04 10:00,2025-06-04 10:30,オンライン・単独,自宅,1,人事・エンジニア,"クリエイトソリューションズ株式会社の試験_面接では、チーム開発での役割、学校で学んだこと、長所と短所、ガクチカに加えて、学生時代の経験全般についても質問された。回答の背景や理由を詳しく問われた。静かな緊張感はあったものの、こちらの話を受け止めてくれる印象だった。自己分析をもう一段深める必要があると感じた。最終的に総合的な評価は高く、非常に良いフィードバックをいただき内定となった。"
クリエイトソリューションズ株式会社,create.sol.12@example.com,S20240122,P20249122,試験_面接,内定,2025-06-06 13:00,2025-06-06 13:40,オンライン・単独,自宅,1,人事,"クリエイトソリューションズ株式会社での試験_面接では、志望動機、価値観、ストレスへの対処方法について深く聞かれた。終始和やかな雰囲気で、会話形式で進んだ。自分の言葉で熱意と論理性を伝えられたことが評価されたと感じる。最終的に総合的な評価は高く、非常に良いフィードバックをいただき内定となった。"
クリエイトソリューションズ株式会社,create.sol.13@example.com,S20240123,P20249123,試験_面接,継続（合格）,2025-06-09 15:00,2025-06-09 15:20,オンライン・単独,自宅,1,エンジニア,"クリエイトソリューションズ株式会社の試験_面接では、ポートフォリオの説明、技術選定の理由、開発における工夫点について質問された。やや厳しめではあったが、質問の意図は明確だった。技術的な回答の深さが不足していたと痛感した。選考は次のステップに進むことになり、引き続き準備を進めていく必要があると感じた。"
クリエイトソリューションズ株式会社,create.sol.14@example.com,S20240124,P20249124,試験_面接,内定,2025-06-11 14:00,2025-06-11 14:50,オンライン・単独,自宅,1,人事・エンジニア,"クリエイトソリューションズ株式会社での試験_面接では、入社後のキャリアプラン、会社への貢献意欲、失敗経験から何を学んだかについて問われた。静かな緊張感はあったものの、真摯に話を聞いてもらえた。一貫性のある回答と、将来への明確なビジョンが評価されたと感じる。最終的に総合的な評価は高く、非常に良いフィードバックをいただき内定となった。"
クリエイトソリューションズ株式会社,create.sol.15@example.com,S20240125,P20249125,試験_面接,継続（合格）,2025-06-13 11:00,2025-06-13 11:30,オンライン・単独,自宅,1,人事,"クリエイトソリューションズ株式会社の試験_面接では、周囲からの評価、長所と短所、アルバイト経験について聞かれた。淡々としていたが、的確に核心を突く質問が多かった。緊張すると早口になるため、落ち着いて話す意識が必要だと感じた。選考は次のステップに進むことになり、引き続き準備を進めていく必要があると感じた。"
クリエイトソリューションズ株式会社,create.sol.16@example.com,S20240126,P20249126,試験_面接,内定,2025-06-16 09:00,2025-06-16 09:20,オンライン・単独,自宅,1,人事・エンジニア,"クリエイトソリューションズ株式会社での試験_面接では、技術的な興味、学生時代に頑張ったこと、チーム開発での課題解決能力について深く問われた。全体的に穏やかな雰囲気で、リラックスして話せた。自己分析の深さが評価され、非常にポジティブなフィードバックをいただいた。最終的に総合的な評価は高く、非常に良いフィードバックをいただき内定となった。"
クリエイトソリューションズ株式会社,create.sol.17@example.com,S20240127,P20249127,試験_面接,継続（合格）,2025-06-18 16:00,2025-06-18 16:40,オンライン・単独,自宅,1,人事,"クリエイトソリューションズ株式会社の試験_面接では、ガクチカ、札幌で働く理由、入社後に挑戦したいことについて質問された。具体的なエピソードを何度か深掘りされた。やや厳しめではあったが、質問の意図は分かりやすかった。企業研究の甘さを痛感し、情報収集の重要性を実感した。選考は次のステップに進むことになり、引き続き準備を進めていく必要があると感じた。"
クリエイトソリューションズ株式会社,create.sol.18@example.com,S20240128,P20249128,試験_面接,継続（合格）,2025-06-20 10:00,2025-06-20 10:30,オンライン・単独,自宅,1,エンジニア,"クリエイトソリューションズ株式会社での試験_面接では、Git経験、レビューの受け方、学校で学んだ専門技術について詳しく聞かれた。静かな緊張感はあったものの、こちらの話を真摯に受け止めてくれた。専門用語を分かりやすく説明する練習が必要だと感じた。選考は次のステップに進むことになり、引き続き準備を進めていく必要があると感じた。"
クリエイトソリューションズ株式会社,create.sol.19@example.com,S20240129,P20249129,試験_面接,内定,2025-06-23 15:00,2025-06-23 15:45,オンライン・単独,自宅,1,人事・エンジニア,"クリエイトソリューションズ株式会社の試験_面接では、会社の理念に対する共感度、将来像、チームでの貢献方法について問われた。面接官が明るく、非常に話しやすい雰囲気だった。自分の価値観と企業文化のフィット感が評価されたと感じる。最終的に総合的な評価は高く、非常に良いフィードバックをいただき内定となった。"
クリエイトソリューションズ株式会社,create.sol.20@example.com,S20240130,P20249130,試験_面接,継続（合格）,2025-06-25 11:00,2025-06-25 11:20,オンライン・単独,自宅,1,人事,"クリエイトソリューションズ株式会社での試験_面接では、長所と短所、HCSを選んだ理由、困難を乗り越えた経験について質問された。淡々としていたが、質問の意図は明確だった。結論から整理して話す練習をしておくべきだと学んだ。選考は次のステップに進むことになり、引き続き準備を進めていく必要があると感じた。"
株式会社デジタルリンク,digi.link.11@example.com,S20240131,P20249131,試験_面接,継続（合格）,2025-06-27 13:00,2025-06-27 13:40,オンライン・単独,自宅,1,人事,"株式会社デジタルリンクの試験_面接では、長所と短所、志望動機に加えて、学生時代の経験全般についても質問された。具体的なエピソードを何度か深掘りされた。全体的に穏やかな雰囲気だった。企業研究の甘さを痛感し、情報収集の重要性を実感した。選考は次のステップに進むことになり、引き続き準備を進めていく必要があると感じた。"
株式会社デジタルリンク,digi.link.12@example.com,S20240132,P20249132,試験_面接,落選,2025-06-30 15:00,2025-06-30 15:20,オンライン・単独,自宅,1,人事・エンジニア,"株式会社デジタルリンクでの試験_面接では、技術的な興味、ポートフォリオの内容、チーム開発でのトラブル対応について詳しく聞かれた。やや厳しめではあったが、誠実に話を聞いてもらえた。技術的な背景を論理的に説明する力が不足していたと痛感した。結果としては不合格だったものの、今後の改善点が明確になり次の選考に活かせる面接だった。"
株式会社デジタルリンク,digi.link.13@example.com,S20240133,P20249133,試験_面接,継続（合格）,2025-07-02 14:00,2025-07-02 14:50,オンライン・単独,自宅,1,人事,"株式会社デジタルリンクの試験_面接では、入社後の目標、価値観、ストレスへの対処方法について質問された。淡々としていたが、質問の意図は分かりやすかった。逆質問のバリエーションを増やしておくべきだったと反省した。選考は次のステップに進むことになり、引き続き準備を進めていく必要があると感じた。"
株式会社デジタルリンク,digi.link.14@example.com,S20240134,P20249134,試験_面接,継続（合格）,2025-07-04 11:00,2025-07-04 11:30,オンライン・単独,自宅,1,エンジニア,"株式会社デジタルリンクでの試験_面接では、レビューの受け方、学校で学んだこと、Git経験について重点的に深掘りされた。静かな緊張感はあったものの、こちらの話を受け止めてくれた。技術的な知識の応用力を高める必要性を感じた。選考は次のステップに進むことになり、引き続き準備を進めていく必要があると感じた。"
株式会社デジタルリンク,digi.link.15@example.com,S20240135,P20249135,試験_面接,継続（合格）,2025-07-07 09:00,2025-07-07 09:20,オンライン・単独,自宅,1,人事,"株式会社デジタルリンクの試験_面接では、周囲からの評価、失敗経験から何を学んだか、札幌で働く理由について聞かれた。全体的に穏やかな雰囲気で、和やかに進んだ。緊張すると早口になるため、落ち着いて話す意識が必要だと感じた。選考は次のステップに進むことになり、引き続き準備を進めていく必要があると感じた。"
株式会社デジタルリンク,digi.link.16@example.com,S20240136,P20249136,試験_面接,継続（合格）,2025-07-09 16:00,2025-07-09 16:40,オンライン・単独,自宅,1,人事・エンジニア,"株式会社デジタルリンクでの試験_面接では、キャリアビジョン、長所と短所、チーム開発での役割について質問された。回答の背景や理由を詳しく問われた。やや厳しめではあったが、質問の意図は明確だった。話の論理性を高める必要性を感じた。選考は次のステップに進むことになり、引き続き準備を進めていく必要があると感じた。"
株式会社デジタルリンク,digi.link.17@example.com,S20240137,P20249137,試験_面接,落選,2025-07-11 10:00,2025-07-11 10:30,オンライン・単独,自宅,1,人事,"株式会社デジタルリンクの試験_面接では、ガクチカ、アルバイト経験、HCSを選んだ理由について深掘りされた。淡々としていたが、質問は鋭かった。自己分析の甘さを痛感した。結果としては不合格だったものの、今後の改善点が明確になり次の選考に活かせる面接だった。"
株式会社デジタルリンク,digi.link.18@example.com,S20240138,P20249138,試験_面接,継続（合格）,2025-07-14 15:00,2025-07-14 15:45,オンライン・単独,自宅,1,エンジニア,"株式会社デジタルリンクでの試験_面接では、ポートフォリオでの挑戦点、技術的な課題への取り組み方、入社後の貢献について質問された。具体的なエピソードを何度も深掘りされた。静かな緊張感はあったものの、こちらの話を真摯に受け止めてくれた。専門用語を分かりやすく説明する練習が必要だと感じた。選考は次のステップに進むことになり、引き続き準備を進めていく必要があると感じた。"
株式会社デジタルリンク,digi.link.19@example.com,S20240139,P20249139,試験_面接,継続（合格）,2025-07-16 11:00,2025-07-16 11:20,オンライン・単独,自宅,1,人事,"株式会社デジタルリンクの試験_面接では、将来像、学生時代の経験全般、他社との比較について聞かれた。全体的に穏やかな雰囲気だった。結論ファーストを徹底する訓練が必要だと感じた。選考は次のステップに進むことになり、引き続き準備を進めていく必要があると感じた。"
株式会社デジタルリンク,digi.link.20@example.com,S20240140,P20249140,試験_面接,内定,2025-07-18 13:30,2025-07-18 14:00,オンライン・単独,自宅,1,人事・エンジニア,"株式会社デジタルリンクでの試験_面接では、キャリアビジョン、技術への情熱、会社へのフィット感について重点的に問われた。面接官が親身になって話を聞いてくれる印象だった。熱意と論理性を両立できたことが評価されたと感じる。最終的に総合的な評価は高く、非常に良いフィードバックをいただき内定となった。"
株式会社エムライン,m.line.11@example.com,S20240141,P20249141,試験_面接,落選,2025-07-21 15:00,2025-07-21 15:20,オンライン・単独,自宅,1,人事,"株式会社エムラインでの試験_面接では、こちらの回答に対してその都度深掘りが入り、ガクチカ、HCSを選んだ理由やHCSを選んだ理由に関する考え方を詳しく説明した。静かな緊張感はあったものの、こちらの話を受け止めてくれる印象だった。自己分析をもう一段深める必要があると感じた。結果としては不合格だったものの、今後の改善点が明確になり次の選考に活かせる面接だった。"
株式会社エムライン,m.line.12@example.com,S20240142,P20249142,試験_面接,落選,2025-07-23 14:00,2025-07-23 14:50,オンライン・単独,自宅,1,人事・エンジニア,"株式会社エムラインの試験_面接では、技術的な興味、長所と短所、チーム開発での役割について質問された。淡々としていたが、質問の意図は分かりやすかった。技術的な知識の浅さを痛感し、情報収集の重要性を実感した。結果としては不合格だったものの、今後の改善点が明確になり次の選考に活かせる面接だった。"
株式会社エムライン,m.line.13@example.com,S20240143,P20249143,試験_面接,継続（合格）,2025-07-25 11:00,2025-07-25 11:30,オンライン・単独,自宅,1,人事,"株式会社エムラインでの試験_面接では、志望動機、入社後の目標、周囲からの評価について聞かれた。やや厳しめではあったが、誠実に話を聞いてもらえた。結論から整理して話す練習をしておくべきだと学んだ。選考は次のステップに進むことになり、引き続き準備を進めていく必要があると感じた。"
株式会社エムライン,m.line.14@example.com,S20240144,P20249144,試験_面接,落選,2025-07-28 09:00,2025-07-28 09:20,オンライン・単独,自宅,1,エンジニア,"株式会社エムラインの試験_面接では、レビューの受け方、ポートフォリオの詳細、使用技術の選定理由について深く問われた。終始和やかな雰囲気で、会話形式で進んだ。技術的な背景を論理的に説明する力が不足していたと痛感した。結果としては不合格だったものの、今後の改善点が明確になり次の選考に活かせる面接だった。"
株式会社エムライン,m.line.15@example.com,S20240145,P20249145,試験_面接,継続（合格）,2025-07-30 16:00,2025-07-30 16:40,オンライン・単独,自宅,1,人事,"株式会社エムラインでの試験_面接では、失敗経験から何を学んだか、価値観、ストレスへの対処方法について質問された。具体的なエピソードを何度も深掘りされた。静かな緊張感はあったものの、こちらの話を真摯に受け止めてくれた。緊張すると早口になるため、落ち着いて話す意識が必要だと感じた。選考は次のステップに進むことになり、引き続き準備を進めていく必要があると感じた。"
株式会社エムライン,m.line.16@example.com,S20240146,P20249146,試験_面接,落選,2025-08-01 10:00,2025-08-01 10:30,オンライン・単独,自宅,1,人事・エンジニア,"株式会社エムラインの試験_面接では、キャリアビジョン、学生時代に頑張ったこと、札幌で働く理由について質問された。回答の背景や理由を詳しく問われた。全体的に穏やかな雰囲気だったが、深掘りが鋭かった。逆質問のバリエーションを増やしておくべきだった。結果としては不合格だったものの、今後の改善点が明確になり次の選考に活かせる面接だった。"
株式会社エムライン,m.line.17@example.com,S20240147,P20249147,試験_面接,継続（合格）,2025-08-04 15:00,2025-08-04 15:45,オンライン・単独,自宅,1,人事,"株式会社エムラインでの試験_面接では、アルバイト経験、学校で学んだこと、他社との違いについて聞かれた。淡々としていたが、質問の意図は明確だった。自己PRに具体性を持たせる練習が必要だと感じた。選考は次のステップに進むことになり、引き続き準備を進めていく必要があると感じた。"
株式会社エムライン,m.line.18@example.com,S20240148,P20249148,試験_面接,落選,2025-08-06 11:00,2025-08-06 11:20,オンライン・単独,自宅,1,エンジニア,"株式会社エムラインの試験_面接では、Git経験、技術的な課題解決、入社後の貢献について質問された。やや厳しめではあったが、質問の意図は分かりやすかった。専門用語を分かりやすく説明する練習が必要だと感じた。結果としては不合格だったものの、今後の改善点が明確になり次の選考に活かせる面接だった。"
株式会社エムライン,m.line.19@example.com,S20240149,P20249149,試験_面接,内定,2025-08-08 13:30,2025-08-08 14:00,オンライン・単独,自宅,1,人事・エンジニア,"株式会社エムラインでの試験_面接では、会社の理念に対する共感度、チームでの貢献方法、技術への情熱について重点的に問われた。面接官が親身になって話を聞いてくれる印象だった。一貫性のある回答と、高い熱意が評価されたと感じる。最終的に総合的な評価は高く、非常に良いフィードバックをいただき内定となった。"
株式会社エムライン,m.line.20@example.com,S20240150,P20249150,試験_面接,落選,2025-08-11 10:00,2025-08-11 10:30,オンライン・単独,自宅,1,人事,"株式会社エムラインの試験_面接では、長所と短所、ガクチカ、困難を乗り越えた経験について質問された。具体的なエピソードを何度か深掘りされた。静かな緊張感はあったものの、こちらの話を受け止めてくれた。話の論理性を高める必要性を感じた。結果としては不合格だったものの、今後の改善点が明確になり次の選考に活かせる面接だった。"
株式会社フォースウェーブ,force.wave.11@example.com,S20240151,P20249151,試験_面接,継続（合格）,2025-08-13 14:00,2025-08-13 14:50,オンライン・単独,自宅,1,エンジニア,"株式会社フォースウェーブでの試験_面接では、レビューの受け方、アルバイト経験について主に質問が進んだ。具体的なエピソードを何度か深掘りされた。全体的に穏やかな雰囲気だった。緊張すると早口になるため、落ち着いて話す意識が必要だと感じた。選考は次のステップに進むことになり、引き続き準備を進めていく必要があると感じた。"
株式会社フォースウェーブ,force.wave.12@example.com,S20240152,P20249152,試験_面接,継続（合格）,2025-08-15 11:00,2025-08-15 11:30,オンライン・単独,自宅,1,人事,"株式会社フォースウェーブの試験_面接では、志望動機、入社後の目標、周囲からの評価について聞かれた。淡々としていたが、質問の意図は分かりやすかった。企業研究の甘さを痛感し、情報収集の重要性を実感した。選考は次のステップに進むことになり、引き続き準備を進めていく必要があると感じた。"
株式会社フォースウェーブ,force.wave.13@example.com,S20240153,P20249153,試験_面接,内定,2025-08-18 09:00,2025-08-18 09:20,オンライン・単独,自宅,1,人事・エンジニア,"株式会社フォースウェーブでの試験_面接では、技術的な興味、キャリアビジョン、チーム開発での工夫点について深く問われた。面接官が明るく、非常に話しやすい雰囲気だった。論理的な思考力と、自己成長意欲が評価されたと感じる。最終的に総合的な評価は高く、非常に良いフィードバックをいただき内定となった。"
株式会社フォースウェーブ,force.wave.14@example.com,S20240154,P20249154,試験_面接,継続（合格）,2025-08-20 16:00,2025-08-20 16:40,オンライン・単独,自宅,1,エンジニア,"株式会社フォースウェーブの試験_面接では、Git経験、ポートフォリオの内容、技術的な課題解決について深掘りされた。やや厳しめではあったが、質問の意図は明確だった。技術的な知識の確認を徹底する必要があると学んだ。選考は次のステップに進むことになり、引き続き準備を進めていく必要があると感じた。"
株式会社フォースウェーブ,force.wave.15@example.com,S20240155,P20249155,試験_面接,落選,2025-08-22 10:00,2025-08-22 10:30,オンライン・単独,自宅,1,人事,"株式会社フォースウェーブでの試験_面接では、長所と短所、ガクチカ、失敗経験から何を学んだかを中心に質問された。回答の背景や理由を詳しく問われた。静かな緊張感はあったものの、こちらの話を受け止めてくれた。結論から整理して話す練習をしておくべきだと学んだ。結果としては不合格だったものの、今後の改善点が明確になり次の選考に活かせる面接だった。"
株式会社フォースウェーブ,force.wave.16@example.com,S20240156,P20249156,試験_面接,継続（合格）,2025-08-25 15:00,2025-08-25 15:45,オンライン・単独,自宅,1,人事・エンジニア,"株式会社フォースウェーブの試験_面接では、札幌で働く理由、価値観、ストレスへの対処方法について聞かれた。全体的に穏やかな雰囲気で、リラックスして話せた。逆質問のバリエーションを増やしておくべきだったと反省した。選考は次のステップに進むことになり、引き続き準備を進めていく必要があると感じた。"
株式会社フォースウェーブ,force.wave.17@example.com,S20240157,P20249157,試験_面接,継続（合格）,2025-08-27 11:00,2025-08-27 11:20,オンライン・単独,自宅,1,人事,"株式会社フォースウェーブでの試験_面接では、学校で学んだこと、将来像、HCSを選んだ理由について質問された。具体的なエピソードを何度も深掘りされた。淡々としていたが、質問は鋭かった。自己PRの構成を見直す必要があると感じた。選考は次のステップに進むことになり、引き続き準備を進めていく必要があると感じた。"
株式会社フォースウェーブ,force.wave.18@example.com,S20240158,P20249158,試験_面接,落選,2025-08-29 13:30,2025-08-29 14:00,オンライン・単独,自宅,1,エンジニア,"株式会社フォースウェーブの試験_面接では、技術的な課題への取り組み方、入社後の貢献、チーム開発でのトラブル対応について質問された。やや厳しめではあったが、真摯に話を聞いてもらえた。専門用語を分かりやすく説明する練習が必要だと感じた。結果としては不合格だったものの、今後の改善点が明確になり次の選考に活かせる面接だった。"
株式会社フォースウェーブ,force.wave.19@example.com,S20240159,P20249159,試験_面接,継続（合格）,2025-09-01 10:00,2025-09-01 10:30,オンライン・単独,自宅,1,人事,"株式会社フォースウェーブでの試験_面接では、アルバイト経験、周囲からの評価、困難を乗り越えた経験について聞かれた。全体的に穏やかな雰囲気で、和やかに進んだ。話の論理性を高める必要性を感じた。選考は次のステップに進むことになり、引き続き準備を進めていく必要があると感じた。"
株式会社フォースウェーブ,force.wave.20@example.com,S20240160,P20249160,試験_面接,継続（合格）,2025-09-03 14:30,2025-09-03 15:00,オンライン・単独,自宅,1,人事・エンジニア,"株式会社フォースウェーブの試験_面接では、志望動機、学生時代の経験全般、長所と短所について質問された。回答の背景や理由を詳しく問われた。静かな緊張感はあったものの、こちらの話をしっかりと受け止めてくれた。企業研究をより進める必要を実感した。選考は次のステップに進むことになり、引き続き準備を進めていく必要があると感じた。"
ノースシステム株式会社,north.sys.11@example.com,S20240161,P20249161,試験_面接,継続（合格）,2025-09-05 11:00,2025-09-05 11:30,オンライン・単独,自宅,1,人事,"ノースシステム株式会社の試験_面接では、周囲からどう見られているか、長所と短所、チーム開発での役割、札幌で働く理由に加えて、学生時代の経験全般についても質問された。回答の背景や理由を詳しく問われた。静かな緊張感はあったものの、こちらの話を受け止めてくれる印象だった。結論から整理して話す練習をしておくべきだと学んだ。選考は次のステップに進むことになり、引き続き準備を進めていく必要があると感じた。"
ノースシステム株式会社,north.sys.12@example.com,S20240162,P20249162,試験_面接,継続（合格）,2025-09-08 09:00,2025-09-08 09:20,オンライン・単独,自宅,1,人事・エンジニア,"ノースシステム株式会社での試験_面接では、技術的な興味、ポートフォリオの詳細、キャリアビジョンについて深く聞かれた。淡々としていたが、質問の意図は分かりやすかった。技術的な知識の確認を徹底する必要があると学んだ。選考は次のステップに進むことになり、引き続き準備を進めていく必要があると感じた。"
ノースシステム株式会社,north.sys.13@example.com,S20240163,P20249163,試験_面接,落選,2025-09-10 16:00,2025-09-10 16:40,オンライン・単独,自宅,1,人事,"ノースシステム株式会社の試験_面接では、ガクチカ、HCSを選んだ理由、将来像について深掘りされた。やや厳しめではあったが、誠実に話を聞いてもらえた。自己分析の甘さを痛感した。結果としては不合格だったものの、今後の改善点が明確になり次の選考に活かせる面接だった。"
ノースシステム株式会社,north.sys.14@example.com,S20240164,P20249164,試験_面接,継続（合格）,2025-09-12 10:00,2025-09-12 10:30,オンライン・単独,自宅,1,エンジニア,"ノースシステム株式会社での試験_面接では、レビューの受け方、学校で学んだこと、Git経験について重点的に質問された。全体的に穏やかな雰囲気で、リラックスして話せた。専門用語を分かりやすく説明する練習が必要だと感じた。選考は次のステップに進むことになり、引き続き準備を進めていく必要があると感じた。"
ノースシステム株式会社,north.sys.15@example.com,S20240165,P20249165,試験_面接,継続（合格）,2025-09-16 15:00,2025-09-16 15:45,オンライン・単独,自宅,1,人事,"ノースシステム株式会社の試験_面接では、志望動機、入社後の目標、ストレスへの対処方法について聞かれた。具体的なエピソードを何度か深掘りされた。淡々としていたが、質問は鋭かった。緊張すると早口になるため、落ち着いて話す意識が必要だと感じた。選考は次のステップに進むことになり、引き続き準備を進めていく必要があると感じた。"
ノースシステム株式会社,north.sys.16@example.com,S20240166,P20249166,試験_面接,内定,2025-09-18 11:00,2025-09-18 11:20,オンライン・単独,自宅,1,人事・エンジニア,"ノースシステム株式会社での試験_面接では、失敗経験から何を学んだか、価値観、会社への貢献意欲について深く問われた。面接官が親身になって話を聞いてくれる印象だった。論理的な思考力と、前向きな姿勢が評価されたと感じる。最終的に総合的な評価は高く、非常に良いフィードバックをいただき内定となった。"
ノースシステム株式会社,north.sys.17@example.com,S20240167,P20249167,試験_面接,継続（合格）,2025-09-20 13:30,2025-09-20 14:00,オンライン・単独,自宅,1,人事,"ノースシステム株式会社の試験_面接では、アルバイト経験、困難な状況への対処法、長所と短所について質問された。回答の背景や理由を詳しく問われた。静かな緊張感はあったものの、こちらの話を真摯に受け止めてくれた。逆質問のバリエーションを増やしておくべきだったと反省した。選考は次のステップに進むことになり、引き続き準備を進めていく必要があると感じた。"
ノースシステム株式会社,north.sys.18@example.com,S20240168,P20249168,試験_面接,落選,2025-09-23 10:00,2025-09-23 10:40,オンライン・単独,自宅,1,エンジニア,"ノースシステム株式会社での試験_面接では、技術的な課題解決、入社後の貢献、チーム開発でのトラブル対応について詳しく聞かれた。やや厳しめではあったが、質問の意図は明確だった。技術的な説明を簡潔に行う練習が必要だと感じた。結果としては不合格だったものの、今後の改善点が明確になり次の選考に活かせる面接だった。"
ノースシステム株式会社,north.sys.19@example.com,S20240169,P20249169,試験_面接,継続（合格）,2025-09-25 14:30,2025-09-25 15:00,オンライン・単独,自宅,1,人事,"ノースシステム株式会社の試験_面接では、学生時代の経験全般、他社との比較、札幌で働く理由について聞かれた。全体的に穏やかな雰囲気だった。自己分析をもう一段深める必要があると感じた。選考は次のステップに進むことになり、引き続き準備を進めていく必要があると感じた。"
ノースシステム株式会社,north.sys.20@example.com,S20240170,P20249170,試験_面接,継続（合格）,2025-09-27 16:00,2025-09-27 16:25,オンライン・単独,自宅,1,人事・エンジニア,"ノースシステム株式会社での試験_面接では、キャリアビジョン、HCSを選んだ理由、入社後に挑戦したいことについて質問された。具体的なエピソードを何度か深掘りされた。淡々としていたが、的確に核心を突く質問が多かった。話の論理性を高める必要性を感じた。選考は次のステップに進むことになり、引き続き準備を進めていく必要があると感じた。"
株式会社ライフネットワーク,life.net.11@example.com,S20240171,P20249171,試験_面接,落選,2025-09-30 09:00,2025-09-30 09:20,オンライン・単独,自宅,1,人事,"株式会社ライフネットワークの試験_面接では、将来像、長所と短所、学校で学んだこと、ガクチカに加えて、学生時代の経験全般についても質問された。回答の背景や理由を詳しく問われた。淡々としていたが質問の意図は分かりやすかった。緊張すると早口になるため、落ち着いて話す意識が必要だと感じた。結果としては不合格だったものの、今後の改善点が明確になり次の選考に活かせる面接だった。"
株式会社ライフネットワーク,life.net.12@example.com,S20240172,P20249172,試験_面接,継続（合格）,2025-10-02 16:00,2025-10-02 16:40,オンライン・単独,自宅,1,人事・エンジニア,"株式会社ライフネットワークでの試験_面接では、技術的な興味、チーム開発での役割、失敗経験から何を学んだかについて質問された。やや厳しめではあったが、誠実に話を聞いてもらえた。結論から整理して話す練習をしておくべきだと学んだ。選考は次のステップに進むことになり、引き続き準備を進めていく必要があると感じた。"
株式会社ライフネットワーク,life.net.13@example.com,S20240173,P20249173,試験_面接,落選,2025-10-04 10:00,2025-10-04 10:30,オンライン・単独,自宅,1,人事,"株式会社ライフネットワークの試験_面接では、志望動機、入社後の目標、価値観について深掘りされた。全体的に穏やかな雰囲気だった。企業研究の甘さを痛感し、情報収集の重要性を実感した。結果としては不合格だったものの、今後の改善点が明確になり次の選考に活かせる面接だった。"
株式会社ライフネットワーク,life.net.14@example.com,S20240174,P20249174,試験_面接,継続（合格）,2025-10-07 15:00,2025-10-07 15:45,オンライン・単独,自宅,1,エンジニア,"株式会社ライフネットワークでの試験_面接では、Git経験、ポートフォリオの詳細、技術選定の理由について重点的に聞かれた。静かな緊張感はあったものの、こちらの話を真摯に受け止めてくれた。技術的な知識の応用力を高める必要性を感じた。選考は次のステップに進むことになり、引き続き準備を進めていく必要があると感じた。"
株式会社ライフネットワーク,life.net.15@example.com,S20240175,P20249175,試験_面接,落選,2025-10-09 11:00,2025-10-09 11:20,オンライン・単独,自宅,1,人事,"株式会社ライフネットワークの試験_面接では、周囲からの評価、困難な状況への対処法、アルバイト経験について質問された。淡々としていたが、質問は鋭かった。自己PRの構成を見直す必要があると感じた。結果としては不合格だったものの、今後の改善点が明確になり次の選考に活かせる面接だった。"
株式会社ライフネットワーク,life.net.16@example.com,S20240176,P20249176,試験_面接,継続（合格）,2025-10-11 13:30,2025-10-11 14:00,オンライン・単独,自宅,1,人事・エンジニア,"株式会社ライフネットワークでの試験_面接では、キャリアビジョン、長所と短所、会社への貢献意欲について問われた。終始和やかな雰囲気で、会話形式で進んだ。逆質問のバリエーションを増やしておくべきだったと反省した。選考は次のステップに進むことになり、引き続き準備を進めていく必要があると感じた。"
株式会社ライフネットワーク,life.net.17@example.com,S20240177,P20249177,試験_面接,落選,2025-10-14 10:00,2025-10-14 10:30,オンライン・単独,自宅,1,人事,"株式会社ライフネットワークの試験_面接では、札幌で働く理由、学生時代に最も力を入れたこと、チーム開発でのトラブル対応について聞かれた。回答の背景や理由を詳しく問われた。やや厳しめではあったが、質問の意図は分かりやすかった。話の論理性を高める必要性を感じた。結果としては不合格だったものの、今後の改善点が明確になり次の選考に活かせる面接だった。"
株式会社ライフネットワーク,life.net.18@example.com,S20240178,P20249178,試験_面接,継続（合格）,2025-10-16 14:30,2025-10-16 15:00,オンライン・単独,自宅,1,エンジニア,"株式会社ライフネットワークでの試験_面接では、技術的な課題解決、入社後の目標、学校で学んだことについて質問された。具体的なエピソードを何度も深掘りされた。全体的に穏やかな雰囲気で、和やかに進んだ。専門用語を分かりやすく説明する練習が必要だと感じた。選考は次のステップに進むことになり、引き続き準備を進めていく必要があると感じた。"
株式会社ライフネットワーク,life.net.19@example.com,S20240179,P20249179,試験_面接,内定,2025-10-18 16:00,2025-10-18 16:25,オンライン・単独,自宅,1,人事・エンジニア,"株式会社ライフネットワークの試験_面接では、会社の理念に対する共感度、技術への情熱、将来像について重点的に問われた。面接官が親身になって話を聞いてくれる印象だった。熱意と一貫性が評価され、非常に良いフィードバックをいただいた。最終的に総合的な評価は高く、非常に良いフィードバックをいただき内定となった。"
株式会社ライフネットワーク,life.net.20@example.com,S20240180,P20249180,試験_面接,落選,2025-10-21 11:30,2025-10-21 12:00,オンライン・単独,自宅,1,人事,"株式会社ライフネットワークでの試験_面接では、HCSを選んだ理由、長所と短所、ガクチカについて質問された。淡々としていたが、的確に核心を突く質問が多かった。自己分析をもう一段深める必要があると感じた。結果としては不合格だったものの、今後の改善点が明確になり次の選考に活かせる面接だった。"
サッポロエンジニアリング株式会社,sapporo.eng.11@example.com,S20240181,P20249181,試験_面接,内定,2025-10-23 16:00,2025-10-23 16:40,オンライン・単独,自宅,1,人事・エンジニア,"サッポロエンジニアリング株式会社の試験_面接では、学校で学んだこと、Git経験、札幌で働く理由、将来像に加えて、学生時代の経験全般についても質問された。失敗経験から何を学んだかを重点的に聞かれた。やや厳しめではあったが誠実に話を聞いてもらえた。逆質問のバリエーションを増やしておくと、より良い印象を与えられそうだと感じた。最終的に総合的な評価は高く、非常に良いフィードバックをいただき内定となった。"
サッポロエンジニアリング株式会社,sapporo.eng.12@example.com,S20240182,P20249182,試験_面接,継続（合格）,2025-10-25 10:00,2025-10-25 10:30,オンライン・単独,自宅,1,人事,"サッポロエンジニアリング株式会社での試験_面接では、志望動機、入社後の目標、長所と短所について聞かれた。全体的に穏やかな雰囲気で、リラックスして話せた。企業研究の甘さを痛感し、情報収集の重要性を実感した。選考は次のステップに進むことになり、引き続き準備を進めていく必要があると感じた。"
サッポロエンジニアリング株式会社,sapporo.eng.13@example.com,S20240183,P20249183,試験_面接,内定,2025-10-28 15:00,2025-10-28 15:45,オンライン・単独,自宅,1,エンジニア,"サッポロエンジニアリング株式会社の試験_面接では、ポートフォリオの内容、技術選定の理由、チーム開発での工夫点について深く問われた。静かな緊張感はあったものの、こちらの話をしっかりと受け止めてくれた。技術的な知識の深さと応用力が評価されたと感じる。最終的に総合的な評価は高く、非常に良いフィードバックをいただき内定となった。"
サッポロエンジニアリング株式会社,sapporo.eng.14@example.com,S20240184,P20249184,試験_面接,継続（合格）,2025-10-30 11:00,2025-10-30 11:20,オンライン・単独,自宅,1,人事・エンジニア,"サッポロエンジニアリング株式会社での試験_面接では、キャリアビジョン、会社への貢献意欲、学生時代に最も力を入れたことについて質問された。具体的なエピソードを何度も深掘りされた。淡々としていたが、質問の意図は分かりやすかった。話の論理性を高める必要性を感じた。選考は次のステップに進むことになり、引き続き準備を進めていく必要があると感じた。"
サッポロエンジニアリング株式会社,sapporo.eng.15@example.com,S20240185,P20249185,試験_面接,継続（合格）,2025-11-01 13:30,2025-11-01 14:00,オンライン・単独,自宅,1,人事,"サッポロエンジニアリング株式会社の試験_面接では、周囲からの評価、価値観、ストレスへの対処方法について聞かれた。やや厳しめではあったが、真剣にこちらの話を聞いてもらえた。緊張すると早口になるため、落ち着いて話す意識が必要だと感じた。選考は次のステップに進むことになり、引き続き準備を進めていく必要があると感じた。"
サッポロエンジニアリング株式会社,sapporo.eng.16@example.com,S20240186,P20249186,試験_面接,落選,2025-11-04 10:00,2025-11-04 10:30,オンライン・単独,自宅,1,エンジニア,"サッポロエンジニアリング株式会社での試験_面接では、レビューの受け方、技術的な課題解決、入社後の貢献について詳しく聞かれた。終始和やかな雰囲気で、会話形式で進んだ。技術的な回答の具体性が不足していたと痛感した。結果としては不合格だったものの、今後の改善点が明確になり次の選考に活かせる面接だった。"
サッポロエンジニアリング株式会社,sapporo.eng.17@example.com,S20240187,P20249187,試験_面接,内定,2025-11-06 14:30,2025-11-06 15:00,オンライン・単独,自宅,1,人事・エンジニア,"サッポロエンジニアリング株式会社の試験_面接では、技術的な興味、困難を乗り越えた経験、チームでの意見対立への対処法について深く問われた。面接官が明るく、非常に話しやすい雰囲気だった。一貫性のある回答と、コミュニケーション能力が評価されたと感じる。最終的に総合的な評価は高く、非常に良いフィードバックをいただき内定となった。"
サッポロエンジニアリング株式会社,sapporo.eng.18@example.com,S20240188,P20249188,試験_面接,継続（合格）,2025-11-08 16:00,2025-11-08 16:25,オンライン・単独,自宅,1,人事,"サッポロエンジニアリング株式会社での試験_面接では、HCSを選んだ理由、アルバイト経験、将来像について質問された。回答の背景や理由を詳しく問われた。静かな緊張感はあったものの、こちらの話を真摯に受け止めてくれた。自己PRの構成をブラッシュアップする必要があると学んだ。選考は次のステップに進むことになり、引き続き準備を進めていく必要があると感じた。"
サッポロエンジニアリング株式会社,sapporo.eng.19@example.com,S20240189,P20249189,試験_面接,継続（合格）,2025-11-11 11:30,2025-11-11 12:00,オンライン・単独,自宅,1,エンジニア,"サッポロエンジニアリング株式会社の試験_面接では、学校で学んだこと、Gitの具体的な利用経験、ポートフォリオでの挑戦点について深掘りされた。やや厳しめではあったが、質問の意図は明確だった。専門用語を分かりやすく説明する練習が必要だと感じた。選考は次のステップに進むことになり、引き続き準備を進めていく必要があると感じた。"
サッポロエンジニアリング株式会社,sapporo.eng.20@example.com,S20240190,P20249190,試験_面接,継続（合格）,2025-11-13 15:30,2025-11-13 16:10,オンライン・単独,自宅,1,人事,"サッポロエンジニアリング株式会社での試験_面接では、長所と短所、ガクチカ、札幌で働く理由について質問された。淡々としていたが、的確に核心を突く質問が多かった。結論ファーストを徹底する訓練が必要だと感じた。選考は次のステップに進むことになり、引き続き準備を進めていく必要があると感じた。"
株式会社ホライズンテック,horizon.tech.11@example.com,S20240191,P20249191,試験_面接,継続（合格）,2025-11-15 10:00,2025-11-15 10:30,オンライン・単独,自宅,1,人事,"株式会社ホライズンテックでの試験_面接では、アルバイト経験、将来像、コミュニケーションの取り方について主に質問が進んだ。他社との違いをどう考えているか聞かれた。やや厳しめではあったが誠実に話を聞いてもらえた。逆質問のバリエーションを増やしておくと、より良い印象を与えられそうだと感じた。選考は次のステップに進むことになり、引き続き準備を進めていく必要があると感じた。"
株式会社ホライズンテック,horizon.tech.12@example.com,S20240192,P20249192,試験_面接,継続（合格）,2025-11-18 15:00,2025-11-18 15:45,オンライン・単独,自宅,1,人事・エンジニア,"株式会社ホライズンテックの試験_面接では、技術的な興味、キャリアビジョン、チーム開発での役割について深く問われた。全体的に穏やかな雰囲気で、リラックスして話せた。技術的な知識の確認を徹底する必要があると学んだ。選考は次のステップに進むことになり、引き続き準備を進めていく必要があると感じた。"
株式会社ホライズンテック,horizon.tech.13@example.com,S20240193,P20249193,試験_面接,落選,2025-11-20 11:00,2025-11-20 11:20,オンライン・単独,自宅,1,人事,"株式会社ホライズンテックでの試験_面接では、志望動機、長所と短所、価値観について深掘りされた。淡々としていたが、質問は鋭かった。企業研究の甘さを痛感し、情報収集の重要性を実感した。結果としては不合格だったものの、今後の改善点が明確になり次の選考に活かせる面接だった。"
株式会社ホライズンテック,horizon.tech.14@example.com,S20240194,P20249194,試験_面接,内定,2025-11-22 13:30,2025-11-22 14:00,オンライン・単独,自宅,1,エンジニア,"株式会社ホライズンテックの試験_面接では、ポートフォリオでの挑戦点、技術的な失敗とそこからの学び、会社への貢献意欲について重点的に聞かれた。面接官が親身になって話を聞いてくれる印象だった。問題解決能力と、自己成長意欲が評価されたと感じる。最終的に総合的な評価は高く、非常に良いフィードバックをいただき内定となった。"
株式会社ホライズンテック,horizon.tech.15@example.com,S20240195,P20249195,試験_面接,継続（合格）,2025-11-25 10:00,2025-11-25 10:30,オンライン・単独,自宅,1,人事,"株式会社ホライズンテックでの試験_面接では、周囲からの評価、ガクチカ、困難を乗り越えた経験について質問された。具体的なエピソードを何度も深掘りされた。やや厳しめではあったが、質問の意図は明確だった。結論から整理して話す練習をしておくべきだと学んだ。選考は次のステップに進むことになり、引き続き準備を進めていく必要があると感じた。"
株式会社ホライズンテック,horizon.tech.16@example.com,S20240196,P20249196,試験_面接,継続（合格）,2025-11-27 14:30,2025-11-27 15:00,オンライン・単独,自宅,1,人事・エンジニア,"株式会社ホライズンテックの試験_面接では、入社後の目標、ストレスへの対処方法、学校で学んだことについて聞かれた。静かな緊張感はあったものの、こちらの話を受け止めてくれた。話の論理性を高める必要性を感じた。選考は次のステップに進むことになり、引き続き準備を進めていく必要があると感じた。"
株式会社ホライズンテック,horizon.tech.17@example.com,S20240197,P20249197,試験_面接,落選,2025-11-29 16:00,2025-11-29 16:25,オンライン・単独,自宅,1,人事,"株式会社ホライズンテックでの試験_面接では、札幌で働く理由、HCSを選んだ理由、チーム開発でのトラブル対応について質問された。回答の背景や理由を詳しく問われた。全体的に穏やかな雰囲気だった。自己分析の甘さを痛感した。結果としては不合格だったものの、今後の改善点が明確になり次の選考に活かせる面接だった。"
株式会社ホライズンテック,horizon.tech.18@example.com,S20240198,P20249198,試験_面接,継続（合格）,2025-12-02 11:30,2025-12-02 12:00,オンライン・単独,自宅,1,エンジニア,"株式会社ホライズンテックの試験_面接では、レビューの受け方、Git経験、技術的な課題解決について重点的に深掘りされた。淡々としていたが、質問の意図は分かりやすかった。専門用語を分かりやすく説明する練習が必要だと感じた。選考は次のステップに進むことになり、引き続き準備を進めていく必要があると感じた。"
株式会社ホライズンテック,horizon.tech.19@example.com,S20240199,P20249199,試験_面接,継続（合格）,2025-12-04 15:30,2025-12-04 16:10,オンライン・単独,自宅,1,人事,"株式会社ホライズンテックでの試験_面接では、将来像、学生時代の経験全般、アルバイト経験について聞かれた。やや厳しめではあったが、誠実に話を聞いてもらえた。緊張すると早口になるため、落ち着いて話す意識が必要だと感じた。選考は次のステップに進むことになり、引き続き準備を進めていく必要があると感じた。"
株式会社ホライズンテック,horizon.tech.20@example.com,S20240200,P20249200,試験_面接,内定,2025-12-06 09:30,2025-12-06 10:00,オンライン・単独,自宅,1,人事・エンジニア,"株式会社ホライズンテックの試験_面接では、会社の理念に対する共感度、技術への情熱、長所と短所について深く問われた。面接官が明るく、非常に話しやすい雰囲気だった。自分の言葉で熱意と将来への展望を伝えられたことが評価されたと感じる。最終的に総合的な評価は高く、非常に良いフィードバックをいただき内定となった。"
株式会社アルファテック,alfa.tech.21@example.com,S20240201,P20249201,試験_面接,継続（合格）,2025-05-10 10:30,2025-05-10 11:00,オンライン・単独,自宅,1,人事,"株式会社アルファテックの試験_面接では、志望動機、長所と短所、入社後の目標について深掘りされた。全体的に穏やかな雰囲気で、リラックスして話せた。自己PRの構成を見直す必要があると感じた。選考は次のステップに進むことになり、引き続き準備を進めていく必要があると感じた。" 
株式会社アルファテック,alfa.tech.22@example.com,S20240202,P20249202,試験_面接,内定,2025-05-13 14:00,2025-05-13 14:40,オンライン・単独,自宅,1,人事・エンジニア,"株式会社アルファテックでの試験_面接では、キャリアビジョン、技術への情熱、学生時代に最も力を入れたことについて深く問われた。面接官が明るく、非常に話しやすい雰囲気だった。熱意と具体的な目標が評価されたと感じる。最終的に総合的な評価は高く、非常に良いフィードバックをいただき内定となった。" 
株式会社アルファテック,alfa.tech.23@example.com,S20240203,P20249203,試験_面接,落選,2025-05-15 11:00,2025-05-15 11:20,オンライン・単独,自宅,1,エンジニア,"株式会社アルファテックの試験_面接では、チーム開発での役割、Git経験、ポートフォリオでの挑戦点について具体的な説明を求められた。やや厳しめではあったが、質問は鋭かった。技術的な知識の応用力を高める必要性を感じた。結果としては不合格だったものの、今後の改善点が明確になり次の選考に活かせる面接だった。" 
株式会社アルファテック,alfa.tech.24@example.com,S20240204,P20249204,試験_面接,継続（合格）,2025-05-17 15:30,2025-05-17 16:00,オンライン・単独,自宅,1,人事,"株式会社アルファテックでの試験_面接では、周囲からの評価、困難な状況への対処法、価値観について聞かれた。淡々としていたが、的確に核心を突く質問が多かった。企業研究をより進める必要を実感した。選考は次のステップに進むことになり、引き続き準備を進めていく必要があると感じた。" 
株式会社アルファテック,alfa.tech.25@example.com,S20240205,P20249205,試験_面接,継続（合格）,2025-05-20 09:00,2025-05-20 09:30,オンライン・単独,自宅,1,人事・エンジニア,"株式会社アルファテックの試験_面接では、技術的な興味、長所と短所、失敗経験から何を学んだかを重点的に聞かれた。具体的なエピソードを何度か深掘りされた。終始和やかな雰囲気で、会話形式で進んだ。結論ファーストを徹底する訓練が必要だと感じた。選考は次のステップに進むことになり、引き続き準備を進めていく必要があると感じた。" 
株式会社アルファテック,alfa.tech.26@example.com,S20240206,P20249206,試験_面接,落選,2025-05-22 13:00,2025-05-22 13:20,オンライン・単独,自宅,1,人事,"株式会社アルファテックでの試験_面接では、札幌で働く理由、アルバイト経験、HCSを選んだ理由について質問された。静かな緊張感はあったものの、こちらの話を受け止めてくれた。自己分析の甘さを痛感した。結果としては不合格だったものの、今後の改善点が明確になり次の選考に活かせる面接だった。" 
株式会社アルファテック,alfa.tech.27@example.com,S20240207,P20249207,試験_面接,継続（合格）,2025-05-24 16:00,2025-05-24 16:40,オンライン・単独,自宅,1,エンジニア,"株式会社アルファテックの試験_面接では、レビューの受け方、学校で学んだ専門技術、入社後に挑戦したいことについて質問された。やや厳しめではあったが、質問の意図は明確だった。専門用語を分かりやすく説明する練習が必要だと感じた。選考は次のステップに進むことになり、引き続き準備を進めていく必要があると感じた。" 
株式会社アルファテック,alfa.tech.28@example.com,S20240208,P20249208,試験_面接,継続（合格）,2025-05-27 10:00,2025-05-27 10:30,オンライン・単独,自宅,1,人事,"株式会社アルファテックでの試験_面接では、ガクチカ、将来像、チーム開発での役割について聞かれた。全体的に穏やかな雰囲気だった。緊張すると早口になるため、落ち着いて話す意識が必要だと感じた。選考は次のステップに進むことになり、引き続き準備を進めていく必要があると感じた。" 
株式会社アルファテック,alfa.tech.29@example.com,S20240209,P20249209,試験_面接,継続（合格）,2025-05-29 14:30,2025-05-29 15:00,オンライン・単独,自宅,1,人事・エンジニア,"株式会社アルファテックの試験_面接では、長所と短所、志望動機、価値観について質問された。回答の背景や理由を詳しく問われた。静かな緊張感はあったものの、こちらの話を真摯に受け止めてくれた。話の論理性を高める必要性を感じた。選考は次のステップに進むことになり、引き続き準備を進めていく必要があると感じた。" 
株式会社アルファテック,alfa.tech.30@example.com,S20240210,P20249210,試験_面接,継続（合格）,2025-06-03 11:30,2025-06-03 12:00,オンライン・単独,自宅,1,人事,"株式会社アルファテックでの試験_面接では、学生時代の経験全般、他社との比較、困難を乗り越えた経験について聞かれた。淡々としていたが、質問の意図は分かりやすかった。逆質問のバリエーションを増やしておくべきだったと反省した。選考は次のステップに進むことになり、引き続き準備を進めていく必要があると感じた。"
株式会社ビーリンク,be.link.21@example.com,S20240211,P20249211,試験_面接,継続（合格）,2025-06-05 13:00,2025-06-05 13:50,オンライン・単独,自宅,1,人事,"株式会社ビーリンクの試験_面接では、ガクチカ、志望動機、札幌で働く理由、アルバイト経験について質問された。具体的なエピソードを何度も深掘りされた。やや厳しめではあったが、質問の意図は明確だった。自己分析をもう一段深める必要があると感じた。選考は次のステップに進むことになり、引き続き準備を進めていく必要があると感じた。"
株式会社ビーリンク,be.link.22@example.com,S20240212,P20249212,試験_面接,継続（合格）,2025-06-07 10:00,2025-06-07 10:30,オンライン・単独,自宅,1,人事・エンジニア,"株式会社ビーリンクでの試験_面接では、技術的な興味、キャリアビジョン、チーム開発での工夫点について深く問われた。全体的に穏やかな雰囲気で、リラックスして話せた。技術的な知識の確認を徹底する必要があると学んだ。選考は次のステップに進むことになり、引き続き準備を進めていく必要があると感じた。"
株式会社ビーリンク,be.link.23@example.com,S20240213,P20249213,試験_面接,落選,2025-06-10 15:00,2025-06-10 15:20,オンライン・単独,自宅,1,人事,"株式会社ビーリンクの試験_面接では、周囲からの評価、困難な状況への対処法、入社後の目標について聞かれた。淡々としていたが、質問は鋭かった。企業研究の甘さを痛感し、情報収集の重要性を実感した。結果としては不合格だったものの、今後の改善点が明確になり次の選考に活かせる面接だった。"
株式会社ビーリンク,be.link.24@example.com,S20240214,P20249214,試験_面接,内定,2025-06-12 14:00,2025-06-12 14:40,オンライン・単独,自宅,1,エンジニア,"株式会社ビーリンクでの試験_面接では、ポートフォリオの詳細、技術選定の理由、開発における課題解決について重点的に聞かれた。面接官が親身になって話を聞いてくれる印象だった。技術的な知識の深さと応用力が評価されたと感じる。最終的に総合的な評価は高く、非常に良いフィードバックをいただき内定となった。"
株式会社ビーリンク,be.link.25@example.com,S20240215,P20249215,試験_面接,継続（合格）,2025-06-14 11:00,2025-06-14 11:30,オンライン・単独,自宅,1,人事,"株式会社ビーリンクの試験_面接では、長所と短所、学生時代に最も力を入れたこと、価値観について質問された。回答の背景や理由を詳しく問われた。静かな緊張感はあったものの、こちらの話を受け止めてくれた。結論から整理して話す練習をしておくべきだと学んだ。選考は次のステップに進むことになり、引き続き準備を進めていく必要があると感じた。"
株式会社ビーリンク,be.link.26@example.com,S20240216,P20249216,試験_面接,継続（合格）,2025-06-17 09:00,2025-06-17 09:30,オンライン・単独,自宅,1,人事・エンジニア,"株式会社ビーリンクでの試験_面接では、失敗経験から何を学んだか、ストレスへの対処方法、将来像について質問された。やや厳しめではあったが、真剣にこちらの話を聞いてもらえた。自己PRの構成を見直す必要があると感じた。選考は次のステップに進むことになり、引き続き準備を進めていく必要があると感じた。"
株式会社ビーリンク,be.link.27@example.com,S20240217,P20249217,試験_面接,落選,2025-06-19 16:00,2025-06-19 16:20,オンライン・単独,自宅,1,人事,"株式会社ビーリンクの試験_面接では、チーム開発での役割、学校で学んだこと、HCSを選んだ理由について聞かれた。終始和やかな雰囲気で、会話形式で進んだ。自己分析の甘さを痛感した。結果としては不合格だったものの、今後の改善点が明確になり次の選考に活かせる面接だった。"
株式会社ビーリンク,be.link.28@example.com,S20240218,P20249218,試験_面接,継続（合格）,2025-06-21 10:00,2025-06-21 10:40,オンライン・単独,自宅,1,エンジニア,"株式会社ビーリンクでの試験_面接では、レビューの受け方、Gitの具体的な利用経験、技術的な課題解決について深掘りされた。淡々としていたが、的確に核心を突く質問が多かった。専門用語を分かりやすく説明する練習が必要だと感じた。選考は次のステップに進むことになり、引き続き準備を進めていく必要があると感じた。"
株式会社ビーリンク,be.link.29@example.com,S20240219,P20249219,試験_面接,継続（合格）,2025-06-24 15:00,2025-06-24 15:30,オンライン・単独,自宅,1,人事,"株式会社ビーリンクの試験_面接では、アルバイト経験、札幌で働く理由、他社との違いについてどう考えているか問われた。具体的なエピソードを何度も深掘りされた。静かな緊張感はあったものの、こちらの話を真摯に受け止めてくれた。緊張すると早口になるため、落ち着いて話す意識が必要だと感じた。選考は次のステップに進むことになり、引き続き準備を進めていく必要があると感じた。"
株式会社ビーリンク,be.link.30@example.com,S20240220,P20249220,試験_面接,継続（合格）,2025-06-26 11:00,2025-06-26 11:45,オンライン・単独,自宅,1,人事・エンジニア,"株式会社ビーリンクでの試験_面接では、入社後のキャリアパス、会社への貢献意欲、学生時代に最も力を入れたことについて質問された。全体的に穏やかな雰囲気だった。話の論理性を高める必要性を感じた。選考は次のステップに進むことになり、引き続き準備を進めていく必要があると感じた。"
クリエイトソリューションズ株式会社,create.sol.21@example.com,S20240221,P20249221,試験_面接,継続（合格）,2025-06-28 10:00,2025-06-28 10:30,オンライン・単独,自宅,1,人事・エンジニア,"クリエイトソリューションズ株式会社の試験_面接では、チーム開発での役割、学校で学んだこと、長所と短所について質問された。回答の背景や理由を詳しく問われた。やや厳しめではあったが誠実に話を聞いてもらえた。逆質問のバリエーションを増やしておくべきだったと反省した。選考は次のステップに進むことになり、引き続き準備を進めていく必要があると感じた。"
クリエイトソリューションズ株式会社,create.sol.22@example.com,S20240222,P20249222,試験_面接,継続（合格）,2025-07-01 13:00,2025-07-01 13:40,オンライン・単独,自宅,1,人事,"クリエイトソリューションズ株式会社での試験_面接では、志望動機、価値観、ストレスへの対処方法について深く聞かれた。淡々としていたが、質問の意図は分かりやすかった。企業研究の甘さを痛感し、情報収集の重要性を実感した。選考は次のステップに進むことになり、引き続き準備を進めていく必要があると感じた。"
クリエイトソリューションズ株式会社,create.sol.23@example.com,S20240223,P20249223,試験_面接,内定,2025-07-03 15:00,2025-07-03 15:20,オンライン・単独,自宅,1,エンジニア,"クリエイトソリューションズ株式会社の試験_面接では、ポートフォリオの説明、技術選定の理由、開発における工夫点について質問された。面接官が親身になって話を聞いてくれる印象だった。技術的な説明の簡潔さと、熱意が評価されたと感じる。最終的に総合的な評価は高く、非常に良いフィードバックをいただき内定となった。"
クリエイトソリューションズ株式会社,create.sol.24@example.com,S20240224,P20249224,試験_面接,継続（合格）,2025-07-05 14:00,2025-07-05 14:50,オンライン・単独,自宅,1,人事・エンジニア,"クリエイトソリューションズ株式会社での試験_面接では、入社後のキャリアプラン、会社への貢献意欲、失敗経験から何を学んだかについて問われた。静かな緊張感はあったものの、こちらの話を受け止めてくれた。結論から整理して話す練習をしておくべきだと学んだ。選考は次のステップに進むことになり、引き続き準備を進めていく必要があると感じた。"
クリエイトソリューションズ株式会社,create.sol.25@example.com,S20240225,P20249225,試験_面接,継続（合格）,2025-07-08 11:00,2025-07-08 11:30,オンライン・単独,自宅,1,人事,"クリエイトソリューションズ株式会社の試験_面接では、周囲からの評価、長所と短所、アルバイト経験について聞かれた。やや厳しめではあったが、質問は鋭かった。自己PRの構成を見直す必要があると感じた。選考は次のステップに進むことになり、引き続き準備を進めていく必要があると感じた。"
クリエイトソリューションズ株式会社,create.sol.26@example.com,S20240226,P20249226,試験_面接,内定,2025-07-10 09:00,2025-07-10 09:20,オンライン・単独,自宅,1,人事・エンジニア,"クリエイトソリューションズ株式会社での試験_面接では、技術的な興味、学生時代に頑張ったこと、チーム開発での課題解決能力について深く問われた。終始和やかな雰囲気で、会話形式で進んだ。論理的な思考力と、自己成長意欲が評価されたと感じる。最終的に総合的な評価は高く、非常に良いフィードバックをいただき内定となった。"
クリエイトソリューションズ株式会社,create.sol.27@example.com,S20240227,P20249227,試験_面接,継続（合格）,2025-07-12 16:00,2025-07-12 16:40,オンライン・単独,自宅,1,人事,"クリエイトソリューションズ株式会社の試験_面接では、ガクチカ、札幌で働く理由、入社後に挑戦したいことについて質問された。具体的なエピソードを何度も深掘りされた。淡々としていたが、的確に核心を突く質問が多かった。緊張すると早口になるため、落ち着いて話す意識が必要だと感じた。選考は次のステップに進むことになり、引き続き準備を進めていく必要があると感じた。"
クリエイトソリューションズ株式会社,create.sol.28@example.com,S20240228,P20249228,試験_面接,継続（合格）,2025-07-15 10:00,2025-07-15 10:30,オンライン・単独,自宅,1,エンジニア,"クリエイトソリューションズ株式会社での試験_面接では、Git経験、レビューの受け方、学校で学んだ専門技術について詳しく聞かれた。やや厳しめではあったが、質問の意図は分かりやすかった。専門用語を分かりやすく説明する練習が必要だと感じた。選考は次のステップに進むことになり、引き続き準備を進めていく必要があると感じた。"
クリエイトソリューションズ株式会社,create.sol.29@example.com,S20240229,P20249229,試験_面接,内定,2025-07-17 15:00,2025-07-17 15:45,オンライン・単独,自宅,1,人事・エンジニア,"クリエイトソリューションズ株式会社の試験_面接では、会社の理念に対する共感度、将来像、チームでの貢献方法について問われた。面接官が明るく、非常に話しやすい雰囲気だった。自分の価値観と企業文化のフィット感が評価されたと感じる。最終的に総合的な評価は高く、非常に良いフィードバックをいただき内定となった。"
クリエイトソリューションズ株式会社,create.sol.30@example.com,S20240230,P20249230,試験_面接,継続（合格）,2025-07-20 11:00,2025-07-20 11:20,オンライン・単独,自宅,1,人事,"クリエイトソリューションズ株式会社での試験_面接では、長所と短所、HCSを選んだ理由、困難を乗り越えた経験について質問された。回答の背景や理由を詳しく問われた。静かな緊張感はあったものの、こちらの話を真摯に受け止めてくれた。話の論理性を高める必要性を感じた。選考は次のステップに進むことになり、引き続き準備を進めていく必要があると感じた。"
株式会社デジタルリンク,digi.link.21@example.com,S20240231,P20249231,試験_面接,継続（合格）,2025-07-22 13:00,2025-07-22 13:40,オンライン・単独,自宅,1,人事,"株式会社デジタルリンクの試験_面接では、長所と短所、志望動機に加えて、学生時代の経験全般についても質問された。具体的なエピソードを何度も深掘りされた。やや厳しめではあったが誠実に話を聞いてもらえた。自己分析をもう一段深める必要があると感じた。選考は次のステップに進むことになり、引き続き準備を進めていく必要があると感じた。"
株式会社デジタルリンク,digi.link.22@example.com,S20240232,P20249232,試験_面接,落選,2025-07-24 15:00,2025-07-24 15:20,オンライン・単独,自宅,1,人事・エンジニア,"株式会社デジタルリンクでの試験_面接では、技術的な興味、ポートフォリオの内容、チーム開発でのトラブル対応について詳しく聞かれた。全体的に穏やかな雰囲気だったが、深掘りが鋭かった。技術的な知識の浅さを痛感し、情報収集の重要性を実感した。結果としては不合格だったものの、今後の改善点が明確になり次の選考に活かせる面接だった。"
株式会社デジタルリンク,digi.link.23@example.com,S20240233,P20249233,試験_面接,継続（合格）,2025-07-26 14:00,2025-07-26 14:50,オンライン・単独,自宅,1,人事,"株式会社デジタルリンクの試験_面接では、入社後の目標、価値観、ストレスへの対処方法について質問された。淡々としていたが、的確に核心を突く質問が多かった。企業研究をより進める必要を実感した。選考は次のステップに進むことになり、引き続き準備を進めていく必要があると感じた。"
株式会社デジタルリンク,digi.link.24@example.com,S20240234,P20249234,試験_面接,継続（合格）,2025-07-29 11:00,2025-07-29 11:30,オンライン・単独,自宅,1,エンジニア,"株式会社デジタルリンクでの試験_面接では、レビューの受け方、学校で学んだこと、Git経験について重点的に深掘りされた。終始和やかな雰囲気で、会話形式で進んだ。専門用語を分かりやすく説明する練習が必要だと感じた。選考は次のステップに進むことになり、引き続き準備を進めていく必要があると感じた。"
株式会社デジタルリンク,digi.link.25@example.com,S20240235,P20249235,試験_面接,継続（合格）,2025-07-31 09:00,2025-07-31 09:20,オンライン・単独,自宅,1,人事,"株式会社デジタルリンクの試験_面接では、周囲からの評価、失敗経験から何を学んだか、札幌で働く理由について聞かれた。やや厳しめではあったが、質問の意図は明確だった。結論から整理して話す練習をしておくべきだと学んだ。選考は次のステップに進むことになり、引き続き準備を進めていく必要があると感じた。"
株式会社デジタルリンク,digi.link.26@example.com,S20240236,P20249236,試験_面接,内定,2025-08-02 16:00,2025-08-02 16:40,オンライン・単独,自宅,1,人事・エンジニア,"株式会社デジタルリンクでの試験_面接では、キャリアビジョン、長所と短所、チーム開発での役割について質問された。面接官が明るく、非常に話しやすい雰囲気だった。熱意と一貫性のあるキャリアビジョンが評価されたと感じる。最終的に総合的な評価は高く、非常に良いフィードバックをいただき内定となった。"
株式会社デジタルリンク,digi.link.27@example.com,S20240237,P20249237,試験_面接,落選,2025-08-05 10:00,2025-08-05 10:30,オンライン・単独,自宅,1,人事,"株式会社デジタルリンクの試験_面接では、ガクチカ、アルバイト経験、HCSを選んだ理由について深掘りされた。回答の背景や理由を詳しく問われた。静かな緊張感はあったものの、こちらの話を受け止めてくれた。自己分析の甘さを痛感した。結果としては不合格だったものの、今後の改善点が明確になり次の選考に活かせる面接だった。"
株式会社デジタルリンク,digi.link.28@example.com,S20240238,P20249238,試験_面接,継続（合格）,2025-08-07 15:00,2025-08-07 15:45,オンライン・単独,自宅,1,エンジニア,"株式会社デジタルリンクでの試験_面接では、ポートフォリオでの挑戦点、技術的な課題への取り組み方、入社後の貢献について質問された。具体的なエピソードを何度も深掘りされた。やや厳しめではあったが、真剣にこちらの話を聞いてもらえた。技術的な知識の応用力を高める必要性を感じた。選考は次のステップに進むことになり、引き続き準備を進めていく必要があると感じた。"
株式会社デジタルリンク,digi.link.29@example.com,S20240239,P20249239,試験_面接,継続（合格）,2025-08-09 11:00,2025-08-09 11:20,オンライン・単独,自宅,1,人事,"株式会社デジタルリンクの試験_面接では、将来像、学生時代の経験全般、他社との比較について聞かれた。全体的に穏やかな雰囲気で、リラックスして話せた。緊張すると早口になるため、落ち着いて話す意識が必要だと感じた。選考は次のステップに進むことになり、引き続き準備を進めていく必要があると感じた。"
株式会社デジタルリンク,digi.link.30@example.com,S20240240,P20249240,試験_面接,継続（合格）,2025-08-12 13:30,2025-08-12 14:00,オンライン・単独,自宅,1,人事・エンジニア,"株式会社デジタルリンクでの試験_面接では、キャリアビジョン、技術への情熱、会社へのフィット感について重点的に問われた。淡々としていたが、質問の意図は分かりやすかった。話の論理性を高める必要性を感じた。選考は次のステップに進むことになり、引き続き準備を進めていく必要があると感じた。"
株式会社エムライン,m.line.21@example.com,S20240241,P20249241,試験_面接,落選,2025-08-14 15:00,2025-08-14 15:20,オンライン・単独,自宅,1,人事,"株式会社エムラインでの試験_面接では、ガクチカ、HCSを選んだ理由やHCSを選んだ理由に関する考え方を詳しく説明した。具体的なエピソードを何度も深掘りされた。やや厳しめではあったが誠実に話を聞いてもらえた。企業研究の甘さを痛感し、情報収集の重要性を実感した。結果としては不合格だったものの、今後の改善点が明確になり次の選考に活かせる面接だった。"
株式会社エムライン,m.line.22@example.com,S20240242,P20249242,試験_面接,継続（合格）,2025-08-16 14:00,2025-08-16 14:50,オンライン・単独,自宅,1,人事・エンジニア,"株式会社エムラインの試験_面接では、技術的な興味、長所と短所、チーム開発での役割について質問された。回答の背景や理由を詳しく問われた。静かな緊張感はあったものの、こちらの話を受け止めてくれた。技術的な知識の確認を徹底する必要があると学んだ。選考は次のステップに進むことになり、引き続き準備を進めていく必要があると感じた。"
株式会社エムライン,m.line.23@example.com,S20240243,P20249243,試験_面接,内定,2025-08-19 11:00,2025-08-19 11:30,オンライン・単独,自宅,1,人事,"株式会社エムラインでの試験_面接では、志望動機、入社後の目標、周囲からの評価について聞かれた。面接官が親身になって話を聞いてくれる印象だった。熱意と具体的な入社意欲が評価されたと感じる。最終的に総合的な評価は高く、非常に良いフィードバックをいただき内定となった。"
株式会社エムライン,m.line.24@example.com,S20240244,P20249244,試験_面接,落選,2025-08-21 09:00,2025-08-21 09:20,オンライン・単独,自宅,1,エンジニア,"株式会社エムラインの試験_面接では、レビューの受け方、ポートフォリオの詳細、使用技術の選定理由について深く問われた。やや厳しめではあったが、質問は鋭かった。技術的な背景を論理的に説明する力が不足していたと痛感した。結果としては不合格だったものの、今後の改善点が明確になり次の選考に活かせる面接だった。"
株式会社エムライン,m.line.25@example.com,S20240245,P20249245,試験_面接,継続（合格）,2025-08-23 16:00,2025-08-23 16:40,オンライン・単独,自宅,1,人事,"株式会社エムラインでの試験_面接では、失敗経験から何を学んだか、価値観、ストレスへの対処方法について質問された。全体的に穏やかな雰囲気で、リラックスして話せた。逆質問のバリエーションを増やしておくべきだったと反省した。選考は次のステップに進むことになり、引き続き準備を進めていく必要があると感じた。"
株式会社エムライン,m.line.26@example.com,S20240246,P20249246,試験_面接,落選,2025-08-26 10:00,2025-08-26 10:30,オンライン・単独,自宅,1,人事・エンジニア,"株式会社エムラインの試験_面接では、キャリアビジョン、学生時代に頑張ったこと、札幌で働く理由について質問された。淡々としていたが、質問の意図は明確だった。自己PRの構成を見直す必要があると感じた。結果としては不合格だったものの、今後の改善点が明確になり次の選考に活かせる面接だった。"
株式会社エムライン,m.line.27@example.com,S20240247,P20249247,試験_面接,継続（合格）,2025-08-28 15:00,2025-08-28 15:45,オンライン・単独,自宅,1,人事,"株式会社エムラインでの試験_面接では、アルバイト経験、学校で学んだこと、他社との違いについて聞かれた。具体的なエピソードを何度も深掘りされた。やや厳しめではあったが、的確に核心を突く質問が多かった。緊張すると早口になるため、落ち着いて話す意識が必要だと感じた。選考は次のステップに進むことになり、引き続き準備を進めていく必要があると感じた。"
株式会社エムライン,m.line.28@example.com,S20240248,P20249248,試験_面接,落選,2025-08-30 11:00,2025-08-30 11:20,オンライン・単独,自宅,1,エンジニア,"株式会社エムラインの試験_面接では、Git経験、技術的な課題解決、入社後の貢献について質問された。終始和やかな雰囲気で、会話形式で進んだ。専門用語を分かりやすく説明する練習が必要だと感じた。結果としては不合格だったものの、今後の改善点が明確になり次の選考に活かせる面接だった。"
株式会社エムライン,m.line.29@example.com,S20240249,P20249249,試験_面接,継続（合格）,2025-09-02 13:30,2025-09-02 14:00,オンライン・単独,自宅,1,人事・エンジニア,"株式会社エムラインでの試験_面接では、会社の理念に対する共感度、チームでの貢献方法、技術への情熱について重点的に問われた。静かな緊張感はあったものの、こちらの話を真摯に受け止めてくれた。結論ファーストを徹底する訓練が必要だと感じた。選考は次のステップに進むことになり、引き続き準備を進めていく必要があると感じた。"
株式会社エムライン,m.line.30@example.com,S20240250,P20249250,試験_面接,落選,2025-09-04 10:00,2025-09-04 10:30,オンライン・単独,自宅,1,人事,"株式会社エムラインの試験_面接では、長所と短所、ガクチカ、困難を乗り越えた経験について質問された。回答の背景や理由を詳しく問われた。やや厳しめではあったが、質問の意図は分かりやすかった。話の論理性を高める必要性を感じた。結果としては不合格だったものの、今後の改善点が明確になり次の選考に活かせる面接だった。"
株式会社フォースウェーブ,force.wave.21@example.com,S20240251,P20249251,試験_面接,継続（合格）,2025-09-06 14:00,2025-09-06 14:50,オンライン・単独,自宅,1,エンジニア,"株式会社フォースウェーブでの試験_面接では、レビューの受け方、アルバイト経験について主に質問が進んだ。全体的に穏やかな雰囲気で、リラックスして話せた。技術的な知識の確認を徹底する必要があると学んだ。選考は次のステップに進むことになり、引き続き準備を進めていく必要があると感じた。"
株式会社フォースウェーブ,force.wave.22@example.com,S20240252,P20249252,試験_面接,継続（合格）,2025-09-09 11:00,2025-09-09 11:30,オンライン・単独,自宅,1,人事,"株式会社フォースウェーブの試験_面接では、志望動機、入社後の目標、周囲からの評価について聞かれた。淡々としていたが、質問は鋭かった。企業研究の甘さを痛感し、情報収集の重要性を実感した。選考は次のステップに進むことになり、引き続き準備を進めていく必要があると感じた。"
株式会社フォースウェーブ,force.wave.23@example.com,S20240253,P20249253,試験_面接,継続（合格）,2025-09-11 09:00,2025-09-11 09:20,オンライン・単独,自宅,1,人事・エンジニア,"株式会社フォースウェーブでの試験_面接では、技術的な興味、キャリアビジョン、チーム開発での工夫点について深く問われた。具体的なエピソードを何度も深掘りされた。静かな緊張感はあったものの、こちらの話を受け止めてくれた。結論から整理して話す練習をしておくべきだと学んだ。選考は次のステップに進むことになり、引き続き準備を進めていく必要があると感じた。"
株式会社フォースウェーブ,force.wave.24@example.com,S20240254,P20249254,試験_面接,内定,2025-09-13 16:00,2025-09-13 16:40,オンライン・単独,自宅,1,エンジニア,"株式会社フォースウェーブの試験_面接では、Git経験、ポートフォリオの内容、技術的な課題解決について深掘りされた。面接官が明るく、非常に話しやすい雰囲気だった。問題解決能力と、技術への情熱が評価されたと感じる。最終的に総合的な評価は高く、非常に良いフィードバックをいただき内定となった。"
株式会社フォースウェーブ,force.wave.25@example.com,S20240255,P20249255,試験_面接,落選,2025-09-15 10:00,2025-09-15 10:30,オンライン・単独,自宅,1,人事,"株式会社フォースウェーブでの試験_面接では、長所と短所、ガクチカ、失敗経験から何を学んだかを中心に質問された。やや厳しめではあったが、質問の意図は明確だった。自己PRの構成を見直す必要があると感じた。結果としては不合格だったものの、今後の改善点が明確になり次の選考に活かせる面接だった。"
株式会社フォースウェーブ,force.wave.26@example.com,S20240256,P20249256,試験_面接,継続（合格）,2025-09-17 15:00,2025-09-17 15:45,オンライン・単独,自宅,1,人事・エンジニア,"株式会社フォースウェーブの試験_面接では、札幌で働く理由、価値観、ストレスへの対処方法について聞かれた。終始和やかな雰囲気で、会話形式で進んだ。緊張すると早口になるため、落ち着いて話す意識が必要だと感じた。選考は次のステップに進むことになり、引き続き準備を進めていく必要があると感じた。"
株式会社フォースウェーブ,force.wave.27@example.com,S20240257,P20249257,試験_面接,継続（合格）,2025-09-19 11:00,2025-09-19 11:20,オンライン・単独,自宅,1,人事,"株式会社フォースウェーブでの試験_面接では、学校で学んだこと、将来像、HCSを選んだ理由について質問された。回答の背景や理由を詳しく問われた。淡々としていたが、的確に核心を突く質問が多かった。逆質問のバリエーションを増やしておくべきだったと反省した。選考は次のステップに進むことになり、引き続き準備を進めていく必要があると感じた。"
株式会社フォースウェーブ,force.wave.28@example.com,S20240258,P20249258,試験_面接,落選,2025-09-22 13:30,2025-09-22 14:00,オンライン・単独,自宅,1,エンジニア,"株式会社フォースウェーブの試験_面接では、技術的な課題への取り組み方、入社後の貢献、チーム開発でのトラブル対応について質問された。具体的なエピソードを何度も深掘りされた。静かな緊張感はあったものの、こちらの話を真摯に受け止めてくれた。専門用語を分かりやすく説明する練習が必要だと感じた。結果としては不合格だったものの、今後の改善点が明確になり次の選考に活かせる面接だった。"
株式会社フォースウェーブ,force.wave.29@example.com,S20240259,P20249259,試験_面接,継続（合格）,2025-09-24 10:00,2025-09-24 10:30,オンライン・単独,自宅,1,人事,"株式会社フォースウェーブでの試験_面接では、アルバイト経験、周囲からの評価、困難を乗り越えた経験について聞かれた。やや厳しめではあったが誠実に話を聞いてもらえた。話の論理性を高める必要性を感じた。選考は次のステップに進むことになり、引き続き準備を進めていく必要があると感じた。"
株式会社フォースウェーブ,force.wave.30@example.com,S20240260,P20249260,試験_面接,継続（合格）,2025-09-26 14:30,2025-09-26 15:00,オンライン・単独,自宅,1,人事・エンジニア,"株式会社フォースウェーブの試験_面接では、志望動機、学生時代の経験全般、長所と短所について質問された。全体的に穏やかな雰囲気だった。自己分析をもう一段深める必要があると感じた。選考は次のステップに進むことになり、引き続き準備を進めていく必要があると感じた。"
ノースシステム株式会社,north.sys.21@example.com,S20240261,P20249261,試験_面接,継続（合格）,2025-09-29 11:00,2025-09-29 11:30,オンライン・単独,自宅,1,人事,"ノースシステム株式会社の試験_面接では、周囲からどう見られているか、長所と短所、チーム開発での役割、札幌で働く理由について質問された。具体的なエピソードを何度も深掘りされた。淡々としていたが、質問の意図は明確だった。自己PRの構成を見直す必要があると感じた。選考は次のステップに進むことになり、引き続き準備を進めていく必要があると感じた。"
ノースシステム株式会社,north.sys.22@example.com,S20240262,P20249262,試験_面接,内定,2025-10-01 09:00,2025-10-01 09:20,オンライン・単独,自宅,1,人事・エンジニア,"ノースシステム株式会社での試験_面接では、技術的な興味、ポートフォリオの詳細、キャリアビジョンについて深く聞かれた。面接官が親身になって話を聞いてくれる印象だった。技術的な知識の深さと、将来への明確なビジョンが評価されたと感じる。最終的に総合的な評価は高く、非常に良いフィードバックをいただき内定となった。"
ノースシステム株式会社,north.sys.23@example.com,S20240263,P20249263,試験_面接,落選,2025-10-03 16:00,2025-10-03 16:40,オンライン・単独,自宅,1,人事,"ノースシステム株式会社の試験_面接では、ガクチカ、HCSを選んだ理由、将来像について深掘りされた。全体的に穏やかな雰囲気だったが、深掘りが鋭かった。企業研究の甘さを痛感し、情報収集の重要性を実感した。結果としては不合格だったものの、今後の改善点が明確になり次の選考に活かせる面接だった。"
ノースシステム株式会社,north.sys.24@example.com,S20240264,P20249264,試験_面接,継続（合格）,2025-10-06 10:00,2025-10-06 10:30,オンライン・単独,自宅,1,エンジニア,"ノースシステム株式会社での試験_面接では、レビューの受け方、学校で学んだこと、Git経験について重点的に質問された。やや厳しめではあったが、真剣にこちらの話を聞いてもらえた。結論から整理して話す練習をしておくべきだと学んだ。選考は次のステップに進むことになり、引き続き準備を進めていく必要があると感じた。"
ノースシステム株式会社,north.sys.25@example.com,S20240265,P20249265,試験_面接,継続（合格）,2025-10-08 15:00,2025-10-08 15:45,オンライン・単独,自宅,1,人事,"ノースシステム株式会社の試験_面接では、志望動機、入社後の目標、ストレスへの対処方法について聞かれた。終始和やかな雰囲気で、会話形式で進んだ。緊張すると早口になるため、落ち着いて話す意識が必要だと感じた。選考は次のステップに進むことになり、引き続き準備を進めていく必要があると感じた。"
ノースシステム株式会社,north.sys.26@example.com,S20240266,P20249266,試験_面接,継続（合格）,2025-10-10 11:00,2025-10-10 11:20,オンライン・単独,自宅,1,人事・エンジニア,"ノースシステム株式会社での試験_面接では、失敗経験から何を学んだか、価値観、会社への貢献意欲について深く問われた。淡々としていたが、的確に核心を突く質問が多かった。逆質問のバリエーションを増やしておくべきだったと反省した。選考は次のステップに進むことになり、引き続き準備を進めていく必要があると感じた。"
ノースシステム株式会社,north.sys.27@example.com,S20240267,P20249267,試験_面接,継続（合格）,2025-10-13 13:30,2025-10-13 14:00,オンライン・単独,自宅,1,人事,"ノースシステム株式会社の試験_面接では、アルバイト経験、困難な状況への対処法、長所と短所について質問された。具体的なエピソードを何度も深掘りされた。静かな緊張感はあったものの、こちらの話を真摯に受け止めてくれた。話の論理性を高める必要性を感じた。選考は次のステップに進むことになり、引き続き準備を進めていく必要があると感じた。"
ノースシステム株式会社,north.sys.28@example.com,S20240268,P20249268,試験_面接,落選,2025-10-15 10:00,2025-10-15 10:40,オンライン・単独,自宅,1,エンジニア,"ノースシステム株式会社での試験_面接では、技術的な課題解決、入社後の貢献、チーム開発でのトラブル対応について詳しく聞かれた。回答の背景や理由を詳しく問われた。やや厳しめではあったが、質問の意図は明確だった。技術的な説明を簡潔に行う練習が必要だと感じた。結果としては不合格だったものの、今後の改善点が明確になり次の選考に活かせる面接だった。"
ノースシステム株式会社,north.sys.29@example.com,S20240269,P20249269,試験_面接,継続（合格）,2025-10-17 14:30,2025-10-17 15:00,オンライン・単独,自宅,1,人事,"ノースシステム株式会社の試験_面接では、学生時代の経験全般、他社との比較、札幌で働く理由について聞かれた。全体的に穏やかな雰囲気で、リラックスして話せた。自己分析をもう一段深める必要があると感じた。選考は次のステップに進むことになり、引き続き準備を進めていく必要があると感じた。"
ノースシステム株式会社,north.sys.30@example.com,S20240270,P20249270,試験_面接,継続（合格）,2025-10-20 16:00,2025-10-20 16:25,オンライン・単独,自宅,1,人事・エンジニア,"ノースシステム株式会社での試験_面接では、キャリアビジョン、HCSを選んだ理由、入社後に挑戦したいことについて質問された。淡々としていたが、質問は鋭かった。結論ファーストを徹底する訓練が必要だと感じた。選考は次のステップに進むことになり、引き続き準備を進めていく必要があると感じた。"
株式会社ライフネットワーク,life.net.21@example.com,S20240271,P20249271,試験_面接,落選,2025-10-22 09:00,2025-10-22 09:20,オンライン・単独,自宅,1,人事,"株式会社ライフネットワークの試験_面接では、将来像、長所と短所、学校で学んだこと、ガクチカについて質問された。回答の背景や理由を詳しく問われた。やや厳しめではあったが誠実に話を聞いてもらえた。自己PRの構成を見直す必要があると感じた。結果としては不合格だったものの、今後の改善点が明確になり次の選考に活かせる面接だった。"
株式会社ライフネットワーク,life.net.22@example.com,S20240272,P20249272,試験_面接,継続（合格）,2025-10-24 16:00,2025-10-24 16:40,オンライン・単独,自宅,1,人事・エンジニア,"株式会社ライフネットワークでの試験_面接では、技術的な興味、チーム開発での役割、失敗経験から何を学んだかについて質問された。全体的に穏やかな雰囲気だった。技術的な知識の確認を徹底する必要があると学んだ。選考は次のステップに進むことになり、引き続き準備を進めていく必要があると感じた。"
株式会社ライフネットワーク,life.net.23@example.com,S20240273,P20249273,試験_面接,内定,2025-10-27 10:00,2025-10-27 10:30,オンライン・単独,自宅,1,人事,"株式会社ライフネットワークの試験_面接では、志望動機、入社後の目標、価値観について深掘りされた。面接官が明るく、非常に話しやすい雰囲気だった。熱意と企業文化へのフィット感が評価されたと感じる。最終的に総合的な評価は高く、非常に良いフィードバックをいただき内定となった。"
株式会社ライフネットワーク,life.net.24@example.com,S20240274,P20249274,試験_面接,継続（合格）,2025-10-29 15:00,2025-10-29 15:45,オンライン・単独,自宅,1,エンジニア,"株式会社ライフネットワークでの試験_面接では、Git経験、ポートフォリオの詳細、技術選定の理由について重点的に聞かれた。静かな緊張感はあったものの、こちらの話を真摯に受け止めてくれた。専門用語を分かりやすく説明する練習が必要だと感じた。選考は次のステップに進むことになり、引き続き準備を進めていく必要があると感じた。"
株式会社ライフネットワーク,life.net.25@example.com,S20240275,P20249275,試験_面接,落選,2025-10-31 11:00,2025-10-31 11:20,オンライン・単独,自宅,1,人事,"株式会社ライフネットワークの試験_面接では、周囲からの評価、困難な状況への対処法、アルバイト経験について質問された。淡々としていたが、的確に核心を突く質問が多かった。緊張すると早口になるため、落ち着いて話す意識が必要だと感じた。結果としては不合格だったものの、今後の改善点が明確になり次の選考に活かせる面接だった。"
株式会社ライフネットワーク,life.net.26@example.com,S20240276,P20249276,試験_面接,継続（合格）,2025-11-03 13:30,2025-11-03 14:00,オンライン・単独,自宅,1,人事・エンジニア,"株式会社ライフネットワークでの試験_面接では、キャリアビジョン、長所と短所、会社への貢献意欲について問われた。やや厳しめではあったが、質問の意図は明確だった。企業研究の甘さを痛感し、情報収集の重要性を実感した。選考は次のステップに進むことになり、引き続き準備を進めていく必要があると感じた。"
株式会社ライフネットワーク,life.net.27@example.com,S20240277,P20249277,試験_面接,落選,2025-11-05 10:00,2025-11-05 10:30,オンライン・単独,自宅,1,人事,"株式会社ライフネットワークの試験_面接では、札幌で働く理由、学生時代に最も力を入れたこと、チーム開発でのトラブル対応について聞かれた。終始和やかな雰囲気で、会話形式で進んだ。自己分析の甘さを痛感した。結果としては不合格だったものの、今後の改善点が明確になり次の選考に活かせる面接だった。"
株式会社ライフネットワーク,life.net.28@example.com,S20240278,P20249278,試験_面接,継続（合格）,2025-11-07 14:30,2025-11-07 15:00,オンライン・単独,自宅,1,エンジニア,"株式会社ライフネットワークでの試験_面接では、技術的な課題解決、入社後の目標、学校で学んだことについて質問された。具体的なエピソードを何度も深掘りされた。淡々としていたが、質問は鋭かった。技術的な知識の応用力を高める必要性を感じた。選考は次のステップに進むことになり、引き続き準備を進めていく必要があると感じた。"
株式会社ライフネットワーク,life.net.29@example.com,S20240279,P20249279,試験_面接,継続（合格）,2025-11-10 16:00,2025-11-10 16:25,オンライン・単独,自宅,1,人事・エンジニア,"株式会社ライフネットワークの試験_面接では、会社の理念に対する共感度、技術への情熱、将来像について重点的に問われた。回答の背景や理由を詳しく問われた。静かな緊張感はあったものの、こちらの話を真摯に受け止めてくれた。結論ファーストを徹底する訓練が必要だと感じた。選考は次のステップに進むことになり、引き続き準備を進めていく必要があると感じた。"
株式会社ライフネットワーク,life.net.30@example.com,S20240280,P20249280,試験_面接,落選,2025-11-12 11:30,2025-11-12 12:00,オンライン・単独,自宅,1,人事,"株式会社ライフネットワークでの試験_面接では、HCSを選んだ理由、長所と短所、ガクチカについて質問された。全体的に穏やかな雰囲気で、リラックスして話せた。話の論理性を高める必要性を感じた。結果としては不合格だったものの、今後の改善点が明確になり次の選考に活かせる面接だった。"
サッポロエンジニアリング株式会社,sapporo.eng.21@example.com,S20240281,P20249281,試験_面接,継続（合格）,2025-11-14 16:00,2025-11-14 16:40,オンライン・単独,自宅,1,人事・エンジニア,"サッポロエンジニアリング株式会社の試験_面接では、学校で学んだこと、Git経験、札幌で働く理由、将来像について質問された。失敗経験から何を学んだかを重点的に聞かれた。やや厳しめではあったが、質問の意図は明確だった。自己分析をもう一段深める必要があると感じた。選考は次のステップに進むことになり、引き続き準備を進めていく必要があると感じた。"
サッポロエンジニアリング株式会社,sapporo.eng.22@example.com,S20240282,P20249282,試験_面接,継続（合格）,2025-11-17 10:00,2025-11-17 10:30,オンライン・単独,自宅,1,人事,"サッポロエンジニアリング株式会社での試験_面接では、志望動機、入社後の目標、長所と短所について聞かれた。淡々としていたが、質問は鋭かった。企業研究の甘さを痛感し、情報収集の重要性を実感した。選考は次のステップに進むことになり、引き続き準備を進めていく必要があると感じた。"
サッポロエンジニアリング株式会社,sapporo.eng.23@example.com,S20240283,P20249283,試験_面接,内定,2025-11-19 15:00,2025-11-19 15:45,オンライン・単独,自宅,1,エンジニア,"サッポロエンジニアリング株式会社の試験_面接では、ポートフォリオの内容、技術選定の理由、チーム開発での工夫点について深く問われた。面接官が親身になって話を聞いてくれる印象だった。技術的な知識の深さと応用力が評価されたと感じる。最終的に総合的な評価は高く、非常に良いフィードバックをいただき内定となった。"
サッポロエンジニアリング株式会社,sapporo.eng.24@example.com,S20240284,P20249284,試験_面接,継続（合格）,2025-11-21 11:00,2025-11-21 11:20,オンライン・単独,自宅,1,人事・エンジニア,"サッポロエンジニアリング株式会社での試験_面接では、キャリアビジョン、会社への貢献意欲、学生時代に最も力を入れたことについて質問された。具体的なエピソードを何度も深掘りされた。終始和やかな雰囲気で、会話形式で進んだ。専門用語を分かりやすく説明する練習が必要だと感じた。選考は次のステップに進むことになり、引き続き準備を進めていく必要があると感じた。"
サッポロエンジニアリング株式会社,sapporo.eng.25@example.com,S20240285,P20249285,試験_面接,継続（合格）,2025-11-24 13:30,2025-11-24 14:00,オンライン・単独,自宅,1,人事,"サッポロエンジニアリング株式会社の試験_面接では、周囲からの評価、価値観、ストレスへの対処方法について聞かれた。回答の背景や理由を詳しく問われた。静かな緊張感はあったものの、こちらの話を受け止めてくれた。逆質問のバリエーションを増やしておくべきだったと反省した。選考は次のステップに進むことになり、引き続き準備を進めていく必要があると感じた。"
サッポロエンジニアリング株式会社,sapporo.eng.26@example.com,S20240286,P20249286,試験_面接,落選,2025-11-26 10:00,2025-11-26 10:30,オンライン・単独,自宅,1,エンジニア,"サッポロエンジニアリング株式会社での試験_面接では、レビューの受け方、技術的な課題解決、入社後の貢献について詳しく聞かれた。やや厳しめではあったが、真剣にこちらの話を聞いてもらえた。技術的な回答の具体性が不足していたと痛感した。結果としては不合格だったものの、今後の改善点が明確になり次の選考に活かせる面接だった。"
サッポロエンジニアリング株式会社,sapporo.eng.27@example.com,S20240287,P20249287,試験_面接,継続（合格）,2025-11-28 14:30,2025-11-28 15:00,オンライン・単独,自宅,1,人事・エンジニア,"サッポロエンジニアリング株式会社の試験_面接では、技術的な興味、困難を乗り越えた経験、チームでの意見対立への対処法について深く問われた。全体的に穏やかな雰囲気で、リラックスして話せた。話の論理性を高める必要性を感じた。選考は次のステップに進むことになり、引き続き準備を進めていく必要があると感じた。"
サッポロエンジニアリング株式会社,sapporo.eng.28@example.com,S20240288,P20249288,試験_面接,継続（合格）,2025-12-01 16:00,2025-12-01 16:25,オンライン・単独,自宅,1,人事,"サッポロエンジニアリング株式会社での試験_面接では、HCSを選んだ理由、アルバイト経験、将来像について質問された。淡々としていたが、的確に核心を突く質問が多かった。緊張すると早口になるため、落ち着いて話す意識が必要だと感じた。選考は次のステップに進むことになり、引き続き準備を進めていく必要があると感じた。"
サッポロエンジニアリング株式会社,sapporo.eng.29@example.com,S20240289,P20249289,試験_面接,継続（合格）,2025-12-03 11:30,2025-12-03 12:00,オンライン・単独,自宅,1,エンジニア,"サッポロエンジニアリング株式会社の試験_面接では、学校で学んだこと、Gitの具体的な利用経験、ポートフォリオでの挑戦点について深掘りされた。具体的なエピソードを何度も深掘りされた。やや厳しめではあったが、質問の意図は分かりやすかった。技術的な知識の応用力を高める必要性を感じた。選考は次のステップに進むことになり、引き続き準備を進めていく必要があると感じた。"
サッポロエンジニアリング株式会社,sapporo.eng.30@example.com,S20240290,P20249290,試験_面接,内定,2025-12-05 15:30,2025-12-05 16:10,オンライン・単独,自宅,1,人事,"サッポロエンジニアリング株式会社での試験_面接では、長所と短所、ガクチカ、札幌で働く理由について質問された。面接官が明るく、非常に話しやすい雰囲気だった。一貫性のある回答と、自己分析の深さが評価されたと感じる。最終的に総合的な評価は高く、非常に良いフィードバックをいただき内定となった。"
株式会社ホライズンテック,horizon.tech.21@example.com,S20240291,P20249291,試験_面接,継続（合格）,2025-12-08 10:00,2025-12-08 10:30,オンライン・単独,自宅,1,人事,"株式会社ホライズンテックでの試験_面接では、アルバイト経験、将来像、コミュニケーションの取り方について主に質問が進んだ。他社との違いをどう考えているか聞かれた。静かな緊張感はあったものの、こちらの話を受け止めてくれた。結論から整理して話す練習をしておくべきだと学んだ。選考は次のステップに進むことになり、引き続き準備を進めていく必要があると感じた。"
株式会社ホライズンテック,horizon.tech.22@example.com,S20240292,P20249292,試験_面接,継続（合格）,2025-12-10 15:00,2025-12-10 15:45,オンライン・単独,自宅,1,人事・エンジニア,"株式会社ホライズンテックの試験_面接では、技術的な興味、キャリアビジョン、チーム開発での役割について深く問われた。やや厳しめではあったが、質問の意図は明確だった。専門用語を分かりやすく説明する練習が必要だと感じた。選考は次のステップに進むことになり、引き続き準備を進めていく必要があると感じた。"
株式会社ホライズンテック,horizon.tech.23@example.com,S20240293,P20249293,試験_面接,落選,2025-12-12 11:00,2025-12-12 11:20,オンライン・単独,自宅,1,人事,"株式会社ホライズンテックでの試験_面接では、志望動機、長所と短所、価値観について深掘りされた。全体的に穏やかな雰囲気で、リラックスして話せた。自己分析の甘さを痛感した。結果としては不合格だったものの、今後の改善点が明確になり次の選考に活かせる面接だった。"
株式会社ホライズンテック,horizon.tech.24@example.com,S20240294,P20249294,試験_面接,継続（合格）,2025-12-15 13:30,2025-12-15 14:00,オンライン・単独,自宅,1,エンジニア,"株式会社ホライズンテックの試験_面接では、ポートフォリオでの挑戦点、技術的な失敗とそこからの学び、会社への貢献意欲について重点的に聞かれた。淡々としていたが、質問は鋭かった。技術的な知識の確認を徹底する必要があると学んだ。選考は次のステップに進むことになり、引き続き準備を進めていく必要があると感じた。"
株式会社ホライズンテック,horizon.tech.25@example.com,S20240295,P20249295,試験_面接,継続（合格）,2025-12-17 10:00,2025-12-17 10:30,オンライン・単独,自宅,1,人事,"株式会社ホライズンテックでの試験_面接では、周囲からの評価、ガクチカ、困難を乗り越えた経験について質問された。具体的なエピソードを何度も深掘りされた。やや厳しめではあったが誠実に話を聞いてもらえた。緊張すると早口になるため、落ち着いて話す意識が必要だと感じた。選考は次のステップに進むことになり、引き続き準備を進めていく必要があると感じた。"
株式会社ホライズンテック,horizon.tech.26@example.com,S20240296,P20249296,試験_面接,内定,2025-12-19 14:30,2025-12-19 15:00,オンライン・単独,自宅,1,人事・エンジニア,"株式会社ホライズンテックの試験_面接では、入社後の目標、ストレスへの対処方法、学校で学んだことについて聞かれた。面接官が親身になって話を聞いてくれる印象だった。一貫性のある回答と、前向きな姿勢が評価されたと感じる。最終的に総合的な評価は高く、非常に良いフィードバックをいただき内定となった。"
株式会社ホライズンテック,horizon.tech.27@example.com,S20240297,P20249297,試験_面接,落選,2025-12-22 16:00,2025-12-22 16:25,オンライン・単独,自宅,1,人事,"株式会社ホライズンテックでの試験_面接では、札幌で働く理由、HCSを選んだ理由、チーム開発でのトラブル対応について質問された。回答の背景や理由を詳しく問われた。静かな緊張感はあったものの、こちらの話を受け止めてくれた。企業研究の甘さを痛感し、情報収集の重要性を実感した。結果としては不合格だったものの、今後の改善点が明確になり次の選考に活かせる面接だった。"
株式会社ホライズンテック,horizon.tech.28@example.com,S20240298,P20249298,試験_面接,継続（合格）,2025-12-24 11:30,2025-12-24 12:00,オンライン・単独,自宅,1,エンジニア,"株式会社ホライズンテックの試験_面接では、レビューの受け方、Git経験、技術的な課題解決について重点的に深掘りされた。やや厳しめではあったが、質問の意図は分かりやすかった。話の論理性を高める必要性を感じた。選考は次のステップに進むことになり、引き続き準備を進めていく必要があると感じた。"
株式会社ホライズンテック,horizon.tech.29@example.com,S20240299,P20249299,試験_面接,継続（合格）,2025-12-26 15:30,2025-12-26 16:10,オンライン・単独,自宅,1,人事,"株式会社ホライズンテックでの試験_面接では、将来像、学生時代の経験全般、アルバイト経験について聞かれた。全体的に穏やかな雰囲気だった。逆質問のバリエーションを増やしておくべきだったと反省した。選考は次のステップに進むことになり、引き続き準備を進めていく必要があると感じた。"
株式会社ホライズンテック,horizon.tech.30@example.com,S20240300,P20249300,試験_面接,内定,2025-12-29 09:30,2025-12-29 10:00,オンライン・単独,自宅,1,人事・エンジニア,"株式会社ホライズンテックの試験_面接では、会社の理念に対する共感度、技術への情熱、長所と短所について深く問われた。面接官が明るく、非常に話しやすい雰囲気だった。自分の言葉で熱意と将来への展望を伝えられたことが評価されたと感じる。最終的に総合的な評価は高く、非常に良いフィードバックをいただき内定となった。"
株式会社アルファテック,P20249501,試験_面接,継続（合格）,2025-09-15 10:00,2025-09-15 10:45,オンライン・単独,自宅,1,エンジニア,"株式会社アルファテックの試験_面接。**データ構造（Trie）**を用いた**特定の検索アルゴリズム**について、**擬似コード**を交えて説明を求められた。**コーディングスキル**を評価された。次のステップに進む。"
株式会社アルファテック,P20249502,試験_面接,落選,2025-09-18 13:30,2025-09-18 14:10,対面・単独,企業オフィス,1,人事,"株式会社アルファテックでの対面面接。**当社の事業**に対する**具体的な提案**が、**コスト意識**に欠け、**実現可能性**が低いと指摘された。**ビジネス視点**の不足が敗因。不合格。"
株式会社アルファテック,P20249503,試験_面接,内定,2025-09-20 16:00,2025-09-20 16:30,オンライン・単独,自宅,1,人事・エンジニア,"株式会社アルファテックの試験_面接。**チーム開発**における**レビュープロセス**と**コード品質**維持への**具体的な取り組み**を評価された。**プロ意識**が高く評価され内定を獲得した。"
株式会社アルファテック,P20249504,試験_面接,継続（合格）,2025-09-23 11:00,2025-09-23 11:50,オンライン・単独,自宅,1,人事,"株式会社アルファテックでの試験_面接。**困難な目標**を**達成するために工夫したこと**を、**具体的な行動**と**結果**を明確にして説明できた。次のステップに進む。"
株式会社アルファテック,P20249505,試験_面接,継続（合格）,2025-09-26 14:00,2025-09-26 14:30,対面・単独,企業オフィス,1,エンジニア,"株式会社アルファテックの対面面接。**非同期通信**における**タイムアウト処理**や**リトライ戦略**に関する質問が中心だった。**システム信頼性**への意識を評価された。次の選考に進む。"
株式会社アルファテック,P20249506,試験_面接,落選,2025-09-29 10:30,2025-09-29 11:15,オンライン・単独,自宅,1,人事,"株式会社アルファテックでの試験_面接。**入社後の希望部署**に対する**異動の柔軟性**について問われ、**自己都合**を優先する回答をしてしまった。**組織への貢献意欲**が不足していると判断された。不合格。"
株式会社アルファテック,P20249507,試験_面接,内定,2025-10-02 15:00,2025-10-02 15:40,オンライン・単独,自宅,1,人事,"株式会社アルファテックの試験_面接。**当社のビジョン**と**自身の価値観**の**完全な合致**を熱意をもって説明し、高く評価された。**企業文化への適応力**が決め手となり内定を獲得した。"
株式会社アルファテック,P20249508,試験_面接,継続（合格）,2025-10-05 13:00,2025-10-05 13:30,対面・単独,企業オフィス,1,エンジニア,"株式会社アルファテックの対面面接。**Docker**の**ネットワークモード**や**Kubernetes**の**サービスディスカバリ**について質問された。**コンテナ技術**への深い理解を評価された。次のステップに進む。"
株式会社アルファテック,P20249509,試験_面接,継続（合格）,2025-10-08 09:00,2025-10-08 09:30,オンライン・単独,自宅,1,人事,"株式会社アルファテックの試験_面接。**チームでのミス**を**どのように組織全体で防ぐか**という質問に、**具体的な仕組み**を提案できた。**組織改善への意識**を評価された。次のステップに進む。"
株式会社アルファテック,P20249510,試験_面接,継続（合格）,2025-10-11 14:30,2025-10-11 15:10,オンライン・単独,自宅,1,人事・エンジニア,"株式会社アルファテックでの試験_面接。**市場の変化**に伴う**技術的な意思決定**について、**具体的な事例**を挙げて説明を求められた。**変化への対応力**を評価された。次の選考に進む。"
株式会社ビーリンク,P20249511,試験_面接,内定,2025-09-15 10:00,2025-09-15 10:40,対面・単独,企業オフィス,1,人事,"株式会社ビーリンクの対面面接。**当社の地方事業**における**デジタル化の具体的な提案**を求められた。**地域課題への深い洞察**と**貢献意欲**が高く評価され内定を獲得した。"
株式会社ビーリンク,P20249512,試験_面接,継続（合格）,2025-09-18 13:30,2025-09-18 14:00,オンライン・単独,自宅,1,エンジニア,"株式会社ビーリンクでの試験_面接。**SQL**の**インデックス設計**と**クエリ最適化**の経験について聞かれた。**データベースのチューニングスキル**を評価された。次のステップに進む。"
株式会社ビーリンク,P20249513,試験_面接,落選,2025-09-20 16:00,2025-09-20 16:50,オンライン・単独,自宅,1,人事,"株式会社ビーリンクの試験_面接。**当社の競合優位性**について、**抽象的な回答**に終始し、**深い理解**ができていないと指摘された。不合格。**市場分析**の不足を痛感。"
株式会社ビーリンク,P20249514,試験_面接,継続（合格）,2025-09-23 11:00,2025-09-23 11:30,対面・単独,企業オフィス,1,人事・エンジニア,"株式会社ビーリンクの対面面接。**非技術者との連携**における**最も効果的な情報伝達方法**について質問された。**コミュニケーション能力**を評価された。次の選考に進む。"
株式会社ビーリンク,P20249515,試験_面接,内定,2025-09-26 14:00,2025-09-26 14:40,オンライン・単独,自宅,1,人事,"株式会社ビーリンクでの試験_面接。**入社への強い熱意**を**具体的な言葉**でアピールし、**人間的な魅力**を高く評価された。**終始和やかな雰囲気**で、内定を獲得した。"
株式会社ビーリンク,P20249516,試験_面接,継続（合格）,2025-09-29 10:30,2025-09-29 11:10,オンライン・単独,自宅,1,エンジニア,"株式会社ビーリンクの試験_面接。**分散システム**における**データの一貫性**に関する質問に、**具体的なプロトコル**を説明できた。**高度なシステム知識**を評価された。次のステップに進む。"
株式会社ビーリンク,P20249517,試験_面接,落選,2025-10-02 15:00,2025-10-02 15:30,対面・単独,企業オフィス,1,人事,"株式会社ビーリンクの対面面接。**CI/CDパイプライン**構築経験に関する質問で、**技術的な詳細**が曖昧だった。**実践レベルの知識**不足を痛感。不合格。"
株式会社ビーリンク,P20249518,試験_面接,継続（合格）,2025-10-05 13:00,2025-10-05 13:45,オンライン・単独,自宅,1,人事・エンジニア,"株式会社ビーリンクでの試験_面接。**自分のキャリアにおける転機**と、**当社でどのような成長をしたいか**を問われた。**自己分析の深さ**を評価された。次の選考に進む。"
株式会社ビーリンク,P20249519,試験_面接,継続（合格）,2025-10-08 09:00,2025-10-08 09:30,オンライン・単独,自宅,1,人事,"株式会社ビーリンクの試験_面接。**チームメンバーとの意見の食い違い**に対し、**どのように交渉し、合意形成を図ったか**を聞かれた。**論理的な交渉力**を評価された。次のステップに進む。"
株式会社ビーリンク,P20249520,試験_面接,内定,2025-10-11 14:30,2025-10-11 15:10,対面・単独,企業オフィス,1,エンジニア,"株式会社ビーリンクの対面面接。**技術的な知見**を**非技術者にどう分かりやすく伝えるか**という質問に、**具体的なプレゼン手法**を提示した。**説明能力**が高く評価され内定を獲得した。"
クリエイトソリューションズ株式会社,P20249521,試験_面接,継続（合格）,2025-09-15 10:00,2025-09-15 10:40,オンライン・単独,自宅,1,人事,"クリエイトソリューションズ株式会社の試験_面接。**当社の新しい経営戦略**に対する**感想**と**自身の貢献**について聞かれた。**企業への関心度の高さ**を評価された。次のステップに進む。"
クリエイトソリューションズ株式会社,P20249522,試験_面接,内定,2025-09-18 13:30,2025-09-18 14:00,オンライン・単独,自宅,1,人事・エンジニア,"クリエイトソリューションズ株式会社での試験_面接。**AIの倫理的な問題**や**バイアス**に関する**独自の意見**を求められた。**技術的知見**と**倫理観**の両面を評価され内定を獲得した。"
クリエイトソリューションズ株式会社,P20249523,試験_面接,継続（合格）,2025-09-20 16:00,2025-09-20 16:45,対面・単独,企業オフィス,1,エンジニア,"クリエイトソリューションズ株式会社の対面面接。**Go言語**の**並行処理（Goroutine）**や**チャネル**といった**深い概念**について質問された。**言語の基礎**への理解を評価された。次のステップに進む。"
クリエイトソリューションズ株式会社,P20249524,試験_面接,落選,2025-09-23 11:00,2025-09-23 11:30,オンライン・単独,自宅,1,人事,"クリエイトソリューションズ株式会社での試験_面接。**5年後のビジョン**が、**当社の提供するキャリアパス**と**ミスマッチ**していると指摘された。**企業研究**の甘さが露呈。不合格。"
クリエイトソリューションズ株式会社,P20249525,試験_面接,継続（合格）,2025-09-26 14:00,2025-09-26 14:50,オンライン・単独,自宅,1,人事・エンジニア,"クリエイトソリューションズ株式会社の試験_面接。**新しい技術を導入する際の障壁**と**その解決策**について、**具体的にプロセス**を説明した。**変化への対応力**を評価された。次のステップに進む。"
クリエイトソリューションズ株式会社,P20249526,試験_面接,内定,2025-09-29 10:30,2025-09-29 11:00,対面・単独,企業オフィス,1,人事,"クリエイトソリューションズ株式会社の対面面接。**入社への熱意**が**他の応募者よりも際立っている**と評価された。**企業への強い思い**と**積極性**が決め手となり内定を獲得した。"
クリエイトソリューションズ株式会社,P20249527,試験_面接,継続（合格）,2025-10-02 15:00,2025-10-02 15:30,オンライン・単独,自宅,1,エンジニア,"クリエイトソリューションズ株式会社での試験_面接。**マイクロサービス**における**API Gateway**の役割と、**認証・認可の仕組み**について質問に、**正確な知識**を提示できた。**システム設計**の深い理解を評価された。結果は合格。"
クリエイトソリューションズ株式会社,P20249528,試験_面接,落選,2025-10-05 13:00,2025-10-05 13:40,オンライン・単独,自宅,1,人事・エンジニア,"クリエイトソリューションズ株式会社の試験_面接。**チームでのコンフリクト**に対する**対処法**が**受動的**であると指摘された。**積極的な問題解決姿勢**の不足が敗因。不合格。"
クリエイトソリューションズ株式会社,P20249529,試験_面接,継続（合格）,2025-10-08 09:00,2025-10-08 09:45,対面・単独,企業オフィス,1,人事,"クリエイトソリューションズ株式会社の対面面接。**仕事を通じて最も成長できた経験**について、**具体的な振り返りのプロセス**を説明した。**内省力**と**成長意欲**を評価された。次のステップに進む。"
クリエイトソリューションズ株式会社,P20249530,試験_面接,継続（合格）,2025-10-11 14:30,2025-10-11 15:00,オンライン・単独,自宅,1,エンジニア,"クリエイトソリューションズ株式会社での試験_面接。**クラウドサービス**における**IaC（Infrastructure as Code）**の**具体的な実践経験**と**メリット**を問われた。**モダンな開発手法**への理解を評価された。次の選考に進む。"
株式会社デジタルリンク,P20249531,試験_面接,継続（合格）,2025-09-15 10:00,2025-09-15 10:30,オンライン・単独,自宅,1,人事,"株式会社デジタルリンクの試験_面接。**当社の事業における社会貢献性**について、**独自の視点**で意見を述べた。**企業の存在意義**を深く理解しているかを評価された。次のステップに進む。"
株式会社デジタルリンク,P20249532,試験_面接,落選,2025-09-18 13:30,2025-09-18 14:10,対面・単独,企業オフィス,1,人事・エンジニア,"株式会社デジタルリンクの対面面接。**OS（Linux）**の**メモリ管理**に関する質問に、**基礎的な知識**が曖昧だった。**インフラの土台**への理解不足を痛感。不合格。基礎固めが必要。"
株式会社デジタルリンク,P20249533,試験_面接,継続（合格）,2025-09-20 16:00,2025-09-20 16:30,オンライン・単独,自宅,1,人事,"株式会社デジタルリンクでの試験_面接。**入社後の具体的な行動計画**について、**定量的な目標**と**期限**を明確に提示できた。**計画性**と**実行意欲**を評価された。次のステップに進む。"
株式会社デジタルリンク,P20249534,試験_面接,内定,2025-09-23 11:00,2025-09-23 11:50,オンライン・単独,自宅,1,エンジニア,"株式会社デジタルリンクの試験_面接。**セキュリティ**に関する質問で、**最新の攻撃手法**と**具体的な防御策**を**ディスカッション形式**で説明できた。**専門知識と応用力**が高く評価され内定を獲得した。"
株式会社デジタルリンク,P20249535,試験_面接,継続（合格）,2025-09-26 14:00,2025-09-26 14:45,対面・単独,企業オフィス,1,人事,"株式会社デジタルリンクの対面面接。**チームでのモチベーション維持**に関する質問に、**具体的なリーダーシップの経験**を交えて回答した。**人材マネジメントへの関心**を評価された。次の選考に進む。"
株式会社デジタルリンク,P20249536,試験_面接,落選,2025-09-29 10:30,2025-09-29 11:10,オンライン・単独,自宅,1,人事・エンジニア,"株式会社デジタルリンクでの試験_面接。**当社の技術ブログ**で紹介されている**特定の技術**について質問されたが、**読み込みが浅く**、詳細に答えられなかった。**企業への関心**が不足していたと判断された。不合格。"
株式会社デジタルリンク,P20249537,試験_面接,内定,2025-10-02 15:00,2025-10-02 15:30,オンライン・単独,自宅,1,人事,"株式会社デジタルリンクの試験_面接。**困難な状況下での粘り強さ**と**冷静な判断力**を、**具体的な成功事例**で証明できた。**タフな精神力**が高く評価され内定を獲得した。"
株式会社デジタルリンク,P20249538,試験_面接,継続（合格）,2025-10-05 13:00,2025-10-05 13:40,対面・単独,企業オフィス,1,エンジニア,"株式会社デジタルリンクの対面面接。**デザインパターン**に関する質問に、**具体的なコード例**と**適用メリット**を説明できた。**設計思想**への理解を評価された。次のステップに進む。"
株式会社デジタルリンク,P20249539,試験_面接,継続（合格）,2025-10-08 09:00,2025-10-08 09:30,オンライン・単独,自宅,1,人事,"株式会社デジタルリンクの試験_面接。**仕事における価値観の優先順位**と、それが**当社の企業文化**とどう**調和するか**を問われた。**自己理解の深さ**を評価された。次の選考に進む。"
株式会社デジタルリンク,P20249540,試験_面接,内定,2025-10-11 14:30,2025-10-11 15:00,オンライン・単独,自宅,1,人事・エンジニア,"株式会社デジタルリンクの試験_面接。**最新のAI技術**を**当社の業務にどう組み込むか**という**具体的な提案**が評価された。**技術革新への意欲**と**応用力**が決め手となり内定を獲得した。"
株式会社エムライン,P20249541,試験_面接,継続（合格）,2025-09-15 10:00,2025-09-15 10:45,対面・単独,企業オフィス,1,人事,"株式会社エムラインの対面面接。**入社後の最初の1年間**で**どのような専門性**を身につけたいか、**具体的なロードマップ**を問われた。**キャリアへの真剣さ**を評価された。次のステップに進む。"
株式会社エムライン,P20249542,試験_面接,落選,2025-09-18 13:30,2025-09-18 14:10,オンライン・単独,自宅,1,人事・エンジニア,"株式会社エムラインでの試験_面接。**システム要件定義**の経験について、**ステークホルダーとの調整プロセス**の説明が曖昧だった。**上流工程**の理解不足を指摘された。不合格。"
株式会社エムライン,P20249543,試験_面接,内定,2025-09-20 16:00,2025-09-20 16:30,オンライン・単独,自宅,1,人事,"株式会社エムラインの試験_面接。**当社のダイバーシティ推進**に対する**共感**と**具体的な貢献アイデア**を提案した。**企業文化への高い適合性**が評価され内定を獲得した。"
株式会社エムライン,P20249544,試験_面接,継続（合格）,2025-09-23 11:00,2025-09-23 11:50,対面・単独,企業オフィス,1,エンジニア,"株式会社エムラインの対面面接。**組込システム**における**リアルタイム性**の**担保手法**に関する質問に、**具体的な設計上の配慮点**を説明できた。**専門性の深さ**を評価された。次のステップに進む。"
株式会社エムライン,P20249545,試験_面接,落選,2025-09-26 14:00,2025-09-26 14:30,オンライン・単独,自宅,1,人事,"株式会社エムラインでの試験_面接。**キャリアの失敗経験**について、**他者からの具体的なフィードバック**に基づいた**改善行動**の説明が弱かった。**内省力**の不足を指摘された。不合格。"
株式会社エムライン,P20249546,試験_面接,継続（合格）,2025-09-29 10:30,2025-09-29 11:15,オンライン・単独,自宅,1,人事・エンジニア,"株式会社エムラインの試験_面接。**予期せぬトラブル**に対する**緊急対応能力**と**冷静さ**を、**具体的なシミュレーション**を通じて問われた。**危機管理能力**を評価された。次のステップに進む。"
株式会社エムライン,P20249547,試験_面接,継続（合格）,2025-10-02 15:00,2025-10-02 15:40,対面・単独,企業オフィス,1,人事,"株式会社エムラインの対面面接。**仕事を通じて最も大切にしたい価値観**について、**当社の行動指針**と関連づけて説明できた。**価値観の一致**を評価された。次の選考に進む。"
株式会社エムライン,P20249548,試験_面接,内定,2025-10-05 13:00,2025-10-05 13:30,オンライン・単独,自宅,1,エンジニア,"株式会社エムラインでの試験_面接。**ハードウェア**と**ソフトウェア**の**テスト戦略**に関する質問に、**具体的な連携テストの設計**を提案した。**専門性の高さ**と**実践的な知識**が高く評価され内定を獲得した。"
株式会社エムライン,P20249549,試験_面接,継続（合格）,2025-10-08 09:00,2025-10-08 09:30,オンライン・単独,自宅,1,人事・エンジニア,"株式会社エムラインの試験_面接。**未経験の分野**への**挑戦意欲**と、それを**どのように実現するか**の**計画**を問われた。**成長への貪欲さ**を評価された。次の選考に進む。"
株式会社エムライン,P20249550,試験_面接,内定,2025-10-11 14:30,2025-10-11 15:10,対面・単独,企業オフィス,1,人事,"株式会社エムラインの対面面接。**当社での長期的な貢献**について、**具体的なライフプラン**と**キャリアパス**を関連づけて説明した。**定着意欲**が高く評価され内定を獲得した。"
株式会社フォースウェーブ,P20249551,試験_面接,継続（合格）,2025-09-15 10:00,2025-09-15 10:45,オンライン・単独,自宅,1,エンジニア,"株式会社フォースウェーブの試験_面接。**ゼロトラストネットワーク**の概念と、**リモートワーク環境でのセキュリティ**について質問された。**最新のセキュリティ概念**への理解を評価された。次のステップに進む。"
株式会社フォースウェーブ,P20249552,試験_面接,内定,2025-09-18 13:30,2025-09-18 14:00,対面・単独,企業オフィス,1,人事,"株式会社フォースウェーブの対面面接。**当社の企業文化**に対する**高い共感**と、**チームワーク**を重視する姿勢を評価された。**人柄と熱意**が決め手となり内定を獲得した。"
株式会社フォースウェーブ,P20249553,試験_面接,継続（合格）,2025-09-20 16:00,2025-09-20 16:30,オンライン・単独,自宅,1,人事・エンジニア,"株式会社フォースウェーブでの試験_面接。**技術選定**における**コストとパフォーマンスのバランス**について、**具体的な比較検討プロセス**を問われた。**ビジネス視点**を評価された。次のステップに進む。"
株式会社フォースウェーブ,P20249554,試験_面接,落選,2025-09-23 11:00,2025-09-23 11:50,オンライン・単独,自宅,1,人事,"株式会社フォースウェーブの試験_面接。**自己PR**の内容が**当社の求める技術力**と**ミスマッチ**していると指摘された。**応募職種への適性**が不足していた。不合格。反省が多い。"
株式会社フォースウェーブ,P20249555,試験_面接,継続（合格）,2025-09-26 14:00,2025-09-26 14:40,対面・単独,企業オフィス,1,エンジニア,"株式会社フォースウェーブの対面面接。**ソフトウェアテスト**における**静的解析ツール**の使用経験と、**テスト自動化**のメリットについて質問された。**品質保証への意識**を評価された。次の選考に進む。"
株式会社フォースウェーブ,P20249556,試験_面接,内定,2025-09-29 10:30,2025-09-29 11:10,オンライン・単独,自宅,1,人事,"株式会社フォースウェーブの試験_面接。**ストレス耐性**と**モチベーションの源泉**について、**過去の具体的な克服経験**を熱意をもって説明し、高く評価された。内定を獲得した。"
株式会社フォースウェーブ,P20249557,試験_面接,継続（合格）,2025-10-02 15:00,2025-10-02 15:30,オンライン・単独,自宅,1,人事・エンジニア,"株式会社フォースウェーブでの試験_面接。**仕事と自己学習**の**両立**について、**具体的な時間配分と計画**を提示できた。**自己管理能力**を評価された。次のステップに進む。"
株式会社フォースウェーブ,P20249558,試験_面接,落選,2025-10-05 13:00,2025-10-05 13:45,対面・単独,企業オフィス,1,エンジニア,"株式会社フォースウェーブの対面面接。**ポインター**や**メモリ管理**に関する**C言語の基礎**が**曖昧**で、即座に回答できなかった。**基礎技術力**の不足を痛感。不合格。基礎の再構築が必要。"
株式会社フォースウェーブ,P20249559,試験_面接,継続（合格）,2025-10-08 09:00,2025-10-08 09:30,オンライン・単独,自宅,1,人事,"株式会社フォースウェーブの試験_面接。**当社のCSR活動**に対する**意見**と**貢献意欲**について聞かれた。**社会への意識**を評価された。次の選考に進む。"
株式会社フォースウェーブ,P20249560,試験_面接,内定,2025-10-11 14:30,2025-10-11 15:00,オンライン・単独,自宅,1,人事・エンジニア,"株式会社フォースウェーブの試験_面接。**技術面接官との議論**で、**冷静な判断力**と**論理的な思考プロセス**が評価された。**技術的な対応力**が決め手となり内定を獲得した。"
ノースシステム株式会社,P20249561,試験_面接,継続（合格）,2025-09-15 10:00,2025-09-15 10:30,オンライン・単独,自宅,1,人事,"ノースシステム株式会社の試験_面接。**入社後の最初の仕事**に対する**不安**と**期待**について正直に話した。**率直さ**と**前向きな姿勢**を評価された。次のステップに進む。"
ノースシステム株式会社,P20249562,試験_面接,落選,2025-09-18 13:30,2025-09-18 14:10,対面・単独,企業オフィス,1,エンジニア,"ノースシステム株式会社の対面面接。**組み込みシステム**の**割り込み処理**に関する質問に、**正確な仕組み**を説明できなかった。**専門分野の基礎知識**の不足を指摘された。不合格。"
ノースシステム株式会社,P20249563,試験_面接,内定,2025-09-20 16:00,2025-09-20 16:50,オンライン・単独,自宅,1,人事・エンジニア,"ノースシステム株式会社の試験_面接。**当社の社風**への**高い適合性**と、**チームでの協調性**を評価された。**人柄とコミュニケーション能力**が決め手となり内定を獲得した。"
ノースシステム株式会社,P20249564,試験_面接,継続（合格）,2025-09-23 11:00,2025-09-23 11:30,オンライン・単独,自宅,1,人事,"ノースシステム株式会社での試験_面接。**自分の失敗を他者に伝える際**の**配慮点**について聞かれた。**チームコミュニケーション**への意識を評価された。次のステップに進む。"
ノースシステム株式会社,P20249565,試験_面接,継続（合格）,2025-09-26 14:00,2025-09-26 14:40,対面・単独,企業オフィス,1,エンジニア,"ノースシステム株式会社の対面面接。**クラウド環境**での**セキュリティグループ**や**IAM**に関する質問に、**具体的な設定例**を交えて回答した。**クラウドセキュリティ**の知識を評価された。次の選考に進む。"
ノースシステム株式会社,P20249566,試験_面接,落選,2025-09-29 10:30,2025-09-29 11:10,オンライン・単独,自宅,1,人事,"ノースシステム株式会社の試験_面接。**逆質問**の内容が**受け身**で、**自発的な学習や挑戦**に関するものがなかった。**主体性の不足**を指摘され、不合格。積極的な姿勢を示すべきだった。"
ノースシステム株式会社,P20249567,試験_面接,内定,2025-10-02 15:00,2025-10-02 15:30,オンライン・単独,自宅,1,人事・エンジニア,"ノースシステム株式会社の試験_面接。**当社の技術部門**への**熱意**と、**即戦力としての具体的なスキルセット**を評価された。**技術力と熱意**が決め手となり内定を獲得した。"
ノースシステム株式会社,P20249568,試験_面接,継続（合格）,2025-10-05 13:00,2025-10-05 13:40,対面・単独,企業オフィス,1,人事,"ノースシステム株式会社の対面面接。**長期的なキャリアにおける目標**について、**具体的な行動計画**を**年単位**で提示できた。**計画性**と**実行意欲**を評価された。次のステップに進む。"
ノースシステム株式会社,P20249569,試験_面接,継続（合格）,2025-10-08 09:00,2025-10-08 09:45,オンライン・単独,自宅,1,エンジニア,"ノースシステム株式会社の試験_面接。**データ分析**における**異常検知の手法**と、**結果のビジネスへの応用**について質問された。**データサイエンス**への関心を評価された。次の選考に進む。"
ノースシステム株式会社,P20249570,試験_面接,内定,2025-10-11 14:30,2025-10-11 15:00,オンライン・単独,自宅,1,人事,"ノースシステム株式会社での試験_面接。**当社の事業展開**に対する**具体的な貢献アイデア**が、**他の応募者よりも優れている**と評価された。**ビジネス視点**が高く評価され内定を獲得した。"
株式会社ライフネットワーク,P20249571,試験_面接,継続（合格）,2025-09-15 10:00,2025-09-15 10:40,オンライン・単独,自宅,1,人事・エンジニア,"株式会社ライフネットワークの試験_面接。**当社のヘルスケアシステム**における**個人情報の匿名化手法**と**セキュリティ**について質問された。**専門分野の倫理観**を評価された。次のステップに進む。"
株式会社ライフネットワーク,P20249572,試験_面接,落選,2025-09-18 13:30,2025-09-18 14:00,対面・単独,企業オフィス,1,人事,"株式会社ライフネットワークの対面面接。**仕事を通じて得たいもの**が、**当社の提供する価値**と**乖離している**と指摘された。**ミスマッチ**を解消できなかった。不合格。"
株式会社ライフネットワーク,P20249573,試験_面接,内定,2025-09-20 16:00,2025-09-20 16:50,オンライン・単独,自宅,1,エンジニア,"株式会社ライフネットワークの試験_面接。**分散システム**における**CAP定理**の理解と、**具体的な適用例**を深く問われた。**高度な技術的知見**を評価され内定を獲得した。"
株式会社ライフネットワーク,P20249574,試験_面接,継続（合格）,2025-09-23 11:00,2025-09-23 11:30,オンライン・単独,自宅,1,人事,"株式会社ライフネットワークでの試験_面接。**自分の弱点**について、**具体的な克服プロセス**と**客観的な評価**を交えて説明できた。**自己理解の深さ**を評価された。次のステップに進む。"
株式会社ライフネットワーク,P20249575,試験_面接,落選,2025-09-26 14:00,2025-09-26 14:45,対面・単独,企業オフィス,1,人事・エンジニア,"株式会社ライフネットワークの対面面接。**チームでの失敗経験**について、**原因分析**が**感情論**に偏り、**論理的な再発防止策**が提示できなかった。**論理的思考力**の不足を指摘され不合格。"
株式会社ライフネットワーク,P20249576,試験_面接,内定,2025-09-29 10:30,2025-09-29 11:10,オンライン・単独,自宅,1,人事,"株式会社ライフネットワークの試験_面接。**社会貢献への強い使命感**と、それを**当社の事業で実現したいという一貫した熱意**が評価された。**企業理念への共感**が決め手となり内定を獲得した。"
株式会社ライフネットワーク,P20249577,試験_面接,継続（合格）,2025-10-02 15:00,2025-10-02 15:30,オンライン・単独,自宅,1,エンジニア,"株式会社ライフネットワークでの試験_面接。**機械学習モデルのデプロイ**に関する**M-L Ops**の知識と、**推論処理の最適化**について問われた。**AIの実運用**への理解を評価された。次の選考に進む。"
株式会社ライフネットワーク,P20249578,試験_面接,落選,2025-10-05 13:00,2025-10-05 13:40,対面・単独,企業オフィス,1,人事,"株式会社ライフネットワークの対面面接。**残業や厳しい納期**に対する**考え方**が**受動的**で、**プロ意識**が低いと指摘された。**仕事への覚悟**の不足が露呈。不合格。"
株式会社ライフネットワーク,P20249579,試験_面接,継続（合格）,2025-10-08 09:00,2025-10-08 09:30,オンライン・単独,自宅,1,人事・エンジニア,"株式会社ライフネットワークの試験_面接。**未経験の分野**への**学習方法**について、**具体的なロードマップ**を提示した。**自主的な学習姿勢**を評価された。次の選考に進む。"
株式会社ライフネットワーク,P20249580,試験_面接,内定,2025-10-11 14:30,2025-10-11 15:00,オンライン・単独,自宅,1,エンジニア,"株式会社ライフネットワークの試験_面接。**当社のシステム**に対する**具体的な改善提案**が、**技術的な裏付け**をもって評価された。**即戦力性**と**問題解決能力**が決め手となり内定を獲得した。"
サッポロエンジニアリング株式会社,P20249581,試験_面接,継続（合格）,2025-09-15 10:00,2025-09-15 10:30,オンライン・単独,自宅,1,人事,"サッポロエンジニアリング株式会社の試験_面接。**北海道でのキャリア**に対する**明確な計画**と**定着意欲**を評価された。**地域社会への関心**をアピールできた。次のステップに進む。"
サッポロエンジニアリング株式会社,P20249582,試験_面接,内定,2025-09-18 13:30,2025-09-18 14:10,対面・単独,企業オフィス,1,エンジニア,"サッポロエンジニアリング株式会社の対面面接。**組み込みC++**における**RAII（Resource Acquisition Is Initialization）**の概念と**実践経験**を高く評価された。**専門性の高さ**が決め手となり内定を獲得した。"
サッポロエンジニアリング株式会社,P20249583,試験_面接,落選,2025-09-20 16:00,2025-09-20 16:30,オンライン・単独,自宅,1,人事・エンジニア,"サッポロエンジニアリング株式会社の試験_面接。**当社の事業における競合他社**との**技術的な差**に関する質問で、**知識が古く**、明確な回答ができなかった。**最新技術への感度**の不足を指摘され不合格。"
サッポロエンジニアリング株式会社,P20249584,試験_面接,継続（合格）,2025-09-23 11:00,2025-09-23 11:50,オンライン・単独,自宅,1,人事,"サッポロエンジニアリング株式会社での試験_面接。**チームでの役割**について、**リーダーシップ**と**サポート役**の**両方の経験**を具体的な成功事例で説明できた。次のステップに進む。"
サッポロエンジニアリング株式会社,P20249585,試験_面接,継続（合格）,2025-09-26 14:00,2025-09-26 14:45,対面・単独,企業オフィス,1,エンジニア,"サッポロエンジニアリング株式会社の対面面接。**リアルタイムOS**の**タスクスケジューリング**に関する質問に、**具体的なアルゴリズム**を説明できた。**深い専門知識**を評価された。次の選考に進む。"
サッポロエンジニアリング株式会社,P20249586,試験_面接,内定,2025-09-29 10:30,2025-09-29 11:10,オンライン・単独,自宅,1,人事,"サッポロエンジニアリング株式会社の試験_面接。**当社の製品**への**改善提案**が**具体的**で**実行可能性が高い**と評価された。**貢献意欲とビジネス視点**が高く評価され内定を獲得した。"
サッポロエンジニアリング株式会社,P20249587,試験_面接,落選,2025-10-02 15:00,2025-10-02 15:30,対面・単独,企業オフィス,1,人事・エンジニア,"サッポロエンジニアリング株式会社の対面面接。**自身の短所**について聞かれた際、**改善策が抽象的**で、**自己管理能力**が低いと判断された。不合格。具体的な行動計画を示すべきだった。"
サッポロエンジニアリング株式会社,P20249588,試験_面接,継続（合格）,2025-10-05 13:00,2025-10-05 13:40,オンライン・単独,自宅,1,人事,"サッポロエンジニアリング株式会社での試験_面接。**仕事における失敗**から**得た教訓**と**その後の具体的な行動**を深掘りされた。**内省力と成長意欲**を評価された。次のステップに進む。"
サッポロエンジニアリング株式会社,P20249589,試験_面接,継続（合格）,2025-10-08 09:00,2025-10-08 09:30,オンライン・単独,自宅,1,エンジニア,"サッポロエンジニアリング株式会社の試験_面接。**ファームウェア開発**における**デバッグ手法**と**テスト戦略**について、**実践的な知識**を問われた。次の選考に進む。"
サッポロエンジニアリング株式会社,P20249590,試験_面接,内定,2025-10-11 14:30,2025-10-11 15:10,対面・単独,企業オフィス,1,人事,"サッポロエンジニアリング株式会社の対面面接。**当社の事業の社会的意義**に対する**強い共感**と**長期的な貢献意欲**が評価され、内定を獲得した。**熱意**が決め手となった。"
株式会社ホライズンテック,P20249591,試験_面接,継続（合格）,2025-09-15 10:00,2025-09-15 10:30,オンライン・単独,自宅,1,人事,"株式会社ホライズンテックの試験_面接。**当社の社風**への**適応性**と、**チームでの新しいアイデアの提案方法**について聞かれた。**創造性**と**協調性**を評価された。次のステップに進む。"
株式会社ホライズンテック,P20249592,試験_面接,落選,2025-09-18 13:30,2025-09-18 14:10,対面・単独,企業オフィス,1,人事・エンジニア,"株式会社ホライズンテックの対面面接。**Web技術**に関する質問で、**Web標準**や**アクセシビリティ**への**関心**が薄いと指摘された。**ユーザー視点**の欠如を痛感。不合格。"
株式会社ホライズンテック,P20249593,試験_面接,内定,2025-09-20 16:00,2025-09-20 16:30,オンライン・単独,自宅,1,人事,"株式会社ホライズンテックの試験_面接。**自己成長への強い意欲**と、それを**当社の環境で実現する具体的計画**を評価された。**前向きな姿勢**と**計画性**が決め手となり内定を獲得した。"
株式会社ホライズンテック,P20249594,試験_面接,継続（合格）,2025-09-23 11:00,2025-09-23 11:50,オンライン・単独,自宅,1,エンジニア,"株式会社ホライズンテックでの試験_面接。**フロントエンド**における**パフォーマンス最適化**の**具体的な手法**と、**計測ツール**の使用経験を問われた。次のステップに進む。"
株式会社ホライズンテック,P20249595,試験_面接,継続（合格）,2025-09-26 14:00,2025-09-26 14:45,対面・単独,企業オフィス,1,人事,"株式会社ホライズンテックの対面面接。**困難な状況下でのチームメイトのサポート経験**について、**共感力**と**具体的な行動**を評価された。**チームプレイヤー**としての適性を評価された。次の選考に進む。"
株式会社ホライズンテック,P20249596,試験_面接,落選,2025-09-29 10:30,2025-09-29 11:10,オンライン・単独,自宅,1,人事・エンジニア,"株式会社ホライズンテックの試験_面接。**当社の製品**に対する**改善提案**が**技術的な裏付け**に欠け、**実現可能性が低い**と指摘された。**提案の具体性**の不足が敗因。不合格。"
株式会社ホライズンテック,P20249597,試験_面接,内定,2025-10-02 15:00,2025-10-02 15:30,オンライン・単独,自宅,1,人事,"株式会社ホライズンテックでの試験_面接。**当社の掲げるビジョン**と**自身の夢**が**完全に一致**していることを熱意をもって伝え、**文化的なフィット**が高く評価され内定を獲得した。"
株式会社ホライズンテック,P20249598,試験_面接,継続（合格）,2025-10-05 13:00,2025-10-05 13:40,対面・単独,企業オフィス,1,エンジニア,"株式会社ホライズンテックの対面面接。**マイクロサービス**と**モノリス**の**アーキテクチャ選定**に関する質問に、**具体的な判断基準**を説明できた。**設計思想**を評価された。次のステップに進む。"
株式会社ホライズンテック,P20249599,試験_面接,継続（合格）,2025-10-08 09:00,2025-10-08 09:30,オンライン・単独,自宅,1,人事,"株式会社ホライズンテックの試験_面接。**仕事におけるモチベーション**が**低下した際の対処法**について、**具体的なセルフケアの方法**を提示できた。**自己管理能力**を評価された。次の選考に進む。"
株式会社ホライズンテック,P20249600,試験_面接,内定,2025-10-11 14:30,2025-10-11 15:00,対面・単独,企業オフィス,1,人事・エンジニア,"株式会社ホライズンテックの対面面接。**技術的な知見**を**新規プロジェクト**に**応用するアイデア**が非常に独創的だと評価された。**創造性と即戦力性**が決め手となり内定を獲得した。"
株式会社アルファテック,alfa.tech.11@example.com,S20240101,P20249101,試験_面接,継続（合格）,2025-04-14 14:00,2025-04-14 14:30,オンライン・単独,自宅,1,人事・エンジニア,"株式会社アルファテックの試験_面接は淡々としていたが質問の意図は分かりやすかった面接だった。ストレスへの対処方法、価値観など幅広い内容に触れながら失敗経験から何を学んだかを重点的に聞かれた。結論から整理して話す練習をしておくべきだと学んだ。選考は次のステップに進むことになり、引き続き準備を進めていく必要があると感じた。"
株式会社アルファテック,alfa.tech.12@example.com,S20240102,P20249102,試験_面接,継続（合格）,2025-04-16 10:00,2025-04-16 10:40,オンライン・単独,自宅,1,人事,"株式会社アルファテックでの試験_面接では、志望動機、長所と短所、入社後の目標について深掘りされた。全体的に穏やかな雰囲気で、リラックスして話せた。企業研究の甘さを痛感し、情報収集の重要性を実感した。選考は次のステップに進むことになり、引き続き準備を進めていく必要があると感じた。"
株式会社アルファテック,alfa.tech.13@example.com,S20240103,P20249103,試験_面接,落選,2025-04-18 15:30,2025-04-18 15:50,オンライン・単独,自宅,1,エンジニア,"株式会社アルファテックの試験_面接では、チーム開発での役割、Git経験、ポートフォリオでの挑戦点について具体的な説明を求められた。淡々としていたが、質問は鋭かった。専門用語を分かりやすく説明する練習が必要だと感じた。結果としては不合格だったものの、今後の改善点が明確になり次の選考に活かせる面接だった。"
株式会社アルファテック,alfa.tech.14@example.com,S20240104,P20249104,試験_面接,内定,2025-04-21 13:00,2025-04-21 13:30,オンライン・単独,自宅,1,人事・エンジニア,"株式会社アルファテックでの試験_面接では、キャリアビジョン、会社への貢献意欲、学生時代に最も力を入れたことについて深く問われた。面接官が親身になって話を聞いてくれる印象だった。熱意と具体的な目標が評価されたと感じる。最終的に総合的な評価は高く、非常に良いフィードバックをいただき内定となった。"
株式会社アルファテック,alfa.tech.15@example.com,S20240105,P20249105,試験_面接,継続（合格）,2025-04-23 11:00,2025-04-23 11:30,オンライン・単独,自宅,1,人事,"株式会社アルファテックの試験_面接では、周囲からの評価、困難な状況への対処法、価値観について聞かれた。やや厳しめではあったが、真剣にこちらの話を聞いてもらえた。逆質問のバリエーションを増やしておくべきだったと反省した。選考は次のステップに進むことになり、引き続き準備を進めていく必要があると感じた。"
株式会社アルファテック,alfa.tech.16@example.com,S20240106,P20249106,試験_面接,継続（合格）,2025-04-25 14:00,2025-04-25 14:50,オンライン・単独,自宅,1,人事・エンジニア,"株式会社アルファテックでの試験_面接では、技術的な興味、長所と短所、失敗経験から何を学んだかを重点的に聞かれた。具体的なエピソードを何度か深掘りされた。静かな緊張感はあったものの、こちらの話を受け止めてくれた。話の論理性を高める必要性を感じた。選考は次のステップに進むことになり、引き続き準備を進めていく必要があると感じた。"
株式会社アルファテック,alfa.tech.17@example.com,S20240107,P20249107,試験_面接,落選,2025-04-28 16:00,2025-04-28 16:20,オンライン・単独,自宅,1,人事,"株式会社アルファテックの試験_面接では、札幌で働く理由、アルバイト経験、HCSを選んだ理由について質問された。淡々としていたが、回答の背景や理由を詳しく問われた。自己分析の甘さを痛感した。結果としては不合格だったものの、今後の改善点が明確になり次の選考に活かせる面接だった。"
株式会社アルファテック,alfa.tech.18@example.com,S20240108,P20249108,試験_面接,継続（合格）,2025-04-30 09:30,2025-04-30 10:00,オンライン・単独,自宅,1,エンジニア,"株式会社アルファテックでの試験_面接では、レビューの受け方、学校で学んだ専門技術、入社後に挑戦したいことについて質問された。全体的に穏やかな雰囲気で、和やかに進んだ。技術的な知識の確認を徹底する必要があると学んだ。選考は次のステップに進むことになり、引き続き準備を進めていく必要があると感じた。"
株式会社アルファテック,alfa.tech.19@example.com,S20240109,P20249109,試験_面接,継続（合格）,2025-05-02 13:30,2025-05-02 14:10,オンライン・単独,自宅,1,人事,"株式会社アルファテックの試験_面接では、ガクチカ、将来像、チーム開発での役割について聞かれた。やや厳しめではあったが、質問の意図は明確だった。緊張すると早口になるため、落ち着いて話す意識が必要だと感じた。選考は次のステップに進むことになり、引き続き準備を進めていく必要があると感じた。"
株式会社アルファテック,alfa.tech.20@example.com,S20240110,P20249110,試験_面接,継続（合格）,2025-05-07 11:00,2025-05-07 11:30,オンライン・単独,自宅,1,人事・エンジニア,"株式会社アルファテックでの試験_面接では、長所と短所、志望動機、価値観について質問された。具体的なエピソードを何度も深掘りされた。静かな緊張感はあったものの、こちらの話を真摯に受け止めてくれた。結論ファーストを徹底する訓練が必要だと感じた。選考は次のステップに進むことになり、引き続き準備を進めていく必要があると感じた。"
株式会社ビーリンク,be.link.11@example.com,S20240111,P20249111,試験_面接,継続（合格）,2025-05-12 14:00,2025-05-12 15:00,オンライン・単独,自宅,1,人事,"株式会社ビーリンクの試験_面接では、ガクチカ、志望動機、札幌で働く理由、アルバイト経験に加えて、学生時代の経験全般についても質問された。自分の強みをどのように活かせるかを問われた。やや厳しめではあったが誠実に話を聞いてもらえた。結論から整理して話す練習をしておくべきだと学んだ。選考は次のステップに進むことになり、引き続き準備を進めていく必要があると感じた。"
株式会社ビーリンク,be.link.12@example.com,S20240112,P20249112,試験_面接,内定,2025-05-14 10:00,2025-05-14 10:30,オンライン・単独,自宅,1,人事・エンジニア,"株式会社ビーリンクでの試験_面接では、技術的な興味、キャリアビジョン、チーム開発での工夫点について深く問われた。面接官が親身になって話を聞いてくれる印象だった。論理的な思考力と、企業への高い関心が評価されたと感じる。最終的に総合的な評価は高く、非常に良いフィードバックをいただき内定となった。"
株式会社ビーリンク,be.link.13@example.com,S20240113,P20249113,試験_面接,継続（合格）,2025-05-16 13:00,2025-05-16 13:40,オンライン・単独,自宅,1,人事,"株式会社ビーリンクの試験_面接では、周囲からの評価、困難な状況への対処法、入社後の目標について聞かれた。全体的に穏やかな雰囲気だった。企業研究をより進める必要を実感した。選考は次のステップに進むことになり、引き続き準備を進めていく必要があると感じた。"
株式会社ビーリンク,be.link.14@example.com,S20240114,P20249114,試験_面接,落選,2025-05-19 15:00,2025-05-19 15:20,オンライン・単独,自宅,1,エンジニア,"株式会社ビーリンクでの試験_面接では、ポートフォリオの詳細、技術選定の理由、開発における課題解決について重点的に聞かれた。淡々としていたが、質問は非常に具体的で専門的だった。技術的な知識の応用力を高める必要性を感じた。結果としては不合格だったものの、今後の改善点が明確になり次の選考に活かせる面接だった。"
株式会社ビーリンク,be.link.15@example.com,S20240115,P20249115,試験_面接,継続（合格）,2025-05-21 14:00,2025-05-21 14:50,オンライン・単独,自宅,1,人事,"株式会社ビーリンクの試験_面接では、長所と短所、学生時代に最も力を入れたこと、価値観について質問された。具体的なエピソードを何度か深掘りされた。やや厳しめではあったが、質問の意図は明確だった。自己PRの構成を見直す必要があると感じた。選考は次のステップに進むことになり、引き続き準備を進めていく必要があると感じた。"
株式会社ビーリンク,be.link.16@example.com,S20240116,P20249116,試験_面接,継続（合格）,2025-05-23 11:00,2025-05-23 11:30,オンライン・単独,自宅,1,人事・エンジニア,"株式会社ビーリンクでの試験_面接では、失敗経験から何を学んだか、ストレスへの対処方法、将来像について質問された。終始和やかな雰囲気で、会話形式で進んだ。緊張すると早口になるため、落ち着いて話す意識が必要だと感じた。選考は次のステップに進むことになり、引き続き準備を進めていく必要があると感じた。"
株式会社ビーリンク,be.link.17@example.com,S20240117,P20249117,試験_面接,継続（合格）,2025-05-26 09:00,2025-05-26 09:20,オンライン・単独,自宅,1,人事,"株式会社ビーリンクの試験_面接では、チーム開発での役割、学校で学んだこと、HCSを選んだ理由について聞かれた。回答の背景や理由を詳しく問われた。静かな緊張感はあったものの、こちらの話を真摯に受け止めてくれた。話の論理性を高める必要性を感じた。選考は次のステップに進むことになり、引き続き準備を進めていく必要があると感じた。"
株式会社ビーリンク,be.link.18@example.com,S20240118,P20249118,試験_面接,落選,2025-05-28 16:00,2025-05-28 16:40,オンライン・単独,自宅,1,エンジニア,"株式会社ビーリンクでの試験_面接では、レビューの受け方、Gitの具体的な利用経験、技術的な課題解決について深掘りされた。やや厳しめではあったが、誠実に話を聞いてもらえた。技術的な知識の浅さを痛感した。結果としては不合格だったものの、今後の改善点が明確になり次の選考に活かせる面接だった。"
株式会社ビーリンク,be.link.19@example.com,S20240119,P20249119,試験_面接,継続（合格）,2025-05-30 10:00,2025-05-30 10:30,オンライン・単独,自宅,1,人事,"株式会社ビーリンクの試験_面接では、アルバイト経験、札幌で働く理由、他社との違いについてどう考えているか問われた。淡々としていたが、質問の意図は分かりやすかった。自己分析をもう一段深める必要があると感じた。選考は次のステップに進むことになり、引き続き準備を進めていく必要があると感じた。"
株式会社ビーリンク,be.link.20@example.com,S20240120,P20249120,試験_面接,継続（合格）,2025-06-02 15:00,2025-06-02 15:45,オンライン・単独,自宅,1,人事・エンジニア,"株式会社ビーリンクでの試験_面接では、入社後のキャリアパス、会社への貢献意欲、学生時代に最も力を入れたことについて質問された。全体的に穏やかな雰囲気で、リラックスして話せた。結論から整理して話す練習をしておくべきだと学んだ。選考は次のステップに進むことになり、引き続き準備を進めていく必要があると感じた。"
クリエイトソリューションズ株式会社,create.sol.11@example.com,S20240121,P20249121,試験_面接,内定,2025-06-04 10:00,2025-06-04 10:30,オンライン・単独,自宅,1,人事・エンジニア,"クリエイトソリューションズ株式会社の試験_面接では、チーム開発での役割、学校で学んだこと、長所と短所、ガクチカに加えて、学生時代の経験全般についても質問された。回答の背景や理由を詳しく問われた。静かな緊張感はあったものの、こちらの話を受け止めてくれる印象だった。自己分析をもう一段深める必要があると感じた。最終的に総合的な評価は高く、非常に良いフィードバックをいただき内定となった。"
クリエイトソリューションズ株式会社,create.sol.12@example.com,S20240122,P20249122,試験_面接,内定,2025-06-06 13:00,2025-06-06 13:40,オンライン・単独,自宅,1,人事,"クリエイトソリューションズ株式会社での試験_面接では、志望動機、価値観、ストレスへの対処方法について深く聞かれた。終始和やかな雰囲気で、会話形式で進んだ。自分の言葉で熱意と論理性を伝えられたことが評価されたと感じる。最終的に総合的な評価は高く、非常に良いフィードバックをいただき内定となった。"
クリエイトソリューションズ株式会社,create.sol.13@example.com,S20240123,P20249123,試験_面接,継続（合格）,2025-06-09 15:00,2025-06-09 15:20,オンライン・単独,自宅,1,エンジニア,"クリエイトソリューションズ株式会社の試験_面接では、ポートフォリオの説明、技術選定の理由、開発における工夫点について質問された。やや厳しめではあったが、質問の意図は明確だった。技術的な回答の深さが不足していたと痛感した。選考は次のステップに進むことになり、引き続き準備を進めていく必要があると感じた。"
クリエイトソリューションズ株式会社,create.sol.14@example.com,S20240124,P20249124,試験_面接,内定,2025-06-11 14:00,2025-06-11 14:50,オンライン・単独,自宅,1,人事・エンジニア,"クリエイトソリューションズ株式会社での試験_面接では、入社後のキャリアプラン、会社への貢献意欲、失敗経験から何を学んだかについて問われた。静かな緊張感はあったものの、真摯に話を聞いてもらえた。一貫性のある回答と、将来への明確なビジョンが評価されたと感じる。最終的に総合的な評価は高く、非常に良いフィードバックをいただき内定となった。"
クリエイトソリューションズ株式会社,create.sol.15@example.com,S20240125,P20249125,試験_面接,継続（合格）,2025-06-13 11:00,2025-06-13 11:30,オンライン・単独,自宅,1,人事,"クリエイトソリューションズ株式会社の試験_面接では、周囲からの評価、長所と短所、アルバイト経験について聞かれた。淡々としていたが、的確に核心を突く質問が多かった。緊張すると早口になるため、落ち着いて話す意識が必要だと感じた。選考は次のステップに進むことになり、引き続き準備を進めていく必要があると感じた。"
クリエイトソリューションズ株式会社,create.sol.16@example.com,S20240126,P20249126,試験_面接,内定,2025-06-16 09:00,2025-06-16 09:20,オンライン・単独,自宅,1,人事・エンジニア,"クリエイトソリューションズ株式会社での試験_面接では、技術的な興味、学生時代に頑張ったこと、チーム開発での課題解決能力について深く問われた。全体的に穏やかな雰囲気で、リラックスして話せた。自己分析の深さが評価され、非常にポジティブなフィードバックをいただいた。最終的に総合的な評価は高く、非常に良いフィードバックをいただき内定となった。"
クリエイトソリューションズ株式会社,create.sol.17@example.com,S20240127,P20249127,試験_面接,継続（合格）,2025-06-18 16:00,2025-06-18 16:40,オンライン・単独,自宅,1,人事,"クリエイトソリューションズ株式会社の試験_面接では、ガクチカ、札幌で働く理由、入社後に挑戦したいことについて質問された。具体的なエピソードを何度か深掘りされた。やや厳しめではあったが、質問の意図は分かりやすかった。企業研究の甘さを痛感し、情報収集の重要性を実感した。選考は次のステップに進むことになり、引き続き準備を進めていく必要があると感じた。"
クリエイトソリューションズ株式会社,create.sol.18@example.com,S20240128,P20249128,試験_面接,継続（合格）,2025-06-20 10:00,2025-06-20 10:30,オンライン・単独,自宅,1,エンジニア,"クリエイトソリューションズ株式会社での試験_面接では、Git経験、レビューの受け方、学校で学んだ専門技術について詳しく聞かれた。静かな緊張感はあったものの、こちらの話を真摯に受け止めてくれた。専門用語を分かりやすく説明する練習が必要だと感じた。選考は次のステップに進むことになり、引き続き準備を進めていく必要があると感じた。"
クリエイトソリューションズ株式会社,create.sol.19@example.com,S20240129,P20249129,試験_面接,内定,2025-06-23 15:00,2025-06-23 15:45,オンライン・単独,自宅,1,人事・エンジニア,"クリエイトソリューションズ株式会社の試験_面接では、会社の理念に対する共感度、将来像、チームでの貢献方法について問われた。面接官が明るく、非常に話しやすい雰囲気だった。自分の価値観と企業文化のフィット感が評価されたと感じる。最終的に総合的な評価は高く、非常に良いフィードバックをいただき内定となった。"
クリエイトソリューションズ株式会社,create.sol.20@example.com,S20240130,P20249130,試験_面接,継続（合格）,2025-06-25 11:00,2025-06-25 11:20,オンライン・単独,自宅,1,人事,"クリエイトソリューションズ株式会社での試験_面接では、長所と短所、HCSを選んだ理由、困難を乗り越えた経験について質問された。淡々としていたが、質問の意図は明確だった。結論から整理して話す練習をしておくべきだと学んだ。選考は次のステップに進むことになり、引き続き準備を進めていく必要があると感じた。"
株式会社デジタルリンク,digi.link.11@example.com,S20240131,P20249131,試験_面接,継続（合格）,2025-06-27 13:00,2025-06-27 13:40,オンライン・単独,自宅,1,人事,"株式会社デジタルリンクの試験_面接では、長所と短所、志望動機に加えて、学生時代の経験全般についても質問された。具体的なエピソードを何度か深掘りされた。全体的に穏やかな雰囲気だった。企業研究の甘さを痛感し、情報収集の重要性を実感した。選考は次のステップに進むことになり、引き続き準備を進めていく必要があると感じた。"
株式会社デジタルリンク,digi.link.12@example.com,S20240132,P20249132,試験_面接,落選,2025-06-30 15:00,2025-06-30 15:20,オンライン・単独,自宅,1,人事・エンジニア,"株式会社デジタルリンクでの試験_面接では、技術的な興味、ポートフォリオの内容、チーム開発でのトラブル対応について詳しく聞かれた。やや厳しめではあったが、誠実に話を聞いてもらえた。技術的な背景を論理的に説明する力が不足していたと痛感した。結果としては不合格だったものの、今後の改善点が明確になり次の選考に活かせる面接だった。"
株式会社デジタルリンク,digi.link.13@example.com,S20240133,P20249133,試験_面接,継続（合格）,2025-07-02 14:00,2025-07-02 14:50,オンライン・単独,自宅,1,人事,"株式会社デジタルリンクの試験_面接では、入社後の目標、価値観、ストレスへの対処方法について質問された。淡々としていたが、質問の意図は分かりやすかった。逆質問のバリエーションを増やしておくべきだったと反省した。選考は次のステップに進むことになり、引き続き準備を進めていく必要があると感じた。"
株式会社デジタルリンク,digi.link.14@example.com,S20240134,P20249134,試験_面接,継続（合格）,2025-07-04 11:00,2025-07-04 11:30,オンライン・単独,自宅,1,エンジニア,"株式会社デジタルリンクでの試験_面接では、レビューの受け方、学校で学んだこと、Git経験について重点的に深掘りされた。静かな緊張感はあったものの、こちらの話を受け止めてくれた。技術的な知識の応用力を高める必要性を感じた。選考は次のステップに進むことになり、引き続き準備を進めていく必要があると感じた。"
株式会社デジタルリンク,digi.link.15@example.com,S20240135,P20249135,試験_面接,継続（合格）,2025-07-07 09:00,2025-07-07 09:20,オンライン・単独,自宅,1,人事,"株式会社デジタルリンクの試験_面接では、周囲からの評価、失敗経験から何を学んだか、札幌で働く理由について聞かれた。全体的に穏やかな雰囲気で、和やかに進んだ。緊張すると早口になるため、落ち着いて話す意識が必要だと感じた。選考は次のステップに進むことになり、引き続き準備を進めていく必要があると感じた。"
株式会社デジタルリンク,digi.link.16@example.com,S20240136,P20249136,試験_面接,継続（合格）,2025-07-09 16:00,2025-07-09 16:40,オンライン・単独,自宅,1,人事・エンジニア,"株式会社デジタルリンクでの試験_面接では、キャリアビジョン、長所と短所、チーム開発での役割について質問された。回答の背景や理由を詳しく問われた。やや厳しめではあったが、質問の意図は明確だった。話の論理性を高める必要性を感じた。選考は次のステップに進むことになり、引き続き準備を進めていく必要があると感じた。"
株式会社デジタルリンク,digi.link.17@example.com,S20240137,P20249137,試験_面接,落選,2025-07-11 10:00,2025-07-11 10:30,オンライン・単独,自宅,1,人事,"株式会社デジタルリンクの試験_面接では、ガクチカ、アルバイト経験、HCSを選んだ理由について深掘りされた。淡々としていたが、質問は鋭かった。自己分析の甘さを痛感した。結果としては不合格だったものの、今後の改善点が明確になり次の選考に活かせる面接だった。"
株式会社デジタルリンク,digi.link.18@example.com,S20240138,P20249138,試験_面接,継続（合格）,2025-07-14 15:00,2025-07-14 15:45,オンライン・単独,自宅,1,エンジニア,"株式会社デジタルリンクでの試験_面接では、ポートフォリオでの挑戦点、技術的な課題への取り組み方、入社後の貢献について質問された。具体的なエピソードを何度も深掘りされた。静かな緊張感はあったものの、こちらの話を真摯に受け止めてくれた。専門用語を分かりやすく説明する練習が必要だと感じた。選考は次のステップに進むことになり、引き続き準備を進めていく必要があると感じた。"
株式会社デジタルリンク,digi.link.19@example.com,S20240139,P20249139,試験_面接,継続（合格）,2025-07-16 11:00,2025-07-16 11:20,オンライン・単独,自宅,1,人事,"株式会社デジタルリンクの試験_面接では、将来像、学生時代の経験全般、他社との比較について聞かれた。全体的に穏やかな雰囲気だった。結論ファーストを徹底する訓練が必要だと感じた。選考は次のステップに進むことになり、引き続き準備を進めていく必要があると感じた。"
株式会社デジタルリンク,digi.link.20@example.com,S20240140,P20249140,試験_面接,内定,2025-07-18 13:30,2025-07-18 14:00,オンライン・単独,自宅,1,人事・エンジニア,"株式会社デジタルリンクでの試験_面接では、キャリアビジョン、技術への情熱、会社へのフィット感について重点的に問われた。面接官が親身になって話を聞いてくれる印象だった。熱意と論理性を両立できたことが評価されたと感じる。最終的に総合的な評価は高く、非常に良いフィードバックをいただき内定となった。"
株式会社エムライン,m.line.11@example.com,S20240141,P20249141,試験_面接,落選,2025-07-21 15:00,2025-07-21 15:20,オンライン・単独,自宅,1,人事,"株式会社エムラインでの試験_面接では、こちらの回答に対してその都度深掘りが入り、ガクチカ、HCSを選んだ理由やHCSを選んだ理由に関する考え方を詳しく説明した。静かな緊張感はあったものの、こちらの話を受け止めてくれる印象だった。自己分析をもう一段深める必要があると感じた。結果としては不合格だったものの、今後の改善点が明確になり次の選考に活かせる面接だった。"
株式会社エムライン,m.line.12@example.com,S20240142,P20249142,試験_面接,落選,2025-07-23 14:00,2025-07-23 14:50,オンライン・単独,自宅,1,人事・エンジニア,"株式会社エムラインの試験_面接では、技術的な興味、長所と短所、チーム開発での役割について質問された。淡々としていたが、質問の意図は分かりやすかった。技術的な知識の浅さを痛感し、情報収集の重要性を実感した。結果としては不合格だったものの、今後の改善点が明確になり次の選考に活かせる面接だった。"
株式会社エムライン,m.line.13@example.com,S20240143,P20249143,試験_面接,継続（合格）,2025-07-25 11:00,2025-07-25 11:30,オンライン・単独,自宅,1,人事,"株式会社エムラインでの試験_面接では、志望動機、入社後の目標、周囲からの評価について聞かれた。やや厳しめではあったが、誠実に話を聞いてもらえた。結論から整理して話す練習をしておくべきだと学んだ。選考は次のステップに進むことになり、引き続き準備を進めていく必要があると感じた。"
株式会社エムライン,m.line.14@example.com,S20240144,P20249144,試験_面接,落選,2025-07-28 09:00,2025-07-28 09:20,オンライン・単独,自宅,1,エンジニア,"株式会社エムラインの試験_面接では、レビューの受け方、ポートフォリオの詳細、使用技術の選定理由について深く問われた。終始和やかな雰囲気で、会話形式で進んだ。技術的な背景を論理的に説明する力が不足していたと痛感した。結果としては不合格だったものの、今後の改善点が明確になり次の選考に活かせる面接だった。"
株式会社エムライン,m.line.15@example.com,S20240145,P20249145,試験_面接,継続（合格）,2025-07-30 16:00,2025-07-30 16:40,オンライン・単独,自宅,1,人事,"株式会社エムラインでの試験_面接では、失敗経験から何を学んだか、価値観、ストレスへの対処方法について質問された。具体的なエピソードを何度も深掘りされた。静かな緊張感はあったものの、こちらの話を真摯に受け止めてくれた。緊張すると早口になるため、落ち着いて話す意識が必要だと感じた。選考は次のステップに進むことになり、引き続き準備を進めていく必要があると感じた。"
株式会社エムライン,m.line.16@example.com,S20240146,P20249146,試験_面接,落選,2025-08-01 10:00,2025-08-01 10:30,オンライン・単独,自宅,1,人事・エンジニア,"株式会社エムラインの試験_面接では、キャリアビジョン、学生時代に頑張ったこと、札幌で働く理由について質問された。回答の背景や理由を詳しく問われた。全体的に穏やかな雰囲気だったが、深掘りが鋭かった。逆質問のバリエーションを増やしておくべきだった。結果としては不合格だったものの、今後の改善点が明確になり次の選考に活かせる面接だった。"
株式会社エムライン,m.line.17@example.com,S20240147,P20249147,試験_面接,継続（合格）,2025-08-04 15:00,2025-08-04 15:45,オンライン・単独,自宅,1,人事,"株式会社エムラインでの試験_面接では、アルバイト経験、学校で学んだこと、他社との違いについて聞かれた。淡々としていたが、質問の意図は明確だった。自己PRに具体性を持たせる練習が必要だと感じた。選考は次のステップに進むことになり、引き続き準備を進めていく必要があると感じた。"
株式会社エムライン,m.line.18@example.com,S20240148,P20249148,試験_面接,落選,2025-08-06 11:00,2025-08-06 11:20,オンライン・単独,自宅,1,エンジニア,"株式会社エムラインの試験_面接では、Git経験、技術的な課題解決、入社後の貢献について質問された。やや厳しめではあったが、質問の意図は分かりやすかった。専門用語を分かりやすく説明する練習が必要だと感じた。結果としては不合格だったものの、今後の改善点が明確になり次の選考に活かせる面接だった。"
株式会社エムライン,m.line.19@example.com,S20240149,P20249149,試験_面接,内定,2025-08-08 13:30,2025-08-08 14:00,オンライン・単独,自宅,1,人事・エンジニア,"株式会社エムラインでの試験_面接では、会社の理念に対する共感度、チームでの貢献方法、技術への情熱について重点的に問われた。面接官が親身になって話を聞いてくれる印象だった。一貫性のある回答と、高い熱意が評価されたと感じる。最終的に総合的な評価は高く、非常に良いフィードバックをいただき内定となった。"
株式会社エムライン,m.line.20@example.com,S20240150,P20249150,試験_面接,落選,2025-08-11 10:00,2025-08-11 10:30,オンライン・単独,自宅,1,人事,"株式会社エムラインの試験_面接では、長所と短所、ガクチカ、困難を乗り越えた経験について質問された。具体的なエピソードを何度か深掘りされた。静かな緊張感はあったものの、こちらの話を受け止めてくれた。話の論理性を高める必要性を感じた。結果としては不合格だったものの、今後の改善点が明確になり次の選考に活かせる面接だった。"
株式会社フォースウェーブ,force.wave.11@example.com,S20240151,P20249151,試験_面接,継続（合格）,2025-08-13 14:00,2025-08-13 14:50,オンライン・単独,自宅,1,エンジニア,"株式会社フォースウェーブでの試験_面接では、レビューの受け方、アルバイト経験について主に質問が進んだ。具体的なエピソードを何度か深掘りされた。全体的に穏やかな雰囲気だった。緊張すると早口になるため、落ち着いて話す意識が必要だと感じた。選考は次のステップに進むことになり、引き続き準備を進めていく必要があると感じた。"
株式会社フォースウェーブ,force.wave.12@example.com,S20240152,P20249152,試験_面接,継続（合格）,2025-08-15 11:00,2025-08-15 11:30,オンライン・単独,自宅,1,人事,"株式会社フォースウェーブの試験_面接では、志望動機、入社後の目標、周囲からの評価について聞かれた。淡々としていたが、質問の意図は分かりやすかった。企業研究の甘さを痛感し、情報収集の重要性を実感した。選考は次のステップに進むことになり、引き続き準備を進めていく必要があると感じた。"
株式会社フォースウェーブ,force.wave.13@example.com,S20240153,P20249153,試験_面接,内定,2025-08-18 09:00,2025-08-18 09:20,オンライン・単独,自宅,1,人事・エンジニア,"株式会社フォースウェーブでの試験_面接では、技術的な興味、キャリアビジョン、チーム開発での工夫点について深く問われた。面接官が明るく、非常に話しやすい雰囲気だった。論理的な思考力と、自己成長意欲が評価されたと感じる。最終的に総合的な評価は高く、非常に良いフィードバックをいただき内定となった。"
株式会社フォースウェーブ,force.wave.14@example.com,S20240154,P20249154,試験_面接,継続（合格）,2025-08-20 16:00,2025-08-20 16:40,オンライン・単独,自宅,1,エンジニア,"株式会社フォースウェーブの試験_面接では、Git経験、ポートフォリオの内容、技術的な課題解決について深掘りされた。やや厳しめではあったが、質問の意図は明確だった。技術的な知識の確認を徹底する必要があると学んだ。選考は次のステップに進むことになり、引き続き準備を進めていく必要があると感じた。"
株式会社フォースウェーブ,force.wave.15@example.com,S20240155,P20249155,試験_面接,落選,2025-08-22 10:00,2025-08-22 10:30,オンライン・単独,自宅,1,人事,"株式会社フォースウェーブでの試験_面接では、長所と短所、ガクチカ、失敗経験から何を学んだかを中心に質問された。回答の背景や理由を詳しく問われた。静かな緊張感はあったものの、こちらの話を受け止めてくれた。結論から整理して話す練習をしておくべきだと学んだ。結果としては不合格だったものの、今後の改善点が明確になり次の選考に活かせる面接だった。"
株式会社フォースウェーブ,force.wave.16@example.com,S20240156,P20249156,試験_面接,継続（合格）,2025-08-25 15:00,2025-08-25 15:45,オンライン・単独,自宅,1,人事・エンジニア,"株式会社フォースウェーブの試験_面接では、札幌で働く理由、価値観、ストレスへの対処方法について聞かれた。全体的に穏やかな雰囲気で、リラックスして話せた。逆質問のバリエーションを増やしておくべきだったと反省した。選考は次のステップに進むことになり、引き続き準備を進めていく必要があると感じた。"
株式会社フォースウェーブ,force.wave.17@example.com,S20240157,P20249157,試験_面接,継続（合格）,2025-08-27 11:00,2025-08-27 11:20,オンライン・単独,自宅,1,人事,"株式会社フォースウェーブでの試験_面接では、学校で学んだこと、将来像、HCSを選んだ理由について質問された。具体的なエピソードを何度も深掘りされた。淡々としていたが、質問は鋭かった。自己PRの構成を見直す必要があると感じた。選考は次のステップに進むことになり、引き続き準備を進めていく必要があると感じた。"
株式会社フォースウェーブ,force.wave.18@example.com,S20240158,P20249158,試験_面接,落選,2025-08-29 13:30,2025-08-29 14:00,オンライン・単独,自宅,1,エンジニア,"株式会社フォースウェーブの試験_面接では、技術的な課題への取り組み方、入社後の貢献、チーム開発でのトラブル対応について質問された。やや厳しめではあったが、真摯に話を聞いてもらえた。専門用語を分かりやすく説明する練習が必要だと感じた。結果としては不合格だったものの、今後の改善点が明確になり次の選考に活かせる面接だった。"
株式会社フォースウェーブ,force.wave.19@example.com,S20240159,P20249159,試験_面接,継続（合格）,2025-09-01 10:00,2025-09-01 10:30,オンライン・単独,自宅,1,人事,"株式会社フォースウェーブでの試験_面接では、アルバイト経験、周囲からの評価、困難を乗り越えた経験について聞かれた。全体的に穏やかな雰囲気で、和やかに進んだ。話の論理性を高める必要性を感じた。選考は次のステップに進むことになり、引き続き準備を進めていく必要があると感じた。"
株式会社フォースウェーブ,force.wave.20@example.com,S20240160,P20249160,試験_面接,継続（合格）,2025-09-03 14:30,2025-09-03 15:00,オンライン・単独,自宅,1,人事・エンジニア,"株式会社フォースウェーブの試験_面接では、志望動機、学生時代の経験全般、長所と短所について質問された。回答の背景や理由を詳しく問われた。静かな緊張感はあったものの、こちらの話をしっかりと受け止めてくれた。企業研究をより進める必要を実感した。選考は次のステップに進むことになり、引き続き準備を進めていく必要があると感じた。"
ノースシステム株式会社,north.sys.11@example.com,S20240161,P20249161,試験_面接,継続（合格）,2025-09-05 11:00,2025-09-05 11:30,オンライン・単独,自宅,1,人事,"ノースシステム株式会社の試験_面接では、周囲からどう見られているか、長所と短所、チーム開発での役割、札幌で働く理由に加えて、学生時代の経験全般についても質問された。回答の背景や理由を詳しく問われた。静かな緊張感はあったものの、こちらの話を受け止めてくれる印象だった。結論から整理して話す練習をしておくべきだと学んだ。選考は次のステップに進むことになり、引き続き準備を進めていく必要があると感じた。"
ノースシステム株式会社,north.sys.12@example.com,S20240162,P20249162,試験_面接,継続（合格）,2025-09-08 09:00,2025-09-08 09:20,オンライン・単独,自宅,1,人事・エンジニア,"ノースシステム株式会社での試験_面接では、技術的な興味、ポートフォリオの詳細、キャリアビジョンについて深く聞かれた。淡々としていたが、質問の意図は分かりやすかった。技術的な知識の確認を徹底する必要があると学んだ。選考は次のステップに進むことになり、引き続き準備を進めていく必要があると感じた。"
ノースシステム株式会社,north.sys.13@example.com,S20240163,P20249163,試験_面接,落選,2025-09-10 16:00,2025-09-10 16:40,オンライン・単独,自宅,1,人事,"ノースシステム株式会社の試験_面接では、ガクチカ、HCSを選んだ理由、将来像について深掘りされた。やや厳しめではあったが、誠実に話を聞いてもらえた。自己分析の甘さを痛感した。結果としては不合格だったものの、今後の改善点が明確になり次の選考に活かせる面接だった。"
ノースシステム株式会社,north.sys.14@example.com,S20240164,P20249164,試験_面接,継続（合格）,2025-09-12 10:00,2025-09-12 10:30,オンライン・単独,自宅,1,エンジニア,"ノースシステム株式会社での試験_面接では、レビューの受け方、学校で学んだこと、Git経験について重点的に質問された。全体的に穏やかな雰囲気で、リラックスして話せた。専門用語を分かりやすく説明する練習が必要だと感じた。選考は次のステップに進むことになり、引き続き準備を進めていく必要があると感じた。"
ノースシステム株式会社,north.sys.15@example.com,S20240165,P20249165,試験_面接,継続（合格）,2025-09-16 15:00,2025-09-16 15:45,オンライン・単独,自宅,1,人事,"ノースシステム株式会社の試験_面接では、志望動機、入社後の目標、ストレスへの対処方法について聞かれた。具体的なエピソードを何度か深掘りされた。淡々としていたが、質問は鋭かった。緊張すると早口になるため、落ち着いて話す意識が必要だと感じた。選考は次のステップに進むことになり、引き続き準備を進めていく必要があると感じた。"
ノースシステム株式会社,north.sys.16@example.com,S20240166,P20249166,試験_面接,内定,2025-09-18 11:00,2025-09-18 11:20,オンライン・単独,自宅,1,人事・エンジニア,"ノースシステム株式会社での試験_面接では、失敗経験から何を学んだか、価値観、会社への貢献意欲について深く問われた。面接官が親身になって話を聞いてくれる印象だった。論理的な思考力と、前向きな姿勢が評価されたと感じる。最終的に総合的な評価は高く、非常に良いフィードバックをいただき内定となった。"
ノースシステム株式会社,north.sys.17@example.com,S20240167,P20249167,試験_面接,継続（合格）,2025-09-20 13:30,2025-09-20 14:00,オンライン・単独,自宅,1,人事,"ノースシステム株式会社の試験_面接では、アルバイト経験、困難な状況への対処法、長所と短所について質問された。回答の背景や理由を詳しく問われた。静かな緊張感はあったものの、こちらの話を真摯に受け止めてくれた。逆質問のバリエーションを増やしておくべきだったと反省した。選考は次のステップに進むことになり、引き続き準備を進めていく必要があると感じた。"
ノースシステム株式会社,north.sys.18@example.com,S20240168,P20249168,試験_面接,落選,2025-09-23 10:00,2025-09-23 10:40,オンライン・単独,自宅,1,エンジニア,"ノースシステム株式会社での試験_面接では、技術的な課題解決、入社後の貢献、チーム開発でのトラブル対応について詳しく聞かれた。やや厳しめではあったが、質問の意図は明確だった。技術的な説明を簡潔に行う練習が必要だと感じた。結果としては不合格だったものの、今後の改善点が明確になり次の選考に活かせる面接だった。"
ノースシステム株式会社,north.sys.19@example.com,S20240169,P20249169,試験_面接,継続（合格）,2025-09-25 14:30,2025-09-25 15:00,オンライン・単独,自宅,1,人事,"ノースシステム株式会社の試験_面接では、学生時代の経験全般、他社との比較、札幌で働く理由について聞かれた。全体的に穏やかな雰囲気だった。自己分析をもう一段深める必要があると感じた。選考は次のステップに進むことになり、引き続き準備を進めていく必要があると感じた。"
ノースシステム株式会社,north.sys.20@example.com,S20240170,P20249170,試験_面接,継続（合格）,2025-09-27 16:00,2025-09-27 16:25,オンライン・単独,自宅,1,人事・エンジニア,"ノースシステム株式会社での試験_面接では、キャリアビジョン、HCSを選んだ理由、入社後に挑戦したいことについて質問された。具体的なエピソードを何度か深掘りされた。淡々としていたが、的確に核心を突く質問が多かった。話の論理性を高める必要性を感じた。選考は次のステップに進むことになり、引き続き準備を進めていく必要があると感じた。"
株式会社ライフネットワーク,life.net.11@example.com,S20240171,P20249171,試験_面接,落選,2025-09-30 09:00,2025-09-30 09:20,オンライン・単独,自宅,1,人事,"株式会社ライフネットワークの試験_面接では、将来像、長所と短所、学校で学んだこと、ガクチカに加えて、学生時代の経験全般についても質問された。回答の背景や理由を詳しく問われた。淡々としていたが質問の意図は分かりやすかった。緊張すると早口になるため、落ち着いて話す意識が必要だと感じた。結果としては不合格だったものの、今後の改善点が明確になり次の選考に活かせる面接だった。"
株式会社ライフネットワーク,life.net.12@example.com,S20240172,P20249172,試験_面接,継続（合格）,2025-10-02 16:00,2025-10-02 16:40,オンライン・単独,自宅,1,人事・エンジニア,"株式会社ライフネットワークでの試験_面接では、技術的な興味、チーム開発での役割、失敗経験から何を学んだかについて質問された。やや厳しめではあったが、誠実に話を聞いてもらえた。結論から整理して話す練習をしておくべきだと学んだ。選考は次のステップに進むことになり、引き続き準備を進めていく必要があると感じた。"
株式会社ライフネットワーク,life.net.13@example.com,S20240173,P20249173,試験_面接,落選,2025-10-04 10:00,2025-10-04 10:30,オンライン・単独,自宅,1,人事,"株式会社ライフネットワークの試験_面接では、志望動機、入社後の目標、価値観について深掘りされた。全体的に穏やかな雰囲気だった。企業研究の甘さを痛感し、情報収集の重要性を実感した。結果としては不合格だったものの、今後の改善点が明確になり次の選考に活かせる面接だった。"
株式会社ライフネットワーク,life.net.14@example.com,S20240174,P20249174,試験_面接,継続（合格）,2025-10-07 15:00,2025-10-07 15:45,オンライン・単独,自宅,1,エンジニア,"株式会社ライフネットワークでの試験_面接では、Git経験、ポートフォリオの詳細、技術選定の理由について重点的に聞かれた。静かな緊張感はあったものの、こちらの話を真摯に受け止めてくれた。技術的な知識の応用力を高める必要性を感じた。選考は次のステップに進むことになり、引き続き準備を進めていく必要があると感じた。"
株式会社ライフネットワーク,life.net.15@example.com,S20240175,P20249175,試験_面接,落選,2025-10-09 11:00,2025-10-09 11:20,オンライン・単独,自宅,1,人事,"株式会社ライフネットワークの試験_面接では、周囲からの評価、困難な状況への対処法、アルバイト経験について質問された。淡々としていたが、質問は鋭かった。自己PRの構成を見直す必要があると感じた。結果としては不合格だったものの、今後の改善点が明確になり次の選考に活かせる面接だった。"
株式会社ライフネットワーク,life.net.16@example.com,S20240176,P20249176,試験_面接,継続（合格）,2025-10-11 13:30,2025-10-11 14:00,オンライン・単独,自宅,1,人事・エンジニア,"株式会社ライフネットワークでの試験_面接では、キャリアビジョン、長所と短所、会社への貢献意欲について問われた。終始和やかな雰囲気で、会話形式で進んだ。逆質問のバリエーションを増やしておくべきだったと反省した。選考は次のステップに進むことになり、引き続き準備を進めていく必要があると感じた。"
株式会社ライフネットワーク,life.net.17@example.com,S20240177,P20249177,試験_面接,落選,2025-10-14 10:00,2025-10-14 10:30,オンライン・単独,自宅,1,人事,"株式会社ライフネットワークの試験_面接では、札幌で働く理由、学生時代に最も力を入れたこと、チーム開発でのトラブル対応について聞かれた。回答の背景や理由を詳しく問われた。やや厳しめではあったが、質問の意図は分かりやすかった。話の論理性を高める必要性を感じた。結果としては不合格だったものの、今後の改善点が明確になり次の選考に活かせる面接だった。"
株式会社ライフネットワーク,life.net.18@example.com,S20240178,P20249178,試験_面接,継続（合格）,2025-10-16 14:30,2025-10-16 15:00,オンライン・単独,自宅,1,エンジニア,"株式会社ライフネットワークでの試験_面接では、技術的な課題解決、入社後の目標、学校で学んだことについて質問された。具体的なエピソードを何度も深掘りされた。全体的に穏やかな雰囲気で、和やかに進んだ。専門用語を分かりやすく説明する練習が必要だと感じた。選考は次のステップに進むことになり、引き続き準備を進めていく必要があると感じた。"
株式会社ライフネットワーク,life.net.19@example.com,S20240179,P20249179,試験_面接,内定,2025-10-18 16:00,2025-10-18 16:25,オンライン・単独,自宅,1,人事・エンジニア,"株式会社ライフネットワークの試験_面接では、会社の理念に対する共感度、技術への情熱、将来像について重点的に問われた。面接官が親身になって話を聞いてくれる印象だった。熱意と一貫性が評価され、非常に良いフィードバックをいただいた。最終的に総合的な評価は高く、非常に良いフィードバックをいただき内定となった。"
株式会社ライフネットワーク,life.net.20@example.com,S20240180,P20249180,試験_面接,落選,2025-10-21 11:30,2025-10-21 12:00,オンライン・単独,自宅,1,人事,"株式会社ライフネットワークでの試験_面接では、HCSを選んだ理由、長所と短所、ガクチカについて質問された。淡々としていたが、的確に核心を突く質問が多かった。自己分析をもう一段深める必要があると感じた。結果としては不合格だったものの、今後の改善点が明確になり次の選考に活かせる面接だった。"
サッポロエンジニアリング株式会社,sapporo.eng.11@example.com,S20240181,P20249181,試験_面接,内定,2025-10-23 16:00,2025-10-23 16:40,オンライン・単独,自宅,1,人事・エンジニア,"サッポロエンジニアリング株式会社の試験_面接では、学校で学んだこと、Git経験、札幌で働く理由、将来像に加えて、学生時代の経験全般についても質問された。失敗経験から何を学んだかを重点的に聞かれた。やや厳しめではあったが誠実に話を聞いてもらえた。逆質問のバリエーションを増やしておくと、より良い印象を与えられそうだと感じた。最終的に総合的な評価は高く、非常に良いフィードバックをいただき内定となった。"
サッポロエンジニアリング株式会社,sapporo.eng.12@example.com,S20240182,P20249182,試験_面接,継続（合格）,2025-10-25 10:00,2025-10-25 10:30,オンライン・単独,自宅,1,人事,"サッポロエンジニアリング株式会社での試験_面接では、志望動機、入社後の目標、長所と短所について聞かれた。全体的に穏やかな雰囲気で、リラックスして話せた。企業研究の甘さを痛感し、情報収集の重要性を実感した。選考は次のステップに進むことになり、引き続き準備を進めていく必要があると感じた。"
サッポロエンジニアリング株式会社,sapporo.eng.13@example.com,S20240183,P20249183,試験_面接,内定,2025-10-28 15:00,2025-10-28 15:45,オンライン・単独,自宅,1,エンジニア,"サッポロエンジニアリング株式会社の試験_面接では、ポートフォリオの内容、技術選定の理由、チーム開発での工夫点について深く問われた。静かな緊張感はあったものの、こちらの話をしっかりと受け止めてくれた。技術的な知識の深さと応用力が評価されたと感じる。最終的に総合的な評価は高く、非常に良いフィードバックをいただき内定となった。"
サッポロエンジニアリング株式会社,sapporo.eng.14@example.com,S20240184,P20249184,試験_面接,継続（合格）,2025-10-30 11:00,2025-10-30 11:20,オンライン・単独,自宅,1,人事・エンジニア,"サッポロエンジニアリング株式会社での試験_面接では、キャリアビジョン、会社への貢献意欲、学生時代に最も力を入れたことについて質問された。具体的なエピソードを何度も深掘りされた。淡々としていたが、質問の意図は分かりやすかった。話の論理性を高める必要性を感じた。選考は次のステップに進むことになり、引き続き準備を進めていく必要があると感じた。"
サッポロエンジニアリング株式会社,sapporo.eng.15@example.com,S20240185,P20249185,試験_面接,継続（合格）,2025-11-01 13:30,2025-11-01 14:00,オンライン・単独,自宅,1,人事,"サッポロエンジニアリング株式会社の試験_面接では、周囲からの評価、価値観、ストレスへの対処方法について聞かれた。やや厳しめではあったが、真剣にこちらの話を聞いてもらえた。緊張すると早口になるため、落ち着いて話す意識が必要だと感じた。選考は次のステップに進むことになり、引き続き準備を進めていく必要があると感じた。"
サッポロエンジニアリング株式会社,sapporo.eng.16@example.com,S20240186,P20249186,試験_面接,落選,2025-11-04 10:00,2025-11-04 10:30,オンライン・単独,自宅,1,エンジニア,"サッポロエンジニアリング株式会社での試験_面接では、レビューの受け方、技術的な課題解決、入社後の貢献について詳しく聞かれた。終始和やかな雰囲気で、会話形式で進んだ。技術的な回答の具体性が不足していたと痛感した。結果としては不合格だったものの、今後の改善点が明確になり次の選考に活かせる面接だった。"
サッポロエンジニアリング株式会社,sapporo.eng.17@example.com,S20240187,P20249187,試験_面接,内定,2025-11-06 14:30,2025-11-06 15:00,オンライン・単独,自宅,1,人事・エンジニア,"サッポロエンジニアリング株式会社の試験_面接では、技術的な興味、困難を乗り越えた経験、チームでの意見対立への対処法について深く問われた。面接官が明るく、非常に話しやすい雰囲気だった。一貫性のある回答と、コミュニケーション能力が評価されたと感じる。最終的に総合的な評価は高く、非常に良いフィードバックをいただき内定となった。"
サッポロエンジニアリング株式会社,sapporo.eng.18@example.com,S20240188,P20249188,試験_面接,継続（合格）,2025-11-08 16:00,2025-11-08 16:25,オンライン・単独,自宅,1,人事,"サッポロエンジニアリング株式会社での試験_面接では、HCSを選んだ理由、アルバイト経験、将来像について質問された。回答の背景や理由を詳しく問われた。静かな緊張感はあったものの、こちらの話を真摯に受け止めてくれた。自己PRの構成をブラッシュアップする必要があると学んだ。選考は次のステップに進むことになり、引き続き準備を進めていく必要があると感じた。"
サッポロエンジニアリング株式会社,sapporo.eng.19@example.com,S20240189,P20249189,試験_面接,継続（合格）,2025-11-11 11:30,2025-11-11 12:00,オンライン・単独,自宅,1,エンジニア,"サッポロエンジニアリング株式会社の試験_面接では、学校で学んだこと、Gitの具体的な利用経験、ポートフォリオでの挑戦点について深掘りされた。やや厳しめではあったが、質問の意図は明確だった。専門用語を分かりやすく説明する練習が必要だと感じた。選考は次のステップに進むことになり、引き続き準備を進めていく必要があると感じた。"
サッポロエンジニアリング株式会社,sapporo.eng.20@example.com,S20240190,P20249190,試験_面接,継続（合格）,2025-11-13 15:30,2025-11-13 16:10,オンライン・単独,自宅,1,人事,"サッポロエンジニアリング株式会社での試験_面接では、長所と短所、ガクチカ、札幌で働く理由について質問された。淡々としていたが、的確に核心を突く質問が多かった。結論ファーストを徹底する訓練が必要だと感じた。選考は次のステップに進むことになり、引き続き準備を進めていく必要があると感じた。"
株式会社ホライズンテック,horizon.tech.11@example.com,S20240191,P20249191,試験_面接,継続（合格）,2025-11-15 10:00,2025-11-15 10:30,オンライン・単独,自宅,1,人事,"株式会社ホライズンテックでの試験_面接では、アルバイト経験、将来像、コミュニケーションの取り方について主に質問が進んだ。他社との違いをどう考えているか聞かれた。やや厳しめではあったが誠実に話を聞いてもらえた。逆質問のバリエーションを増やしておくと、より良い印象を与えられそうだと感じた。選考は次のステップに進むことになり、引き続き準備を進めていく必要があると感じた。"
株式会社ホライズンテック,horizon.tech.12@example.com,S20240192,P20249192,試験_面接,継続（合格）,2025-11-18 15:00,2025-11-18 15:45,オンライン・単独,自宅,1,人事・エンジニア,"株式会社ホライズンテックの試験_面接では、技術的な興味、キャリアビジョン、チーム開発での役割について深く問われた。全体的に穏やかな雰囲気で、リラックスして話せた。技術的な知識の確認を徹底する必要があると学んだ。選考は次のステップに進むことになり、引き続き準備を進めていく必要があると感じた。"
株式会社ホライズンテック,horizon.tech.13@example.com,S20240193,P20249193,試験_面接,落選,2025-11-20 11:00,2025-11-20 11:20,オンライン・単独,自宅,1,人事,"株式会社ホライズンテックでの試験_面接では、志望動機、長所と短所、価値観について深掘りされた。淡々としていたが、質問は鋭かった。企業研究の甘さを痛感し、情報収集の重要性を実感した。結果としては不合格だったものの、今後の改善点が明確になり次の選考に活かせる面接だった。"
株式会社ホライズンテック,horizon.tech.14@example.com,S20240194,P20249194,試験_面接,内定,2025-11-22 13:30,2025-11-22 14:00,オンライン・単独,自宅,1,エンジニア,"株式会社ホライズンテックの試験_面接では、ポートフォリオでの挑戦点、技術的な失敗とそこからの学び、会社への貢献意欲について重点的に聞かれた。面接官が親身になって話を聞いてくれる印象だった。問題解決能力と、自己成長意欲が評価されたと感じる。最終的に総合的な評価は高く、非常に良いフィードバックをいただき内定となった。"
株式会社ホライズンテック,horizon.tech.15@example.com,S20240195,P20249195,試験_面接,継続（合格）,2025-11-25 10:00,2025-11-25 10:30,オンライン・単独,自宅,1,人事,"株式会社ホライズンテックでの試験_面接では、周囲からの評価、ガクチカ、困難を乗り越えた経験について質問された。具体的なエピソードを何度も深掘りされた。やや厳しめではあったが、質問の意図は明確だった。結論から整理して話す練習をしておくべきだと学んだ。選考は次のステップに進むことになり、引き続き準備を進めていく必要があると感じた。"
株式会社ホライズンテック,horizon.tech.16@example.com,S20240196,P20249196,試験_面接,継続（合格）,2025-11-27 14:30,2025-11-27 15:00,オンライン・単独,自宅,1,人事・エンジニア,"株式会社ホライズンテックの試験_面接では、入社後の目標、ストレスへの対処方法、学校で学んだことについて聞かれた。静かな緊張感はあったものの、こちらの話を受け止めてくれた。話の論理性を高める必要性を感じた。選考は次のステップに進むことになり、引き続き準備を進めていく必要があると感じた。"
株式会社ホライズンテック,horizon.tech.17@example.com,S20240197,P20249197,試験_面接,落選,2025-11-29 16:00,2025-11-29 16:25,オンライン・単独,自宅,1,人事,"株式会社ホライズンテックでの試験_面接では、札幌で働く理由、HCSを選んだ理由、チーム開発でのトラブル対応について質問された。回答の背景や理由を詳しく問われた。全体的に穏やかな雰囲気だった。自己分析の甘さを痛感した。結果としては不合格だったものの、今後の改善点が明確になり次の選考に活かせる面接だった。"
株式会社ホライズンテック,horizon.tech.18@example.com,S20240198,P20249198,試験_面接,継続（合格）,2025-12-02 11:30,2025-12-02 12:00,オンライン・単独,自宅,1,エンジニア,"株式会社ホライズンテックの試験_面接では、レビューの受け方、Git経験、技術的な課題解決について重点的に深掘りされた。淡々としていたが、質問の意図は分かりやすかった。専門用語を分かりやすく説明する練習が必要だと感じた。選考は次のステップに進むことになり、引き続き準備を進めていく必要があると感じた。"
株式会社ホライズンテック,horizon.tech.19@example.com,S20240199,P20249199,試験_面接,継続（合格）,2025-12-04 15:30,2025-12-04 16:10,オンライン・単独,自宅,1,人事,"株式会社ホライズンテックでの試験_面接では、将来像、学生時代の経験全般、アルバイト経験について聞かれた。やや厳しめではあったが、誠実に話を聞いてもらえた。緊張すると早口になるため、落ち着いて話す意識が必要だと感じた。選考は次のステップに進むことになり、引き続き準備を進めていく必要があると感じた。"
株式会社ホライズンテック,horizon.tech.20@example.com,S20240200,P20249200,試験_面接,内定,2025-12-06 09:30,2025-12-06 10:00,オンライン・単独,自宅,1,人事・エンジニア,"株式会社ホライズンテックの試験_面接では、会社の理念に対する共感度、技術への情熱、長所と短所について深く問われた。面接官が明るく、非常に話しやすい雰囲気だった。自分の言葉で熱意と将来への展望を伝えられたことが評価されたと感じる。最終的に総合的な評価は高く、非常に良いフィードバックをいただき内定となった。"
株式会社アルファテック,alfa.tech.21@example.com,S20240111,P20249201,試験_面接,継続（合格）,2025-12-09 13:00,2025-12-09 13:40,オンライン・単独,自宅,1,人事,"株式会社アルファテックの試験_面接は穏やかな雰囲気で、ガクチカ、長所と短所、入社後の目標について聞かれた。回答の具体性、論理性を意識するべきだったと感じる。選考は次のステップに進むことになり、引き続き準備を進めていく必要があると感じた。"
株式会社アルファテック,alfa.tech.22@example.com,S20240112,P20249202,試験_面接,落選,2025-12-11 15:00,2025-12-11 15:20,オンライン・単独,自宅,1,エンジニア,"株式会社アルファテックでの試験_面接では、技術的な興味、ポートフォリオでの挑戦点、Git経験について質問された。質問は鋭く、深掘りされた。技術知識の幅と深さが足りなかったと痛感した。結果としては不合格だったものの、今後の改善点が明確になり次の選考に活かせる面接だった。"
株式会社アルファテック,alfa.tech.23@example.com,S20240113,P20249203,試験_面接,内定,2025-12-13 10:00,2025-12-13 10:30,オンライン・単独,自宅,1,人事・エンジニア,"株式会社アルファテックの試験_面接では、キャリアビジョン、会社の理念への共感、失敗経験から何を学んだかについて深く問われた。面接官は親身で、話しやすかった。熱意と将来への明確な展望が評価されたと感じる。最終的に総合的な評価は高く、非常に良いフィードバックをいただき内定となった。"
株式会社アルファテック,alfa.tech.24@example.com,S20240114,P20249204,試験_面接,継続（合格）,2025-12-16 14:00,2025-12-16 14:50,オンライン・単独,自宅,1,人事,"株式会社アルファテックでの試験_面接では、周囲からの評価、ストレスへの対処方法、価値観について質問された。やや厳しめだったが、真剣に話を聞いてもらえた。逆質問の準備が不十分だったと反省した。選考は次のステップに進むことになり、引き続き準備を進めていく必要があると感じた。"
株式会社アルファテック,alfa.tech.25@example.com,S20240115,P20249205,試験_面接,継続（合格）,2025-12-18 11:00,2025-12-18 11:30,オンライン・単独,自宅,1,人事・エンジニア,"株式会社アルファテックの試験_面接では、札幌で働く理由、学生時代に最も力を入れたこと、技術的な興味について聞かれた。具体的なエピソードを深掘りされた。話の論理性を高める訓練が必要だと感じた。選考は次のステップに進むことになり、引き続き準備を進めていく必要があると感じた。"
株式会社アルファテック,alfa.tech.26@example.com,S20240116,P20249206,試験_面接,落選,2025-12-20 09:00,2025-12-20 09:20,オンライン・単独,自宅,1,人事,"株式会社アルファテックでの試験_面接では、HCSを選んだ理由、アルバイト経験、将来像について質問された。淡々としていたが、回答の背景を詳しく問われた。自己分析の甘さを痛感した。結果としては不合格だったものの、今後の改善点が明確になり次の選考に活かせる面接だった。"
株式会社アルファテック,alfa.tech.27@example.com,S20240117,P20249207,試験_面接,継続（合格）,2025-12-23 16:00,2025-12-23 16:40,オンライン・単独,自宅,1,エンジニア,"株式会社アルファテックの試験_面接では、学校で学んだ専門技術、チーム開発での役割、レビューの受け方について聞かれた。静かな緊張感はあったものの、こちらの話を受け止めてくれた。専門用語を分かりやすく説明する練習が必要だと感じた。選考は次のステップに進むことになり、引き続き準備を進めていく必要があると感じた。"
株式会社アルファテック,alfa.tech.28@example.com,S20240118,P20249208,試験_面接,内定,2025-12-25 10:00,2025-12-25 10:30,オンライン・単独,自宅,1,人事・エンジニア,"株式会社アルファテックでの試験_面接では、会社への貢献意欲、技術への情熱、長所と短所について深く問われた。終始和やかな雰囲気で進んだ。論理的な思考と熱意が評価されたと感じる。最終的に総合的な評価は高く、非常に良いフィードバックをいただき内定となった。"
株式会社アルファテック,alfa.tech.29@example.com,S20240119,P20249209,試験_面接,継続（合格）,2025-12-27 15:00,2025-12-27 15:45,オンライン・単独,自宅,1,人事,"株式会社アルファテックの試験_面接では、困難を乗り越えた経験、入社後のキャリアパス、他社との違いについて聞かれた。やや厳しめだったが質問の意図は明確だった。緊張すると早口になるため、落ち着いて話す意識が必要だと感じた。選考は次のステップに進むことになり、引き続き準備を進めていく必要があると感じた。"
株式会社アルファテック,alfa.tech.30@example.com,S20240120,P20249210,試験_面接,継続（合格）,2025-12-29 11:00,2025-12-29 11:30,オンライン・単独,自宅,1,人事・エンジニア,"株式会社アルファテックでの試験_面接では、志望動機、価値観、チーム開発でのトラブル対応について質問された。具体的なエピソードを何度も深掘りされた。結論ファーストを徹底する訓練が必要だと感じた。選考は次のステップに進むことになり、引き続き準備を進めていく必要があると感じた。"
株式会社ビーリンク,be.link.21@example.com,S20240121,P20249211,試験_面接,継続（合格）,2026-01-06 14:00,2026-01-06 14:50,オンライン・単独,自宅,1,人事,"株式会社ビーリンクの試験_面接では、ガクチカ、長所と短所、札幌で働く理由について深掘りされた。回答の背景や理由を詳しく問われた。全体的に穏やかな雰囲気だった。企業研究をより進める必要を実感した。選考は次のステップに進むことになり、引き続き準備を進めていく必要があると感じた。"
株式会社ビーリンク,be.link.22@example.com,S20240122,P20249212,試験_面接,内定,2026-01-08 10:00,2026-01-08 10:30,オンライン・単独,自宅,1,人事・エンジニア,"株式会社ビーリンクでの試験_面接では、技術的な興味、ポートフォリオの詳細、キャリアビジョンについて深く問われた。面接官が明るく、非常に話しやすい雰囲気だった。技術への情熱と論理性が評価されたと感じる。最終的に総合的な評価は高く、非常に良いフィードバックをいただき内定となった。"
株式会社ビーリンク,be.link.23@example.com,S20240123,P20249213,試験_面接,継続（合格）,2026-01-10 15:00,2026-01-10 15:20,オンライン・単独,自宅,1,人事,"株式会社ビーリンクの試験_面接では、入社後の目標、周囲からの評価、ストレスへの対処方法について聞かれた。淡々としていたが、質問の意図は分かりやすかった。緊張すると早口になるため、落ち着いて話す意識が必要だと感じた。選考は次のステップに進むことになり、引き続き準備を進めていく必要があると感じた。"
株式会社ビーリンク,be.link.24@example.com,S20240124,P20249214,試験_面接,落選,2026-01-13 11:00,2026-01-13 11:30,オンライン・単独,自宅,1,エンジニア,"株式会社ビーリンクでの試験_面接では、技術選定の理由、開発における課題解決、レビューの受け方について重点的に聞かれた。静かな緊張感はあったものの、質問は鋭かった。技術的な知識の応用力を高める必要性を感じた。結果としては不合格だったものの、今後の改善点が明確になり次の選考に活かせる面接だった。"
株式会社ビーリンク,be.link.25@example.com,S20240125,P20249215,試験_面接,継続（合格）,2026-01-15 16:00,2026-01-15 16:40,オンライン・単独,自宅,1,人事,"株式会社ビーリンクの試験_面接では、失敗経験から何を学んだか、価値観、アルバイト経験について質問された。やや厳しめではあったが、真剣にこちらの話を聞いてもらえた。自己PRの構成を見直す必要があると感じた。選考は次のステップに進むことになり、引き続き準備を進めていく必要があると感じた。"
株式会社ビーリンク,be.link.26@example.com,S20240126,P20249216,試験_面接,継続（合格）,2026-01-17 10:00,2026-01-17 10:30,オンライン・単独,自宅,1,人事・エンジニア,"株式会社ビーリンクでの試験_面接では、会社への貢献意欲、チーム開発での役割、学生時代に頑張ったことについて問われた。具体的なエピソードを何度も深掘りされた。終始和やかな雰囲気で、会話形式で進んだ。結論から整理して話す練習をしておくべきだと学んだ。選考は次のステップに進むことになり、引き続き準備を進めていく必要があると感じた。"
株式会社ビーリンク,be.link.27@example.com,S20240127,P20249217,試験_面接,落選,2026-01-20 13:30,2026-01-20 14:00,オンライン・単独,自宅,1,人事,"株式会社ビーリンクの試験_面接では、HCSを選んだ理由、将来像、他社との比較について聞かれた。淡々としていたが、的確に核心を突く質問が多かった。自己分析の甘さを痛感した。結果としては不合格だったものの、今後の改善点が明確になり次の選考に活かせる面接だった。"
株式会社ビーリンク,be.link.28@example.com,S20240128,P20249218,試験_面接,内定,2026-01-22 09:30,2026-01-22 10:00,オンライン・単独,自宅,1,エンジニア,"株式会社ビーリンクでの試験_面接では、Git経験、技術的な課題解決、入社後の目標について質問された。面接官が親身になって話を聞いてくれる印象だった。技術への深い理解と、論理的な説明力が評価されたと感じる。最終的に総合的な評価は高く、非常に良いフィードバックをいただき内定となった。"
株式会社ビーリンク,be.link.29@example.com,S20240129,P20249219,試験_面接,継続（合格）,2026-01-24 15:00,2026-01-24 15:40,オンライン・単独,自宅,1,人事,"株式会社ビーリンクの試験_面接では、困難な状況への対処法、学校で学んだこと、札幌で働く理由について聞かれた。回答の背景や理由を詳しく問われた。静かな緊張感はあったものの、こちらの話を真摯に受け止めてくれた。逆質問のバリエーションを増やしておくべきだったと反省した。選考は次のステップに進むことになり、引き続き準備を進めていく必要があると感じた。"
株式会社ビーリンク,be.link.30@example.com,S20240130,P20249220,試験_面接,継続（合格）,2026-01-27 11:00,2026-01-27 11:30,オンライン・単独,自宅,1,人事・エンジニア,"株式会社ビーリンクでの試験_面接では、長所と短所、志望動機、学生時代の経験全般について質問された。やや厳しめではあったが、質問の意図は明確だった。話の論理性を高める必要性を感じた。選考は次のステップに進むことになり、引き続き準備を進めていく必要があると感じた。"
クリエイトソリューションズ株式会社,create.sol.21@example.com,S20240131,P20249221,試験_面接,内定,2026-01-29 14:00,2026-01-29 14:50,オンライン・単独,自宅,1,人事・エンジニア,"クリエイトソリューションズ株式会社の試験_面接では、技術的な興味、入社後のキャリアプラン、チーム開発での課題解決について深く問われた。終始和やかな雰囲気で、リラックスして話せた。一貫性のある回答と、将来への明確なビジョンが評価されたと感じる。最終的に総合的な評価は高く、非常に良いフィードバックをいただき内定となった。"
クリエイトソリューションズ株式会社,create.sol.22@example.com,S20240132,P20249222,試験_面接,継続（合格）,2026-01-31 10:00,2026-01-31 10:30,オンライン・単独,自宅,1,人事,"クリエイトソリューションズ株式会社での試験_面接では、ガクチカ、長所と短所、価値観について質問された。具体的なエピソードを何度も深掘りされた。淡々としていたが、質問は鋭かった。企業研究の甘さを痛感し、情報収集の重要性を実感した。選考は次のステップに進むことになり、引き続き準備を進めていく必要があると感じた。"
クリエイトソリューションズ株式会社,create.sol.23@example.com,S20240133,P20249223,試験_面接,落選,2026-02-03 15:00,2026-02-03 15:20,オンライン・単独,自宅,1,エンジニア,"クリエイトソリューションズ株式会社の試験_面接では、ポートフォリオの詳細、技術選定の理由、Git経験について重点的に聞かれた。やや厳しめではあったが、質問の意図は明確だった。技術的な説明を簡潔に行う練習が必要だと感じた。結果としては不合格だったものの、今後の改善点が明確になり次の選考に活かせる面接だった。"
クリエイトソリューションズ株式会社,create.sol.24@example.com,S20240134,P20249224,試験_面接,継続（合格）,2026-02-05 11:00,2026-02-05 11:30,オンライン・単独,自宅,1,人事・エンジニア,"クリエイトソリューションズ株式会社での試験_面接では、失敗経験から何を学んだか、レビューの受け方、会社への貢献意欲について問われた。全体的に穏やかな雰囲気で、和やかに進んだ。結論から整理して話す練習をしておくべきだと学んだ。選考は次のステップに進むことになり、引き続き準備を進めていく必要があると感じた。"
クリエイトソリューションズ株式会社,create.sol.25@example.com,S20240135,P20249225,試験_面接,内定,2026-02-07 09:00,2026-02-07 09:20,オンライン・単独,自宅,1,人事,"クリエイトソリューションズ株式会社の試験_面接では、周囲からの評価、ストレスへの対処方法、アルバイト経験について質問された。面接官が親身になって話を聞いてくれる印象だった。自己分析の深さと、コミュニケーション能力が評価されたと感じる。最終的に総合的な評価は高く、非常に良いフィードバックをいただき内定となった。"
クリエイトソリューションズ株式会社,create.sol.26@example.com,S20240136,P20249226,試験_面接,継続（合格）,2026-02-10 16:00,2026-02-10 16:40,オンライン・単独,自宅,1,人事・エンジニア,"クリエイトソリューションズ株式会社での試験_面接では、HCSを選んだ理由、札幌で働く理由、将来像について深掘りされた。静かな緊張感はあったものの、こちらの話を受け止めてくれた。緊張すると早口になるため、落ち着いて話す意識が必要だと感じた。選考は次のステップに進むことになり、引き続き準備を進めていく必要があると感じた。"
クリエイトソリューションズ株式会社,create.sol.27@example.com,S20240137,P20249227,試験_面接,落選,2026-02-12 10:00,2026-02-12 10:30,オンライン・単独,自宅,1,人事,"クリエイトソリューションズ株式会社の試験_面接では、志望動機、学校で学んだこと、困難を乗り越えた経験について質問された。淡々としていたが、的確に核心を突く質問が多かった。自己PRの具体性が不足していたと痛感した。結果としては不合格だったものの、今後の改善点が明確になり次の選考に活かせる面接だった。"
クリエイトソリューションズ株式会社,create.sol.28@example.com,S20240138,P20249228,試験_面接,継続（合格）,2026-02-14 14:30,2026-02-14 15:00,オンライン・単独,自宅,1,エンジニア,"クリエイトソリューションズ株式会社での試験_面接では、技術的な課題解決、チーム開発での役割、入社後の目標について聞かれた。回答の背景や理由を詳しく問われた。やや厳しめではあったが、誠実に話を聞いてもらえた。技術的な知識の確認を徹底する必要があると学んだ。選考は次のステップに進むことになり、引き続き準備を進めていく必要があると感じた。"
クリエイトソリューションズ株式会社,create.sol.29@example.com,S20240139,P20249229,試験_面接,内定,2026-02-17 15:00,2026-02-17 15:45,オンライン・単独,自宅,1,人事・エンジニア,"クリエイトソリューションズ株式会社の試験_面接では、技術への情熱、会社の理念への共感、チームでの貢献方法について重点的に問われた。面接官が明るく、非常に話しやすい雰囲気だった。熱意と、企業文化との高いフィット感が評価されたと感じる。最終的に総合的な評価は高く、非常に良いフィードバックをいただき内定となった。"
クリエイトソリューションズ株式会社,create.sol.30@example.com,S20240140,P20249230,試験_面接,継続（合格）,2026-02-19 11:00,2026-02-19 11:20,オンライン・単独,自宅,1,人事,"クリエイトソリューションズ株式会社での試験_面接では、長所と短所、学生時代の経験全般、他社との比較について質問された。具体的なエピソードを何度も深掘りされた。静かな緊張感はあったものの、こちらの話を真摯に受け止めてくれた。話の論理性を高める必要性を感じた。選考は次のステップに進むことになり、引き続き準備を進めていく必要があると感じた。"
株式会社デジタルリンク,digi.link.21@example.com,S20240141,P20249231,試験_面接,継続（合格）,2026-02-21 14:00,2026-02-21 14:50,オンライン・単独,自宅,1,人事,"株式会社デジタルリンクの試験_面接では、キャリアビジョン、失敗経験から何を学んだか、札幌で働く理由について深掘りされた。全体的に穏やかな雰囲気で、リラックスして話せた。逆質問のバリエーションを増やしておくべきだったと反省した。選考は次のステップに進むことになり、引き続き準備を進めていく必要があると感じた。"
株式会社デジタルリンク,digi.link.22@example.com,S20240142,P20249232,試験_面接,落選,2026-02-24 10:00,2026-02-24 10:30,オンライン・単独,自宅,1,人事・エンジニア,"株式会社デジタルリンクでの試験_面接では、技術的な興味、学校で学んだこと、チーム開発でのトラブル対応について質問された。やや厳しめではあったが、質問の意図は分かりやすかった。技術的な知識の浅さを痛感し、情報収集の重要性を実感した。結果としては不合格だったものの、今後の改善点が明確になり次の選考に活かせる面接だった。"
株式会社デジタルリンク,digi.link.23@example.com,S20240143,P20249233,試験_面接,継続（合格）,2026-02-26 15:00,2026-02-26 15:20,オンライン・単独,自宅,1,人事,"株式会社デジタルリンクの試験_面接では、長所と短所、志望動機、周囲からの評価について聞かれた。淡々としていたが、質問は鋭かった。緊張すると早口になるため、落ち着いて話す意識が必要だと感じた。選考は次のステップに進むことになり、引き続き準備を進めていく必要があると感じた。"
株式会社デジタルリンク,digi.link.24@example.com,S20240144,P20249234,試験_面接,内定,2026-02-28 11:00,2026-02-28 11:30,オンライン・単独,自宅,1,エンジニア,"株式会社デジタルリンクでの試験_面接では、ポートフォリオでの挑戦点、技術選定の理由、Git経験について重点的に聞かれた。面接官が親身になって話を聞いてくれる印象だった。問題解決能力と、技術への深い関心が評価されたと感じる。最終的に総合的な評価は高く、非常に良いフィードバックをいただき内定となった。"
株式会社デジタルリンク,digi.link.25@example.com,S20240145,P20249235,試験_面接,継続（合格）,2026-03-03 09:00,2026-03-03 09:20,オンライン・単独,自宅,1,人事,"株式会社デジタルリンクの試験_面接では、入社後の目標、価値観、アルバイト経験について質問された。回答の背景や理由を詳しく問われた。静かな緊張感はあったものの、こちらの話を受け止めてくれた。結論から整理して話す練習をしておくべきだと学んだ。選考は次のステップに進むことになり、引き続き準備を進めていく必要があると感じた。"
株式会社デジタルリンク,digi.link.26@example.com,S20240146,P20249236,試験_面接,継続（合格）,2026-03-05 16:00,2026-03-05 16:40,オンライン・単独,自宅,1,人事・エンジニア,"株式会社デジタルリンクでの試験_面接では、ストレスへの対処方法、HCSを選んだ理由、レビューの受け方について質問された。具体的なエピソードを何度も深掘りされた。全体的に穏やかな雰囲気だった。自己PRの構成を見直す必要があると感じた。選考は次のステップに進むことになり、引き続き準備を進めていく必要があると感じた。"
株式会社デジタルリンク,digi.link.27@example.com,S20240147,P20249237,試験_面接,落選,2026-03-07 10:00,2026-03-07 10:30,オンライン・単独,自宅,1,人事,"株式会社デジタルリンクの試験_面接では、ガクチカ、困難を乗り越えた経験、将来像について深掘りされた。やや厳しめではあったが、誠実に話を聞いてもらえた。自己分析の甘さを痛感した。結果としては不合格だったものの、今後の改善点が明確になり次の選考に活かせる面接だった。"
株式会社デジタルリンク,digi.link.28@example.com,S20240148,P20249238,試験_面接,継続（合格）,2026-03-10 14:30,2026-03-10 15:00,オンライン・単独,自宅,1,エンジニア,"株式会社デジタルリンクの試験_面接では、入社後の貢献、技術的な課題解決、学校で学んだ専門技術について聞かれた。淡々としていたが、質問の意図は明確だった。専門用語を分かりやすく説明する練習が必要だと感じた。選考は次のステップに進むことになり、引き続き準備を進めていく必要があると感じた。"
株式会社デジタルリンク,digi.link.29@example.com,S20240149,P20249239,試験_面接,内定,2026-03-12 15:00,2026-03-12 15:45,オンライン・単独,自宅,1,人事・エンジニア,"株式会社デジタルリンクでの試験_面接では、会社への貢献意欲、技術への情熱、キャリアビジョンについて深く問われた。終始和やかな雰囲気で、会話形式で進んだ。論理的な思考力と、一貫した熱意が評価されたと感じる。最終的に総合的な評価は高く、非常に良いフィードバックをいただき内定となった。"
株式会社デジタルリンク,digi.link.30@example.com,S20240150,P20249240,試験_面接,継続（合格）,2026-03-14 11:00,2026-03-14 11:30,オンライン・単独,自宅,1,人事,"株式会社デジタルリンクの試験_面接では、長所と短所、学生時代の経験全般、他社との違いについて聞かれた。回答の背景や理由を詳しく問われた。静かな緊張感はあったものの、こちらの話を真摯に受け止めてくれた。企業研究をより進める必要を実感した。選考は次のステップに進むことになり、引き続き準備を進めていく必要があると感じた。"
株式会社エムライン,m.line.21@example.com,S20240151,P20249241,試験_面接,継続（合格）,2026-03-17 14:00,2026-03-17 14:50,オンライン・単独,自宅,1,人事,"株式会社エムラインでの試験_面接では、志望動機、周囲からの評価、困難な状況への対処法について深掘りされた。具体的なエピソードを何度も深掘りされた。淡々としていたが、質問の意図は分かりやすかった。話の論理性を高める必要性を感じた。選考は次のステップに進むことになり、引き続き準備を進めていく必要があると感じた。"
株式会社エムライン,m.line.22@example.com,S20240152,P20249242,試験_面接,落選,2026-03-19 10:00,2026-03-19 10:30,オンライン・単独,自宅,1,人事・エンジニア,"株式会社エムラインの試験_面接では、技術的な興味、チーム開発での役割、札幌で働く理由について質問された。やや厳しめではあったが、質問は鋭かった。技術的な知識の浅さを痛感し、情報収集の重要性を実感した。結果としては不合格だったものの、今後の改善点が明確になり次の選考に活かせる面接だった。"
株式会社エムライン,m.line.23@example.com,S20240153,P20249243,試験_面接,内定,2026-03-21 15:00,2026-03-21 15:20,オンライン・単独,自宅,1,人事,"株式会社エムラインでの試験_面接では、長所と短所、入社後の目標、HCSを選んだ理由について聞かれた。面接官が明るく、非常に話しやすい雰囲気だった。自己理解の深さと、入社意欲の高さが評価されたと感じる。最終的に総合的な評価は高く、非常に良いフィードバックをいただき内定となった。"
株式会社エムライン,m.line.24@example.com,S20240154,P20249244,試験_面接,継続（合格）,2026-03-24 11:00,2026-03-24 11:30,オンライン・単独,自宅,1,エンジニア,"株式会社エムラインの試験_面接では、ポートフォリオでの挑戦点、技術的な失敗とそこからの学び、レビューの受け方について重点的に問われた。静かな緊張感はあったものの、こちらの話を受け止めてくれた。専門用語を分かりやすく説明する練習が必要だと感じた。選考は次のステップに進むことになり、引き続き準備を進めていく必要があると感じた。"
株式会社エムライン,m.line.25@example.com,S20240155,P20249245,試験_面接,落選,2026-03-26 09:00,2026-03-26 09:20,オンライン・単独,自宅,1,人事,"株式会社エムラインでの試験_面接では、ガクチカ、価値観、アルバイト経験について質問された。淡々としていたが、回答の背景を詳しく問われた。結論ファーストを徹底する訓練が必要だと感じた。結果としては不合格だったものの、今後の改善点が明確になり次の選考に活かせる面接だった。"
株式会社エムライン,m.line.26@example.com,S20240156,P20249246,試験_面接,継続（合格）,2026-03-28 16:00,2026-03-28 16:40,オンライン・単独,自宅,1,人事・エンジニア,"株式会社エムラインの試験_面接では、キャリアビジョン、会社への貢献意欲、学生時代に最も力を入れたことについて深掘りされた。終始和やかな雰囲気で、会話形式で進んだ。緊張すると早口になるため、落ち着いて話す意識が必要だと感じた。選考は次のステップに進むことになり、引き続き準備を進めていく必要があると感じた。"
株式会社エムライン,m.line.27@example.com,S20240157,P20249247,試験_面接,落選,2026-03-31 10:00,2026-03-31 10:30,オンライン・単独,自宅,1,人事,"株式会社エムラインでの試験_面接では、将来像、チーム開発でのトラブル対応、他社との比較について聞かれた。やや厳しめではあったが、質問の意図は明確だった。自己分析の甘さを痛感した。結果としては不合格だったものの、今後の改善点が明確になり次の選考に活かせる面接だった。"
株式会社エムライン,m.line.28@example.com,S20240158,P20249248,試験_面接,継続（合格）,2026-04-02 14:30,2026-04-02 15:00,オンライン・単独,自宅,1,エンジニア,"株式会社エムラインの試験_面接では、Gitの具体的な利用経験、技術的な課題解決、学校で学んだ専門技術について質問された。具体的なエピソードを何度も深掘りされた。淡々としていたが、的確に核心を突く質問が多かった。技術的な知識の確認を徹底する必要があると学んだ。選考は次のステップに進むことになり、引き続き準備を進めていく必要があると感じた。"
株式会社エムライン,m.line.29@example.com,S20240159,P20249249,試験_面接,内定,2026-04-04 15:00,2026-04-04 15:45,オンライン・単独,自宅,1,人事・エンジニア,"株式会社エムラインでの試験_面接では、技術への情熱、会社の理念に対する共感度、入社後の貢献について深く問われた。面接官が親身になって話を聞いてくれる印象だった。一貫性のある回答と、企業への高い関心が評価されたと感じる。最終的に総合的な評価は高く、非常に良いフィードバックをいただき内定となった。"
株式会社エムライン,m.line.30@example.com,S20240160,P20249250,試験_面接,落選,2026-04-07 11:00,2026-04-07 11:30,オンライン・単独,自宅,1,人事,"株式会社エムラインの試験_面接では、長所と短所、困難を乗り越えた経験、学生時代の経験全般について聞かれた。静かな緊張感はあったものの、こちらの話を受け止めてくれた。逆質問のバリエーションを増やすべきだった。結果としては不合格だったものの、今後の改善点が明確になり次の選考に活かせる面接だった。"
株式会社フォースウェーブ,force.wave.21@example.com,S20240161,P20249251,試験_面接,内定,2026-04-09 14:00,2026-04-09 14:50,オンライン・単独,自宅,1,エンジニア,"株式会社フォースウェーブでの試験_面接では、技術的な興味、ポートフォリオでの挑戦点、チーム開発での工夫点について重点的に聞かれた。面接官は明るく、非常に話しやすかった。技術的な深掘りにも論理的に答えられ、高い評価を得た。最終的に総合的な評価は高く、非常に良いフィードバックをいただき内定となった。"
株式会社フォースウェーブ,force.wave.22@example.com,S20240162,P20249252,試験_面接,継続（合格）,2026-04-11 10:00,2026-04-11 10:30,オンライン・単独,自宅,1,人事,"株式会社フォースウェーブの試験_面接では、志望動機、長所と短所、周囲からの評価について質問された。全体的に穏やかな雰囲気だった。企業研究の甘さを痛感し、情報収集の重要性を実感した。選考は次のステップに進むことになり、引き続き準備を進めていく必要があると感じた。"
株式会社フォースウェーブ,force.wave.23@example.com,S20240163,P20249253,試験_面接,落選,2026-04-14 15:00,2026-04-14 15:20,オンライン・単独,自宅,1,人事・エンジニア,"株式会社フォースウェーブでの試験_面接では、キャリアビジョン、会社への貢献意欲、失敗経験から何を学んだかについて問われた。淡々としていたが、質問は鋭かった。将来への明確なビジョンを示す必要があったと痛感した。結果としては不合格だったものの、今後の改善点が明確になり次の選考に活かせる面接だった。"
株式会社フォースウェーブ,force.wave.24@example.com,S20240164,P20249254,試験_面接,継続（合格）,2026-04-16 11:00,2026-04-16 11:30,オンライン・単独,自宅,1,エンジニア,"株式会社フォースウェーブの試験_面接では、Git経験、レビューの受け方、技術的な課題解決について深掘りされた。やや厳しめではあったが、質問の意図は明確だった。技術的な知識の応用力を高める必要性を感じた。選考は次のステップに進むことになり、引き続き準備を進めていく必要があると感じた。"
株式会社フォースウェーブ,force.wave.25@example.com,S20240165,P20249255,試験_面接,継続（合格）,2026-04-18 09:00,2026-04-18 09:20,オンライン・単独,自宅,1,人事,"株式会社フォースウェーブでの試験_面接では、札幌で働く理由、価値観、ストレスへの対処方法について質問された。具体的なエピソードを何度も深掘りされた。静かな緊張感はあったものの、こちらの話を受け止めてくれた。緊張すると早口になるため、落ち着いて話す意識が必要だと感じた。選考は次のステップに進むことになり、引き続き準備を進めていく必要があると感じた。"
株式会社フォースウェーブ,force.wave.26@example.com,S20240166,P20249256,試験_面接,継続（合格）,2026-04-21 16:00,2026-04-21 16:40,オンライン・単独,自宅,1,人事・エンジニア,"株式会社フォースウェーブの試験_面接では、入社後の目標、HCSを選んだ理由、学生時代に頑張ったことについて問われた。回答の背景や理由を詳しく問われた。全体的に穏やかな雰囲気で、和やかに進んだ。結論から整理して話す練習をしておくべきだと学んだ。選考は次のステップに進むことになり、引き続き準備を進めていく必要があると感じた。"
株式会社フォースウェーブ,force.wave.27@example.com,S20240167,P20249257,試験_面接,落選,2026-04-23 10:00,2026-04-23 10:30,オンライン・単独,自宅,1,人事,"株式会社フォースウェーブでの試験_面接では、アルバイト経験、将来像、困難な状況への対処法について質問された。やや厳しめではあったが、真剣に話を聞いてもらえた。自己分析の甘さを痛感した。結果としては不合格だったものの、今後の改善点が明確になり次の選考に活かせる面接だった。"
株式会社フォースウェーブ,force.wave.28@example.com,S20240168,P20249258,試験_面接,内定,2026-04-25 14:30,2026-04-25 15:00,オンライン・単独,自宅,1,エンジニア,"株式会社フォースウェーブの試験_面接では、技術への情熱、入社後の貢献、学校で学んだ専門技術について深く問われた。面接官が親身になって話を聞いてくれる印象だった。技術的な知識の深さと、論理的な説明力が評価されたと感じる。最終的に総合的な評価は高く、非常に良いフィードバックをいただき内定となった。"
株式会社フォースウェーブ,force.wave.29@example.com,S20240169,P20249259,試験_面接,継続（合格）,2026-04-28 15:00,2026-04-28 15:45,オンライン・単独,自宅,1,人事,"株式会社フォースウェーブでの試験_面接では、ガクチカ、チーム開発でのトラブル対応、他社との比較について聞かれた。淡々としていたが、質問の意図は分かりやすかった。逆質問のバリエーションを増やすべきだったと反省した。選考は次のステップに進むことになり、引き続き準備を進めていく必要があると感じた。"
株式会社フォースウェーブ,force.wave.30@example.com,S20240170,P20249260,試験_面接,継続（合格）,2026-04-30 11:00,2026-04-30 11:30,オンライン・単独,自宅,1,人事・エンジニア,"株式会社フォースウェーブの試験_面接では、長所と短所、学生時代の経験全般、会社の理念への共感度について質問された。具体的なエピソードを何度も深掘りされた。静かな緊張感はあったものの、こちらの話を真摯に受け止めてくれた。話の論理性を高める必要性を感じた。選考は次のステップに進むことになり、引き続き準備を進めていく必要があると感じた。"
ノースシステム株式会社,north.sys.21@example.com,S20240171,P20249261,試験_面接,継続（合格）,2026-05-07 14:00,2026-05-07 14:50,オンライン・単独,自宅,1,人事,"ノースシステム株式会社の試験_面接では、技術的な興味、ポートフォリオの詳細、チーム開発での役割、学生時代の経験全般について深掘りされた。回答の背景や理由を詳しく問われた。全体的に穏やかな雰囲気で、リラックスして話せた。企業研究をより進める必要を実感した。選考は次のステップに進むことになり、引き続き準備を進めていく必要があると感じた。"
ノースシステム株式会社,north.sys.22@example.com,S20240172,P20249262,試験_面接,継続（合格）,2026-05-09 10:00,2026-05-09 10:30,オンライン・単独,自宅,1,人事・エンジニア,"ノースシステム株式会社での試験_面接では、志望動機、キャリアビジョン、失敗経験から何を学んだかについて深く聞かれた。やや厳しめではあったが、質問の意図は分かりやすかった。技術的な知識の確認を徹底する必要があると学んだ。選考は次のステップに進むことになり、引き続き準備を進めていく必要があると感じた。"
ノースシステム株式会社,north.sys.23@example.com,S20240173,P20249263,試験_面接,落選,2026-05-12 15:00,2026-05-12 15:20,オンライン・単独,自宅,1,人事,"ノースシステム株式会社の試験_面接では、長所と短所、価値観、ストレスへの対処方法について質問された。淡々としていたが、質問は鋭かった。自己分析の深さが足りなかったと痛感した。結果としては不合格だったものの、今後の改善点が明確になり次の選考に活かせる面接だった。"
ノースシステム株式会社,north.sys.24@example.com,S20240174,P20249264,試験_面接,内定,2026-05-14 11:00,2026-05-14 11:30,オンライン・単独,自宅,1,エンジニア,"ノースシステム株式会社での試験_面接では、Git経験、技術選定の理由、入社後の貢献について重点的に問われた。終始和やかな雰囲気で、会話形式で進んだ。技術的な背景を論理的に説明できた点が評価されたと感じる。最終的に総合的な評価は高く、非常に良いフィードバックをいただき内定となった。"
ノースシステム株式会社,north.sys.25@example.com,S20240175,P20249265,試験_面接,継続（合格）,2026-05-16 09:00,2026-05-16 09:20,オンライン・単独,自宅,1,人事,"ノースシステム株式会社の試験_面接では、周囲からの評価、アルバイト経験、札幌で働く理由について聞かれた。回答の背景や理由を詳しく問われた。静かな緊張感はあったものの、こちらの話を受け止めてくれた。結論から整理して話す練習をしておくべきだと学んだ。選考は次のステップに進むことになり、引き続き準備を進めていく必要があると感じた。"
ノースシステム株式会社,north.sys.26@example.com,S20240176,P20249266,試験_面接,継続（合格）,2026-05-19 16:00,2026-05-19 16:40,オンライン・単独,自宅,1,人事・エンジニア,"ノースシステム株式会社での試験_面接では、HCSを選んだ理由、困難を乗り越えた経験、学校で学んだことについて質問された。具体的なエピソードを何度も深掘りされた。やや厳しめではあったが、誠実に話を聞いてもらえた。緊張すると早口になるため、落ち着いて話す意識が必要だと感じた。選考は次のステップに進むことになり、引き続き準備を進めていく必要があると感じた。"
ノースシステム株式会社,north.sys.27@example.com,S20240177,P20249267,試験_面接,落選,2026-05-21 10:00,2026-05-21 10:30,オンライン・単独,自宅,1,人事,"ノースシステム株式会社の試験_面接では、ガクチカ、将来像、他社との比較について深掘りされた。淡々としていたが、的確に核心を突く質問が多かった。逆質問のバリエーションを増やすべきだったと痛感した。結果としては不合格だったものの、今後の改善点が明確になり次の選考に活かせる面接だった。"
ノースシステム株式会社,north.sys.28@example.com,S20240178,P20249268,試験_面接,継続（合格）,2026-05-23 14:30,2026-05-23 15:00,オンライン・単独,自宅,1,エンジニア,"ノースシステム株式会社での試験_面接では、技術的な課題解決、レビューの受け方、チーム開発でのトラブル対応について質問された。全体的に穏やかな雰囲気で、和やかに進んだ。専門用語を分かりやすく説明する練習が必要だと感じた。選考は次のステップに進むことになり、引き続き準備を進めていく必要があると感じた。"
ノースシステム株式会社,north.sys.29@example.com,S20240179,P20249269,試験_面接,継続（合格）,2026-05-26 15:00,2026-05-26 15:45,オンライン・単独,自宅,1,人事・エンジニア,"ノースシステム株式会社の試験_面接では、会社への貢献意欲、技術への情熱、長所と短所について聞かれた。回答の背景や理由を詳しく問われた。やや厳しめではあったが、質問の意図は明確だった。自己PRの構成を見直す必要があると感じた。選考は次のステップに進むことになり、引き続き準備を進めていく必要があると感じた。"
ノースシステム株式会社,north.sys.30@example.com,S20240180,P20249270,試験_面接,内定,2026-05-28 11:00,2026-05-28 11:30,オンライン・単独,自宅,1,人事,"ノースシステム株式会社での試験_面接では、入社後の目標、キャリアビジョン、学生時代の経験全般について深く問われた。面接官が親身になって話を聞いてくれる印象だった。将来への展望と、論理的な思考力が評価されたと感じる。最終的に総合的な評価は高く、非常に良いフィードバックをいただき内定となった。"
株式会社ライフネットワーク,life.net.21@example.com,S20240181,P20249271,試験_面接,継続（合格）,2026-05-30 14:00,2026-05-30 14:50,オンライン・単独,自宅,1,人事,"株式会社ライフネットワークの試験_面接では、長所と短所、志望動機、札幌で働く理由について深掘りされた。具体的なエピソードを何度も深掘りされた。静かな緊張感はあったものの、こちらの話を受け止めてくれた。話の論理性を高める必要性を感じた。選考は次のステップに進むことになり、引き続き準備を進めていく必要があると感じた。"
株式会社ライフネットワーク,life.net.22@example.com,S20240182,P20249272,試験_面接,落選,2026-06-02 10:00,2026-06-02 10:30,オンライン・単独,自宅,1,人事・エンジニア,"株式会社ライフネットワークでの試験_面接では、技術的な興味、ポートフォリオでの挑戦点、Git経験について質問された。淡々としていたが、質問は鋭かった。技術的な知識の浅さを痛感し、情報収集の重要性を実感した。結果としては不合格だったものの、今後の改善点が明確になり次の選考に活かせる面接だった。"
株式会社ライフネットワーク,life.net.23@example.com,S20240183,P20249273,試験_面接,継続（合格）,2026-06-04 15:00,2026-06-04 15:20,オンライン・単独,自宅,1,人事,"株式会社ライフネットワークの試験_面接では、周囲からの評価、価値観、困難な状況への対処法について聞かれた。やや厳しめではあったが、真剣にこちらの話を聞いてもらえた。緊張すると早口になるため、落ち着いて話す意識が必要だと感じた。選考は次のステップに進むことになり、引き続き準備を進めていく必要があると感じた。"
株式会社ライフネットワーク,life.net.24@example.com,S20240184,P20249274,試験_面接,内定,2026-06-06 11:00,2026-06-06 11:30,オンライン・単独,自宅,1,エンジニア,"株式会社ライフネットワークでの試験_面接では、技術選定の理由、チーム開発での役割、入社後の貢献について重点的に問われた。面接官が明るく、非常に話しやすい雰囲気だった。技術的な深い理解と、チームでの貢献意欲が評価されたと感じる。最終的に総合的な評価は高く、非常に良いフィードバックをいただき内定となった。"
株式会社ライフネットワーク,life.net.25@example.com,S20240185,P20249275,試験_面接,継続（合格）,2026-06-09 09:00,2026-06-09 09:20,オンライン・単独,自宅,1,人事,"株式会社ライフネットワークの試験_面接では、失敗経験から何を学んだか、アルバイト経験、HCSを選んだ理由について質問された。回答の背景や理由を詳しく問われた。全体的に穏やかな雰囲気で、リラックスして話せた。結論から整理して話す練習をしておくべきだと学んだ。選考は次のステップに進むことになり、引き続き準備を進めていく必要があると感じた。"
株式会社ライフネットワーク,life.net.26@example.com,S20240186,P20249276,試験_面接,落選,2026-06-11 16:00,2026-06-11 16:40,オンライン・単独,自宅,1,人事・エンジニア,"株式会社ライフネットワークでの試験_面接では、キャリアビジョン、学生時代に頑張ったこと、技術への情熱について質問された。具体的なエピソードを何度も深掘りされた。淡々としていたが、的確に核心を突く質問が多かった。将来へのビジョンと技術的な興味の連動性が不足していたと痛感した。結果としては不合格だったものの、今後の改善点が明確になり次の選考に活かせる面接だった。"
株式会社ライフネットワーク,life.net.27@example.com,S20240187,P20249277,試験_面接,継続（合格）,2026-06-13 10:00,2026-06-13 10:30,オンライン・単独,自宅,1,人事,"株式会社ライフネットワークの試験_面接では、入社後の目標、将来像、他社との比較について聞かれた。やや厳しめではあったが、質問の意図は明確だった。自己分析をもう一段深める必要があると感じた。選考は次のステップに進むことになり、引き続き準備を進めていく必要があると感じた。"
株式会社ライフネットワーク,life.net.28@example.com,S20240188,P20249278,試験_面接,継続（合格）,2026-06-16 14:30,2026-06-16 15:00,オンライン・単独,自宅,1,エンジニア,"株式会社ライフネットワークでの試験_面接では、学校で学んだ専門技術、技術的な課題解決、レビューの受け方について重点的に深掘りされた。静かな緊張感はあったものの、こちらの話を真摯に受け止めてくれた。専門用語を分かりやすく説明する練習が必要だと感じた。選考は次のステップに進むことになり、引き続き準備を進めていく必要があると感じた。"
株式会社ライフネットワーク,life.net.29@example.com,S20240189,P20249279,試験_面接,落選,2026-06-18 15:00,2026-06-18 15:45,オンライン・単独,自宅,1,人事・エンジニア,"株式会社ライフネットワークの試験_面接では、会社の理念に対する共感度、長所と短所、チーム開発でのトラブル対応について質問された。終始和やかな雰囲気で、会話形式で進んだ。話の具体性が不足していたと痛感した。結果としては不合格だったものの、今後の改善点が明確になり次の選考に活かせる面接だった。"
株式会社ライフネットワーク,life.net.30@example.com,S20240190,P20249280,試験_面接,内定,2026-06-20 11:00,2026-06-20 11:30,オンライン・単独,自宅,1,人事,"株式会社ライフネットワークでの試験_面接では、ガクチカ、ストレスへの対処方法、会社への貢献意欲について深く問われた。面接官が親身になって話を聞いてくれる印象だった。熱意と論理性が両立できたことが評価されたと感じる。最終的に総合的な評価は高く、非常に良いフィードバックをいただき内定となった。"
サッポロエンジニアリング株式会社,sapporo.eng.21@example.com,S20240191,P20249281,試験_面接,継続（合格）,2026-06-23 14:00,2026-06-23 14:50,オンライン・単独,自宅,1,人事・エンジニア,"サッポロエンジニアリング株式会社の試験_面接では、技術的な興味、キャリアビジョン、チーム開発での役割、学生時代の経験全般について質問された。回答の背景や理由を詳しく問われた。全体的に穏やかな雰囲気だった。逆質問のバリエーションを増やすべきだったと反省した。選考は次のステップに進むことになり、引き続き準備を進めていく必要があると感じた。"
サッポロエンジニアリング株式会社,sapporo.eng.22@example.com,S20240192,P20249282,試験_面接,落選,2026-06-25 10:00,2026-06-25 10:30,オンライン・単独,自宅,1,人事,"サッポロエンジニアリング株式会社での試験_面接では、志望動機、長所と短所、入社後の目標について深掘りされた。淡々としていたが、質問は鋭かった。企業研究の甘さを痛感し、情報収集の重要性を実感した。結果としては不合格だったものの、今後の改善点が明確になり次の選考に活かせる面接だった。"
サッポロエンジニアリング株式会社,sapporo.eng.23@example.com,S20240193,P20249283,試験_面接,内定,2026-06-27 15:00,2026-06-27 15:20,オンライン・単独,自宅,1,エンジニア,"サッポロエンジニアリング株式会社の試験_面接では、ポートフォリオの詳細、技術選定の理由、Git経験について重点的に問われた。面接官が明るく、非常に話しやすい雰囲気だった。技術的な知識の深さと、問題解決能力が評価されたと感じる。最終的に総合的な評価は高く、非常に良いフィードバックをいただき内定となった。"
サッポロエンジニアリング株式会社,sapporo.eng.24@example.com,S20240194,P20249284,試験_面接,継続（合格）,2026-06-30 11:00,2026-06-30 11:30,オンライン・単独,自宅,1,人事・エンジニア,"サッポロエンジニアリング株式会社での試験_面接では、失敗経験から何を学んだか、レビューの受け方、札幌で働く理由について質問された。具体的なエピソードを何度も深掘りされた。静かな緊張感はあったものの、こちらの話を受け止めてくれた。結論から整理して話す練習をしておくべきだと学んだ。選考は次のステップに進むことになり、引き続き準備を進めていく必要があると感じた。"
サッポロエンジニアリング株式会社,sapporo.eng.25@example.com,S20240195,P20249285,試験_面接,継続（合格）,2026-07-02 09:00,2026-07-02 09:20,オンライン・単独,自宅,1,人事,"サッポロエンジニアリング株式会社の試験_面接では、周囲からの評価、価値観、アルバイト経験について聞かれた。回答の背景や理由を詳しく問われた。全体的に穏やかな雰囲気で、和やかに進んだ。緊張すると早口になるため、落ち着いて話す意識が必要だと感じた。選考は次のステップに進むことになり、引き続き準備を進めていく必要があると感じた。"
サッポロエンジニアリング株式会社,sapporo.eng.26@example.com,S20240196,P20249286,試験_面接,落選,2026-07-04 16:00,2026-07-04 16:40,オンライン・単独,自宅,1,エンジニア,"サッポロエンジニアリング株式会社での試験_面接では、技術的な課題解決、入社後の貢献、学校で学んだ専門技術について詳しく聞かれた。やや厳しめではあったが、誠実に話を聞いてもらえた。専門用語を分かりやすく説明する力が不足していたと痛感した。結果としては不合格だったものの、今後の改善点が明確になり次の選考に活かせる面接だった。"
サッポロエンジニアリング株式会社,sapporo.eng.27@example.com,S20240197,P20249287,試験_面接,内定,2026-07-07 10:00,2026-07-07 10:30,オンライン・単独,自宅,1,人事・エンジニア,"サッポロエンジニアリング株式会社の試験_面接では、技術への情熱、会社の理念への共感度、HCSを選んだ理由について深く問われた。終始和やかな雰囲気で、会話形式で進んだ。熱意と一貫性のある回答が評価され、非常にポジティブなフィードバックをいただいた。最終的に総合的な評価は高く、非常に良いフィードバックをいただき内定となった。"
サッポロエンジニアリング株式会社,sapporo.eng.28@example.com,S20240198,P20249288,試験_面接,継続（合格）,2026-07-09 14:30,2026-07-09 15:00,オンライン・単独,自宅,1,人事,"サッポロエンジニアリング株式会社での試験_面接では、将来像、学生時代に最も力を入れたこと、困難を乗り越えた経験について質問された。具体的なエピソードを何度も深掘りされた。淡々としていたが、質問の意図は明確だった。自己PRの構成を見直す必要があると感じた。選考は次のステップに進むことになり、引き続き準備を進めていく必要があると感じた。"
サッポロエンジニアリング株式会社,sapporo.eng.29@example.com,S20240199,P20249289,試験_面接,継続（合格）,2026-07-11 15:00,2026-07-11 15:45,オンライン・単独,自宅,1,エンジニア,"サッポロエンジニアリング株式会社の試験_面接では、チーム開発でのトラブル対応、技術的な興味、ポートフォリオでの挑戦点について聞かれた。回答の背景や理由を詳しく問われた。静かな緊張感はあったものの、こちらの話を真摯に受け止めてくれた。話の論理性を高める必要性を感じた。選考は次のステップに進むことになり、引き続き準備を進めていく必要があると感じた。"
サッポロエンジニアリング株式会社,sapporo.eng.30@example.com,S20240200,P20249290,試験_面接,継続（合格）,2026-07-14 11:00,2026-07-14 11:30,オンライン・単独,自宅,1,人事・エンジニア,"サッポロエンジニアリング株式会社での試験_面接では、長所と短所、ガクチカ、会社への貢献意欲について質問された。やや厳しめではあったが、質問の意図は分かりやすかった。企業研究をより進める必要を実感した。選考は次のステップに進むことになり、引き続き準備を進めていく必要があると感じた。"
株式会社ホライズンテック,horizon.tech.21@example.com,S20240201,P20249291,試験_面接,継続（合格）,2026-07-16 14:00,2026-07-16 14:50,オンライン・単独,自宅,1,人事,"株式会社ホライズンテックでの試験_面接では、入社後の目標、価値観、ストレスへの対処方法について深掘りされた。具体的なエピソードを何度も深掘りされた。全体的に穏やかな雰囲気で、和やかに進んだ。逆質問のバリエーションを増やしておくべきだったと反省した。選考は次のステップに進むことになり、引き続き準備を進めていく必要があると感じた。"
株式会社ホライズンテック,horizon.tech.22@example.com,S20240202,P20249292,試験_面接,落選,2026-07-18 10:00,2026-07-18 10:30,オンライン・単独,自宅,1,人事・エンジニア,"株式会社ホライズンテックの試験_面接では、技術的な興味、キャリアビジョン、チーム開発での工夫点について質問された。淡々としていたが、質問は鋭かった。将来のビジョンと技術的な興味の連動性が不足していたと痛感した。結果としては不合格だったものの、今後の改善点が明確になり次の選考に活かせる面接だった。"
株式会社ホライズンテック,horizon.tech.23@example.com,S20240203,P20249293,試験_面接,内定,2026-07-21 15:00,2026-07-21 15:20,オンライン・単独,自宅,1,人事,"株式会社ホライズンテックでの試験_面接では、長所と短所、周囲からの評価、HCSを選んだ理由について聞かれた。面接官が親身になって話を聞いてくれる印象だった。自己理解の深さと、コミュニケーション能力が評価されたと感じる。最終的に総合的な評価は高く、非常に良いフィードバックをいただき内定となった。"
株式会社ホライズンテック,horizon.tech.24@example.com,S20240204,P20249294,試験_面接,継続（合格）,2026-07-23 11:00,2026-07-23 11:30,オンライン・単独,自宅,1,エンジニア,"株式会社ホライズンテックの試験_面接では、ポートフォリオの詳細、技術的な課題解決、レビューの受け方について重点的に問われた。静かな緊張感はあったものの、こちらの話を受け止めてくれた。専門用語を分かりやすく説明する練習が必要だと感じた。選考は次のステップに進むことになり、引き続き準備を進めていく必要があると感じた。"
株式会社ホライズンテック,horizon.tech.25@example.com,S20240205,P20249295,試験_面接,落選,2026-07-25 09:00,2026-07-25 09:20,オンライン・単独,自宅,1,人事,"株式会社ホライズンテックでの試験_面接では、ガクチカ、アルバイト経験、札幌で働く理由について質問された。淡々としていたが、回答の背景を詳しく問われた。結論から整理して話す練習をしておくべきだと学んだ。結果としては不合格だったものの、今後の改善点が明確になり次の選考に活かせる面接だった。"
株式会社ホライズンテック,horizon.tech.26@example.com,S20240206,P20249296,試験_面接,継続（合格）,2026-07-28 16:00,2026-07-28 16:40,オンライン・単独,自宅,1,人事・エンジニア,"株式会社ホライズンテックの試験_面接では、失敗経験から何を学んだか、技術への情熱、学生時代に頑張ったことについて深掘りされた。やや厳しめではあったが、質問の意図は明確だった。話の論理性を高める必要性を感じた。選考は次のステップに進むことになり、引き続き準備を進めていく必要があると感じた。"
株式会社ホライズンテック,horizon.tech.27@example.com,S20240207,P20249297,試験_面接,継続（合格）,2026-07-30 10:00,2026-07-30 10:30,オンライン・単独,自宅,1,人事,"株式会社ホライズンテックでの試験_面接では、将来像、チーム開発でのトラブル対応、他社との比較について聞かれた。具体的なエピソードを何度も深掘りされた。全体的に穏やかな雰囲気で、リラックスして話せた。自己PRの構成を見直す必要があると感じた。選考は次のステップに進むことになり、引き続き準備を進めていく必要があると感じた。"
株式会社ホライズンテック,horizon.tech.28@example.com,S20240208,P20249298,試験_面接,落選,2026-08-01 14:30,2026-08-01 15:00,オンライン・単独,自宅,1,エンジニア,"株式会社ホライズンテックの試験_面接では、Git経験、学校で学んだ専門技術、入社後の貢献について質問された。淡々としていたが、的確に核心を突く質問が多かった。技術的な知識の応用力を高める必要性を感じた。結果としては不合格だったものの、今後の改善点が明確になり次の選考に活かせる面接だった。"
株式会社ホライズンテック,horizon.tech.29@example.com,S20240209,P20249299,試験_面接,継続（合格）,2026-08-04 15:00,2026-08-04 15:45,オンライン・単独,自宅,1,人事・エンジニア,"株式会社ホライズンテックでの試験_面接では、会社の理念に対する共感度、困難を乗り越えた経験、チーム開発での役割について聞かれた。回答の背景や理由を詳しく問われた。やや厳しめではあったが、誠実に話を聞いてもらえた。緊張すると早口になるため、落ち着いて話す意識が必要だと感じた。選考は次のステップに進むことになり、引き続き準備を進めていく必要があると感じた。"
株式会社ホライズンテック,horizon.tech.30@example.com,S20240210,P20249300,試験_面接,内定,2026-08-06 11:00,2026-08-06 11:30,オンライン・単独,自宅,1,人事,"株式会社ホライズンテックの試験_面接では、長所と短所、会社への貢献意欲、学生時代の経験全般について深く問われた。終始和やかな雰囲気で、会話形式で進んだ。論理的な思考力と、自己成長への意欲が評価されたと感じる。最終的に総合的な評価は高く、非常に良いフィードバックをいただき内定となった。"
株式会社アルファテック,alfa.tech.31@example.com,S20240211,P20249301,試験_面接,継続（合格）,2026-08-08 14:00,2026-08-08 14:40,オンライン・単独,自宅,1,人事,"株式会社アルファテックの試験_面接は穏やかな雰囲気で、長所と短所、入社後の目標、チームでの協調性について聞かれた。回答の具体性を意識するべきだったと感じる。選考は次のステップに進むことになり、引き続き準備を進めていく必要があると感じた。"
株式会社アルファテック,alfa.tech.32@example.com,S20240212,P20249302,試験_面接,落選,2026-08-11 10:00,2026-08-11 10:30,オンライン・単独,自宅,1,エンジニア,"株式会社アルファテックでの試験_面接では、技術的な興味、ポートフォリオでの技術選定、Gitの利用経験について質問された。質問は鋭く、深掘りされた。技術知識の幅と深さが足りなかったと痛感した。結果としては不合格だったものの、今後の改善点が明確になり次の選考に活かせる面接だった。"
株式会社アルファテック,alfa.tech.33@example.com,S20240213,P20249303,試験_面接,内定,2026-08-13 15:00,2026-08-13 15:20,オンライン・単独,自宅,1,人事・エンジニア,"株式会社アルファテックの試験_面接では、キャリアビジョン、会社の理念への共感、失敗経験から何を学んだかについて深く問われた。終始和やかな雰囲気で、話しやすかった。熱意と将来への明確な展望が評価されたと感じる。最終的に総合的な評価は高く、非常に良いフィードバックをいただき内定となった。"
株式会社アルファテック,alfa.tech.34@example.com,S20240214,P20249304,試験_面接,継続（合格）,2026-08-15 11:00,2026-08-15 11:30,オンライン・単独,自宅,1,人事,"株式会社アルファテックでの試験_面接では、周囲からの評価、ストレスへの対処方法、価値観について質問された。やや厳しめだったが、真剣に話を聞いてもらえた。自己PRの構成を見直す必要があると感じた。選考は次のステップに進むことになり、引き続き準備を進めていく必要があると感じた。"
株式会社アルファテック,alfa.tech.35@example.com,S20240215,P20249305,試験_面接,継続（合格）,2026-08-18 09:00,2026-08-18 09:20,オンライン・単独,自宅,1,人事・エンジニア,"株式会社アルファテックの試験_面接では、札幌で働く理由、学生時代に最も力を入れたこと、技術的な興味について聞かれた。具体的なエピソードを深掘りされた。結論ファーストを徹底する訓練が必要だと感じた。選考は次のステップに進むことになり、引き続き準備を進めていく必要があると感じた。"
株式会社アルファテック,alfa.tech.36@example.com,S20240216,P20249306,試験_面接,落選,2026-08-20 16:00,2026-08-20 16:40,オンライン・単独,自宅,1,人事,"株式会社アルファテックでの試験_面接では、HCSを選んだ理由、アルバイト経験、将来像について質問された。淡々としていたが、回答の背景を詳しく問われた。自己分析の甘さを痛感した。結果としては不合格だったものの、今後の改善点が明確になり次の選考に活かせる面接だった。"
株式会社アルファテック,alfa.tech.37@example.com,S20240217,P20249307,試験_面接,継続（合格）,2026-08-22 10:00,2026-08-22 10:30,オンライン・単独,自宅,1,エンジニア,"株式会社アルファテックの試験_面接では、学校で学んだ専門技術、チーム開発での役割、レビューの受け方について聞かれた。静かな緊張感はあったものの、こちらの話を受け止めてくれた。技術的な知識の応用力を高める必要性を感じた。選考は次のステップに進むことになり、引き続き準備を進めていく必要があると感じた。"
株式会社アルファテック,alfa.tech.38@example.com,S20240218,P20249308,試験_面接,内定,2026-08-25 14:30,2026-08-25 15:00,オンライン・単独,自宅,1,人事・エンジニア,"株式会社アルファテックでの試験_面接では、会社への貢献意欲、技術への情熱、長所と短所について深く問われた。終始和やかな雰囲気で進んだ。論理的な思考と熱意が評価されたと感じる。最終的に総合的な評価は高く、非常に良いフィードバックをいただき内定となった。"
株式会社アルファテック,alfa.tech.39@example.com,S20240219,P20249309,試験_面接,継続（合格）,2026-08-27 15:00,2026-08-27 15:45,オンライン・単独,自宅,1,人事,"株式会社アルファテックの試験_面接では、困難を乗り越えた経験、入社後のキャリアパス、他社との違いについて聞かれた。やや厳しめだったが質問の意図は明確だった。逆質問のバリエーションを増やしておくべきだったと反省した。選考は次のステップに進むことになり、引き続き準備を進めていく必要があると感じた。"
株式会社アルファテック,alfa.tech.40@example.com,S20240220,P20249310,試験_面接,継続（合格）,2026-08-29 11:00,2026-08-29 11:30,オンライン・単独,自宅,1,人事・エンジニア,"株式会社アルファテックでの試験_面接では、志望動機、価値観、チーム開発でのトラブル対応について質問された。具体的なエピソードを何度も深掘りされた。話の論理性を高める訓練が必要だと感じた。選考は次のステップに進むことになり、引き続き準備を進めていく必要があると感じた。"
株式会社ビーリンク,be.link.31@example.com,S20240221,P20249311,試験_面接,継続（合格）,2026-09-01 14:00,2026-09-01 14:50,オンライン・単独,自宅,1,人事,"株式会社ビーリンクの試験_面接では、ガクチカ、長所と短所、札幌で働く理由について深掘りされた。回答の背景や理由を詳しく問われた。全体的に穏やかな雰囲気だった。企業研究をより進める必要を実感した。選考は次のステップに進むことになり、引き続き準備を進めていく必要があると感じた。"
株式会社ビーリンク,be.link.32@example.com,S20240222,P20249312,試験_面接,内定,2026-09-03 10:00,2026-09-03 10:30,オンライン・単独,自宅,1,人事・エンジニア,"株式会社ビーリンクでの試験_面接では、技術的な興味、ポートフォリオの詳細、キャリアビジョンについて深く問われた。面接官が明るく、非常に話しやすい雰囲気だった。技術への情熱と論理性が評価されたと感じる。最終的に総合的な評価は高く、非常に良いフィードバックをいただき内定となった。"
株式会社ビーリンク,be.link.33@example.com,S20240223,P20249313,試験_面接,継続（合格）,2026-09-05 15:00,2026-09-05 15:20,オンライン・単独,自宅,1,人事,"株式会社ビーリンクの試験_面接では、入社後の目標、周囲からの評価、ストレスへの対処方法について聞かれた。淡々としていたが、質問の意図は分かりやすかった。緊張すると早口になるため、落ち着いて話す意識が必要だと感じた。選考は次のステップに進むことになり、引き続き準備を進めていく必要があると感じた。"
株式会社ビーリンク,be.link.34@example.com,S20240224,P20249314,試験_面接,落選,2026-09-08 11:00,2026-09-08 11:30,オンライン・単独,自宅,1,エンジニア,"株式会社ビーリンクでの試験_面接では、技術選定の理由、開発における課題解決、レビューの受け方について重点的に聞かれた。静かな緊張感はあったものの、質問は鋭かった。技術的な知識の幅が足りなかったと痛感した。結果としては不合格だったものの、今後の改善点が明確になり次の選考に活かせる面接だった。"
株式会社ビーリンク,be.link.35@example.com,S20240225,P20249315,試験_面接,継続（合格）,2026-09-10 16:00,2026-09-10 16:40,オンライン・単独,自宅,1,人事,"株式会社ビーリンクの試験_面接では、失敗経験から何を学んだか、価値観、アルバイト経験について質問された。やや厳しめではあったが、真剣にこちらの話を聞いてもらえた。自己分析をもう一段深める必要があると感じた。選考は次のステップに進むことになり、引き続き準備を進めていく必要があると感じた。"
株式会社ビーリンク,be.link.36@example.com,S20240226,P20249316,試験_面接,継続（合格）,2026-09-12 10:00,2026-09-12 10:30,オンライン・単独,自宅,1,人事・エンジニア,"株式会社ビーリンクでの試験_面接では、会社への貢献意欲、チーム開発での役割、学生時代に頑張ったことについて問われた。具体的なエピソードを何度も深掘りされた。終始和やかな雰囲気で、会話形式で進んだ。結論から整理して話す練習をしておくべきだと学んだ。選考は次のステップに進むことになり、引き続き準備を進めていく必要があると感じた。"
株式会社ビーリンク,be.link.37@example.com,S20240227,P20249317,試験_面接,落選,2026-09-15 13:30,2026-09-15 14:00,オンライン・単独,自宅,1,人事,"株式会社ビーリンクの試験_面接では、HCSを選んだ理由、将来像、他社との比較について聞かれた。淡々としていたが、的確に核心を突く質問が多かった。企業研究の甘さを痛感した。結果としては不合格だったものの、今後の改善点が明確になり次の選考に活かせる面接だった。"
株式会社ビーリンク,be.link.38@example.com,S20240228,P20249318,試験_面接,内定,2026-09-17 09:30,2026-09-17 10:00,オンライン・単独,自宅,1,エンジニア,"株式会社ビーリンクでの試験_面接では、Git経験、技術的な課題解決、入社後の目標について質問された。面接官が親身になって話を聞いてくれる印象だった。技術への深い理解と、論理的な説明力が評価されたと感じる。最終的に総合的な評価は高く、非常に良いフィードバックをいただき内定となった。"
株式会社ビーリンク,be.link.39@example.com,S20240229,P20249319,試験_面接,継続（合格）,2026-09-19 15:00,2026-09-19 15:40,オンライン・単独,自宅,1,人事,"株式会社ビーリンクの試験_面接では、困難な状況への対処法、学校で学んだこと、札幌で働く理由について聞かれた。回答の背景や理由を詳しく問われた。静かな緊張感はあったものの、こちらの話を真摯に受け止めてくれた。話の論理性を高める必要性を感じた。選考は次のステップに進むことになり、引き続き準備を進めていく必要があると感じた。"
株式会社ビーリンク,be.link.40@example.com,S20240230,P20249320,試験_面接,継続（合格）,2026-09-22 11:00,2026-09-22 11:30,オンライン・単独,自宅,1,人事・エンジニア,"株式会社ビーリンクでの試験_面接では、長所と短所、志望動機、学生時代の経験全般について質問された。やや厳しめではあったが、質問の意図は明確だった。専門用語を分かりやすく説明する練習が必要だと感じた。選考は次のステップに進むことになり、引き続き準備を進めていく必要があると感じた。"
クリエイトソリューションズ株式会社,create.sol.31@example.com,S20240231,P20249321,試験_面接,内定,2026-09-24 14:00,2026-09-24 14:50,オンライン・単独,自宅,1,人事・エンジニア,"クリエイトソリューションズ株式会社の試験_面接では、技術的な興味、入社後のキャリアプラン、チーム開発での課題解決について深く問われた。終始和やかな雰囲気で、リラックスして話せた。一貫性のある回答と、将来への明確なビジョンが評価されたと感じる。最終的に総合的な評価は高く、非常に良いフィードバックをいただき内定となった。"
クリエイトソリューションズ株式会社,create.sol.32@example.com,S20240232,P20249322,試験_面接,継続（合格）,2026-09-26 10:00,2026-09-26 10:30,オンライン・単独,自宅,1,人事,"クリエイトソリューションズ株式会社での試験_面接では、ガクチカ、長所と短所、価値観について質問された。具体的なエピソードを何度も深掘りされた。淡々としていたが、質問は鋭かった。逆質問のバリエーションを増やすべきだったと反省した。選考は次のステップに進むことになり、引き続き準備を進めていく必要があると感じた。"
クリエイトソリューションズ株式会社,create.sol.33@example.com,S20240233,P20249323,試験_面接,落選,2026-09-29 15:00,2026-09-29 15:20,オンライン・単独,自宅,1,エンジニア,"クリエイトソリューションズ株式会社の試験_面接では、ポートフォリオの詳細、技術選定の理由、Git経験について重点的に聞かれた。やや厳しめではあったが、質問の意図は明確だった。技術的な説明を簡潔に行う練習が必要だと感じた。結果としては不合格だったものの、今後の改善点が明確になり次の選考に活かせる面接だった。"
クリエイトソリューションズ株式会社,create.sol.34@example.com,S20240234,P20249324,試験_面接,継続（合格）,2026-10-01 11:00,2026-10-01 11:30,オンライン・単独,自宅,1,人事・エンジニア,"クリエイトソリューションズ株式会社での試験_面接では、失敗経験から何を学んだか、レビューの受け方、会社への貢献意欲について問われた。全体的に穏やかな雰囲気で、和やかに進んだ。結論から整理して話す練習をしておくべきだと学んだ。選考は次のステップに進むことになり、引き続き準備を進めていく必要があると感じた。"
クリエイトソリューションズ株式会社,create.sol.35@example.com,S20240235,P20249325,試験_面接,内定,2026-10-03 09:00,2026-10-03 09:20,オンライン・単独,自宅,1,人事,"クリエイトソリューションズ株式会社の試験_面接では、周囲からの評価、ストレスへの対処方法、アルバイト経験について質問された。面接官が親身になって話を聞いてくれる印象だった。自己分析の深さと、コミュニケーション能力が評価されたと感じる。最終的に総合的な評価は高く、非常に良いフィードバックをいただき内定となった。"
クリエイトソリューションズ株式会社,create.sol.36@example.com,S20240236,P20249326,試験_面接,継続（合格）,2026-10-06 16:00,2026-10-06 16:40,オンライン・単独,自宅,1,人事・エンジニア,"クリエイトソリューションズ株式会社での試験_面接では、HCSを選んだ理由、札幌で働く理由、将来像について深掘りされた。静かな緊張感はあったものの、こちらの話を受け止めてくれた。話の論理性を高める必要性を感じた。選考は次のステップに進むことになり、引き続き準備を進めていく必要があると感じた。"
クリエイトソリューションズ株式会社,create.sol.37@example.com,S20240237,P20249327,試験_面接,落選,2026-10-08 10:00,2026-10-08 10:30,オンライン・単独,自宅,1,人事,"クリエイトソリューションズ株式会社の試験_面接では、志望動機、学校で学んだこと、困難を乗り越えた経験について質問された。淡々としていたが、的確に核心を突く質問が多かった。自己PRの具体性が不足していたと痛感した。結果としては不合格だったものの、今後の改善点が明確になり次の選考に活かせる面接だった。"
クリエイトソリューションズ株式会社,create.sol.38@example.com,S20240238,P20249328,試験_面接,継続（合格）,2026-10-10 14:30,2026-10-10 15:00,オンライン・単独,自宅,1,エンジニア,"クリエイトソリューションズ株式会社での試験_面接では、技術的な課題解決、チーム開発での役割、入社後の目標について聞かれた。回答の背景や理由を詳しく問われた。やや厳しめではあったが、誠実に話を聞いてもらえた。技術的な知識の確認を徹底する必要があると学んだ。選考は次のステップに進むことになり、引き続き準備を進めていく必要があると感じた。"
クリエイトソリューションズ株式会社,create.sol.39@example.com,S20240239,P20249329,試験_面接,内定,2026-10-13 15:00,2026-10-13 15:45,オンライン・単独,自宅,1,人事・エンジニア,"クリエイトソリューションズ株式会社の試験_面接では、技術への情熱、会社の理念への共感、チームでの貢献方法について重点的に問われた。面接官が明るく、非常に話しやすい雰囲気だった。熱意と、企業文化との高いフィット感が評価されたと感じる。最終的に総合的な評価は高く、非常に良いフィードバックをいただき内定となった。"
クリエイトソリューションズ株式会社,create.sol.40@example.com,S20240240,P20249330,試験_面接,継続（合格）,2026-10-15 11:00,2026-10-15 11:20,オンライン・単独,自宅,1,人事,"クリエイトソリューションズ株式会社での試験_面接では、長所と短所、学生時代の経験全般、他社との比較について質問された。具体的なエピソードを何度も深掘りされた。静かな緊張感はあったものの、こちらの話を真摯に受け止めてくれた。緊張すると早口になるため、落ち着いて話す意識が必要だと感じた。選考は次のステップに進むことになり、引き続き準備を進めていく必要があると感じた。"
株式会社デジタルリンク,digi.link.31@example.com,S20240241,P20249331,試験_面接,継続（合格）,2026-10-17 14:00,2026-10-17 14:50,オンライン・単独,自宅,1,人事,"株式会社デジタルリンクの試験_面接では、キャリアビジョン、失敗経験から何を学んだか、札幌で働く理由について深掘りされた。全体的に穏やかな雰囲気で、リラックスして話せた。企業研究をより進める必要を実感した。選考は次のステップに進むことになり、引き続き準備を進めていく必要があると感じた。"
株式会社デジタルリンク,digi.link.32@example.com,S20240242,P20249332,試験_面接,落選,2026-10-20 10:00,2026-10-20 10:30,オンライン・単独,自宅,1,人事・エンジニア,"株式会社デジタルリンクでの試験_面接では、技術的な興味、学校で学んだこと、チーム開発でのトラブル対応について質問された。やや厳しめではあったが、質問の意図は分かりやすかった。技術的な知識の浅さを痛感し、情報収集の重要性を実感した。結果としては不合格だったものの、今後の改善点が明確になり次の選考に活かせる面接だった。"
株式会社デジタルリンク,digi.link.33@example.com,S20240243,P20249333,試験_面接,継続（合格）,2026-10-22 15:00,2026-10-22 15:20,オンライン・単独,自宅,1,人事,"株式会社デジタルリンクの試験_面接では、長所と短所、志望動機、周囲からの評価について聞かれた。淡々としていたが、質問は鋭かった。結論ファーストを徹底する訓練が必要だと感じた。選考は次のステップに進むことになり、引き続き準備を進めていく必要があると感じた。"
株式会社デジタルリンク,digi.link.34@example.com,S20240244,P20249334,試験_面接,内定,2026-10-24 11:00,2026-10-24 11:30,オンライン・単独,自宅,1,エンジニア,"株式会社デジタルリンクでの試験_面接では、ポートフォリオでの挑戦点、技術選定の理由、Git経験について重点的に聞かれた。面接官が親身になって話を聞いてくれる印象だった。問題解決能力と、技術への深い関心が評価されたと感じる。最終的に総合的な評価は高く、非常に良いフィードバックをいただき内定となった。"
株式会社デジタルリンク,digi.link.35@example.com,S20240245,P20249335,試験_面接,継続（合格）,2026-10-27 09:00,2026-10-27 09:20,オンライン・単独,自宅,1,人事,"株式会社デジタルリンクの試験_面接では、入社後の目標、価値観、アルバイト経験について質問された。回答の背景や理由を詳しく問われた。静かな緊張感はあったものの、こちらの話を受け止めてくれた。自己PRの構成を見直す必要があると感じた。選考は次のステップに進むことになり、引き続き準備を進めていく必要があると感じた。"
株式会社デジタルリンク,digi.link.36@example.com,S20240246,P20249336,試験_面接,継続（合格）,2026-10-29 16:00,2026-10-29 16:40,オンライン・単独,自宅,1,人事・エンジニア,"株式会社デジタルリンクでの試験_面接では、ストレスへの対処方法、HCSを選んだ理由、レビューの受け方について質問された。具体的なエピソードを何度も深掘りされた。全体的に穏やかな雰囲気だった。専門用語を分かりやすく説明する練習が必要だと感じた。選考は次のステップに進むことになり、引き続き準備を進めていく必要があると感じた。"
株式会社デジタルリンク,digi.link.37@example.com,S20240247,P20249337,試験_面接,落選,2026-10-31 10:00,2026-10-31 10:30,オンライン・単独,自宅,1,人事,"株式会社デジタルリンクの試験_面接では、ガクチカ、困難を乗り越えた経験、将来像について深掘りされた。やや厳しめではあったが、誠実に話を聞いてもらえた。自己分析の甘さを痛感した。結果としては不合格だったものの、今後の改善点が明確になり次の選考に活かせる面接だった。"
株式会社デジタルリンク,digi.link.38@example.com,S20240248,P20249338,試験_面接,継続（合格）,2026-11-04 14:30,2026-11-04 15:00,オンライン・単独,自宅,1,エンジニア,"株式会社デジタルリンクの試験_面接では、入社後の貢献、技術的な課題解決、学校で学んだ専門技術について聞かれた。淡々としていたが、質問の意図は明確だった。技術的な知識の確認を徹底する必要があると学んだ。選考は次のステップに進むことになり、引き続き準備を進めていく必要があると感じた。"
株式会社デジタルリンク,digi.link.39@example.com,S20240249,P20249339,試験_面接,内定,2026-11-06 15:00,2026-11-06 15:45,オンライン・単独,自宅,1,人事・エンジニア,"株式会社デジタルリンクでの試験_面接では、会社への貢献意欲、技術への情熱、キャリアビジョンについて深く問われた。終始和やかな雰囲気で、会話形式で進んだ。論理的な思考力と、一貫した熱意が評価されたと感じる。最終的に総合的な評価は高く、非常に良いフィードバックをいただき内定となった。"
株式会社デジタルリンク,digi.link.40@example.com,S20240250,P20249340,試験_面接,継続（合格）,2026-11-08 11:00,2026-11-08 11:30,オンライン・単独,自宅,1,人事,"株式会社デジタルリンクの試験_面接では、長所と短所、学生時代の経験全般、他社との違いについて聞かれた。回答の背景や理由を詳しく問われた。静かな緊張感はあったものの、こちらの話を真摯に受け止めてくれた。話の論理性を高める必要性を感じた。選考は次のステップに進むことになり、引き続き準備を進めていく必要があると感じた。"
株式会社エムライン,m.line.31@example.com,S20240251,P20249341,試験_面接,継続（合格）,2026-11-10 14:00,2026-11-10 14:50,オンライン・単独,自宅,1,人事,"株式会社エムラインでの試験_面接では、志望動機、周囲からの評価、困難な状況への対処法について深掘りされた。具体的なエピソードを何度も深掘りされた。淡々としていたが、質問の意図は分かりやすかった。企業研究をより進める必要を実感した。選考は次のステップに進むことになり、引き続き準備を進めていく必要があると感じた。"
株式会社エムライン,m.line.32@example.com,S20240252,P20249342,試験_面接,落選,2026-11-12 10:00,2026-11-12 10:30,オンライン・単独,自宅,1,人事・エンジニア,"株式会社エムラインの試験_面接では、技術的な興味、チーム開発での役割、札幌で働く理由について質問された。やや厳しめではあったが、質問は鋭かった。技術的な知識の浅さを痛感し、情報収集の重要性を実感した。結果としては不合格だったものの、今後の改善点が明確になり次の選考に活かせる面接だった。"
株式会社エムライン,m.line.33@example.com,S20240253,P20249343,試験_面接,内定,2026-11-14 15:00,2026-11-14 15:20,オンライン・単独,自宅,1,人事,"株式会社エムラインでの試験_面接では、長所と短所、入社後の目標、HCSを選んだ理由について聞かれた。面接官が明るく、非常に話しやすい雰囲気だった。自己理解の深さと、入社意欲の高さが評価されたと感じる。最終的に総合的な評価は高く、非常に良いフィードバックをいただき内定となった。"
株式会社エムライン,m.line.34@example.com,S20240254,P20249344,試験_面接,継続（合格）,2026-11-17 11:00,2026-11-17 11:30,オンライン・単独,自宅,1,エンジニア,"株式会社エムラインの試験_面接では、ポートフォリオでの挑戦点、技術的な失敗とそこからの学び、レビューの受け方について重点的に問われた。静かな緊張感はあったものの、こちらの話を受け止めてくれた。技術的な知識の応用力を高める必要性を感じた。選考は次のステップに進むことになり、引き続き準備を進めていく必要があると感じた。"
株式会社エムライン,m.line.35@example.com,S20240255,P20249345,試験_面接,落選,2026-11-19 09:00,2026-11-19 09:20,オンライン・単独,自宅,1,人事,"株式会社エムラインでの試験_面接では、ガクチカ、価値観、アルバイト経験について質問された。淡々としていたが、回答の背景を詳しく問われた。結論ファーストを徹底する訓練が必要だと感じた。結果としては不合格だったものの、今後の改善点が明確になり次の選考に活かせる面接だった。"
株式会社エムライン,m.line.36@example.com,S20240256,P20249346,試験_面接,継続（合格）,2026-11-21 16:00,2026-11-21 16:40,オンライン・単独,自宅,1,人事・エンジニア,"株式会社エムラインの試験_面接では、キャリアビジョン、会社への貢献意欲、学生時代に最も力を入れたことについて深掘りされた。終始和やかな雰囲気で、会話形式で進んだ。緊張すると早口になるため、落ち着いて話す意識が必要だと感じた。選考は次のステップに進むことになり、引き続き準備を進めていく必要があると感じた。"
株式会社エムライン,m.line.37@example.com,S20240257,P20249347,試験_面接,落選,2026-11-24 10:00,2026-11-24 10:30,オンライン・単独,自宅,1,人事,"株式会社エムラインでの試験_面接では、将来像、チーム開発でのトラブル対応、他社との比較について聞かれた。やや厳しめではあったが、質問の意図は明確だった。自己分析の甘さを痛感した。結果としては不合格だったものの、今後の改善点が明確になり次の選考に活かせる面接だった。"
株式会社エムライン,m.line.38@example.com,S20240258,P20249348,試験_面接,継続（合格）,2026-11-26 14:30,2026-11-26 15:00,オンライン・単独,自宅,1,エンジニア,"株式会社エムラインの試験_面接では、Gitの具体的な利用経験、技術的な課題解決、学校で学んだ専門技術について質問された。具体的なエピソードを何度も深掘りされた。淡々としていたが、的確に核心を突く質問が多かった。専門用語を分かりやすく説明する練習が必要だと感じた。選考は次のステップに進むことになり、引き続き準備を進めていく必要があると感じた。"
株式会社エムライン,m.line.39@example.com,S20240259,P20249349,試験_面接,内定,2026-11-28 15:00,2026-11-28 15:45,オンライン・単独,自宅,1,人事・エンジニア,"株式会社エムラインでの試験_面接では、技術への情熱、会社の理念に対する共感度、入社後の貢献について深く問われた。面接官が親身になって話を聞いてくれる印象だった。一貫性のある回答と、企業への高い関心が評価されたと感じる。最終的に総合的な評価は高く、非常に良いフィードバックをいただき内定となった。"
株式会社エムライン,m.line.40@example.com,S20240260,P20249350,試験_面接,落選,2026-12-01 11:00,2026-12-01 11:30,オンライン・単独,自宅,1,人事,"株式会社エムラインの試験_面接では、長所と短所、困難を乗り越えた経験、学生時代の経験全般について聞かれた。静かな緊張感はあったものの、こちらの話を受け止めてくれた。逆質問のバリエーションを増やすべきだった。結果としては不合格だったものの、今後の改善点が明確になり次の選考に活かせる面接だった。"
株式会社フォースウェーブ,force.wave.31@example.com,S20240261,P20249351,試験_面接,内定,2026-12-03 14:00,2026-12-03 14:50,オンライン・単独,自宅,1,エンジニア,"株式会社フォースウェーブでの試験_面接では、技術的な興味、ポートフォリオでの挑戦点、チーム開発での工夫点について重点的に聞かれた。面接官は明るく、非常に話しやすかった。技術的な深掘りにも論理的に答えられ、高い評価を得た。最終的に総合的な評価は高く、非常に良いフィードバックをいただき内定となった。"
株式会社フォースウェーブ,force.wave.32@example.com,S20240262,P20249352,試験_面接,継続（合格）,2026-12-05 10:00,2026-12-05 10:30,オンライン・単独,自宅,1,人事,"株式会社フォースウェーブの試験_面接では、志望動機、長所と短所、周囲からの評価について質問された。全体的に穏やかな雰囲気だった。自己分析をもう一段深める必要があると感じた。選考は次のステップに進むことになり、引き続き準備を進めていく必要があると感じた。"
株式会社フォースウェーブ,force.wave.33@example.com,S20240263,P20249353,試験_面接,落選,2026-12-08 15:00,2026-12-08 15:20,オンライン・単独,自宅,1,人事・エンジニア,"株式会社フォースウェーブでの試験_面接では、キャリアビジョン、会社への貢献意欲、失敗経験から何を学んだかについて問われた。淡々としていたが、質問は鋭かった。将来への明確なビジョンを示す必要があったと痛感した。結果としては不合格だったものの、今後の改善点が明確になり次の選考に活かせる面接だった。"
株式会社フォースウェーブ,force.wave.34@example.com,S20240264,P20249354,試験_面接,継続（合格）,2026-12-10 11:00,2026-12-10 11:30,オンライン・単独,自宅,1,エンジニア,"株式会社フォースウェーブの試験_面接では、Git経験、レビューの受け方、技術的な課題解決について深掘りされた。やや厳しめではあったが、質問の意図は明確だった。技術的な知識の確認を徹底する必要があると学んだ。選考は次のステップに進むことになり、引き続き準備を進めていく必要があると感じた。"
株式会社フォースウェーブ,force.wave.35@example.com,S20240265,P20249355,試験_面接,継続（合格）,2026-12-12 09:00,2026-12-12 09:20,オンライン・単独,自宅,1,人事,"株式会社フォースウェーブでの試験_面接では、札幌で働く理由、価値観、ストレスへの対処方法について質問された。具体的なエピソードを何度も深掘りされた。静かな緊張感はあったものの、こちらの話を受け止めてくれた。結論から整理して話す練習をしておくべきだと学んだ。選考は次のステップに進むことになり、引き続き準備を進めていく必要があると感じた。"
株式会社フォースウェーブ,force.wave.36@example.com,S20240266,P20249356,試験_面接,継続（合格）,2026-12-15 16:00,2026-12-15 16:40,オンライン・単独,自宅,1,人事・エンジニア,"株式会社フォースウェーブの試験_面接では、入社後の目標、HCSを選んだ理由、学生時代に頑張ったことについて問われた。回答の背景や理由を詳しく問われた。全体的に穏やかな雰囲気で、和やかに進んだ。緊張すると早口になるため、落ち着いて話す意識が必要だと感じた。選考は次のステップに進むことになり、引き続き準備を進めていく必要があると感じた。"
株式会社フォースウェーブ,force.wave.37@example.com,S20240267,P20249357,試験_面接,落選,2026-12-17 10:00,2026-12-17 10:30,オンライン・単独,自宅,1,人事,"株式会社フォースウェーブでの試験_面接では、アルバイト経験、将来像、困難な状況への対処法について質問された。やや厳しめではあったが、真剣に話を聞いてもらえた。企業研究の甘さを痛感した。結果としては不合格だったものの、今後の改善点が明確になり次の選考に活かせる面接だった。"
株式会社フォースウェーブ,force.wave.38@example.com,S20240268,P20249358,試験_面接,内定,2026-12-19 14:30,2026-12-19 15:00,オンライン・単独,自宅,1,エンジニア,"株式会社フォースウェーブの試験_面接では、技術への情熱、入社後の貢献、学校で学んだ専門技術について深く問われた。面接官が親身になって話を聞いてくれる印象だった。技術的な知識の深さと、論理的な説明力が評価されたと感じる。最終的に総合的な評価は高く、非常に良いフィードバックをいただき内定となった。"
株式会社フォースウェーブ,force.wave.39@example.com,S20240269,P20249359,試験_面接,継続（合格）,2026-12-22 15:00,2026-12-22 15:45,オンライン・単独,自宅,1,人事,"株式会社フォースウェーブでの試験_面接では、ガクチカ、チーム開発でのトラブル対応、他社との比較について聞かれた。淡々としていたが、質問の意図は分かりやすかった。話の論理性を高める必要性を感じた。選考は次のステップに進むことになり、引き続き準備を進めていく必要があると感じた。"
株式会社フォースウェーブ,force.wave.40@example.com,S20240270,P20249360,試験_面接,継続（合格）,2026-12-24 11:00,2026-12-24 11:30,オンライン・単独,自宅,1,人事・エンジニア,"株式会社フォースウェーブの試験_面接では、長所と短所、学生時代の経験全般、会社の理念への共感度について質問された。具体的なエピソードを何度も深掘りされた。静かな緊張感はあったものの、こちらの話を真摯に受け止めてくれた。専門用語を分かりやすく説明する練習が必要だと感じた。選考は次のステップに進むことになり、引き続き準備を進めていく必要があると感じた。"
ノースシステム株式会社,north.sys.31@example.com,S20240271,P20249361,試験_面接,継続（合格）,2027-01-05 14:00,2027-01-05 14:50,オンライン・単独,自宅,1,人事,"ノースシステム株式会社の試験_面接では、技術的な興味、ポートフォリオの詳細、チーム開発での役割、学生時代の経験全般について深掘りされた。回答の背景や理由を詳しく問われた。全体的に穏やかな雰囲気で、リラックスして話せた。自己PRの構成を見直す必要があると感じた。選考は次のステップに進むことになり、引き続き準備を進めていく必要があると感じた。"
ノースシステム株式会社,north.sys.32@example.com,S20240272,P20249362,試験_面接,継続（合格）,2027-01-07 10:00,2027-01-07 10:30,オンライン・単独,自宅,1,人事・エンジニア,"ノースシステム株式会社での試験_面接では、志望動機、キャリアビジョン、失敗経験から何を学んだかについて深く聞かれた。やや厳しめではあったが、質問の意図は分かりやすかった。技術的な知識の確認を徹底する必要があると学んだ。選考は次のステップに進むことになり、引き続き準備を進めていく必要があると感じた。"
ノースシステム株式会社,north.sys.33@example.com,S20240273,P20249363,試験_面接,落選,2027-01-09 15:00,2027-01-09 15:20,オンライン・単独,自宅,1,人事,"ノースシステム株式会社の試験_面接では、長所と短所、価値観、ストレスへの対処方法について質問された。淡々としていたが、質問は鋭かった。自己分析の深さが足りなかったと痛感した。結果としては不合格だったものの、今後の改善点が明確になり次の選考に活かせる面接だった。"
ノースシステム株式会社,north.sys.34@example.com,S20240274,P20249364,試験_面接,内定,2027-01-13 11:00,2027-01-13 11:30,オンライン・単独,自宅,1,エンジニア,"ノースシステム株式会社での試験_面接では、Git経験、技術選定の理由、入社後の貢献について重点的に問われた。終始和やかな雰囲気で、会話形式で進んだ。技術的な背景を論理的に説明できた点が評価されたと感じる。最終的に総合的な評価は高く、非常に良いフィードバックをいただき内定となった。"
ノースシステム株式会社,north.sys.35@example.com,S20240275,P20249365,試験_面接,継続（合格）,2027-01-15 09:00,2027-01-15 09:20,オンライン・単独,自宅,1,人事,"ノースシステム株式会社の試験_面接では、周囲からの評価、アルバイト経験、札幌で働く理由について聞かれた。回答の背景や理由を詳しく問われた。静かな緊張感はあったものの、こちらの話を受け止めてくれた。結論から整理して話す練習をしておくべきだと学んだ。選考は次のステップに進むことになり、引き続き準備を進めていく必要があると感じた。"
ノースシステム株式会社,north.sys.36@example.com,S20240276,P20249366,試験_面接,継続（合格）,2027-01-17 16:00,2027-01-17 16:40,オンライン・単独,自宅,1,人事・エンジニア,"ノースシステム株式会社での試験_面接では、HCSを選んだ理由、困難を乗り越えた経験、学校で学んだことについて質問された。具体的なエピソードを何度も深掘りされた。やや厳しめではあったが、誠実に話を聞いてもらえた。緊張すると早口になるため、落ち着いて話す意識が必要だと感じた。選考は次のステップに進むことになり、引き続き準備を進めていく必要があると感じた。"
ノースシステム株式会社,north.sys.37@example.com,S20240277,P20249367,試験_面接,落選,2027-01-20 10:00,2027-01-20 10:30,オンライン・単独,自宅,1,人事,"ノースシステム株式会社の試験_面接では、ガクチカ、将来像、他社との比較について深掘りされた。淡々としていたが、的確に核心を突く質問が多かった。逆質問のバリエーションを増やすべきだったと痛感した。結果としては不合格だったものの、今後の改善点が明確になり次の選考に活かせる面接だった。"
ノースシステム株式会社,north.sys.38@example.com,S20240278,P20249368,試験_面接,継続（合格）,2027-01-22 14:30,2027-01-22 15:00,オンライン・単独,自宅,1,エンジニア,"ノースシステム株式会社での試験_面接では、技術的な課題解決、レビューの受け方、チーム開発でのトラブル対応について質問された。全体的に穏やかな雰囲気で、和やかに進んだ。話の論理性を高める必要性を感じた。選考は次のステップに進むことになり、引き続き準備を進めていく必要があると感じた。"
ノースシステム株式会社,north.sys.39@example.com,S20240279,P20249369,試験_面接,継続（合格）,2027-01-24 15:00,2027-01-24 15:45,オンライン・単独,自宅,1,人事・エンジニア,"ノースシステム株式会社の試験_面接では、会社への貢献意欲、技術への情熱、長所と短所について聞かれた。回答の背景や理由を詳しく問われた。やや厳しめではあったが、質問の意図は明確だった。企業研究をより進める必要を実感した。選考は次のステップに進むことになり、引き続き準備を進めていく必要があると感じた。"
ノースシステム株式会社,north.sys.40@example.com,S20240280,P20249370,試験_面接,内定,2027-01-27 11:00,2027-01-27 11:30,オンライン・単独,自宅,1,人事,"ノースシステム株式会社での試験_面接では、入社後の目標、キャリアビジョン、学生時代の経験全般について深く問われた。面接官が親身になって話を聞いてくれる印象だった。将来への展望と、論理的な思考力が評価されたと感じる。最終的に総合的な評価は高く、非常に良いフィードバックをいただき内定となった。"
株式会社ライフネットワーク,life.net.31@example.com,S20240281,P20249371,試験_面接,継続（合格）,2027-01-29 14:00,2027-01-29 14:50,オンライン・単独,自宅,1,人事,"株式会社ライフネットワークの試験_面接では、長所と短所、志望動機、札幌で働く理由について深掘りされた。具体的なエピソードを何度も深掘りされた。静かな緊張感はあったものの、こちらの話を受け止めてくれた。専門用語を分かりやすく説明する練習が必要だと感じた。選考は次のステップに進むことになり、引き続き準備を進めていく必要があると感じた。"
株式会社ライフネットワーク,life.net.32@example.com,S20240282,P20249372,試験_面接,落選,2027-01-31 10:00,2027-01-31 10:30,オンライン・単独,自宅,1,人事・エンジニア,"株式会社ライフネットワークでの試験_面接では、技術的な興味、ポートフォリオでの挑戦点、Git経験について質問された。淡々としていたが、質問は鋭かった。技術的な知識の浅さを痛感し、情報収集の重要性を実感した。結果としては不合格だったものの、今後の改善点が明確になり次の選考に活かせる面接だった。"
株式会社ライフネットワーク,life.net.33@example.com,S20240283,P20249373,試験_面接,継続（合格）,2027-02-03 15:00,2027-02-03 15:20,オンライン・単独,自宅,1,人事,"株式会社ライフネットワークの試験_面接では、周囲からの評価、価値観、困難な状況への対処法について聞かれた。やや厳しめではあったが、真剣にこちらの話を聞いてもらえた。緊張すると早口になるため、落ち着いて話す意識が必要だと感じた。選考は次のステップに進むことになり、引き続き準備を進めていく必要があると感じた。"
株式会社ライフネットワーク,life.net.34@example.com,S20240284,P20249374,試験_面接,内定,2027-02-05 11:00,2027-02-05 11:30,オンライン・単独,自宅,1,エンジニア,"株式会社ライフネットワークでの試験_面接では、技術選定の理由、チーム開発での役割、入社後の貢献について重点的に問われた。面接官が明るく、非常に話しやすい雰囲気だった。技術的な深い理解と、チームでの貢献意欲が評価されたと感じる。最終的に総合的な評価は高く、非常に良いフィードバックをいただき内定となった。"
株式会社ライフネットワーク,life.net.35@example.com,S20240285,P20249375,試験_面接,継続（合格）,2027-02-07 09:00,2027-02-07 09:20,オンライン・単独,自宅,1,人事,"株式会社ライフネットワークの試験_面接では、失敗経験から何を学んだか、アルバイト経験、HCSを選んだ理由について質問された。回答の背景や理由を詳しく問われた。全体的に穏やかな雰囲気で、リラックスして話せた。結論から整理して話す練習をしておくべきだと学んだ。選考は次のステップに進むことになり、引き続き準備を進めていく必要があると感じた。"
株式会社ライフネットワーク,life.net.36@example.com,S20240286,P20249376,試験_面接,落選,2027-02-10 16:00,2027-02-10 16:40,オンライン・単独,自宅,1,人事・エンジニア,"株式会社ライフネットワークでの試験_面接では、キャリアビジョン、学生時代に頑張ったこと、技術への情熱について質問された。具体的なエピソードを何度も深掘りされた。淡々としていたが、的確に核心を突く質問が多かった。将来へのビジョンと技術的な興味の連動性が不足していたと痛感した。結果としては不合格だったものの、今後の改善点が明確になり次の選考に活かせる面接だった。"
株式会社ライフネットワーク,life.net.37@example.com,S20240287,P20249377,試験_面接,継続（合格）,2027-02-12 10:00,2027-02-12 10:30,オンライン・単独,自宅,1,人事,"株式会社ライフネットワークの試験_面接では、入社後の目標、将来像、他社との比較について聞かれた。やや厳しめではあったが、質問の意図は明確だった。自己分析の甘さを痛感した。選考は次のステップに進むことになり、引き続き準備を進めていく必要があると感じた。"
株式会社ライフネットワーク,life.net.38@example.com,S20240288,P20249378,試験_面接,継続（合格）,2027-02-14 14:30,2027-02-14 15:00,オンライン・単独,自宅,1,エンジニア,"株式会社ライフネットワークでの試験_面接では、学校で学んだ専門技術、技術的な課題解決、レビューの受け方について重点的に深掘りされた。静かな緊張感はあったものの、こちらの話を真摯に受け止めてくれた。技術的な知識の応用力を高める必要性を感じた。選考は次のステップに進むことになり、引き続き準備を進めていく必要があると感じた。"
株式会社ライフネットワーク,life.net.39@example.com,S20240289,P20249379,試験_面接,落選,2027-02-17 15:00,2027-02-17 15:45,オンライン・単独,自宅,1,人事・エンジニア,"株式会社ライフネットワークの試験_面接では、会社の理念に対する共感度、長所と短所、チーム開発でのトラブル対応について質問された。終始和やかな雰囲気で、会話形式で進んだ。話の具体性が不足していたと痛感した。結果としては不合格だったものの、今後の改善点が明確になり次の選考に活かせる面接だった。"
株式会社ライフネットワーク,life.net.40@example.com,S20240290,P20249380,試験_面接,内定,2027-02-19 11:00,2027-02-19 11:30,オンライン・単独,自宅,1,人事,"株式会社ライフネットワークでの試験_面接では、ガクチカ、ストレスへの対処方法、会社への貢献意欲について深く問われた。面接官が親身になって話を聞いてくれる印象だった。熱意と論理性が両立できたことが評価されたと感じる。最終的に総合的な評価は高く、非常に良いフィードバックをいただき内定となった。"
サッポロエンジニアリング株式会社,sapporo.eng.31@example.com,S20240291,P20249381,試験_面接,継続（合格）,2027-02-21 14:00,2027-02-21 14:50,オンライン・単独,自宅,1,人事・エンジニア,"サッポロエンジニアリング株式会社の試験_面接では、技術的な興味、キャリアビジョン、チーム開発での役割、学生時代の経験全般について質問された。回答の背景や理由を詳しく問われた。全体的に穏やかな雰囲気だった。逆質問のバリエーションを増やすべきだったと反省した。選考は次のステップに進むことになり、引き続き準備を進めていく必要があると感じた。"
サッポロエンジニアリング株式会社,sapporo.eng.32@example.com,S20240292,P20249382,試験_面接,落選,2027-02-24 10:00,2027-02-24 10:30,オンライン・単独,自宅,1,人事,"サッポロエンジニアリング株式会社での試験_面接では、志望動機、長所と短所、入社後の目標について深掘りされた。淡々としていたが、質問は鋭かった。企業研究の甘さを痛感し、情報収集の重要性を実感した。結果としては不合格だったものの、今後の改善点が明確になり次の選考に活かせる面接だった。"
サッポロエンジニアリング株式会社,sapporo.eng.33@example.com,S20240293,P20249383,試験_面接,内定,2027-02-26 15:00,2027-02-26 15:20,オンライン・単独,自宅,1,エンジニア,"サッポロエンジニアリング株式会社の試験_面接では、ポートフォリオの詳細、技術選定の理由、Git経験について重点的に問われた。面接官が明るく、非常に話しやすい雰囲気だった。技術的な知識の深さと、問題解決能力が評価されたと感じる。最終的に総合的な評価は高く、非常に良いフィードバックをいただき内定となった。"
サッポロエンジニアリング株式会社,sapporo.eng.34@example.com,S20240294,P20249384,試験_面接,継続（合格）,2027-02-28 11:00,2027-02-28 11:30,オンライン・単独,自宅,1,人事・エンジニア,"サッポロエンジニアリング株式会社での試験_面接では、失敗経験から何を学んだか、レビューの受け方、札幌で働く理由について質問された。具体的なエピソードを何度も深掘りされた。静かな緊張感はあったものの、こちらの話を受け止めてくれた。結論から整理して話す練習をしておくべきだと学んだ。選考は次のステップに進むことになり、引き続き準備を進めていく必要があると感じた。"
サッポロエンジニアリング株式会社,sapporo.eng.35@example.com,S20240295,P20249385,試験_面接,継続（合格）,2027-03-03 09:00,2027-03-03 09:20,オンライン・単独,自宅,1,人事,"サッポロエンジニアリング株式会社の試験_面接では、周囲からの評価、価値観、アルバイト経験について聞かれた。回答の背景や理由を詳しく問われた。全体的に穏やかな雰囲気で、和やかに進んだ。緊張すると早口になるため、落ち着いて話す意識が必要だと感じた。選考は次のステップに進むことになり、引き続き準備を進めていく必要があると感じた。"
サッポロエンジニアリング株式会社,sapporo.eng.36@example.com,S20240296,P20249386,試験_面接,落選,2027-03-05 16:00,2027-03-05 16:40,オンライン・単独,自宅,1,エンジニア,"サッポロエンジニアリング株式会社での試験_面接では、技術的な課題解決、入社後の貢献、学校で学んだ専門技術について詳しく聞かれた。やや厳しめではあったが、誠実に話を聞いてもらえた。専門用語を分かりやすく説明する力が不足していたと痛感した。結果としては不合格だったものの、今後の改善点が明確になり次の選考に活かせる面接だった。"
サッポロエンジニアリング株式会社,sapporo.eng.37@example.com,S20240297,P20249387,試験_面接,内定,2027-03-07 10:00,2027-03-07 10:30,オンライン・単独,自宅,1,人事・エンジニア,"サッポロエンジニアリング株式会社の試験_面接では、技術への情熱、会社の理念への共感度、HCSを選んだ理由について深く問われた。終始和やかな雰囲気で、会話形式で進んだ。熱意と一貫性のある回答が評価され、非常にポジティブなフィードバックをいただいた。最終的に総合的な評価は高く、非常に良いフィードバックをいただき内定となった。"
サッポロエンジニアリング株式会社,sapporo.eng.38@example.com,S20240298,P20249388,試験_面接,継続（合格）,2027-03-10 14:30,2027-03-10 15:00,オンライン・単独,自宅,1,人事,"サッポロエンジニアリング株式会社での試験_面接では、将来像、学生時代に最も力を入れたこと、困難を乗り越えた経験について質問された。具体的なエピソードを何度も深掘りされた。淡々としていたが、質問の意図は明確だった。自己PRの構成を見直す必要があると感じた。選考は次のステップに進むことになり、引き続き準備を進めていく必要があると感じた。"
サッポロエンジニアリング株式会社,sapporo.eng.39@example.com,S20240299,P20249389,試験_面接,継続（合格）,2027-03-12 15:00,2027-03-12 15:45,オンライン・単独,自宅,1,エンジニア,"サッポロエンジニアリング株式会社の試験_面接では、チーム開発でのトラブル対応、技術的な興味、ポートフォリオでの挑戦点について聞かれた。回答の背景や理由を詳しく問われた。静かな緊張感はあったものの、こちらの話を真摯に受け止めてくれた。話の論理性を高める必要性を感じた。選考は次のステップに進むことになり、引き続き準備を進めていく必要があると感じた。"
サッポロエンジニアリング株式会社,sapporo.eng.40@example.com,S20240300,P20249390,試験_面接,継続（合格）,2027-03-14 11:00,2027-03-14 11:30,オンライン・単独,自宅,1,人事・エンジニア,"サッポロエンジニアリング株式会社での試験_面接では、長所と短所、ガクチカ、会社への貢献意欲について質問された。やや厳しめではあったが、質問の意図は分かりやすかった。企業研究をより進める必要を実感した。選考は次のステップに進むことになり、引き続き準備を進めていく必要があると感じた。"
株式会社ホライズンテック,horizon.tech.31@example.com,S20240301,P20249391,試験_面接,継続（合格）,2027-03-17 14:00,2027-03-17 14:50,オンライン・単独,自宅,1,人事,"株式会社ホライズンテックでの試験_面接では、入社後の目標、価値観、ストレスへの対処方法について深掘りされた。具体的なエピソードを何度も深掘りされた。全体的に穏やかな雰囲気で、和やかに進んだ。逆質問のバリエーションを増やしておくべきだったと反省した。選考は次のステップに進むことになり、引き続き準備を進めていく必要があると感じた。"
株式会社ホライズンテック,horizon.tech.32@example.com,S20240302,P20249392,試験_面接,落選,2027-03-19 10:00,2027-03-19 10:30,オンライン・単独,自宅,1,人事・エンジニア,"株式会社ホライズンテックの試験_面接では、技術的な興味、キャリアビジョン、チーム開発での工夫点について質問された。淡々としていたが、質問は鋭かった。将来のビジョンと技術的な興味の連動性が不足していたと痛感した。結果としては不合格だったものの、今後の改善点が明確になり次の選考に活かせる面接だった。"
株式会社ホライズンテック,horizon.tech.33@example.com,S20240303,P20249393,試験_面接,内定,2027-03-21 15:00,2027-03-21 15:20,オンライン・単独,自宅,1,人事,"株式会社ホライズンテックでの試験_面接では、長所と短所、周囲からの評価、HCSを選んだ理由について聞かれた。面接官が親身になって話を聞いてくれる印象だった。自己理解の深さと、コミュニケーション能力が評価されたと感じる。最終的に総合的な評価は高く、非常に良いフィードバックをいただき内定となった。"
株式会社ホライズンテック,horizon.tech.34@example.com,S20240304,P20249394,試験_面接,継続（合格）,2027-03-24 11:00,2027-03-24 11:30,オンライン・単独,自宅,1,エンジニア,"株式会社ホライズンテックの試験_面接では、ポートフォリオの詳細、技術的な課題解決、レビューの受け方について重点的に問われた。静かな緊張感はあったものの、こちらの話を受け止めてくれた。専門用語を分かりやすく説明する練習が必要だと感じた。選考は次のステップに進むことになり、引き続き準備を進めていく必要があると感じた。"
株式会社ホライズンテック,horizon.tech.35@example.com,S20240305,P20249395,試験_面接,落選,2027-03-26 09:00,2027-03-26 09:20,オンライン・単独,自宅,1,人事,"株式会社ホライズンテックでの試験_面接では、ガクチカ、アルバイト経験、札幌で働く理由について質問された。淡々としていたが、回答の背景を詳しく問われた。結論から整理して話す練習をしておくべきだと学んだ。結果としては不合格だったものの、今後の改善点が明確になり次の選考に活かせる面接だった。"
株式会社ホライズンテック,horizon.tech.36@example.com,S20240306,P20249396,試験_面接,継続（合格）,2027-03-28 16:00,2027-03-28 16:40,オンライン・単独,自宅,1,人事・エンジニア,"株式会社ホライズンテックの試験_面接では、失敗経験から何を学んだか、技術への情熱、学生時代に頑張ったことについて深掘りされた。やや厳しめではあったが、質問の意図は明確だった。話の論理性を高める必要性を感じた。選考は次のステップに進むことになり、引き続き準備を進めていく必要があると感じた。"
株式会社ホライズンテック,horizon.tech.37@example.com,S20240307,P20249397,試験_面接,継続（合格）,2027-03-31 10:00,2027-03-31 10:30,オンライン・単独,自宅,1,人事,"株式会社ホライズンテックでの試験_面接では、将来像、チーム開発でのトラブル対応、他社との比較について聞かれた。具体的なエピソードを何度も深掘りされた。全体的に穏やかな雰囲気で、リラックスして話せた。自己PRの構成を見直す必要があると感じた。選考は次のステップに進むことになり、引き続き準備を進めていく必要があると感じた。"
株式会社ホライズンテック,horizon.tech.38@example.com,S20240308,P20249398,試験_面接,落選,2027-04-02 14:30,2027-04-02 15:00,オンライン・単独,自宅,1,エンジニア,"株式会社ホライズンテックの試験_面接では、Git経験、学校で学んだ専門技術、入社後の貢献について質問された。淡々としていたが、的確に核心を突く質問が多かった。技術的な知識の応用力を高める必要性を感じた。結果としては不合格だったものの、今後の改善点が明確になり次の選考に活かせる面接だった。"
株式会社ホライズンテック,horizon.tech.39@example.com,S20240309,P20249399,試験_面接,継続（合格）,2027-04-04 15:00,2027-04-04 15:45,オンライン・単独,自宅,1,人事・エンジニア,"株式会社ホライズンテックでの試験_面接では、会社の理念に対する共感度、困難を乗り越えた経験、チーム開発での役割について聞かれた。回答の背景や理由を詳しく問われた。やや厳しめではあったが、誠実に話を聞いてもらえた。緊張すると早口になるため、落ち着いて話す意識が必要だと感じた。選考は次のステップに進むことになり、引き続き準備を進めていく必要があると感じた。"
株式会社ホライズンテック,horizon.tech.40@example.com,S20240310,P20249400,試験_面接,内定,2027-04-07 11:00,2027-04-07 11:30,オンライン・単独,自宅,1,人事,"株式会社ホライズンテックの試験_面接では、長所と短所、会社への貢献意欲、学生時代の経験全般について深く問われた。終始和やかな雰囲気で、会話形式で進んだ。論理的な思考力と、自己成長への意欲が評価されたと感じる。最終的に総合的な評価は高く、非常に良いフィードバックをいただき内定となった。"
株式会社アルファテック,alfa.tech.41@example.com,S20240311,P20249401,試験_面接,内定,2026-09-02 10:00,2026-09-02 10:40,オンライン・単独,自宅,1,人事・エンジニア,"株式会社アルファテックの試験_面接では、技術的な興味、キャリアビジョン、失敗経験から何を学んだかについて深く問われた。終始和やかな雰囲気で、話しやすかった。技術への深い関心と将来への明確な展望が評価され、内定となった。"
株式会社アルファテック,alfa.tech.42@example.com,S20240312,P20249402,試験_面接,継続（合格）,2026-09-05 14:00,2026-09-05 14:30,オンライン・単独,自宅,1,人事,"株式会社アルファテックでの試験_面接では、周囲からの評価、ストレスへの対処方法、価値観について質問された。やや厳しめだったが、真剣に話を聞いてもらえた。回答の具体性を意識するべきだったと感じる。選考は次のステップに進むことになり、引き続き準備を進めていく必要があると感じた。"
株式会社アルファテック,alfa.tech.43@example.com,S20240313,P20249403,試験_面接,継続（合格）,2026-09-08 16:00,2026-09-08 16:20,オンライン・単独,自宅,1,エンジニア,"株式会社アルファテックの試験_面接では、学校で学んだ専門技術、チーム開発での協調性、レビューの受け方について聞かれた。静かな緊張感はあったものの、こちらの話を受け止めてくれた。技術的な知識の応用力を高める必要性を感じた。選考は次のステップに進むことになり、引き続き準備を進めていく必要があると感じた。"
株式会社アルファテック,alfa.tech.44@example.com,S20240314,P20249404,試験_面接,落選,2026-09-11 11:00,2026-09-11 11:30,オンライン・単独,自宅,1,人事,"株式会社アルファテックでの試験_面接では、HCSを選んだ理由、アルバイト経験、将来像について質問された。淡々としていたが、回答の背景を詳しく問われた。自己分析の甘さを痛感した。結果としては不合格だったものの、今後の改善点が明確になり次の選考に活かせる面接だった。"
株式会社アルファテック,alfa.tech.45@example.com,S20240315,P20249405,試験_面接,継続（合格）,2026-09-14 09:00,2026-09-14 09:20,オンライン・単独,自宅,1,人事・エンジニア,"株式会社アルファテックの試験_面接では、札幌で働く理由、学生時代に最も力を入れたこと、技術的な興味について聞かれた。具体的なエピソードを深掘りされた。結論ファーストを徹底する訓練が必要だと感じた。選考は次のステップに進むことになり、引き続き準備を進めていく必要があると感じた。"
株式会社アルファテック,alfa.tech.46@example.com,S20240316,P20249406,試験_面接,継続（合格）,2026-09-17 15:00,2026-09-17 15:40,オンライン・単独,自宅,1,人事,"株式会社アルファテックでの試験_面接では、困難を乗り越えた経験、入社後のキャリアパス、他社との違いについて聞かれた。やや厳しめだったが質問の意図は明確だった。逆質問のバリエーションを増やしておくべきだったと反省した。選考は次のステップに進むことになり、引き続き準備を進めていく必要があると感じた。"
株式会社アルファテック,alfa.tech.47@example.com,S20240317,P20249407,試験_面接,内定,2026-09-20 10:30,2026-09-20 11:00,オンライン・単独,自宅,1,人事・エンジニア,"株式会社アルファテックの試験_面接では、会社への貢献意欲、技術への情熱、長所と短所について深く問われた。終始和やかな雰囲気で進んだ。論理的な思考と熱意が評価されたと感じる。最終的に総合的な評価は高く、非常に良いフィードバックをいただき内定となった。"
株式会社アルファテック,alfa.tech.48@example.com,S20240318,P20249408,試験_面接,継続（合格）,2026-09-23 14:00,2026-09-23 14:30,オンライン・単独,自宅,1,人事,"株式会社アルファテックでの試験_面接では、長所と短所、志望動機、チームでの協調性について質問された。具体的なエピソードを何度も深掘りされた。話の論理性を高める訓練が必要だと感じた。選考は次のステップに進むことになり、引き続き準備を進めていく必要があると感じた。"
株式会社アルファテック,alfa.tech.49@example.com,S20240319,P20249409,試験_面接,落選,2026-09-26 11:00,2026-09-26 11:40,オンライン・単独,自宅,1,エンジニア,"株式会社アルファテックの試験_面接では、技術的な興味、ポートフォリオでの技術選定、Gitの利用経験について質問された。質問は鋭く、深掘りされた。技術知識の幅と深さが足りなかったと痛感した。結果としては不合格だったものの、今後の改善点が明確になり次の選考に活かせる面接だった。"
株式会社アルファテック,alfa.tech.50@example.com,S20240320,P20249410,試験_面接,継続（合格）,2026-09-29 09:00,2026-09-29 09:30,オンライン・単独,自宅,1,人事・エンジニア,"株式会社アルファテックでの試験_面接では、キャリアビジョン、会社の理念への共感、入社後の目標について聞かれた。終始和やかな雰囲気で、会話形式で進んだ。専門用語を分かりやすく説明する練習が必要だと感じた。選考は次のステップに進むことになり、引き続き準備を進めていく必要があると感じた。"
株式会社ビーリンク,be.link.41@example.com,S20240321,P20249411,試験_面接,継続（合格）,2026-10-02 14:00,2026-10-02 14:50,オンライン・単独,自宅,1,人事,"株式会社ビーリンクの試験_面接では、ガクチカ、長所と短所、札幌で働く理由について深掘りされた。回答の背景や理由を詳しく問われた。全体的に穏やかな雰囲気だった。企業研究をより進める必要を実感した。選考は次のステップに進むことになり、引き続き準備を進めていく必要があると感じた。"
株式会社ビーリンク,be.link.42@example.com,S20240322,P20249412,試験_面接,内定,2026-10-05 10:00,2026-10-05 10:30,オンライン・単独,自宅,1,人事・エンジニア,"株式会社ビーリンクでの試験_面接では、技術的な興味、ポートフォリオの詳細、キャリアビジョンについて深く問われた。面接官が明るく、非常に話しやすい雰囲気だった。技術への情熱と論理性が評価されたと感じる。最終的に総合的な評価は高く、非常に良いフィードバックをいただき内定となった。"
株式会社ビーリンク,be.link.43@example.com,S20240323,P20249413,試験_面接,継続（合格）,2026-10-08 16:00,2026-10-08 16:20,オンライン・単独,自宅,1,人事,"株式会社ビーリンクの試験_面接では、入社後の目標、周囲からの評価、ストレスへの対処方法について聞かれた。淡々としていたが、質問の意図は分かりやすかった。緊張すると早口になるため、落ち着いて話す意識が必要だと感じた。選考は次のステップに進むことになり、引き続き準備を進めていく必要があると感じた。"
株式会社ビーリンク,be.link.44@example.com,S20240324,P20249414,試験_面接,落選,2026-10-11 11:00,2026-10-11 11:30,オンライン・単独,自宅,1,エンジニア,"株式会社ビーリンクでの試験_面接では、技術選定の理由、開発における課題解決、レビューの受け方について重点的に聞かれた。静かな緊張感はあったものの、質問は鋭かった。技術的な知識の幅が足りなかったと痛感した。結果としては不合格だったものの、今後の改善点が明確になり次の選考に活かせる面接だった。"
株式会社ビーリンク,be.link.45@example.com,S20240325,P20249415,試験_面接,継続（合格）,2026-10-14 09:00,2026-10-14 09:20,オンライン・単独,自宅,1,人事,"株式会社ビーリンクの試験_面接では、失敗経験から何を学んだか、価値観、アルバイト経験について質問された。やや厳しめではあったが、真剣にこちらの話を聞いてもらえた。自己分析をもう一段深める必要があると感じた。選考は次のステップに進むことになり、引き続き準備を進めていく必要があると感じた。"
株式会社ビーリンク,be.link.46@example.com,S20240326,P20249416,試験_面接,継続（合格）,2026-10-17 15:00,2026-10-17 15:40,オンライン・単独,自宅,1,人事・エンジニア,"株式会社ビーリンクでの試験_面接では、会社への貢献意欲、チーム開発での役割、学生時代に頑張ったことについて問われた。具体的なエピソードを何度も深掘りされた。終始和やかな雰囲気で、会話形式で進んだ。結論から整理して話す練習をしておくべきだと学んだ。選考は次のステップに進むことになり、引き続き準備を進めていく必要があると感じた。"
株式会社ビーリンク,be.link.47@example.com,S20240327,P20249417,試験_面接,落選,2026-10-20 10:30,2026-10-20 11:00,オンライン・単独,自宅,1,人事,"株式会社ビーリンクの試験_面接では、HCSを選んだ理由、将来像、他社との比較について聞かれた。淡々としていたが、的確に核心を突く質問が多かった。企業研究の甘さを痛感した。結果としては不合格だったものの、今後の改善点が明確になり次の選考に活かせる面接だった。"
株式会社ビーリンク,be.link.48@example.com,S20240328,P20249418,試験_面接,内定,2026-10-23 14:00,2026-10-23 14:30,オンライン・単独,自宅,1,エンジニア,"株式会社ビーリンクでの試験_面接では、Git経験、技術的な課題解決、入社後の目標について質問された。面接官が親身になって話を聞いてくれる印象だった。技術への深い理解と、論理的な説明力が評価されたと感じる。最終的に総合的な評価は高く、非常に良いフィードバックをいただき内定となった。"
株式会社ビーリンク,be.link.49@example.com,S20240329,P20249419,試験_面接,継続（合格）,2026-10-26 11:00,2026-10-26 11:40,オンライン・単独,自宅,1,人事,"株式会社ビーリンクの試験_面接では、困難な状況への対処法、学校で学んだこと、札幌で働く理由について聞かれた。回答の背景や理由を詳しく問われた。静かな緊張感はあったものの、こちらの話を真摯に受け止めてくれた。話の論理性を高める必要性を感じた。選考は次のステップに進むことになり、引き続き準備を進めていく必要があると感じた。"
株式会社ビーリンク,be.link.50@example.com,S20240330,P20249420,試験_面接,継続（合格）,2026-10-29 09:00,2026-10-29 09:30,オンライン・単独,自宅,1,人事・エンジニア,"株式会社ビーリンクでの試験_面接では、長所と短所、志望動機、学生時代の経験全般について質問された。やや厳しめではあったが、質問の意図は明確だった。専門用語を分かりやすく説明する練習が必要だと感じた。選考は次のステップに進むことになり、引き続き準備を進めていく必要があると感じた。"
クリエイトソリューションズ株式会社,create.sol.41@example.com,S20240331,P20249421,試験_面接,継続（合格）,2026-11-01 14:00,2026-11-01 14:50,オンライン・単独,自宅,1,人事・エンジニア,"クリエイトソリューションズ株式会社の試験_面接では、技術的な興味、入社後のキャリアプラン、チーム開発での課題解決について深く問われた。終始和やかな雰囲気で、リラックスして話せた。話の論理性を高める必要性を感じた。選考は次のステップに進むことになり、引き続き準備を進めていく必要があると感じた。"
クリエイトソリューションズ株式会社,create.sol.42@example.com,S20240332,P20249422,試験_面接,継続（合格）,2026-11-04 10:00,2026-11-04 10:30,オンライン・単独,自宅,1,人事,"クリエイトソリューションズ株式会社での試験_面接では、ガクチカ、長所と短所、価値観について質問された。具体的なエピソードを何度も深掘りされた。淡々としていたが、質問は鋭かった。逆質問のバリエーションを増やすべきだったと反省した。選考は次のステップに進むことになり、引き続き準備を進めていく必要があると感じた。"
クリエイトソリューションズ株式会社,create.sol.43@example.com,S20240333,P20249423,試験_面接,落選,2026-11-07 16:00,2026-11-07 16:20,オンライン・単独,自宅,1,エンジニア,"クリエイトソリューションズ株式会社の試験_面接では、ポートフォリオの詳細、技術選定の理由、Git経験について重点的に聞かれた。やや厳しめではあったが、質問の意図は明確だった。技術的な説明を簡潔に行う練習が必要だと感じた。結果としては不合格だったものの、今後の改善点が明確になり次の選考に活かせる面接だった。"
クリエイトソリューションズ株式会社,create.sol.44@example.com,S20240334,P20249424,試験_面接,内定,2026-11-10 11:00,2026-11-10 11:30,オンライン・単独,自宅,1,人事・エンジニア,"クリエイトソリューションズ株式会社での試験_面接では、失敗経験から何を学んだか、レビューの受け方、会社への貢献意欲について問われた。全体的に穏やかな雰囲気で、和やかに進んだ。一貫性のある回答と、将来への明確なビジョンが評価されたと感じる。最終的に総合的な評価は高く、非常に良いフィードバックをいただき内定となった。"
クリエイトソリューションズ株式会社,create.sol.45@example.com,S20240335,P20249425,試験_面接,継続（合格）,2026-11-13 09:00,2026-11-13 09:20,オンライン・単独,自宅,1,人事,"クリエイトソリューションズ株式会社の試験_面接では、周囲からの評価、ストレスへの対処方法、アルバイト経験について質問された。面接官が親身になって話を聞いてくれる印象だった。結論から整理して話す練習をしておくべきだと学んだ。選考は次のステップに進むことになり、引き続き準備を進めていく必要があると感じた。"
クリエイトソリューションズ株式会社,create.sol.46@example.com,S20240336,P20249426,試験_面接,継続（合格）,2026-11-16 15:00,2026-11-16 15:40,オンライン・単独,自宅,1,人事・エンジニア,"クリエイトソリューションズ株式会社での試験_面接では、HCSを選んだ理由、札幌で働く理由、将来像について深掘りされた。静かな緊張感はあったものの、こちらの話を受け止めてくれた。話の論理性を高める必要性を感じた。選考は次のステップに進むことになり、引き続き準備を進めていく必要があると感じた。"
クリエイトソリューションズ株式会社,create.sol.47@example.com,S20240337,P20249427,試験_面接,落選,2026-11-19 10:30,2026-11-19 11:00,オンライン・単独,自宅,1,人事,"クリエイトソリューションズ株式会社の試験_面接では、志望動機、学校で学んだこと、困難を乗り越えた経験について質問された。淡々としていたが、的確に核心を突く質問が多かった。自己PRの具体性が不足していたと痛感した。結果としては不合格だったものの、今後の改善点が明確になり次の選考に活かせる面接だった。"
クリエイトソリューションズ株式会社,create.sol.48@example.com,S20240338,P20249428,試験_面接,継続（合格）,2026-11-22 14:00,2026-11-22 14:30,オンライン・単独,自宅,1,エンジニア,"クリエイトソリューションズ株式会社での試験_面接では、技術的な課題解決、チーム開発での役割、入社後の目標について聞かれた。回答の背景や理由を詳しく問われた。やや厳しめではあったが、誠実に話を聞いてもらえた。技術的な知識の確認を徹底する必要があると学んだ。選考は次のステップに進むことになり、引き続き準備を進めていく必要があると感じた。"
クリエイトソリューションズ株式会社,create.sol.49@example.com,S20240339,P20249429,試験_面接,内定,2026-11-25 11:00,2026-11-25 11:40,オンライン・単独,自宅,1,人事・エンジニア,"クリエイトソリューションズ株式会社の試験_面接では、技術への情熱、会社の理念への共感、チームでの貢献方法について重点的に問われた。面接官が明るく、非常に話しやすい雰囲気だった。熱意と、企業文化との高いフィット感が評価されたと感じる。最終的に総合的な評価は高く、非常に良いフィードバックをいただき内定となった。"
クリエイトソリューションズ株式会社,create.sol.50@example.com,S20240340,P20249430,試験_面接,継続（合格）,2026-11-28 09:00,2026-11-28 09:30,オンライン・単独,自宅,1,人事,"クリエイトソリューションズ株式会社での試験_面接では、長所と短所、学生時代の経験全般、他社との比較について質問された。具体的なエピソードを何度も深掘りされた。静かな緊張感はあったものの、こちらの話を真摯に受け止めてくれた。緊張すると早口になるため、落ち着いて話す意識が必要だと感じた。選考は次のステップに進むことになり、引き続き準備を進めていく必要があると感じた。"
株式会社デジタルリンク,digi.link.41@example.com,S20240341,P20249431,試験_面接,内定,2026-12-01 14:00,2026-12-01 14:50,オンライン・単独,自宅,1,人事,"株式会社デジタルリンクの試験_面接では、キャリアビジョン、失敗経験から何を学んだか、札幌で働く理由について深掘りされた。全体的に穏やかな雰囲気で、リラックスして話せた。問題解決能力と、技術への深い関心が評価されたと感じる。最終的に総合的な評価は高く、非常に良いフィードバックをいただき内定となった。"
株式会社デジタルリンク,digi.link.42@example.com,S20240342,P20249432,試験_面接,落選,2026-12-04 10:00,2026-12-04 10:30,オンライン・単独,自宅,1,人事・エンジニア,"株式会社デジタルリンクでの試験_面接では、技術的な興味、学校で学んだこと、チーム開発でのトラブル対応について質問された。やや厳しめではあったが、質問の意図は分かりやすかった。技術的な知識の浅さを痛感し、情報収集の重要性を実感した。結果としては不合格だったものの、今後の改善点が明確になり次の選考に活かせる面接だった。"
株式会社デジタルリンク,digi.link.43@example.com,S20240343,P20249433,試験_面接,継続（合格）,2026-12-07 16:00,2026-12-07 16:20,オンライン・単独,自宅,1,人事,"株式会社デジタルリンクの試験_面接では、長所と短所、志望動機、周囲からの評価について聞かれた。淡々としていたが、質問は鋭かった。結論ファーストを徹底する訓練が必要だと感じた。選考は次のステップに進むことになり、引き続き準備を進めていく必要があると感じた。"
株式会社デジタルリンク,digi.link.44@example.com,S20240344,P20249434,試験_面接,継続（合格）,2026-12-10 11:00,2026-12-10 11:30,オンライン・単独,自宅,1,エンジニア,"株式会社デジタルリンクでの試験_面接では、ポートフォリオでの挑戦点、技術選定の理由、Git経験について重点的に聞かれた。面接官が親身になって話を聞いてくれる印象だった。技術的な知識の確認を徹底する必要があると学んだ。選考は次のステップに進むことになり、引き続き準備を進めていく必要があると感じた。"
株式会社デジタルリンク,digi.link.45@example.com,S20240345,P20249435,試験_面接,継続（合格）,2026-12-13 09:00,2026-12-13 09:20,オンライン・単独,自宅,1,人事,"株式会社デジタルリンクの試験_面接では、入社後の目標、価値観、アルバイト経験について質問された。回答の背景や理由を詳しく問われた。静かな緊張感はあったものの、こちらの話を受け止めてくれた。自己PRの構成を見直す必要があると感じた。選考は次のステップに進むことになり、引き続き準備を進めていく必要があると感じた。"
株式会社デジタルリンク,digi.link.46@example.com,S20240346,P20249436,試験_面接,継続（合格）,2026-12-16 15:00,2026-12-16 15:40,オンライン・単独,自宅,1,人事・エンジニア,"株式会社デジタルリンクでの試験_面接では、ストレスへの対処方法、HCSを選んだ理由、レビューの受け方について質問された。具体的なエピソードを何度も深掘りされた。全体的に穏やかな雰囲気だった。専門用語を分かりやすく説明する練習が必要だと感じた。選考は次のステップに進むことになり、引き続き準備を進めていく必要があると感じた。"
株式会社デジタルリンク,digi.link.47@example.com,S20240347,P20249437,試験_面接,落選,2026-12-19 10:30,2026-12-19 11:00,オンライン・単独,自宅,1,人事,"株式会社デジタルリンクの試験_面接では、ガクチカ、困難を乗り越えた経験、将来像について深掘りされた。やや厳しめではあったが、誠実に話を聞いてもらえた。自己分析の甘さを痛感した。結果としては不合格だったものの、今後の改善点が明確になり次の選考に活かせる面接だった。"
株式会社デジタルリンク,digi.link.48@example.com,S20240348,P20249438,試験_面接,継続（合格）,2026-12-22 14:00,2026-12-22 14:30,オンライン・単独,自宅,1,エンジニア,"株式会社デジタルリンクの試験_面接では、入社後の貢献、技術的な課題解決、学校で学んだ専門技術について聞かれた。淡々としていたが、質問の意図は明確だった。話の論理性を高める必要性を感じた。選考は次のステップに進むことになり、引き続き準備を進めていく必要があると感じた。"
株式会社デジタルリンク,digi.link.49@example.com,S20240349,P20249439,試験_面接,内定,2026-12-25 11:00,2026-12-25 11:40,オンライン・単独,自宅,1,人事・エンジニア,"株式会社デジタルリンクでの試験_面接では、会社への貢献意欲、技術への情熱、キャリアビジョンについて深く問われた。終始和やかな雰囲気で、会話形式で進んだ。論理的な思考力と、一貫した熱意が評価されたと感じる。最終的に総合的な評価は高く、非常に良いフィードバックをいただき内定となった。"
株式会社デジタルリンク,digi.link.50@example.com,S20240350,P20249440,試験_面接,継続（合格）,2026-12-28 09:00,2026-12-28 09:30,オンライン・単独,自宅,1,人事,"株式会社デジタルリンクの試験_面接では、長所と短所、学生時代の経験全般、他社との違いについて聞かれた。回答の背景や理由を詳しく問われた。静かな緊張感はあったものの、こちらの話を真摯に受け止めてくれた。話の論理性を高める必要性を感じた。選考は次のステップに進むことになり、引き続き準備を進めていく必要があると感じた。"
株式会社エムライン,m.line.41@example.com,S20240351,P20249441,試験_面接,内定,2027-01-02 14:00,2027-01-02 14:50,オンライン・単独,自宅,1,人事,"株式会社エムラインでの試験_面接では、志望動機、周囲からの評価、困難な状況への対処法について深掘りされた。具体的なエピソードを何度も深掘りされた。淡々としていたが、質問の意図は分かりやすかった。自己理解の深さと、入社意欲の高さが評価されたと感じる。最終的に総合的な評価は高く、非常に良いフィードバックをいただき内定となった。"
株式会社エムライン,m.line.42@example.com,S20240352,P20249442,試験_面接,落選,2027-01-05 10:00,2027-01-05 10:30,オンライン・単独,自宅,1,人事・エンジニア,"株式会社エムラインの試験_面接では、技術的な興味、チーム開発での役割、札幌で働く理由について質問された。やや厳しめではあったが、質問は鋭かった。技術的な知識の浅さを痛感し、情報収集の重要性を実感した。結果としては不合格だったものの、今後の改善点が明確になり次の選考に活かせる面接だった。"
株式会社エムライン,m.line.43@example.com,S20240353,P20249443,試験_面接,継続（合格）,2027-01-08 16:00,2027-01-08 16:20,オンライン・単独,自宅,1,人事,"株式会社エムラインでの試験_面接では、長所と短所、入社後の目標、HCSを選んだ理由について聞かれた。面接官が明るく、非常に話しやすい雰囲気だった。企業研究をより進める必要を実感した。選考は次のステップに進むことになり、引き続き準備を進めていく必要があると感じた。"
株式会社エムライン,m.line.44@example.com,S20240354,P20249444,試験_面接,継続（合格）,2027-01-11 11:00,2027-01-11 11:30,オンライン・単独,自宅,1,エンジニア,"株式会社エムラインの試験_面接では、ポートフォリオでの挑戦点、技術的な失敗とそこからの学び、レビューの受け方について重点的に問われた。静かな緊張感はあったものの、こちらの話を受け止めてくれた。技術的な知識の応用力を高める必要性を感じた。選考は次のステップに進むことになり、引き続き準備を進めていく必要があると感じた。"
株式会社エムライン,m.line.45@example.com,S20240355,P20249445,試験_面接,落選,2027-01-14 09:00,2027-01-14 09:20,オンライン・単独,自宅,1,人事,"株式会社エムラインでの試験_面接では、ガクチカ、価値観、アルバイト経験について質問された。淡々としていたが、回答の背景を詳しく問われた。結論ファーストを徹底する訓練が必要だと感じた。結果としては不合格だったものの、今後の改善点が明確になり次の選考に活かせる面接だった。"
株式会社エムライン,m.line.46@example.com,S20240356,P20249446,試験_面接,継続（合格）,2027-01-17 15:00,2027-01-17 15:40,オンライン・単独,自宅,1,人事・エンジニア,"株式会社エムラインの試験_面接では、キャリアビジョン、会社への貢献意欲、学生時代に最も力を入れたことについて深掘りされた。終始和やかな雰囲気で、会話形式で進んだ。緊張すると早口になるため、落ち着いて話す意識が必要だと感じた。選考は次のステップに進むことになり、引き続き準備を進めていく必要があると感じた。"
株式会社エムライン,m.line.47@example.com,S20240357,P20249447,試験_面接,落選,2027-01-20 10:30,2027-01-20 11:00,オンライン・単独,自宅,1,人事,"株式会社エムラインでの試験_面接では、将来像、チーム開発でのトラブル対応、他社との比較について聞かれた。やや厳しめではあったが、質問の意図は明確だった。自己分析の甘さを痛感した。結果としては不合格だったものの、今後の改善点が明確になり次の選考に活かせる面接だった。"
株式会社エムライン,m.line.48@example.com,S20240358,P20249448,試験_面接,継続（合格）,2027-01-23 14:00,2027-01-23 14:30,オンライン・単独,自宅,1,エンジニア,"株式会社エムラインの試験_面接では、Gitの具体的な利用経験、技術的な課題解決、学校で学んだ専門技術について質問された。具体的なエピソードを何度も深掘りされた。淡々としていたが、的確に核心を突く質問が多かった。専門用語を分かりやすく説明する練習が必要だと感じた。選考は次のステップに進むことになり、引き続き準備を進めていく必要があると感じた。"
株式会社エムライン,m.line.49@example.com,S20240359,P20249449,試験_面接,内定,2027-01-26 11:00,2027-01-26 11:40,オンライン・単独,自宅,1,人事・エンジニア,"株式会社エムラインでの試験_面接では、技術への情熱、会社の理念に対する共感度、入社後の貢献について深く問われた。面接官が親身になって話を聞いてくれる印象だった。一貫性のある回答と、企業への高い関心が評価されたと感じる。最終的に総合的な評価は高く、非常に良いフィードバックをいただき内定となった。"
株式会社エムライン,m.line.50@example.com,S20240360,P20249450,試験_面接,落選,2027-01-29 09:00,2027-01-29 09:30,オンライン・単独,自宅,1,人事,"株式会社エムラインの試験_面接では、長所と短所、困難を乗り越えた経験、学生時代の経験全般について聞かれた。静かな緊張感はあったものの、こちらの話を受け止めてくれた。逆質問のバリエーションを増やすべきだった。結果としては不合格だったものの、今後の改善点が明確になり次の選考に活かせる面接だった。"
株式会社フォースウェーブ,force.wave.41@example.com,S20240361,P20249451,試験_面接,内定,2027-02-01 14:00,2027-02-01 14:50,オンライン・単独,自宅,1,エンジニア,"株式会社フォースウェーブでの試験_面接では、技術的な興味、ポートフォリオでの挑戦点、チーム開発での工夫点について重点的に聞かれた。面接官は明るく、非常に話しやすかった。技術的な深掘りにも論理的に答えられ、高い評価を得た。最終的に総合的な評価は高く、非常に良いフィードバックをいただき内定となった。"
株式会社フォースウェーブ,force.wave.42@example.com,S20240362,P20249452,試験_面接,継続（合格）,2027-02-04 10:00,2027-02-04 10:30,オンライン・単独,自宅,1,人事,"株式会社フォースウェーブの試験_面接では、志望動機、長所と短所、周囲からの評価について質問された。全体的に穏やかな雰囲気だった。自己分析をもう一段深める必要があると感じた。選考は次のステップに進むことになり、引き続き準備を進めていく必要があると感じた。"
株式会社フォースウェーブ,force.wave.43@example.com,S20240363,P20249453,試験_面接,落選,2027-02-07 16:00,2027-02-07 16:20,オンライン・単独,自宅,1,人事・エンジニア,"株式会社フォースウェーブでの試験_面接では、キャリアビジョン、会社への貢献意欲、失敗経験から何を学んだかについて問われた。淡々としていたが、質問は鋭かった。将来への明確なビジョンを示す必要があったと痛感した。結果としては不合格だったものの、今後の改善点が明確になり次の選考に活かせる面接だった。"
株式会社フォースウェーブ,force.wave.44@example.com,S20240364,P20249454,試験_面接,継続（合格）,2027-02-10 11:00,2027-02-10 11:30,オンライン・単独,自宅,1,エンジニア,"株式会社フォースウェーブの試験_面接では、Git経験、レビューの受け方、技術的な課題解決について深掘りされた。やや厳しめではあったが、質問の意図は明確だった。技術的な知識の確認を徹底する必要があると学んだ。選考は次のステップに進むことになり、引き続き準備を進めていく必要があると感じた。"
株式会社フォースウェーブ,force.wave.45@example.com,S20240365,P20249455,試験_面接,継続（合格）,2027-02-13 09:00,2027-02-13 09:20,オンライン・単独,自宅,1,人事,"株式会社フォースウェーブでの試験_面接では、札幌で働く理由、価値観、ストレスへの対処方法について質問された。具体的なエピソードを何度も深掘りされた。静かな緊張感はあったものの、こちらの話を受け止めてくれた。結論から整理して話す練習をしておくべきだと学んだ。選考は次のステップに進むことになり、引き続き準備を進めていく必要があると感じた。"
株式会社フォースウェーブ,force.wave.46@example.com,S20240366,P20249456,試験_面接,継続（合格）,2027-02-16 15:00,2027-02-16 15:40,オンライン・単独,自宅,1,人事・エンジニア,"株式会社フォースウェーブの試験_面接では、入社後の目標、HCSを選んだ理由、学生時代に頑張ったことについて問われた。回答の背景や理由を詳しく問われた。全体的に穏やかな雰囲気で、和やかに進んだ。緊張すると早口になるため、落ち着いて話す意識が必要だと感じた。選考は次のステップに進むことになり、引き続き準備を進めていく必要があると感じた。"
株式会社フォースウェーブ,force.wave.47@example.com,S20240367,P20249457,試験_面接,落選,2027-02-19 10:30,2027-02-19 11:00,オンライン・単独,自宅,1,人事,"株式会社フォースウェーブでの試験_面接では、アルバイト経験、将来像、困難な状況への対処法について質問された。やや厳しめではあったが、真剣に話を聞いてもらえた。企業研究の甘さを痛感した。結果としては不合格だったものの、今後の改善点が明確になり次の選考に活かせる面接だった。"
株式会社フォースウェーブ,force.wave.48@example.com,S20240368,P20249458,試験_面接,内定,2027-02-22 14:00,2027-02-22 14:30,オンライン・単独,自宅,1,エンジニア,"株式会社フォースウェーブの試験_面接では、技術への情熱、入社後の貢献、学校で学んだ専門技術について深く問われた。面接官が親身になって話を聞いてくれる印象だった。技術的な知識の深さと、論理的な説明力が評価されたと感じる。最終的に総合的な評価は高く、非常に良いフィードバックをいただき内定となった。"
株式会社フォースウェーブ,force.wave.49@example.com,S20240369,P20249459,試験_面接,継続（合格）,2027-02-25 11:00,2027-02-25 11:40,オンライン・単独,自宅,1,人事,"株式会社フォースウェーブでの試験_面接では、ガクチカ、チーム開発でのトラブル対応、他社との比較について聞かれた。淡々としていたが、質問の意図は分かりやすかった。話の論理性を高める必要性を感じた。選考は次のステップに進むことになり、引き続き準備を進めていく必要があると感じた。"
株式会社フォースウェーブ,force.wave.50@example.com,S20240370,P20249460,試験_面接,継続（合格）,2027-02-28 09:00,2027-02-28 09:30,オンライン・単独,自宅,1,人事・エンジニア,"株式会社フォースウェーブの試験_面接では、長所と短所、学生時代の経験全般、会社の理念への共感度について質問された。具体的なエピソードを何度も深掘りされた。静かな緊張感はあったものの、こちらの話を真摯に受け止めてくれた。専門用語を分かりやすく説明する練習が必要だと感じた。選考は次のステップに進むことになり、引き続き準備を進めていく必要があると感じた。"
ノースシステム株式会社,north.sys.41@example.com,S20240371,P20249461,試験_面接,継続（合格）,2027-03-02 14:00,2027-03-02 14:50,オンライン・単独,自宅,1,人事,"ノースシステム株式会社の試験_面接では、技術的な興味、ポートフォリオの詳細、チーム開発での役割、学生時代の経験全般について深掘りされた。回答の背景や理由を詳しく問われた。全体的に穏やかな雰囲気で、リラックスして話せた。自己PRの構成を見直す必要があると感じた。選考は次のステップに進むことになり、引き続き準備を進めていく必要があると感じた。"
ノースシステム株式会社,north.sys.42@example.com,S20240372,P20249462,試験_面接,継続（合格）,2027-03-05 10:00,2027-03-05 10:30,オンライン・単独,自宅,1,人事・エンジニア,"ノースシステム株式会社での試験_面接では、志望動機、キャリアビジョン、失敗経験から何を学んだかについて深く聞かれた。やや厳しめではあったが、質問の意図は分かりやすかった。技術的な知識の確認を徹底する必要があると学んだ。選考は次のステップに進むことになり、引き続き準備を進めていく必要があると感じた。"
ノースシステム株式会社,north.sys.43@example.com,S20240373,P20249463,試験_面接,落選,2027-03-08 16:00,2027-03-08 16:20,オンライン・単独,自宅,1,人事,"ノースシステム株式会社の試験_面接では、長所と短所、価値観、ストレスへの対処方法について質問された。淡々としていたが、質問は鋭かった。自己分析の深さが足りなかったと痛感した。結果としては不合格だったものの、今後の改善点が明確になり次の選考に活かせる面接だった。"
ノースシステム株式会社,north.sys.44@example.com,S20240374,P20249464,試験_面接,内定,2027-03-11 11:00,2027-03-11 11:30,オンライン・単独,自宅,1,エンジニア,"ノースシステム株式会社での試験_面接では、Git経験、技術選定の理由、入社後の貢献について重点的に問われた。終始和やかな雰囲気で、会話形式で進んだ。技術的な背景を論理的に説明できた点が評価されたと感じる。最終的に総合的な評価は高く、非常に良いフィードバックをいただき内定となった。"
ノースシステム株式会社,north.sys.45@example.com,S20240375,P20249465,試験_面接,継続（合格）,2027-03-14 09:00,2027-03-14 09:20,オンライン・単独,自宅,1,人事,"ノースシステム株式会社の試験_面接では、周囲からの評価、アルバイト経験、札幌で働く理由について聞かれた。回答の背景や理由を詳しく問われた。静かな緊張感はあったものの、こちらの話を受け止めてくれた。結論から整理して話す練習をしておくべきだと学んだ。選考は次のステップに進むことになり、引き続き準備を進めていく必要があると感じた。"
ノースシステム株式会社,north.sys.46@example.com,S20240376,P20249466,試験_面接,継続（合格）,2027-03-17 15:00,2027-03-17 15:40,オンライン・単独,自宅,1,人事・エンジニア,"ノースシステム株式会社での試験_面接では、HCSを選んだ理由、困難を乗り越えた経験、学校で学んだことについて質問された。具体的なエピソードを何度も深掘りされた。やや厳しめではあったが、誠実に話を聞いてもらえた。緊張すると早口になるため、落ち着いて話す意識が必要だと感じた。選考は次のステップに進むことになり、引き続き準備を進めていく必要があると感じた。"
ノースシステム株式会社,north.sys.47@example.com,S20240377,P20249467,試験_面接,落選,2027-03-20 10:30,2027-03-20 11:00,オンライン・単独,自宅,1,人事,"ノースシステム株式会社の試験_面接では、ガクチカ、将来像、他社との比較について深掘りされた。淡々としていたが、的確に核心を突く質問が多かった。逆質問のバリエーションを増やすべきだったと痛感した。結果としては不合格だったものの、今後の改善点が明確になり次の選考に活かせる面接だった。"
ノースシステム株式会社,north.sys.48@example.com,S20240378,P20249468,試験_面接,継続（合格）,2027-03-23 14:00,2027-03-23 14:30,オンライン・単独,自宅,1,エンジニア,"ノースシステム株式会社での試験_面接では、技術的な課題解決、レビューの受け方、チーム開発でのトラブル対応について質問された。全体的に穏やかな雰囲気で、和やかに進んだ。話の論理性を高める必要性を感じた。選考は次のステップに進むことになり、引き続き準備を進めていく必要があると感じた。"
ノースシステム株式会社,north.sys.49@example.com,S20240379,P20249469,試験_面接,継続（合格）,2027-03-26 11:00,2027-03-26 11:40,オンライン・単独,自宅,1,人事・エンジニア,"ノースシステム株式会社の試験_面接では、会社への貢献意欲、技術への情熱、長所と短所について聞かれた。回答の背景や理由を詳しく問われた。やや厳しめではあったが、質問の意図は明確だった。企業研究をより進める必要を実感した。選考は次のステップに進むことになり、引き続き準備を進めていく必要があると感じた。"
ノースシステム株式会社,north.sys.50@example.com,S20240380,P20249470,試験_面接,内定,2027-03-29 09:00,2027-03-29 09:30,オンライン・単独,自宅,1,人事,"ノースシステム株式会社での試験_面接では、入社後の目標、キャリアビジョン、学生時代の経験全般について深く問われた。面接官が親身になって話を聞いてくれる印象だった。将来への展望と、論理的な思考力が評価されたと感じる。最終的に総合的な評価は高く、非常に良いフィードバックをいただき内定となった。"
株式会社ライフネットワーク,life.net.41@example.com,S20240381,P20249471,試験_面接,継続（合格）,2027-04-01 14:00,2027-04-01 14:50,オンライン・単独,自宅,1,人事,"株式会社ライフネットワークの試験_面接では、長所と短所、志望動機、札幌で働く理由について深掘りされた。具体的なエピソードを何度も深掘りされた。静かな緊張感はあったものの、こちらの話を受け止めてくれた。専門用語を分かりやすく説明する練習が必要だと感じた。選考は次のステップに進むことになり、引き続き準備を進めていく必要があると感じた。"
株式会社ライフネットワーク,life.net.42@example.com,S20240382,P20249472,試験_面接,落選,2027-04-04 10:00,2027-04-04 10:30,オンライン・単独,自宅,1,人事・エンジニア,"株式会社ライフネットワークでの試験_面接では、技術的な興味、ポートフォリオでの挑戦点、Git経験について質問された。淡々としていたが、質問は鋭かった。技術的な知識の浅さを痛感し、情報収集の重要性を実感した。結果としては不合格だったものの、今後の改善点が明確になり次の選考に活かせる面接だった。"
株式会社ライフネットワーク,life.net.43@example.com,S20240383,P20249473,試験_面接,継続（合格）,2027-04-07 16:00,2027-04-07 16:20,オンライン・単独,自宅,1,人事,"株式会社ライフネットワークの試験_面接では、周囲からの評価、価値観、困難な状況への対処法について聞かれた。やや厳しめではあったが、真剣にこちらの話を聞いてもらえた。緊張すると早口になるため、落ち着いて話す意識が必要だと感じた。選考は次のステップに進むことになり、引き続き準備を進めていく必要があると感じた。"
株式会社ライフネットワーク,life.net.44@example.com,S20240384,P20249474,試験_面接,内定,2027-04-10 11:00,2027-04-10 11:30,オンライン・単独,自宅,1,エンジニア,"株式会社ライフネットワークでの試験_面接では、技術選定の理由、チーム開発での役割、入社後の貢献について重点的に問われた。面接官が明るく、非常に話しやすい雰囲気だった。技術的な深い理解と、チームでの貢献意欲が評価されたと感じる。最終的に総合的な評価は高く、非常に良いフィードバックをいただき内定となった。"
株式会社ライフネットワーク,life.net.45@example.com,S20240385,P20249475,試験_面接,継続（合格）,2027-04-13 09:00,2027-04-13 09:20,オンライン・単独,自宅,1,人事,"株式会社ライフネットワークの試験_面接では、失敗経験から何を学んだか、アルバイト経験、HCSを選んだ理由について質問された。回答の背景や理由を詳しく問われた。全体的に穏やかな雰囲気で、リラックスして話せた。結論から整理して話す練習をしておくべきだと学んだ。選考は次のステップに進むことになり、引き続き準備を進めていく必要があると感じた。"
株式会社ライフネットワーク,life.net.46@example.com,S20240386,P20249476,試験_面接,落選,2027-04-16 15:00,2027-04-16 15:40,オンライン・単独,自宅,1,人事・エンジニア,"株式会社ライフネットワークでの試験_面接では、キャリアビジョン、学生時代に頑張ったこと、技術への情熱について質問された。具体的なエピソードを何度も深掘りされた。淡々としていたが、的確に核心を突く質問が多かった。将来へのビジョンと技術的な興味の連動性が不足していたと痛感した。結果としては不合格だったものの、今後の改善点が明確になり次の選考に活かせる面接だった。"
株式会社ライフネットワーク,life.net.47@example.com,S20240387,P20249477,試験_面接,継続（合格）,2027-04-19 10:30,2027-04-19 11:00,オンライン・単独,自宅,1,人事,"株式会社ライフネットワークの試験_面接では、入社後の目標、将来像、他社との比較について聞かれた。やや厳しめではあったが、質問の意図は明確だった。自己分析の甘さを痛感した。選考は次のステップに進むことになり、引き続き準備を進めていく必要があると感じた。"
株式会社ライフネットワーク,life.net.48@example.com,S20240388,P20249478,試験_面接,継続（合格）,2027-04-22 14:00,2027-04-22 14:30,オンライン・単独,自宅,1,エンジニア,"株式会社ライフネットワークでの試験_面接では、学校で学んだ専門技術、技術的な課題解決、レビューの受け方について重点的に深掘りされた。静かな緊張感はあったものの、こちらの話を真摯に受け止めてくれた。技術的な知識の応用力を高める必要性を感じた。選考は次のステップに進むことになり、引き続き準備を進めていく必要があると感じた。"
株式会社ライフネットワーク,life.net.49@example.com,S20240389,P20249479,試験_面接,落選,2027-04-25 11:00,2027-04-25 11:40,オンライン・単独,自宅,1,人事・エンジニア,"株式会社ライフネットワークの試験_面接では、会社の理念に対する共感度、長所と短所、チーム開発でのトラブル対応について質問された。終始和やかな雰囲気で、会話形式で進んだ。話の具体性が不足していたと痛感した。結果としては不合格だったものの、今後の改善点が明確になり次の選考に活かせる面接だった。"
株式会社ライフネットワーク,life.net.50@example.com,S20240390,P20249480,試験_面接,内定,2027-04-28 09:00,2027-04-28 09:30,オンライン・単独,自宅,1,人事,"株式会社ライフネットワークでの試験_面接では、ガクチカ、ストレスへの対処方法、会社への貢献意欲について深く問われた。面接官が親身になって話を聞いてくれる印象だった。熱意と論理性が両立できたことが評価されたと感じる。最終的に総合的な評価は高く、非常に良いフィードバックをいただき内定となった。"
サッポロエンジニアリング株式会社,sapporo.eng.41@example.com,S20240391,P20249481,試験_面接,継続（合格）,2027-05-02 14:00,2027-05-02 14:50,オンライン・単独,自宅,1,人事・エンジニア,"サッポロエンジニアリング株式会社の試験_面接では、技術的な興味、キャリアビジョン、チーム開発での役割、学生時代の経験全般について質問された。回答の背景や理由を詳しく問われた。全体的に穏やかな雰囲気だった。逆質問のバリエーションを増やすべきだったと反省した。選考は次のステップに進むことになり、引き続き準備を進めていく必要があると感じた。"
サッポロエンジニアリング株式会社,sapporo.eng.42@example.com,S20240392,P20249482,試験_面接,落選,2027-05-05 10:00,2027-05-05 10:30,オンライン・単独,自宅,1,人事,"サッポロエンジニアリング株式会社での試験_面接では、志望動機、長所と短所、入社後の目標について深掘りされた。淡々としていたが、質問は鋭かった。企業研究の甘さを痛感し、情報収集の重要性を実感した。結果としては不合格だったものの、今後の改善点が明確になり次の選考に活かせる面接だった。"
サッポロエンジニアリング株式会社,sapporo.eng.43@example.com,S20240393,P20249483,試験_面接,内定,2027-05-08 16:00,2027-05-08 16:20,オンライン・単独,自宅,1,エンジニア,"サッポロエンジニアリング株式会社の試験_面接では、ポートフォリオの詳細、技術選定の理由、Git経験について重点的に問われた。面接官が明るく、非常に話しやすい雰囲気だった。技術的な知識の深さと、問題解決能力が評価されたと感じる。最終的に総合的な評価は高く、非常に良いフィードバックをいただき内定となった。"
サッポロエンジニアリング株式会社,sapporo.eng.44@example.com,S20240394,P20249484,試験_面接,継続（合格）,2027-05-11 11:00,2027-05-11 11:30,オンライン・単独,自宅,1,人事・エンジニア,"サッポロエンジニアリング株式会社での試験_面接では、失敗経験から何を学んだか、レビューの受け方、札幌で働く理由について質問された。具体的なエピソードを何度も深掘りされた。静かな緊張感はあったものの、こちらの話を受け止めてくれた。結論から整理して話す練習をしておくべきだと学んだ。選考は次のステップに進むことになり、引き続き準備を進めていく必要があると感じた。"
サッポロエンジニアリング株式会社,sapporo.eng.45@example.com,S20240395,P20249485,試験_面接,継続（合格）,2027-05-14 09:00,2027-05-14 09:20,オンライン・単独,自宅,1,人事,"サッポロエンジニアリング株式会社の試験_面接では、周囲からの評価、価値観、アルバイト経験について聞かれた。回答の背景や理由を詳しく問われた。全体的に穏やかな雰囲気で、和やかに進んだ。緊張すると早口になるため、落ち着いて話す意識が必要だと感じた。選考は次のステップに進むことになり、引き続き準備を進めていく必要があると感じた。"
サッポロエンジニアリング株式会社,sapporo.eng.46@example.com,S20240396,P20249486,試験_面接,落選,2027-05-17 15:00,2027-05-17 15:40,オンライン・単独,自宅,1,エンジニア,"サッポロエンジニアリング株式会社での試験_面接では、技術的な課題解決、入社後の貢献、学校で学んだ専門技術について詳しく聞かれた。やや厳しめではあったが、誠実に話を聞いてもらえた。専門用語を分かりやすく説明する力が不足していたと痛感した。結果としては不合格だったものの、今後の改善点が明確になり次の選考に活かせる面接だった。"
サッポロエンジニアリング株式会社,sapporo.eng.47@example.com,S20240397,P20249487,試験_面接,内定,2027-05-20 10:30,2027-05-20 11:00,オンライン・単独,自宅,1,人事・エンジニア,"サッポロエンジニアリング株式会社の試験_面接では、技術への情熱、会社の理念への共感度、HCSを選んだ理由について深く問われた。終始和やかな雰囲気で、会話形式で進んだ。熱意と一貫性のある回答が評価され、非常にポジティブなフィードバックをいただいた。最終的に総合的な評価は高く、非常に良いフィードバックをいただき内定となった。"
サッポロエンジニアリング株式会社,sapporo.eng.48@example.com,S20240398,P20249488,試験_面接,継続（合格）,2027-05-23 14:00,2027-05-23 14:30,オンライン・単独,自宅,1,人事,"サッポロエンジニアリング株式会社での試験_面接では、将来像、学生時代に最も力を入れたこと、困難を乗り越えた経験について質問された。具体的なエピソードを何度も深掘りされた。淡々としていたが、質問の意図は明確だった。自己PRの構成を見直す必要があると感じた。選考は次のステップに進むことになり、引き続き準備を進めていく必要があると感じた。"
サッポロエンジニアリング株式会社,sapporo.eng.49@example.com,S20240399,P20249489,試験_面接,継続（合格）,2027-05-26 11:00,2027-05-26 11:40,オンライン・単独,自宅,1,エンジニア,"サッポロエンジニアリング株式会社の試験_面接では、チーム開発でのトラブル対応、技術的な興味、ポートフォリオでの挑戦点について聞かれた。回答の背景や理由を詳しく問われた。静かな緊張感はあったものの、こちらの話を真摯に受け止めてくれた。話の論理性を高める必要性を感じた。選考は次のステップに進むことになり、引き続き準備を進めていく必要があると感じた。"
サッポロエンジニアリング株式会社,sapporo.eng.50@example.com,S20240400,P20249490,試験_面接,継続（合格）,2027-05-29 09:00,2027-05-29 09:30,オンライン・単独,自宅,1,人事・エンジニア,"サッポロエンジニアリング株式会社での試験_面接では、長所と短所、ガクチカ、会社への貢献意欲について質問された。やや厳しめではあったが、質問の意図は分かりやすかった。企業研究をより進める必要を実感した。選考は次のステップに進むことになり、引き続き準備を進めていく必要があると感じた。"
株式会社ホライズンテック,horizon.tech.41@example.com,S20240401,P20249491,試験_面接,継続（合格）,2027-06-02 14:00,2027-06-02 14:50,オンライン・単独,自宅,1,人事,"株式会社ホライズンテックでの試験_面接では、入社後の目標、価値観、ストレスへの対処方法について深掘りされた。具体的なエピソードを何度も深掘りされた。全体的に穏やかな雰囲気で、和やかに進んだ。逆質問のバリエーションを増やしておくべきだったと反省した。選考は次のステップに進むことになり、引き続き準備を進めていく必要があると感じた。"
株式会社ホライズンテック,horizon.tech.42@example.com,S20240402,P20249492,試験_面接,落選,2027-06-05 10:00,2027-06-05 10:30,オンライン・単独,自宅,1,人事・エンジニア,"株式会社ホライズンテックの試験_面接では、技術的な興味、キャリアビジョン、チーム開発での工夫点について質問された。淡々としていたが、質問は鋭かった。将来のビジョンと技術的な興味の連動性が不足していたと痛感した。結果としては不合格だったものの、今後の改善点が明確になり次の選考に活かせる面接だった。"
株式会社ホライズンテック,horizon.tech.43@example.com,S20240403,P20249493,試験_面接,内定,2027-06-08 16:00,2027-06-08 16:20,オンライン・単独,自宅,1,人事,"株式会社ホライズンテックでの試験_面接では、長所と短所、周囲からの評価、HCSを選んだ理由について聞かれた。面接官が親身になって話を聞いてくれる印象だった。自己理解の深さと、コミュニケーション能力が評価されたと感じる。最終的に総合的な評価は高く、非常に良いフィードバックをいただき内定となった。"
株式会社ホライズンテック,horizon.tech.44@example.com,S20240404,P20249494,試験_面接,継続（合格）,2027-06-11 11:00,2027-06-11 11:30,オンライン・単独,自宅,1,エンジニア,"株式会社ホライズンテックの試験_面接では、ポートフォリオの詳細、技術的な課題解決、レビューの受け方について重点的に問われた。静かな緊張感はあったものの、こちらの話を受け止めてくれた。専門用語を分かりやすく説明する練習が必要だと感じた。選考は次のステップに進むことになり、引き続き準備を進めていく必要があると感じた。"
株式会社ホライズンテック,horizon.tech.45@example.com,S20240405,P20249495,試験_面接,落選,2027-06-14 09:00,2027-06-14 09:20,オンライン・単独,自宅,1,人事,"株式会社ホライズンテックでの試験_面接では、ガクチカ、アルバイト経験、札幌で働く理由について質問された。淡々としていたが、回答の背景を詳しく問われた。結論から整理して話す練習をしておくべきだと学んだ。結果としては不合格だったものの、今後の改善点が明確になり次の選考に活かせる面接だった。"
株式会社ホライズンテック,horizon.tech.46@example.com,S20240406,P20249496,試験_面接,継続（合格）,2027-06-17 15:00,2027-06-17 15:40,オンライン・単独,自宅,1,人事・エンジニア,"株式会社ホライズンテックの試験_面接では、失敗経験から何を学んだか、技術への情熱、学生時代に頑張ったことについて深掘りされた。やや厳しめではあったが、質問の意図は明確だった。話の論理性を高める必要性を感じた。選考は次のステップに進むことになり、引き続き準備を進めていく必要があると感じた。"
株式会社ホライズンテック,horizon.tech.47@example.com,S20240407,P20249497,試験_面接,継続（合格）,2027-06-20 10:30,2027-06-20 11:00,オンライン・単独,自宅,1,人事,"株式会社ホライズンテックでの試験_面接では、将来像、チーム開発でのトラブル対応、他社との比較について聞かれた。具体的なエピソードを何度も深掘りされた。全体的に穏やかな雰囲気で、リラックスして話せた。自己PRの構成を見直す必要があると感じた。選考は次のステップに進むことになり、引き続き準備を進めていく必要があると感じた。"
株式会社ホライズンテック,horizon.tech.48@example.com,S20240408,P20249498,試験_面接,落選,2027-06-23 14:00,2027-06-23 14:30,オンライン・単独,自宅,1,エンジニア,"株式会社ホライズンテックの試験_面接では、Git経験、学校で学んだ専門技術、入社後の貢献について質問された。淡々としていたが、的確に核心を突く質問が多かった。技術的な知識の応用力を高める必要性を感じた。結果としては不合格だったものの、今後の改善点が明確になり次の選考に活かせる面接だった。"
株式会社ホライズンテック,horizon.tech.49@example.com,S20240409,P20249499,試験_面接,継続（合格）,2027-06-26 11:00,2027-06-26 11:40,オンライン・単独,自宅,1,人事・エンジニア,"株式会社ホライズンテックでの試験_面接では、会社の理念に対する共感度、困難を乗り越えた経験、チーム開発での役割について聞かれた。回答の背景や理由を詳しく問われた。やや厳しめではあったが、誠実に話を聞いてもらえた。緊張すると早口になるため、落ち着いて話す意識が必要だと感じた。選考は次のステップに進むことになり、引き続き準備を進めていく必要があると感じた。"
株式会社ホライズンテック,horizon.tech.50@example.com,S20240410,P20249500,試験_面接,内定,2027-06-29 09:00,2027-06-29 09:30,オンライン・単独,自宅,1,人事,"株式会社ホライズンテックの試験_面接では、長所と短所、会社への貢献意欲、学生時代の経験全般について深く問われた。終始和やかな雰囲気で、会話形式で進んだ。論理的な思考力と、自己成長への意欲が評価されたと感じる。最終的に総合的な評価は高く、非常に良いフィードバックをいただき内定となった。"
株式会社アルファテック,alfa.tech.51@example.com,S20240411,P20249501,試験_面接,継続（合格）,2027-07-01 10:00,2027-07-01 10:40,オンライン・単独,自宅,1,人事・エンジニア,"株式会社アルファテックの試験_面接では、技術的な課題解決、チーム開発での工夫点、キャリアビジョンについて深く問われた。終始和やかな雰囲気で、話しやすかった。結論ファーストを徹底する訓練が必要だと感じた。選考は次のステップに進むことになり、引き続き準備を進めていく必要があると感じた。"
株式会社アルファテック,alfa.tech.52@example.com,S20240412,P20249502,試験_面接,継続（合格）,2027-07-04 14:00,2027-07-04 14:30,オンライン・単独,自宅,1,人事,"株式会社アルファテックでの試験_面接では、長所と短所、入社後の目標、周囲からの評価について質問された。やや厳しめだったが、真剣に話を聞いてもらえた。自己分析をもう一段深める必要があると感じた。選考は次のステップに進むことになり、引き続き準備を進めていく必要があると感じた。"
株式会社アルファテック,alfa.tech.53@example.com,S20240413,P20249503,試験_面接,内定,2027-07-07 16:00,2027-07-07 16:20,オンライン・単独,自宅,1,エンジニア,"株式会社アルファテックの試験_面接では、ポートフォリオでの技術選定、学校で学んだ専門技術、レビューの受け方について聞かれた。静かな緊張感はあったものの、こちらの話を受け止めてくれた。技術への深い関心と、論理的な説明力が評価され、内定となった。"
株式会社アルファテック,alfa.tech.54@example.com,S20240414,P20249504,試験_面接,落選,2027-07-10 11:00,2027-07-10 11:30,オンライン・単独,自宅,1,人事,"株式会社アルファテックでの試験_面接では、札幌で働く理由、アルバイト経験、将来像について質問された。淡々としていたが、回答の背景を詳しく問われた。企業研究の甘さを痛感した。結果としては不合格だったものの、今後の改善点が明確になり次の選考に活かせる面接だった。"
株式会社アルファテック,alfa.tech.55@example.com,S20240415,P20249505,試験_面接,継続（合格）,2027-07-13 09:00,2027-07-13 09:20,オンライン・単独,自宅,1,人事・エンジニア,"株式会社アルファテックの試験_面接では、学生時代に最も力を入れたこと、技術的な興味、会社の理念への共感度について聞かれた。具体的なエピソードを深掘りされた。専門用語を分かりやすく説明する練習が必要だと感じた。選考は次のステップに進むことになり、引き続き準備を進めていく必要があると感じた。"
株式会社アルファテック,alfa.tech.56@example.com,S20240416,P20249506,試験_面接,落選,2027-07-16 15:00,2027-07-16 15:40,オンライン・単独,自宅,1,人事,"株式会社アルファテックでの試験_面接では、困難を乗り越えた経験、入社後のキャリアパス、他社との違いについて聞かれた。やや厳しめだったが質問の意図は明確だった。自己分析の甘さを痛感した。結果としては不合格だったものの、今後の改善点が明確になり次の選考に活かせる面接だった。"
株式会社アルファテック,alfa.tech.57@example.com,S20240417,P20249507,試験_面接,継続（合格）,2027-07-19 10:30,2027-07-19 11:00,オンライン・単独,自宅,1,人事・エンジニア,"株式会社アルファテックの試験_面接では、会社への貢献意欲、技術への情熱、長所と短所について深く問われた。終始和やかな雰囲気で進んだ。話の論理性を高める訓練が必要だと感じた。選考は次のステップに進むことになり、引き続き準備を進めていく必要があると感じた。"
株式会社アルファテック,alfa.tech.58@example.com,S20240418,P20249508,試験_面接,内定,2027-07-22 14:00,2027-07-22 14:30,オンライン・単独,自宅,1,人事,"株式会社アルファテックでの試験_面接では、長所と短所、志望動機、チームでの協調性について質問された。具体的なエピソードを何度も深掘りされた。論理的な説明と熱意が評価され、内定となった。"
株式会社アルファテック,alfa.tech.59@example.com,S20240419,P20249509,試験_面接,継続（合格）,2027-07-25 11:00,2027-07-25 11:40,オンライン・単独,自宅,1,エンジニア,"株式会社アルファテックの試験_面接では、技術的な興味、Gitの利用経験、ポートフォリオでの技術選定について質問された。質問は鋭く、深掘りされた。技術知識の応用力を高める必要性を感じた。選考は次のステップに進むことになり、引き続き準備を進めていく必要があると感じた。"
株式会社アルファテック,alfa.tech.60@example.com,S20240420,P20249510,試験_面接,継続（合格）,2027-07-28 09:00,2027-07-28 09:30,オンライン・単独,自宅,1,人事・エンジニア,"株式会社アルファテックでの試験_面接では、キャリアビジョン、会社の理念への共感、入社後の目標について聞かれた。終始和やかな雰囲気で、会話形式で進んだ。逆質問のバリエーションを増やしておくべきだったと反省した。選考は次のステップに進むことになり、引き続き準備を進めていく必要があると感じた。"
株式会社ビーリンク,be.link.51@example.com,S20240421,P20249511,試験_面接,内定,2027-08-01 14:00,2027-08-01 14:50,オンライン・単独,自宅,1,人事,"株式会社ビーリンクの試験_面接では、ガクチカ、長所と短所、札幌で働く理由について深掘りされた。回答の背景や理由を詳しく問われた。全体的に穏やかな雰囲気だった。自己理解の深さと、一貫した志望度が評価され、内定となった。"
株式会社ビーリンク,be.link.52@example.com,S20240422,P20249512,試験_面接,継続（合格）,2027-08-04 10:00,2027-08-04 10:30,オンライン・単独,自宅,1,人事・エンジニア,"株式会社ビーリンクでの試験_面接では、技術的な興味、ポートフォリオの詳細、キャリアビジョンについて深く問われた。面接官が明るく、非常に話しやすい雰囲気だった。技術的な知識の確認を徹底する必要があると学んだ。選考は次のステップに進むことになり、引き続き準備を進めていく必要があると感じた。"
株式会社ビーリンク,be.link.53@example.com,S20240423,P20249513,試験_面接,落選,2027-08-07 16:00,2027-08-07 16:20,オンライン・単独,自宅,1,人事,"株式会社ビーリンクの試験_面接では、入社後の目標、周囲からの評価、ストレスへの対処方法について聞かれた。淡々としていたが、質問の意図は分かりやすかった。自己分析の甘さを痛感した。結果としては不合格だったものの、今後の改善点が明確になり次の選考に活かせる面接だった。"
株式会社ビーリンク,be.link.54@example.com,S20240424,P20249514,試験_面接,継続（合格）,2027-08-10 11:00,2027-08-10 11:30,オンライン・単独,自宅,1,エンジニア,"株式会社ビーリンクでの試験_面接では、技術選定の理由、開発における課題解決、レビューの受け方について重点的に聞かれた。静かな緊張感はあったものの、質問は鋭かった。技術的な説明を簡潔に行う練習が必要だと感じた。選考は次のステップに進むことになり、引き続き準備を進めていく必要があると感じた。"
株式会社ビーリンク,be.link.55@example.com,S20240425,P20249515,試験_面接,継続（合格）,2027-08-13 09:00,2027-08-13 09:20,オンライン・単独,自宅,1,人事,"株式会社ビーリンクの試験_面接では、失敗経験から何を学んだか、価値観、アルバイト経験について質問された。やや厳しめではあったが、真剣にこちらの話を聞いてもらえた。緊張すると早口になるため、落ち着いて話す意識が必要だと感じた。選考は次のステップに進むことになり、引き続き準備を進めていく必要があると感じた。"
株式会社ビーリンク,be.link.56@example.com,S20240426,P20249516,試験_面接,内定,2027-08-16 15:00,2027-08-16 15:40,オンライン・単独,自宅,1,人事・エンジニア,"株式会社ビーリンクでの試験_面接では、会社への貢献意欲、チーム開発での役割、学生時代に頑張ったことについて問われた。具体的なエピソードを何度も深掘りされた。終始和やかな雰囲気で、会話形式で進んだ。論理的な思考と、入社後の目標が評価され、内定となった。"
株式会社ビーリンク,be.link.57@example.com,S20240427,P20249517,試験_面接,継続（合格）,2027-08-19 10:30,2027-08-19 11:00,オンライン・単独,自宅,1,人事,"株式会社ビーリンクの試験_面接では、HCSを選んだ理由、将来像、他社との比較について聞かれた。淡々としていたが、的確に核心を突く質問が多かった。自己PRの構成を見直す必要があると感じた。選考は次のステップに進むことになり、引き続き準備を進めていく必要があると感じた。"
株式会社ビーリンク,be.link.58@example.com,S20240428,P20249518,試験_面接,落選,2027-08-22 14:00,2027-08-22 14:30,オンライン・単独,自宅,1,エンジニア,"株式会社ビーリンクでの試験_面接では、Git経験、技術的な課題解決、入社後の目標について質問された。面接官が親身になって話を聞いてくれる印象だった。技術知識の幅と深さが足りなかったと痛感した。結果としては不合格だったものの、今後の改善点が明確になり次の選考に活かせる面接だった。"
株式会社ビーリンク,be.link.59@example.com,S20240429,P20249519,試験_面接,継続（合格）,2027-08-25 11:00,2027-08-25 11:40,オンライン・単独,自宅,1,人事,"株式会社ビーリンクの試験_面接では、困難な状況への対処法、学校で学んだこと、札幌で働く理由について聞かれた。回答の背景や理由を詳しく問われた。静かな緊張感はあったものの、こちらの話を真摯に受け止めてくれた。専門用語を分かりやすく説明する練習が必要だと感じた。選考は次のステップに進むことになり、引き続き準備を進めていく必要があると感じた。"
株式会社ビーリンク,be.link.60@example.com,S20240430,P20249520,試験_面接,継続（合格）,2027-08-28 09:00,2027-08-28 09:30,オンライン・単独,自宅,1,人事・エンジニア,"株式会社ビーリンクでの試験_面接では、長所と短所、志望動機、学生時代の経験全般について質問された。やや厳しめではあったが、質問の意図は明確だった。結論から整理して話す練習をしておくべきだと学んだ。選考は次のステップに進むことになり、引き続き準備を進めていく必要があると感じた。"
クリエイトソリューションズ株式会社,create.sol.51@example.com,S20240431,P20249521,試験_面接,内定,2027-09-01 14:00,2027-09-01 14:50,オンライン・単独,自宅,1,人事・エンジニア,"クリエイトソリューションズ株式会社の試験_面接では、技術的な興味、入社後のキャリアプラン、チーム開発での課題解決について深く問われた。終始和やかな雰囲気で、リラックスして話せた。技術への情熱と、具体的なキャリアビジョンが評価され、内定となった。"
クリエイトソリューションズ株式会社,create.sol.52@example.com,S20240432,P20249522,試験_面接,継続（合格）,2027-09-04 10:00,2027-09-04 10:30,オンライン・単独,自宅,1,人事,"クリエイトソリューションズ株式会社での試験_面接では、ガクチカ、長所と短所、価値観について質問された。具体的なエピソードを何度も深掘りされた。淡々としていたが、質問は鋭かった。企業研究をより進める必要を実感した。選考は次のステップに進むことになり、引き続き準備を進めていく必要があると感じた。"
クリエイトソリューションズ株式会社,create.sol.53@example.com,S20240433,P20249523,試験_面接,落選,2027-09-07 16:00,2027-09-07 16:20,オンライン・単独,自宅,1,エンジニア,"クリエイトソリューションズ株式会社の試験_面接では、ポートフォリオの詳細、技術選定の理由、Git経験について重点的に聞かれた。やや厳しめではあったが、質問の意図は明確だった。技術的な知識の応用力を高める必要性を感じた。結果としては不合格だったものの、今後の改善点が明確になり次の選考に活かせる面接だった。"
クリエイトソリューションズ株式会社,create.sol.54@example.com,S20240434,P20249524,試験_面接,継続（合格）,2027-09-10 11:00,2027-09-10 11:30,オンライン・単独,自宅,1,人事・エンジニア,"クリエイトソリューションズ株式会社での試験_面接では、失敗経験から何を学んだか、レビューの受け方、会社への貢献意欲について問われた。全体的に穏やかな雰囲気で、和やかに進んだ。話の論理性を高める必要性を感じた。選考は次のステップに進むことになり、引き続き準備を進めていく必要があると感じた。"
クリエイトソリューションズ株式会社,create.sol.55@example.com,S20240435,P20249525,試験_面接,継続（合格）,2027-09-13 09:00,2027-09-13 09:20,オンライン・単独,自宅,1,人事,"クリエイトソリューションズ株式会社の試験_面接では、周囲からの評価、ストレスへの対処方法、アルバイト経験について質問された。面接官が親身になって話を聞いてくれる印象だった。結論ファーストを徹底する訓練が必要だと感じた。選考は次のステップに進むことになり、引き続き準備を進めていく必要があると感じた。"
クリエイトソリューションズ株式会社,create.sol.56@example.com,S20240436,P20249526,試験_面接,内定,2027-09-16 15:00,2027-09-16 15:40,オンライン・単独,自宅,1,人事・エンジニア,"クリエイトソリューションズ株式会社での試験_面接では、HCSを選んだ理由、札幌で働く理由、将来像について深掘りされた。静かな緊張感はあったものの、こちらの話を受け止めてくれた。一貫した志望動機と、自己理解の深さが評価され、内定となった。"
クリエイトソリューションズ株式会社,create.sol.57@example.com,S20240437,P20249527,試験_面接,落選,2027-09-19 10:30,2027-09-19 11:00,オンライン・単独,自宅,1,人事,"クリエイトソリューションズ株式会社の試験_面接では、志望動機、学校で学んだこと、困難を乗り越えた経験について質問された。淡々としていたが、的確に核心を突く質問が多かった。逆質問のバリエーションを増やすべきだったと痛感した。結果としては不合格だったものの、今後の改善点が明確になり次の選考に活かせる面接だった。"
クリエイトソリューションズ株式会社,create.sol.58@example.com,S20240438,P20249528,試験_面接,継続（合格）,2027-09-22 14:00,2027-09-22 14:30,オンライン・単独,自宅,1,エンジニア,"クリエイトソリューションズ株式会社での試験_面接では、技術的な課題解決、チーム開発での役割、入社後の目標について聞かれた。回答の背景や理由を詳しく問われた。やや厳しめではあったが、誠実に話を聞いてもらえた。緊張すると早口になるため、落ち着いて話す意識が必要だと感じた。選考は次のステップに進むことになり、引き続き準備を進めていく必要があると感じた。"
クリエイトソリューションズ株式会社,create.sol.59@example.com,S20240439,P20249529,試験_面接,継続（合格）,2027-09-25 11:00,2027-09-25 11:40,オンライン・単独,自宅,1,人事・エンジニア,"クリエイトソリューションズ株式会社の試験_面接では、技術への情熱、会社の理念への共感、チームでの貢献方法について重点的に問われた。面接官が明るく、非常に話しやすい雰囲気だった。専門用語を分かりやすく説明する練習が必要だと感じた。選考は次のステップに進むことになり、引き続き準備を進めていく必要があると感じた。"
クリエイトソリューションズ株式会社,create.sol.60@example.com,S20240440,P20249530,試験_面接,継続（合格）,2027-09-28 09:00,2027-09-28 09:30,オンライン・単独,自宅,1,人事,"クリエイトソリューションズ株式会社での試験_面接では、長所と短所、学生時代の経験全般、他社との比較について質問された。具体的なエピソードを何度も深掘りされた。静かな緊張感はあったものの、こちらの話を真摯に受け止めてくれた。自己PRの構成を見直す必要があると感じた。選考は次のステップに進むことになり、引き続き準備を進めていく必要があると感じた。"
株式会社デジタルリンク,digi.link.51@example.com,S20240441,P20249531,試験_面接,継続（合格）,2027-10-01 14:00,2027-10-01 14:50,オンライン・単独,自宅,1,人事,"株式会社デジタルリンクの試験_面接では、キャリアビジョン、失敗経験から何を学んだか、札幌で働く理由について深掘りされた。全体的に穏やかな雰囲気で、リラックスして話せた。話の論理性を高める必要性を感じた。選考は次のステップに進むことになり、引き続き準備を進めていく必要があると感じた。"
株式会社デジタルリンク,digi.link.52@example.com,S20240442,P20249532,試験_面接,落選,2027-10-04 10:00,2027-10-04 10:30,オンライン・単独,自宅,1,人事・エンジニア,"株式会社デジタルリンクでの試験_面接では、技術的な興味、学校で学んだこと、チーム開発でのトラブル対応について質問された。やや厳しめではあったが、質問の意図は分かりやすかった。将来へのビジョンと技術的な興味の連動性が不足していたと痛感した。結果としては不合格だったものの、今後の改善点が明確になり次の選考に活かせる面接だった。"
株式会社デジタルリンク,digi.link.53@example.com,S20240443,P20249533,試験_面接,内定,2027-10-07 16:00,2027-10-07 16:20,オンライン・単独,自宅,1,人事,"株式会社デジタルリンクの試験_面接では、長所と短所、志望動機、周囲からの評価について聞かれた。淡々としていたが、質問は鋭かった。自己理解の深さと、コミュニケーション能力が評価され、内定となった。"
株式会社デジタルリンク,digi.link.54@example.com,S20240444,P20249534,試験_面接,継続（合格）,2027-10-10 11:00,2027-10-10 11:30,オンライン・単独,自宅,1,エンジニア,"株式会社デジタルリンクでの試験_面接では、ポートフォリオでの挑戦点、技術選定の理由、Git経験について重点的に聞かれた。面接官が親身になって話を聞いてくれる印象だった。技術的な知識の応用力を高める必要性を感じた。選考は次のステップに進むことになり、引き続き準備を進めていく必要があると感じた。"
株式会社デジタルリンク,digi.link.55@example.com,S20240445,P20249535,試験_面接,継続（合格）,2027-10-13 09:00,2027-10-13 09:20,オンライン・単独,自宅,1,人事,"株式会社デジタルリンクの試験_面接では、入社後の目標、価値観、アルバイト経験について質問された。回答の背景や理由を詳しく問われた。静かな緊張感はあったものの、こちらの話を受け止めてくれた。結論から整理して話す練習をしておくべきだと学んだ。選考は次のステップに進むことになり、引き続き準備を進めていく必要があると感じた。"
株式会社デジタルリンク,digi.link.56@example.com,S20240446,P20249536,試験_面接,落選,2027-10-16 15:00,2027-10-16 15:40,オンライン・単独,自宅,1,人事・エンジニア,"株式会社デジタルリンクでの試験_面接では、ストレスへの対処方法、HCSを選んだ理由、レビューの受け方について質問された。具体的なエピソードを何度も深掘りされた。全体的に穏やかな雰囲気だった。技術知識の幅と深さが足りなかったと痛感した。結果としては不合格だったものの、今後の改善点が明確になり次の選考に活かせる面接だった。"
株式会社デジタルリンク,digi.link.57@example.com,S20240447,P20249537,試験_面接,継続（合格）,2027-10-19 10:30,2027-10-19 11:00,オンライン・単独,自宅,1,人事,"株式会社デジタルリンクの試験_面接では、ガクチカ、困難を乗り越えた経験、将来像について深掘りされた。やや厳しめではあったが、誠実に話を聞いてもらえた。緊張すると早口になるため、落ち着いて話す意識が必要だと感じた。選考は次のステップに進むことになり、引き続き準備を進めていく必要があると感じた。"
株式会社デジタルリンク,digi.link.58@example.com,S20240448,P20249538,試験_面接,内定,2027-10-22 14:00,2027-10-22 14:30,オンライン・単独,自宅,1,エンジニア,"株式会社デジタルリンクの試験_面接では、入社後の貢献、技術的な課題解決、学校で学んだ専門技術について聞かれた。淡々としていたが、質問の意図は明確だった。技術的な深い理解と、貢献意欲が評価され、内定となった。"
株式会社デジタルリンク,digi.link.59@example.com,S20240449,P20249539,試験_面接,継続（合格）,2027-10-25 11:00,2027-10-25 11:40,オンライン・単独,自宅,1,人事・エンジニア,"株式会社デジタルリンクでの試験_面接では、会社への貢献意欲、技術への情熱、キャリアビジョンについて深く問われた。終始和やかな雰囲気で、会話形式で進んだ。専門用語を分かりやすく説明する練習が必要だと感じた。選考は次のステップに進むことになり、引き続き準備を進めていく必要があると感じた。"
株式会社デジタルリンク,digi.link.60@example.com,S20240450,P20249540,試験_面接,継続（合格）,2027-10-28 09:00,2027-10-28 09:30,オンライン・単独,自宅,1,人事,"株式会社デジタルリンクの試験_面接では、長所と短所、学生時代の経験全般、他社との違いについて聞かれた。回答の背景や理由を詳しく問われた。静かな緊張感はあったものの、こちらの話を真摯に受け止めてくれた。逆質問のバリエーションを増やしておくべきだったと反省した。選考は次のステップに進むことになり、引き続き準備を進めていく必要があると感じた。"
株式会社エムライン,m.line.51@example.com,S20240451,P20249541,試験_面接,落選,2027-11-01 14:00,2027-11-01 14:50,オンライン・単独,自宅,1,人事,"株式会社エムラインでの試験_面接では、志望動機、周囲からの評価、困難な状況への対処法について深掘りされた。具体的なエピソードを何度も深掘りされた。淡々としていたが、質問の意図は分かりやすかった。企業研究の甘さを痛感し、情報収集の重要性を実感した。結果としては不合格だったものの、今後の改善点が明確になり次の選考に活かせる面接だった。"
株式会社エムライン,m.line.52@example.com,S20240452,P20249542,試験_面接,継続（合格）,2027-11-04 10:00,2027-11-04 10:30,オンライン・単独,自宅,1,人事・エンジニア,"株式会社エムラインの試験_面接では、技術的な興味、チーム開発での役割、札幌で働く理由について質問された。やや厳しめではあったが、質問は鋭かった。話の論理性を高める訓練が必要だと感じた。選考は次のステップに進むことになり、引き続き準備を進めていく必要があると感じた。"
株式会社エムライン,m.line.53@example.com,S20240453,P20249543,試験_面接,継続（合格）,2027-11-07 16:00,2027-11-07 16:20,オンライン・単独,自宅,1,人事,"株式会社エムラインでの試験_面接では、長所と短所、入社後の目標、HCSを選んだ理由について聞かれた。面接官が明るく、非常に話しやすい雰囲気だった。自己PRの構成を見直す必要があると感じた。選考は次のステップに進むことになり、引き続き準備を進めていく必要があると感じた。"
株式会社エムライン,m.line.54@example.com,S20240454,P20249544,試験_面接,内定,2027-11-10 11:00,2027-11-10 11:30,オンライン・単独,自宅,1,エンジニア,"株式会社エムラインの試験_面接では、ポートフォリオでの挑戦点、技術的な失敗とそこからの学び、レビューの受け方について重点的に問われた。静かな緊張感はあったものの、こちらの話を受け止めてくれた。技術的な知識の深さと、問題解決能力が評価され、内定となった。"
株式会社エムライン,m.line.55@example.com,S20240455,P20249545,試験_面接,落選,2027-11-13 09:00,2027-11-13 09:20,オンライン・単独,自宅,1,人事,"株式会社エムラインでの試験_面接では、ガクチカ、価値観、アルバイト経験について質問された。淡々としていたが、回答の背景を詳しく問われた。自己分析の甘さを痛感した。結果としては不合格だったものの、今後の改善点が明確になり次の選考に活かせる面接だった。"
株式会社エムライン,m.line.56@example.com,S20240456,P20249546,試験_面接,継続（合格）,2027-11-16 15:00,2027-11-16 15:40,オンライン・単独,自宅,1,人事・エンジニア,"株式会社エムラインの試験_面接では、キャリアビジョン、会社への貢献意欲、学生時代に最も力を入れたことについて深掘りされた。終始和やかな雰囲気で、会話形式で進んだ。結論から整理して話す練習をしておくべきだと学んだ。選考は次のステップに進むことになり、引き続き準備を進めていく必要があると感じた。"
株式会社エムライン,m.line.57@example.com,S20240457,P20249547,試験_面接,継続（合格）,2027-11-19 10:30,2027-11-19 11:00,オンライン・単独,自宅,1,人事,"株式会社エムラインでの試験_面接では、将来像、チーム開発でのトラブル対応、他社との比較について聞かれた。やや厳しめではあったが、質問の意図は明確だった。技術的な知識の確認を徹底する必要があると学んだ。選考は次のステップに進むことになり、引き続き準備を進めていく必要があると感じた。"
株式会社エムライン,m.line.58@example.com,S20240458,P20249548,試験_面接,継続（合格）,2027-11-22 14:00,2027-11-22 14:30,オンライン・単独,自宅,1,エンジニア,"株式会社エムラインの試験_面接では、Gitの具体的な利用経験、技術的な課題解決、学校で学んだ専門技術について質問された。具体的なエピソードを何度も深掘りされた。淡々としていたが、的確に核心を突く質問が多かった。緊張すると早口になるため、落ち着いて話す意識が必要だと感じた。選考は次のステップに進むことになり、引き続き準備を進めていく必要があると感じた。"
株式会社エムライン,m.line.59@example.com,S20240459,P20249549,試験_面接,内定,2027-11-25 11:00,2027-11-25 11:40,オンライン・単独,自宅,1,人事・エンジニア,"株式会社エムラインでの試験_面接では、技術への情熱、会社の理念に対する共感度、入社後の貢献について深く問われた。面接官が親身になって話を聞いてくれる印象だった。熱意と、論理的な説明力が評価され、内定となった。"
株式会社エムライン,m.line.60@example.com,S20240460,P20249550,試験_面接,落選,2027-11-28 09:00,2027-11-28 09:30,オンライン・単独,自宅,1,人事,"株式会社エムラインの試験_面接では、長所と短所、困難を乗り越えた経験、学生時代の経験全般について聞かれた。静かな緊張感はあったものの、こちらの話を受け止めてくれた。専門用語を分かりやすく説明する練習が必要だと感じた。結果としては不合格だったものの、今後の改善点が明確になり次の選考に活かせる面接だった。"
株式会社フォースウェーブ,force.wave.51@example.com,S20240461,P20249551,試験_面接,継続（合格）,2027-12-01 14:00,2027-12-01 14:50,オンライン・単独,自宅,1,エンジニア,"株式会社フォースウェーブでの試験_面接では、技術的な興味、ポートフォリオでの挑戦点、チーム開発での工夫点について重点的に聞かれた。面接官は明るく、非常に話しやすかった。話の論理性を高める必要性を感じた。選考は次のステップに進むことになり、引き続き準備を進めていく必要があると感じた。"
株式会社フォースウェーブ,force.wave.52@example.com,S20240462,P20249552,試験_面接,継続（合格）,2027-12-04 10:00,2027-12-04 10:30,オンライン・単独,自宅,1,人事,"株式会社フォースウェーブの試験_面接では、志望動機、長所と短所、周囲からの評価について質問された。全体的に穏やかな雰囲気だった。企業研究をより進める必要を実感した。選考は次のステップに進むことになり、引き続き準備を進めていく必要があると感じた。"
株式会社フォースウェーブ,force.wave.53@example.com,S20240463,P20249553,試験_面接,落選,2027-12-07 16:00,2027-12-07 16:20,オンライン・単独,自宅,1,人事・エンジニア,"株式会社フォースウェーブでの試験_面接では、キャリアビジョン、会社への貢献意欲、失敗経験から何を学んだかについて問われた。淡々としていたが、質問は鋭かった。自己分析の甘さを痛感した。結果としては不合格だったものの、今後の改善点が明確になり次の選考に活かせる面接だった。"
株式会社フォースウェーブ,force.wave.54@example.com,S20240464,P20249554,試験_面接,内定,2027-12-10 11:00,2027-12-10 11:30,オンライン・単独,自宅,1,エンジニア,"株式会社フォースウェーブの試験_面接では、Git経験、レビューの受け方、技術的な課題解決について深掘りされた。やや厳しめではあったが、質問の意図は明確だった。技術的な知識の深さと、論理的な説明力が評価され、内定となった。"
株式会社フォースウェーブ,force.wave.55@example.com,S20240465,P20249555,試験_面接,継続（合格）,2027-12-13 09:00,2027-12-13 09:20,オンライン・単独,自宅,1,人事,"株式会社フォースウェーブでの試験_面接では、札幌で働く理由、価値観、ストレスへの対処方法について質問された。具体的なエピソードを何度も深掘りされた。静かな緊張感はあったものの、こちらの話を受け止めてくれた。自己PRの構成を見直す必要があると感じた。選考は次のステップに進むことになり、引き続き準備を進めていく必要があると感じた。"
株式会社フォースウェーブ,force.wave.56@example.com,S20240466,P20249556,試験_面接,継続（合格）,2027-12-16 15:00,2027-12-16 15:40,オンライン・単独,自宅,1,人事・エンジニア,"株式会社フォースウェーブの試験_面接では、入社後の目標、HCSを選んだ理由、学生時代に頑張ったことについて問われた。回答の背景や理由を詳しく問われた。全体的に穏やかな雰囲気で、和やかに進んだ。結論ファーストを徹底する訓練が必要だと感じた。選考は次のステップに進むことになり、引き続き準備を進めていく必要があると感じた。"
株式会社フォースウェーブ,force.wave.57@example.com,S20240467,P20249557,試験_面接,落選,2027-12-19 10:30,2027-12-19 11:00,オンライン・単独,自宅,1,人事,"株式会社フォースウェーブでの試験_面接では、アルバイト経験、将来像、困難な状況への対処法について質問された。やや厳しめではあったが、真剣に話を聞いてもらえた。逆質問のバリエーションを増やすべきだったと痛感した。結果としては不合格だったものの、今後の改善点が明確になり次の選考に活かせる面接だった。"
株式会社フォースウェーブ,force.wave.58@example.com,S20240468,P20249558,試験_面接,継続（合格）,2027-12-22 14:00,2027-12-22 14:30,オンライン・単独,自宅,1,エンジニア,"株式会社フォースウェーブの試験_面接では、技術への情熱、入社後の貢献、学校で学んだ専門技術について深く問われた。面接官が親身になって話を聞いてくれる印象だった。技術的な知識の確認を徹底する必要があると学んだ。選考は次のステップに進むことになり、引き続き準備を進めていく必要があると感じた。"
株式会社フォースウェーブ,force.wave.59@example.com,S20240469,P20249559,試験_面接,内定,2027-12-25 11:00,2027-12-25 11:40,オンライン・単独,自宅,1,人事,"株式会社フォースウェーブでの試験_面接では、ガクチカ、チーム開発でのトラブル対応、他社との比較について聞かれた。淡々としていたが、質問の意図は分かりやすかった。熱意と、論理的な思考力が評価され、内定となった。"
株式会社フォースウェーブ,force.wave.60@example.com,S20240470,P20249560,試験_面接,継続（合格）,2027-12-28 09:00,2027-12-28 09:30,オンライン・単独,自宅,1,人事・エンジニア,"株式会社フォースウェーブの試験_面接では、長所と短所、学生時代の経験全般、会社の理念への共感度について質問された。具体的なエピソードを何度も深掘りされた。静かな緊張感はあったものの、こちらの話を真摯に受け止めてくれた。専門用語を分かりやすく説明する練習が必要だと感じた。選考は次のステップに進むことになり、引き続き準備を進めていく必要があると感じた。"
ノースシステム株式会社,north.sys.51@example.com,S20240471,P20249561,試験_面接,継続（合格）,2028-01-01 14:00,2028-01-01 14:50,オンライン・単独,自宅,1,人事,"ノースシステム株式会社の試験_面接では、技術的な興味、ポートフォリオの詳細、チーム開発での役割、学生時代の経験全般について深掘りされた。回答の背景や理由を詳しく問われた。全体的に穏やかな雰囲気で、リラックスして話せた。緊張すると早口になるため、落ち着いて話す意識が必要だと感じた。選考は次のステップに進むことになり、引き続き準備を進めていく必要があると感じた。"
ノースシステム株式会社,north.sys.52@example.com,S20240472,P20249562,試験_面接,内定,2028-01-04 10:00,2028-01-04 10:30,オンライン・単独,自宅,1,人事・エンジニア,"ノースシステム株式会社での試験_面接では、志望動機、キャリアビジョン、失敗経験から何を学んだかについて深く聞かれた。やや厳しめではあったが、質問の意図は分かりやすかった。将来への明確な展望と、論理的な思考力が評価され、内定となった。"
ノースシステム株式会社,north.sys.53@example.com,S20240473,P20249563,試験_面接,落選,2028-01-07 16:00,2028-01-07 16:20,オンライン・単独,自宅,1,人事,"ノースシステム株式会社の試験_面接では、長所と短所、価値観、ストレスへの対処方法について質問された。淡々としていたが、質問は鋭かった。企業研究の甘さを痛感した。結果としては不合格だったものの、今後の改善点が明確になり次の選考に活かせる面接だった。"
ノースシステム株式会社,north.sys.54@example.com,S20240474,P20249564,試験_面接,継続（合格）,2028-01-10 11:00,2028-01-10 11:30,オンライン・単独,自宅,1,エンジニア,"ノースシステム株式会社での試験_面接では、Git経験、技術選定の理由、入社後の貢献について重点的に問われた。終始和やかな雰囲気で、会話形式で進んだ。技術的な知識の応用力を高める必要性を感じた。選考は次のステップに進むことになり、引き続き準備を進めていく必要があると感じた。"
ノースシステム株式会社,north.sys.55@example.com,S20240475,P20249565,試験_面接,継続（合格）,2028-01-13 09:00,2028-01-13 09:20,オンライン・単独,自宅,1,人事,"ノースシステム株式会社の試験_面接では、周囲からの評価、アルバイト経験、札幌で働く理由について聞かれた。回答の背景や理由を詳しく問われた。静かな緊張感はあったものの、こちらの話を受け止めてくれた。自己PRの構成を見直す必要があると感じた。選考は次のステップに進むことになり、引き続き準備を進めていく必要があると感じた。"
ノースシステム株式会社,north.sys.56@example.com,S20240476,P20249566,試験_面接,継続（合格）,2028-01-16 15:00,2028-01-16 15:40,オンライン・単独,自宅,1,人事・エンジニア,"ノースシステム株式会社での試験_面接では、HCSを選んだ理由、困難を乗り越えた経験、学校で学んだことについて質問された。具体的なエピソードを何度も深掘りされた。やや厳しめではあったが、誠実に話を聞いてもらえた。結論から整理して話す練習をしておくべきだと学んだ。選考は次のステップに進むことになり、引き続き準備を進めていく必要があると感じた。"
ノースシステム株式会社,north.sys.57@example.com,S20240477,P20249567,試験_面接,落選,2028-01-19 10:30,2028-01-19 11:00,オンライン・単独,自宅,1,人事,"ノースシステム株式会社の試験_面接では、ガクチカ、将来像、他社との比較について深掘りされた。淡々としていたが、的確に核心を突く質問が多かった。自己分析の深さが足りなかったと痛感した。結果としては不合格だったものの、今後の改善点が明確になり次の選考に活かせる面接だった。"
ノースシステム株式会社,north.sys.58@example.com,S20240478,P20249568,試験_面接,継続（合格）,2028-01-22 14:00,2028-01-22 14:30,オンライン・単独,自宅,1,エンジニア,"ノースシステム株式会社での試験_面接では、技術的な課題解決、レビューの受け方、チーム開発でのトラブル対応について質問された。全体的に穏やかな雰囲気で、和やかに進んだ。技術的な知識の確認を徹底する必要があると学んだ。選考は次のステップに進むことになり、引き続き準備を進めていく必要があると感じた。"
ノースシステム株式会社,north.sys.59@example.com,S20240479,P20249569,試験_面接,継続（合格）,2028-01-25 11:00,2028-01-25 11:40,オンライン・単独,自宅,1,人事・エンジニア,"ノースシステム株式会社の試験_面接では、会社への貢献意欲、技術への情熱、長所と短所について聞かれた。回答の背景や理由を詳しく問われた。やや厳しめではあったが、質問の意図は明確だった。専門用語を分かりやすく説明する練習が必要だと感じた。選考は次のステップに進むことになり、引き続き準備を進めていく必要があると感じた。"
ノースシステム株式会社,north.sys.60@example.com,S20240480,P20249570,試験_面接,内定,2028-01-28 09:00,2028-01-28 09:30,オンライン・単独,自宅,1,人事,"ノースシステム株式会社での試験_面接では、入社後の目標、キャリアビジョン、学生時代の経験全般について深く問われた。面接官が親身になって話を聞いてくれる印象だった。一貫性のある回答と、自己成長への意欲が評価され、内定となった。"
株式会社ライフネットワーク,life.net.51@example.com,S20240481,P20249571,試験_面接,継続（合格）,2028-02-01 14:00,2028-02-01 14:50,オンライン・単独,自宅,1,人事,"株式会社ライフネットワークの試験_面接では、長所と短所、志望動機、札幌で働く理由について深掘りされた。具体的なエピソードを何度も深掘りされた。静かな緊張感はあったものの、こちらの話を受け止めてくれた。逆質問のバリエーションを増やしておくべきだったと反省した。選考は次のステップに進むことになり、引き続き準備を進めていく必要があると感じた。"
株式会社ライフネットワーク,life.net.52@example.com,S20240482,P20249572,試験_面接,落選,2028-02-04 10:00,2028-02-04 10:30,オンライン・単独,自宅,1,人事・エンジニア,"株式会社ライフネットワークでの試験_面接では、技術的な興味、ポートフォリオでの挑戦点、Git経験について質問された。淡々としていたが、質問は鋭かった。技術知識の幅と深さが足りなかったと痛感した。結果としては不合格だったものの、今後の改善点が明確になり次の選考に活かせる面接だった。"
株式会社ライフネットワーク,life.net.53@example.com,S20240483,P20249573,試験_面接,継続（合格）,2028-02-07 16:00,2028-02-07 16:20,オンライン・単独,自宅,1,人事,"株式会社ライフネットワークの試験_面接では、周囲からの評価、価値観、困難な状況への対処法について聞かれた。やや厳しめではあったが、真剣にこちらの話を聞いてもらえた。話の論理性を高める必要性を感じた。選考は次のステップに進むことになり、引き続き準備を進めていく必要があると感じた。"
株式会社ライフネットワーク,life.net.54@example.com,S20240484,P20249574,試験_面接,内定,2028-02-10 11:00,2028-02-10 11:30,オンライン・単独,自宅,1,エンジニア,"株式会社ライフネットワークでの試験_面接では、技術選定の理由、チーム開発での役割、入社後の貢献について重点的に問われた。面接官が明るく、非常に話しやすい雰囲気だった。技術への深い理解と、論理的な説明力が評価され、内定となった。"
株式会社ライフネットワーク,life.net.55@example.com,S20240485,P20249575,試験_面接,継続（合格）,2028-02-13 09:00,2028-02-13 09:20,オンライン・単独,自宅,1,人事,"株式会社ライフネットワークの試験_面接では、失敗経験から何を学んだか、アルバイト経験、HCSを選んだ理由について質問された。回答の背景や理由を詳しく問われた。全体的に穏やかな雰囲気で、リラックスして話せた。自己PRの構成を見直す必要があると感じた。選考は次のステップに進むことになり、引き続き準備を進めていく必要があると感じた。"
株式会社ライフネットワーク,life.net.56@example.com,S20240486,P20249576,試験_面接,落選,2028-02-16 15:00,2028-02-16 15:40,オンライン・単独,自宅,1,人事・エンジニア,"株式会社ライフネットワークでの試験_面接では、キャリアビジョン、学生時代に頑張ったこと、技術への情熱について質問された。具体的なエピソードを何度も深掘りされた。淡々としていたが、的確に核心を突く質問が多かった。自己分析の甘さを痛感した。結果としては不合格だったものの、今後の改善点が明確になり次の選考に活かせる面接だった。"
株式会社ライフネットワーク,life.net.57@example.com,S20240487,P20249577,試験_面接,継続（合格）,2028-02-19 10:30,2028-02-19 11:00,オンライン・単独,自宅,1,人事,"株式会社ライフネットワークの試験_面接では、入社後の目標、将来像、他社との比較について聞かれた。やや厳しめではあったが、質問の意図は明確だった。専門用語を分かりやすく説明する練習が必要だと感じた。選考は次のステップに進むことになり、引き続き準備を進めていく必要があると感じた。"
株式会社ライフネットワーク,life.net.58@example.com,S20240488,P20249578,試験_面接,継続（合格）,2028-02-22 14:00,2028-02-22 14:30,オンライン・単独,自宅,1,エンジニア,"株式会社ライフネットワークでの試験_面接では、学校で学んだ専門技術、技術的な課題解決、レビューの受け方について重点的に深掘りされた。静かな緊張感はあったものの、こちらの話を真摯に受け止めてくれた。結論から整理して話す練習をしておくべきだと学んだ。選考は次のステップに進むことになり、引き続き準備を進めていく必要があると感じた。"
株式会社ライフネットワーク,life.net.59@example.com,S20240489,P20249579,試験_面接,落選,2028-02-25 11:00,2028-02-25 11:40,オンライン・単独,自宅,1,人事・エンジニア,"株式会社ライフネットワークの試験_面接では、会社の理念に対する共感度、長所と短所、チーム開発でのトラブル対応について質問された。終始和やかな雰囲気で、会話形式で進んだ。緊張すると早口になるため、落ち着いて話す意識が必要だと感じた。結果としては不合格だったものの、今後の改善点が明確になり次の選考に活かせる面接だった。"
株式会社ライフネットワーク,life.net.60@example.com,S20240490,P20249580,試験_面接,内定,2028-02-28 09:00,2028-02-28 09:30,オンライン・単独,自宅,1,人事,"株式会社ライフネットワークでの試験_面接では、ガクチカ、ストレスへの対処方法、会社への貢献意欲について深く問われた。面接官が親身になって話を聞いてくれる印象だった。自己理解の深さと、入社意欲の高さが評価され、内定となった。"
サッポロエンジニアリング株式会社,sapporo.eng.51@example.com,S20240491,P20249581,試験_面接,継続（合格）,2028-03-01 14:00,2028-03-01 14:50,オンライン・単独,自宅,1,人事・エンジニア,"サッポロエンジニアリング株式会社の試験_面接では、技術的な興味、キャリアビジョン、チーム開発での役割、学生時代の経験全般について質問された。回答の背景や理由を詳しく問われた。全体的に穏やかな雰囲気だった。企業研究をより進める必要を実感した。選考は次のステップに進むことになり、引き続き準備を進めていく必要があると感じた。"
サッポロエンジニアリング株式会社,sapporo.eng.52@example.com,S20240492,P20249582,試験_面接,落選,2028-03-04 10:00,2028-03-04 10:30,オンライン・単独,自宅,1,人事,"サッポロエンジニアリング株式会社での試験_面接では、志望動機、長所と短所、入社後の目標について深掘りされた。淡々としていたが、質問は鋭かった。自己分析の甘さを痛感し、情報収集の重要性を実感した。結果としては不合格だったものの、今後の改善点が明確になり次の選考に活かせる面接だった。"
サッポロエンジニアリング株式会社,sapporo.eng.53@example.com,S20240493,P20249583,試験_面接,内定,2028-03-07 16:00,2028-03-07 16:20,オンライン・単独,自宅,1,エンジニア,"サッポロエンジニアリング株式会社の試験_面接では、ポートフォリオの詳細、技術選定の理由、Git経験について重点的に問われた。面接官が明るく、非常に話しやすい雰囲気だった。技術への情熱と、具体的なポートフォリオの完成度が評価され、内定となった。"
サッポロエンジニアリング株式会社,sapporo.eng.54@example.com,S20240494,P20249584,試験_面接,継続（合格）,2028-03-10 11:00,2028-03-10 11:30,オンライン・単独,自宅,1,人事・エンジニア,"サッポロエンジニアリング株式会社での試験_面接では、失敗経験から何を学んだか、レビューの受け方、札幌で働く理由について質問された。具体的なエピソードを何度も深掘りされた。静かな緊張感はあったものの、こちらの話を受け止めてくれた。話の論理性を高める必要性を感じた。選考は次のステップに進むことになり、引き続き準備を進めていく必要があると感じた。"
サッポロエンジニアリング株式会社,sapporo.eng.55@example.com,S20240495,P20249585,試験_面接,継続（合格）,2028-03-13 09:00,2028-03-13 09:20,オンライン・単独,自宅,1,人事,"サッポロエンジニアリング株式会社の試験_面接では、周囲からの評価、価値観、アルバイト経験について聞かれた。回答の背景や理由を詳しく問われた。全体的に穏やかな雰囲気で、和やかに進んだ。自己PRの構成を見直す必要があると感じた。選考は次のステップに進むことになり、引き続き準備を進めていく必要があると感じた。"
サッポロエンジニアリング株式会社,sapporo.eng.56@example.com,S20240496,P20249586,試験_面接,落選,2028-03-16 15:00,2028-03-16 15:40,オンライン・単独,自宅,1,エンジニア,"サッポロエンジニアリング株式会社での試験_面接では、技術的な課題解決、入社後の貢献、学校で学んだ専門技術について詳しく聞かれた。やや厳しめではあったが、誠実に話を聞いてもらえた。技術的な知識の応用力を高める必要性を感じた。結果としては不合格だったものの、今後の改善点が明確になり次の選考に活かせる面接だった。"
サッポロエンジニアリング株式会社,sapporo.eng.57@example.com,S20240497,P20249587,試験_面接,継続（合格）,2028-03-19 10:30,2028-03-19 11:00,オンライン・単独,自宅,1,人事・エンジニア,"サッポロエンジニアリング株式会社の試験_面接では、技術への情熱、会社の理念への共感度、HCSを選んだ理由について深く問われた。終始和やかな雰囲気で、会話形式で進んだ。結論ファーストを徹底する訓練が必要だと感じた。選考は次のステップに進むことになり、引き続き準備を進めていく必要があると感じた。"
サッポロエンジニアリング株式会社,sapporo.eng.58@example.com,S20240498,P20249588,試験_面接,継続（合格）,2028-03-22 14:00,2028-03-22 14:30,オンライン・単独,自宅,1,人事,"サッポロエンジニアリング株式会社での試験_面接では、将来像、学生時代に最も力を入れたこと、困難を乗り越えた経験について質問された。具体的なエピソードを何度も深掘りされた。淡々としていたが、質問の意図は明確だった。緊張すると早口になるため、落ち着いて話す意識が必要だと感じた。選考は次のステップに進むことになり、引き続き準備を進めていく必要があると感じた。"
サッポロエンジニアリング株式会社,sapporo.eng.59@example.com,S20240499,P20249589,試験_面接,内定,2028-03-25 11:00,2028-03-25 11:40,オンライン・単独,自宅,1,エンジニア,"サッポロエンジニアリング株式会社の試験_面接では、チーム開発でのトラブル対応、技術的な興味、ポートフォリオでの挑戦点について聞かれた。回答の背景や理由を詳しく問われた。静かな緊張感はあったものの、こちらの話を真摯に受け止めてくれた。論理的な思考と、問題解決能力が評価され、内定となった。"
サッポロエンジニアリング株式会社,sapporo.eng.60@example.com,S20240500,P20249590,試験_面接,継続（合格）,2028-03-28 09:00,2028-03-28 09:30,オンライン・単独,自宅,1,人事・エンジニア,"サッポロエンジニアリング株式会社での試験_面接では、長所と短所、ガクチカ、会社への貢献意欲について質問された。やや厳しめではあったが、質問の意図は分かりやすかった。専門用語を分かりやすく説明する練習が必要だと感じた。選考は次のステップに進むことになり、引き続き準備を進めていく必要があると感じた。"
株式会社ホライズンテック,horizon.tech.51@example.com,S20240501,P20249591,試験_面接,内定,2028-04-01 14:00,2028-04-01 14:50,オンライン・単独,自宅,1,人事,"株式会社ホライズンテックでの試験_面接では、入社後の目標、価値観、ストレスへの対処方法について深掘りされた。具体的なエピソードを何度も深掘りされた。全体的に穏やかな雰囲気で、和やかに進んだ。自己理解の深さと、明確なキャリアビジョンが評価され、内定となった。"
株式会社ホライズンテック,horizon.tech.52@example.com,S20240502,P20249592,試験_面接,落選,2028-04-04 10:00,2028-04-04 10:30,オンライン・単独,自宅,1,人事・エンジニア,"株式会社ホライズンテックの試験_面接では、技術的な興味、キャリアビジョン、チーム開発での工夫点について質問された。淡々としていたが、質問は鋭かった。技術的な知識の確認を徹底する必要があると学んだ。結果としては不合格だったものの、今後の改善点が明確になり次の選考に活かせる面接だった。"
株式会社ホライズンテック,horizon.tech.53@example.com,S20240503,P20249593,試験_面接,継続（合格）,2028-04-07 16:00,2028-04-07 16:20,オンライン・単独,自宅,1,人事,"株式会社ホライズンテックでの試験_面接では、長所と短所、周囲からの評価、HCSを選んだ理由について聞かれた。面接官が親身になって話を聞いてくれる印象だった。結論から整理して話す練習をしておくべきだと学んだ。選考は次のステップに進むことになり、引き続き準備を進めていく必要があると感じた。"
株式会社ホライズンテック,horizon.tech.54@example.com,S20240504,P20249594,試験_面接,継続（合格）,2028-04-10 11:00,2028-04-10 11:30,オンライン・単独,自宅,1,エンジニア,"株式会社ホライズンテックの試験_面接では、ポートフォリオの詳細、技術的な課題解決、レビューの受け方について重点的に問われた。静かな緊張感はあったものの、こちらの話を受け止めてくれた。逆質問のバリエーションを増やしておくべきだったと反省した。選考は次のステップに進むことになり、引き続き準備を進めていく必要があると感じた。"
株式会社ホライズンテック,horizon.tech.55@example.com,S20240505,P20249595,試験_面接,落選,2028-04-13 09:00,2028-04-13 09:20,オンライン・単独,自宅,1,人事,"株式会社ホライズンテックでの試験_面接では、ガクチカ、アルバイト経験、札幌で働く理由について質問された。淡々としていたが、回答の背景を詳しく問われた。企業研究の甘さを痛感した。結果としては不合格だったものの、今後の改善点が明確になり次の選考に活かせる面接だった。"
株式会社ホライズンテック,horizon.tech.56@example.com,S20240506,P20249596,試験_面接,継続（合格）,2028-04-16 15:00,2028-04-16 15:40,オンライン・単独,自宅,1,人事・エンジニア,"株式会社ホライズンテックの試験_面接では、失敗経験から何を学んだか、技術への情熱、学生時代に頑張ったことについて深掘りされた。やや厳しめではあったが、質問の意図は明確だった。自己PRの構成を見直す必要があると感じた。選考は次のステップに進むことになり、引き続き準備を進めていく必要があると感じた。"
株式会社ホライズンテック,horizon.tech.57@example.com,S20240507,P20249597,試験_面接,継続（合格）,2028-04-19 10:30,2028-04-19 11:00,オンライン・単独,自宅,1,人事,"株式会社ホライズンテックでの試験_面接では、将来像、チーム開発でのトラブル対応、他社との比較について聞かれた。具体的なエピソードを何度も深掘りされた。全体的に穏やかな雰囲気で、リラックスして話せた。緊張すると早口になるため、落ち着いて話す意識が必要だと感じた。選考は次のステップに進むことになり、引き続き準備を進めていく必要があると感じた。"
株式会社ホライズンテック,horizon.tech.58@example.com,S20240508,P20249598,試験_面接,落選,2028-04-22 14:00,2028-04-22 14:30,オンライン・単独,自宅,1,エンジニア,"株式会社ホライズンテックの試験_面接では、Git経験、学校で学んだ専門技術、入社後の貢献について質問された。淡々としていたが、的確に核心を突く質問が多かった。専門用語を分かりやすく説明する練習が必要だと感じた。結果としては不合格だったものの、今後の改善点が明確になり次の選考に活かせる面接だった。"
株式会社ホライズンテック,horizon.tech.59@example.com,S20240509,P20249599,試験_面接,継続（合格）,2028-04-25 11:00,2028-04-25 11:40,オンライン・単独,自宅,1,人事・エンジニア,"株式会社ホライズンテックでの試験_面接では、会社の理念に対する共感度、困難を乗り越えた経験、チーム開発での役割について聞かれた。回答の背景や理由を詳しく問われた。やや厳しめではあったが、誠実に話を聞いてもらえた。話の論理性を高める必要性を感じた。選考は次のステップに進むことになり、引き続き準備を進めていく必要があると感じた。"
株式会社ホライズンテック,horizon.tech.60@example.com,S20240510,P20249600,試験_面接,内定,2028-04-28 09:00,2028-04-28 09:30,オンライン・単独,自宅,1,人事,"株式会社ホライズンテックの試験_面接では、長所と短所、会社への貢献意欲、学生時代の経験全般について深く問われた。終始和やかな雰囲気で、会話形式で進んだ。熱意と、自己成長への意欲、そして企業文化との高いフィット感が評価され、内定となった。"
株式会社アルファテック,alfa.tech.61@example.com,S20240511,P20249601,試験_面接,継続（合格）,2028-05-01 14:00,2028-05-01 14:40,オンライン・単独,自宅,1,人事,"株式会社アルファテックの試験_面接では、志望動機、長所と短所、学生時代に最も力を入れたことについて深掘りされた。淡々としていたが、回答の背景を詳しく問われた。結論ファーストを徹底する訓練が必要だと感じた。選考は次のステップに進むことになり、引き続き準備を進めていく必要があると感じた。"
株式会社アルファテック,alfa.tech.62@example.com,S20240512,P20249602,試験_面接,継続（合格）,2028-05-04 10:00,2028-05-04 10:30,オンライン・単独,自宅,1,エンジニア,"株式会社アルファテックでの試験_面接では、技術的な興味、ポートフォリオの詳細、Git経験について聞かれた。静かな緊張感はあったものの、こちらの話を受け止めてくれた。技術的な知識の応用力を高める必要性を感じた。選考は次のステップに進むことになり、引き続き準備を進めていく必要があると感じた。"
株式会社アルファテック,alfa.tech.63@example.com,S20240513,P20249603,試験_面接,内定,2028-05-07 16:00,2028-05-07 16:20,オンライン・単独,自宅,1,人事・エンジニア,"株式会社アルファテックの試験_面接では、キャリアビジョン、技術的な課題解決能力、チーム開発での貢献について深く問われた。終始和やかな雰囲気で、話しやすかった。技術への深い関心と論理的な思考力が評価され、内定となった。"
株式会社アルファテック,alfa.tech.64@example.com,S20240514,P20249604,試験_面接,継続（合格）,2028-05-10 11:00,2028-05-10 11:30,オンライン・単独,自宅,1,人事,"株式会社アルファテックでの試験_面接では、周囲からの評価、ストレスへの対処方法、HCSを選んだ理由について質問された。具体的なエピソードを何度も深掘りされた。自己分析をもう一段深める必要があると感じる。選考は次のステップに進むことになり、引き続き準備を進めていく必要があると感じた。"
株式会社アルファテック,alfa.tech.65@example.com,S20240515,P20249605,試験_面接,落選,2028-05-13 09:00,2028-05-13 09:20,オンライン・単独,自宅,1,エンジニア,"株式会社アルファテックの試験_面接では、技術選定の理由、開発における課題解決、レビューの受け方について重点的に聞かれた。質問は鋭く、深掘りされた。技術知識の幅と深さが足りなかったと痛感した。結果としては不合格だったものの、今後の改善点が明確になり次の選考に活かせる面接だった。"
株式会社アルファテック,alfa.tech.66@example.com,S20240516,P20249606,試験_面接,継続（合格）,2028-05-16 15:00,2028-05-16 15:40,オンライン・単独,自宅,1,人事・エンジニア,"株式会社アルファテックでの試験_面接では、札幌で働く理由、会社の理念への共感度、入社後の目標について聞かれた。全体的に穏やかな雰囲気で、会話形式で進んだ。専門用語を分かりやすく説明する練習が必要だと感じた。選考は次のステップに進むことになり、引き続き準備を進めていく必要があると感じた。"
株式会社アルファテック,alfa.tech.67@example.com,S20240517,P20249607,試験_面接,継続（合格）,2028-05-19 10:30,2028-05-19 11:00,オンライン・単独,自宅,1,人事,"株式会社アルファテックの試験_面接では、困難を乗り越えた経験、将来像、他社との違いについて聞かれた。やや厳しめだったが質問の意図は明確だった。逆質問のバリエーションを増やしておくべきだったと反省した。選考は次のステップに進むことになり、引き続き準備を進めていく必要があると感じた。"
株式会社アルファテック,alfa.tech.68@example.com,S20240518,P20249608,試験_面接,内定,2028-05-22 14:00,2028-05-22 14:30,オンライン・単独,自宅,1,エンジニア,"株式会社アルファテックでの試験_面接では、会社への貢献意欲、技術への情熱、長所と短所について深く問われた。終始和やかな雰囲気で進んだ。論理的な思考と熱意が評価されたと感じる。最終的に総合的な評価は高く、非常に良いフィードバックをいただき内定となった。"
株式会社アルファテック,alfa.tech.69@example.com,S20240519,P20249609,試験_面接,落選,2028-05-25 11:00,2028-05-25 11:40,オンライン・単独,自宅,1,人事・エンジニア,"株式会社アルファテックの試験_面接では、アルバイト経験、将来像、技術的な知識について質問された。淡々としていたが、回答の背景を詳しく問われた。企業研究の甘さを痛感した。結果としては不合格だったものの、今後の改善点が明確になり次の選考に活かせる面接だった。"
株式会社アルファテック,alfa.tech.70@example.com,S20240520,P20249610,試験_面接,継続（合格）,2028-05-28 09:00,2028-05-28 09:30,オンライン・単独,自宅,1,人事,"株式会社アルファテックでの試験_面接では、長所と短所、志望動機、チームでの協調性について質問された。具体的なエピソードを何度も深掘りされた。話の論理性を高める訓練が必要だと感じた。選考は次のステップに進むことになり、引き続き準備を進めていく必要があると感じた。"
株式会社ビーリンク,be.link.61@example.com,S20240521,P20249611,試験_面接,継続（合格）,2028-06-01 14:00,2028-06-01 14:50,オンライン・単独,自宅,1,人事・エンジニア,"株式会社ビーリンクの試験_面接では、技術的な興味、ポートフォリオでの挑戦点、技術選定の理由について深く問われた。面接官が明るく、非常に話しやすい雰囲気だった。話の論理性を高める必要性を感じた。選考は次のステップに進むことになり、引き続き準備を進めていく必要があると感じた。"
株式会社ビーリンク,be.link.62@example.com,S20240522,P20249612,試験_面接,継続（合格）,2028-06-04 10:00,2028-06-04 10:30,オンライン・単独,自宅,1,人事,"株式会社ビーリンクでの試験_面接では、ガクチカ、長所と短所、札幌で働く理由について深掘りされた。やや厳しめではあったが、真剣に話を聞いてもらえた。自己分析をもう一段深める必要があると感じる。選考は次のステップに進むことになり、引き続き準備を進めていく必要があると感じた。"
株式会社ビーリンク,be.link.63@example.com,S20240523,P20249613,試験_面接,内定,2028-06-07 16:00,2028-06-07 16:20,オンライン・単独,自宅,1,エンジニア,"株式会社ビーリンクの試験_面接では、Git経験、技術的な課題解決、入社後の目標について質問された。面接官が親身になって話を聞いてくれる印象だった。技術への深い理解と、論理的な説明力が評価され、内定となった。"
株式会社ビーリンク,be.link.64@example.com,S20240524,P20249614,試験_面接,落選,2028-06-10 11:00,2028-06-10 11:30,オンライン・単独,自宅,1,人事,"株式会社ビーリンクでの試験_面接では、失敗経験から何を学んだか、価値観、アルバイト経験について質問された。淡々としていたが、質問は鋭かった。企業研究の甘さを痛感した。結果としては不合格だったものの、今後の改善点が明確になり次の選考に活かせる面接だった。"
株式会社ビーリンク,be.link.65@example.com,S20240525,P20249615,試験_面接,継続（合格）,2028-06-13 09:00,2028-06-13 09:20,オンライン・単独,自宅,1,人事・エンジニア,"株式会社ビーリンクの試験_面接では、会社への貢献意欲、チーム開発での役割、学生時代に頑張ったことについて問われた。具体的なエピソードを何度も深掘りされた。結論から整理して話す練習をしておくべきだと学んだ。選考は次のステップに進むことになり、引き続き準備を進めていく必要があると感じた。"
株式会社ビーリンク,be.link.66@example.com,S20240526,P20249616,試験_面接,継続（合格）,2028-06-16 15:00,2028-06-16 15:40,オンライン・単独,自宅,1,人事,"株式会社ビーリンクでの試験_面接では、入社後の目標、周囲からの評価、ストレスへの対処方法について聞かれた。静かな緊張感はあったものの、こちらの話を真摯に受け止めてくれた。緊張すると早口になるため、落ち着いて話す意識が必要だと感じた。選考は次のステップに進むことになり、引き続き準備を進めていく必要があると感じた。"
株式会社ビーリンク,be.link.67@example.com,S20240527,P20249617,試験_面接,継続（合格）,2028-06-19 10:30,2028-06-19 11:00,オンライン・単独,自宅,1,エンジニア,"株式会社ビーリンクの試験_面接では、技術的な課題解決、レビューの受け方、学校で学んだ専門技術について重点的に深掘りされた。やや厳しめではあったが、質問の意図は明確だった。技術的な知識の応用力を高める必要性を感じた。選考は次のステップに進むことになり、引き続き準備を進めていく必要があると感じた。"
株式会社ビーリンク,be.link.68@example.com,S20240528,P20249618,試験_面接,落選,2028-06-22 14:00,2028-06-22 14:30,オンライン・単独,自宅,1,人事・エンジニア,"株式会社ビーリンクでの試験_面接では、HCSを選んだ理由、将来像、他社との比較について聞かれた。淡々としていたが、的確に核心を突く質問が多かった。自己分析の甘さを痛感した。結果としては不合格だったものの、今後の改善点が明確になり次の選考に活かせる面接だった。"
株式会社ビーリンク,be.link.69@example.com,S20240529,P20249619,試験_面接,内定,2028-06-25 11:00,2028-06-25 11:40,オンライン・単独,自宅,1,人事,"株式会社ビーリンクの試験_面接では、困難な状況への対処法、会社の理念への共感度、キャリアビジョンについて深く問われた。終始和やかな雰囲気で、会話形式で進んだ。熱意と論理性が両立できたことが評価され、内定となった。"
株式会社ビーリンク,be.link.70@example.com,S20240530,P20249620,試験_面接,継続（合格）,2028-06-28 09:00,2028-06-28 09:30,オンライン・単独,自宅,1,人事・エンジニア,"株式会社ビーリンクでの試験_面接では、長所と短所、学生時代の経験全般、技術への情熱について質問された。回答の背景や理由を詳しく問われた。専門用語を分かりやすく説明する練習が必要だと感じた。選考は次のステップに進むことになり、引き続き準備を進めていく必要があると感じた。"
クリエイトソリューションズ株式会社,create.sol.61@example.com,S20240531,P20249621,試験_面接,継続（合格）,2028-07-01 14:00,2028-07-01 14:50,オンライン・単独,自宅,1,人事,"クリエイトソリューションズ株式会社の試験_面接では、志望動機、長所と短所、価値観について質問された。具体的なエピソードを何度も深掘りされた。逆質問のバリエーションを増やすべきだったと反省した。選考は次のステップに進むことになり、引き続き準備を進めていく必要があると感じた。"
クリエイトソリューションズ株式会社,create.sol.62@example.com,S20240532,P20249622,試験_面接,落選,2028-07-04 10:00,2028-07-04 10:30,オンライン・単独,自宅,1,エンジニア,"クリエイトソリューションズ株式会社での試験_面接では、ポートフォリオの詳細、技術選定の理由、Git経験について重点的に聞かれた。やや厳しめではあったが、質問の意図は明確だった。技術的な説明を簡潔に行う練習が必要だと感じた。結果としては不合格だったものの、今後の改善点が明確になり次の選考に活かせる面接だった。"
クリエイトソリューションズ株式会社,create.sol.63@example.com,S20240533,P20249623,試験_面接,継続（合格）,2028-07-07 16:00,2028-07-07 16:20,オンライン・単独,自宅,1,人事・エンジニア,"クリエイトソリューションズ株式会社の試験_面接では、技術的な興味、入社後のキャリアプラン、チーム開発での課題解決について深く問われた。終始和やかな雰囲気で、リラックスして話せた。話の論理性を高める必要性を感じた。選考は次のステップに進むことになり、引き続き準備を進めていく必要があると感じた。"
クリエイトソリューションズ株式会社,create.sol.64@example.com,S20240534,P20249624,試験_面接,継続（合格）,2028-07-10 11:00,2028-07-10 11:30,オンライン・単独,自宅,1,人事,"クリエイトソリューションズ株式会社での試験_面接では、周囲からの評価、ストレスへの対処方法、アルバイト経験について質問された。面接官が親身になって話を聞いてくれる印象だった。結論から整理して話す練習をしておくべきだと学んだ。選考は次のステップに進むことになり、引き続き準備を進めていく必要があると感じた。"
クリエイトソリューションズ株式会社,create.sol.65@example.com,S20240535,P20249625,試験_面接,落選,2028-07-13 09:00,2028-07-13 09:20,オンライン・単独,自宅,1,エンジニア,"クリエイトソリューションズ株式会社の試験_面接では、技術的な課題解決、チーム開発での役割、入社後の目標について聞かれた。淡々としていたが、質問は鋭かった。技術的な知識の確認を徹底する必要があると学んだ。結果としては不合格だったものの、今後の改善点が明確になり次の選考に活かせる面接だった。"
クリエイトソリューションズ株式会社,create.sol.66@example.com,S20240536,P20249626,試験_面接,内定,2028-07-16 15:00,2028-07-16 15:40,オンライン・単独,自宅,1,人事・エンジニア,"クリエイトソリューションズ株式会社での試験_面接では、失敗経験から何を学んだか、レビューの受け方、会社への貢献意欲について問われた。全体的に穏やかな雰囲気で、和やかに進んだ。一貫性のある回答と、将来への明確なビジョンが評価され、内定となった。"
クリエイトソリューションズ株式会社,create.sol.67@example.com,S20240537,P20249627,試験_面接,継続（合格）,2028-07-19 10:30,2028-07-19 11:00,オンライン・単独,自宅,1,人事,"クリエイトソリューションズ株式会社の試験_面接では、HCSを選んだ理由、札幌で働く理由、将来像について深掘りされた。静かな緊張感はあったものの、こちらの話を受け止めてくれた。話の論理性を高める必要性を感じた。選考は次のステップに進むことになり、引き続き準備を進めていく必要があると感じた。"
クリエイトソリューションズ株式会社,create.sol.68@example.com,S20240538,P20249628,試験_面接,落選,2028-07-22 14:00,2028-07-22 14:30,オンライン・単独,自宅,1,エンジニア,"クリエイトソリューションズ株式会社での試験_面接では、技術への情熱、会社の理念への共感、チームでの貢献方法について重点的に問われた。やや厳しめではあったが、誠実に話を聞いてもらえた。自己PRの具体性が不足していたと痛感した。結果としては不合格だったものの、今後の改善点が明確になり次の選考に活かせる面接だった。"
クリエイトソリューションズ株式会社,create.sol.69@example.com,S20240539,P20249629,試験_面接,内定,2028-07-25 11:00,2028-07-25 11:40,オンライン・単独,自宅,1,人事・エンジニア,"クリエイトソリューションズ株式会社の試験_面接では、志望動機、技術的な興味、キャリアビジョンについて深く問われた。面接官が明るく、非常に話しやすい雰囲気だった。熱意と、企業文化との高いフィット感が評価され、内定となった。"
クリエイトソリューションズ株式会社,create.sol.70@example.com,S20240540,P20249630,試験_面接,継続（合格）,2028-07-28 09:00,2028-07-28 09:30,オンライン・単独,自宅,1,人事,"クリエイトソリューションズ株式会社での試験_面接では、長所と短所、学生時代の経験全般、他社との比較について質問された。具体的なエピソードを何度も深掘りされた。緊張すると早口になるため、落ち着いて話す意識が必要だと感じた。選考は次のステップに進むことになり、引き続き準備を進めていく必要があると感じた。"
株式会社デジタルリンク,digi.link.61@example.com,S20240541,P20249631,試験_面接,継続（合格）,2028-08-01 14:00,2028-08-01 14:50,オンライン・単独,自宅,1,人事・エンジニア,"株式会社デジタルリンクの試験_面接では、技術的な興味、学校で学んだこと、チーム開発でのトラブル対応について質問された。やや厳しめではあったが、質問の意図は分かりやすかった。技術的な知識の確認を徹底する必要があると学んだ。選考は次のステップに進むことになり、引き続き準備を進めていく必要があると感じた。"
株式会社デジタルリンク,digi.link.62@example.com,S20240542,P20249632,試験_面接,継続（合格）,2028-08-04 10:00,2028-08-04 10:30,オンライン・単独,自宅,1,人事,"株式会社デジタルリンクでの試験_面接では、長所と短所、志望動機、周囲からの評価について聞かれた。淡々としていたが、質問は鋭かった。結論ファーストを徹底する訓練が必要だと感じた。選考は次のステップに進むことになり、引き続き準備を進めていく必要があると感じた。"
株式会社デジタルリンク,digi.link.63@example.com,S20240543,P20249633,試験_面接,内定,2028-08-07 16:00,2028-08-07 16:20,オンライン・単独,自宅,1,エンジニア,"株式会社デジタルリンクの試験_面接では、ポートフォリオでの挑戦点、技術選定の理由、Git経験について重点的に聞かれた。面接官が親身になって話を聞いてくれる印象だった。問題解決能力と、技術への深い関心が評価され、内定となった。"
株式会社デジタルリンク,digi.link.64@example.com,S20240544,P20249634,試験_面接,落選,2028-08-10 11:00,2028-08-10 11:30,オンライン・単独,自宅,1,人事,"株式会社デジタルリンクでの試験_面接では、入社後の目標、価値観、アルバイト経験について質問された。回答の背景や理由を詳しく問われた。自己PRの構成を見直す必要があると感じた。結果としては不合格だったものの、今後の改善点が明確になり次の選考に活かせる面接だった。"
株式会社デジタルリンク,digi.link.65@example.com,S20240545,P20249635,試験_面接,継続（合格）,2028-08-13 09:00,2028-08-13 09:20,オンライン・単独,自宅,1,人事・エンジニア,"株式会社デジタルリンクの試験_面接では、ストレスへの対処方法、HCSを選んだ理由、レビューの受け方について質問された。具体的なエピソードを何度も深掘りされた。専門用語を分かりやすく説明する練習が必要だと感じた。選考は次のステップに進むことになり、引き続き準備を進めていく必要があると感じた。"
株式会社デジタルリンク,digi.link.66@example.com,S20240546,P20249636,試験_面接,継続（合格）,2028-08-16 15:00,2028-08-16 15:40,オンライン・単独,自宅,1,人事,"株式会社デジタルリンクでの試験_面接では、ガクチカ、困難を乗り越えた経験、将来像について深掘りされた。静かな緊張感はあったものの、こちらの話を受け止めてくれた。話の論理性を高める必要性を感じた。選考は次のステップに進むことになり、引き続き準備を進めていく必要があると感じた。"
株式会社デジタルリンク,digi.link.67@example.com,S20240547,P20249637,試験_面接,内定,2028-08-19 10:30,2028-08-19 11:00,オンライン・単独,自宅,1,エンジニア,"株式会社デジタルリンクの試験_面接では、入社後の貢献、技術的な課題解決、学校で学んだ専門技術について聞かれた。終始和やかな雰囲気で、会話形式で進んだ。論理的な思考力と、一貫した熱意が評価され、内定となった。"
株式会社デジタルリンク,digi.link.68@example.com,S20240548,P20249638,試験_面接,継続（合格）,2028-08-22 14:00,2028-08-22 14:30,オンライン・単独,自宅,1,人事・エンジニア,"株式会社デジタルリンクでの試験_面接では、会社への貢献意欲、技術への情熱、キャリアビジョンについて深く問われた。全体的に穏やかな雰囲気で、リラックスして話せた。話の論理性を高める必要性を感じた。選考は次のステップに進むことになり、引き続き準備を進めていく必要があると感じた。"
株式会社デジタルリンク,digi.link.69@example.com,S20240549,P20249639,試験_面接,落選,2028-08-25 11:00,2028-08-25 11:40,オンライン・単独,自宅,1,人事,"株式会社デジタルリンクの試験_面接では、長所と短所、学生時代の経験全般、他社との違いについて聞かれた。やや厳しめではあったが、誠実に話を聞いてもらえた。自己分析の甘さを痛感した。結果としては不合格だったものの、今後の改善点が明確になり次の選考に活かせる面接だった。"
株式会社デジタルリンク,digi.link.70@example.com,S20240550,P20249640,試験_面接,継続（合格）,2028-08-28 09:00,2028-08-28 09:30,オンライン・単独,自宅,1,エンジニア,"株式会社デジタルリンクでの試験_面接では、札幌で働く理由、失敗経験、技術への興味について聞かれた。回答の背景や理由を詳しく問われた。技術的な知識の応用力を高める必要性を感じた。選考は次のステップに進むことになり、引き続き準備を進めていく必要があると感じた。"
株式会社エムライン,m.line.61@example.com,S20240551,P20249641,試験_面接,継続（合格）,2028-09-01 14:00,2028-09-01 14:50,オンライン・単独,自宅,1,人事・エンジニア,"株式会社エムラインでの試験_面接では、技術的な興味、チーム開発での役割、札幌で働く理由について質問された。やや厳しめではあったが、質問は鋭かった。技術的な知識の浅さを痛感し、情報収集の重要性を実感した。選考は次のステップに進むことになり、引き続き準備を進めていく必要があると感じた。"
株式会社エムライン,m.line.62@example.com,S20240552,P20249642,試験_面接,内定,2028-09-04 10:00,2028-09-04 10:30,オンライン・単独,自宅,1,人事,"株式会社エムラインの試験_面接では、志望動機、周囲からの評価、困難な状況への対処法について深掘りされた。具体的なエピソードを何度も深掘りされた。自己理解の深さと、入社意欲の高さが評価され、内定となった。"
株式会社エムライン,m.line.63@example.com,S20240553,P20249643,試験_面接,継続（合格）,2028-09-07 16:00,2028-09-07 16:20,オンライン・単独,自宅,1,エンジニア,"株式会社エムラインでの試験_面接では、ポートフォリオでの挑戦点、技術的な失敗とそこからの学び、レビューの受け方について重点的に問われた。静かな緊張感はあったものの、こちらの話を受け止めてくれた。技術的な知識の応用力を高める必要性を感じた。選考は次のステップに進むことになり、引き続き準備を進めていく必要があると感じた。"
株式会社エムライン,m.line.64@example.com,S20240554,P20249644,試験_面接,落選,2028-09-10 11:00,2028-09-10 11:30,オンライン・単独,自宅,1,人事,"株式会社エムラインの試験_面接では、ガクチカ、価値観、アルバイト経験について質問された。淡々としていたが、回答の背景を詳しく問われた。結論ファーストを徹底する訓練が必要だと感じた。結果としては不合格だったものの、今後の改善点が明確になり次の選考に活かせる面接だった。"
株式会社エムライン,m.line.65@example.com,S20240555,P20249645,試験_面接,継続（合格）,2028-09-13 09:00,2028-09-13 09:20,オンライン・単独,自宅,1,人事・エンジニア,"株式会社エムラインでの試験_面接では、キャリアビジョン、会社への貢献意欲、学生時代に最も力を入れたことについて深掘りされた。終始和やかな雰囲気で、会話形式で進んだ。緊張すると早口になるため、落ち着いて話す意識が必要だと感じた。選考は次のステップに進むことになり、引き続き準備を進めていく必要があると感じた。"
株式会社エムライン,m.line.66@example.com,S20240556,P20249646,試験_面接,継続（合格）,2028-09-16 15:00,2028-09-16 15:40,オンライン・単独,自宅,1,人事,"株式会社エムラインの試験_面接では、長所と短所、入社後の目標、HCSを選んだ理由について聞かれた。面接官が明るく、非常に話しやすい雰囲気だった。企業研究をより進める必要を実感した。選考は次のステップに進むことになり、引き続き準備を進めていく必要があると感じた。"
株式会社エムライン,m.line.67@example.com,S20240557,P20249647,試験_面接,落選,2028-09-19 10:30,2028-09-19 11:00,オンライン・単独,自宅,1,エンジニア,"株式会社エムラインでの試験_面接では、Gitの具体的な利用経験、技術的な課題解決、学校で学んだ専門技術について質問された。具体的なエピソードを何度も深掘りされた。専門用語を分かりやすく説明する練習が必要だと感じた。結果としては不合格だったものの、今後の改善点が明確になり次の選考に活かせる面接だった。"
株式会社エムライン,m.line.68@example.com,S20240558,P20249648,試験_面接,継続（合格）,2028-09-22 14:00,2028-09-22 14:30,オンライン・単独,自宅,1,人事・エンジニア,"株式会社エムラインの試験_面接では、技術への情熱、会社の理念に対する共感度、入社後の貢献について深く問われた。面接官が親身になって話を聞いてくれる印象だった。話の論理性を高める必要性を感じた。選考は次のステップに進むことになり、引き続き準備を進めていく必要があると感じた。"
株式会社エムライン,m.line.69@example.com,S20240559,P20249649,試験_面接,内定,2028-09-25 11:00,2028-09-25 11:40,オンライン・単独,自宅,1,人事,"株式会社エムラインでの試験_面接では、将来像、チーム開発でのトラブル対応、他社との比較について聞かれた。やや厳しめではあったが、質問の意図は明確だった。一貫性のある回答と、企業への高い関心が評価され、内定となった。"
株式会社エムライン,m.line.70@example.com,S20240560,P20249650,試験_面接,落選,2028-09-28 09:00,2028-09-28 09:30,オンライン・単独,自宅,1,エンジニア,"株式会社エムラインの試験_面接では、長所と短所、困難を乗り越えた経験、学生時代の経験全般について聞かれた。静かな緊張感はあったものの、こちらの話を受け止めてくれた。逆質問のバリエーションを増やすべきだったと反省した。結果としては不合格だったものの、今後の改善点が明確になり次の選考に活かせる面接だった。"
株式会社フォースウェーブ,force.wave.61@example.com,S20240561,P20249651,試験_面接,継続（合格）,2028-10-01 14:00,2028-10-01 14:50,オンライン・単独,自宅,1,人事,"株式会社フォースウェーブでの試験_面接では、志望動機、長所と短所、周囲からの評価について質問された。全体的に穏やかな雰囲気だった。自己分析をもう一段深める必要があると感じた。選考は次のステップに進むことになり、引き続き準備を進めていく必要があると感じた。"
株式会社フォースウェーブ,force.wave.62@example.com,S20240562,P20249652,試験_面接,内定,2028-10-04 10:00,2028-10-04 10:30,オンライン・単独,自宅,1,エンジニア,"株式会社フォースウェーブの試験_面接では、技術的な興味、ポートフォリオでの挑戦点、チーム開発での工夫点について重点的に聞かれた。面接官は明るく、非常に話しやすかった。技術的な深掘りにも論理的に答えられ、高い評価を得て内定となった。"
株式会社フォースウェーブ,force.wave.63@example.com,S20240563,P20249653,試験_面接,継続（合格）,2028-10-07 16:00,2028-10-07 16:20,オンライン・単独,自宅,1,人事・エンジニア,"株式会社フォースウェーブでの試験_面接では、Git経験、レビューの受け方、技術的な課題解決について深掘りされた。やや厳しめではあったが、質問の意図は明確だった。技術的な知識の確認を徹底する必要があると学んだ。選考は次のステップに進むことになり、引き続き準備を進めていく必要があると感じた。"
株式会社フォースウェーブ,force.wave.64@example.com,S20240564,P20249654,試験_面接,落選,2028-10-10 11:00,2028-10-10 11:30,オンライン・単独,自宅,1,人事,"株式会社フォースウェーブの試験_面接では、キャリアビジョン、会社への貢献意欲、失敗経験から何を学んだかについて問われた。淡々としていたが、質問は鋭かった。将来への明確なビジョンを示す必要があったと痛感した。結果としては不合格だったものの、今後の改善点が明確になり次の選考に活かせる面接だった。"
株式会社フォースウェーブ,force.wave.65@example.com,S20240565,P20249655,試験_面接,継続（合格）,2028-10-13 09:00,2028-10-13 09:20,オンライン・単独,自宅,1,エンジニア,"株式会社フォースウェーブでの試験_面接では、技術への情熱、入社後の貢献、学校で学んだ専門技術について深く問われた。面接官が親身になって話を聞いてくれる印象だった。結論から整理して話す練習をしておくべきだと学んだ。選考は次のステップに進むことになり、引き続き準備を進めていく必要があると感じた。"
株式会社フォースウェーブ,force.wave.66@example.com,S20240566,P20249656,試験_面接,継続（合格）,2028-10-16 15:00,2028-10-16 15:40,オンライン・単独,自宅,1,人事・エンジニア,"株式会社フォースウェーブの試験_面接では、入社後の目標、HCSを選んだ理由、学生時代に頑張ったことについて問われた。回答の背景や理由を詳しく問われた。緊張すると早口になるため、落ち着いて話す意識が必要だと感じた。選考は次のステップに進むことになり、引き続き準備を進めていく必要があると感じた。"
株式会社フォースウェーブ,force.wave.67@example.com,S20240567,P20249657,試験_面接,落選,2028-10-19 10:30,2028-10-19 11:00,オンライン・単独,自宅,1,人事,"株式会社フォースウェーブでの試験_面接では、アルバイト経験、将来像、困難な状況への対処法について質問された。やや厳しめではあったが、真剣に話を聞いてもらえた。企業研究の甘さを痛感した。結果としては不合格だったものの、今後の改善点が明確になり次の選考に活かせる面接だった。"
株式会社フォースウェーブ,force.wave.68@example.com,S20240568,P20249658,試験_面接,継続（合格）,2028-10-22 14:00,2028-10-22 14:30,オンライン・単独,自宅,1,エンジニア,"株式会社フォースウェーブの試験_面接では、札幌で働く理由、価値観、ストレスへの対処方法について質問された。具体的なエピソードを何度も深掘りされた。話の論理性を高める必要性を感じた。選考は次のステップに進むことになり、引き続き準備を進めていく必要があると感じた。"
株式会社フォースウェーブ,force.wave.69@example.com,S20240569,P20249659,試験_面接,内定,2028-10-25 11:00,2028-10-25 11:40,オンライン・単独,自宅,1,人事,"株式会社フォースウェーブでの試験_面接では、ガクチカ、チーム開発でのトラブル対応、他社との比較について聞かれた。淡々としていたが、質問の意図は分かりやすかった。技術的な知識の深さと、論理的な説明力が評価され、内定となった。"
株式会社フォースウェーブ,force.wave.70@example.com,S20240570,P20249660,試験_面接,継続（合格）,2028-10-28 09:00,2028-10-28 09:30,オンライン・単独,自宅,1,人事・エンジニア,"株式会社フォースウェーブの試験_面接では、長所と短所、学生時代の経験全般、会社の理念への共感度について質問された。具体的なエピソードを何度も深掘りされた。専門用語を分かりやすく説明する練習が必要だと感じた。選考は次のステップに進むことになり、引き続き準備を進めていく必要があると感じた。"
ノースシステム株式会社,north.sys.61@example.com,S20240571,P20249661,試験_面接,継続（合格）,2028-11-01 14:00,2028-11-01 14:50,オンライン・単独,自宅,1,人事・エンジニア,"ノースシステム株式会社の試験_面接では、志望動機、キャリアビジョン、失敗経験から何を学んだかについて深く聞かれた。やや厳しめではあったが、質問の意図は分かりやすかった。技術的な知識の確認を徹底する必要があると学んだ。選考は次のステップに進むことになり、引き続き準備を進めていく必要があると感じた。"
ノースシステム株式会社,north.sys.62@example.com,S20240572,P20249662,試験_面接,落選,2028-11-04 10:00,2028-11-04 10:30,オンライン・単独,自宅,1,人事,"ノースシステム株式会社での試験_面接では、長所と短所、価値観、ストレスへの対処方法について質問された。淡々としていたが、質問は鋭かった。自己分析の深さが足りなかったと痛感した。結果としては不合格だったものの、今後の改善点が明確になり次の選考に活かせる面接だった。"
ノースシステム株式会社,north.sys.63@example.com,S20240573,P20249663,試験_面接,継続（合格）,2028-11-07 16:00,2028-11-07 16:20,オンライン・単独,自宅,1,エンジニア,"ノースシステム株式会社の試験_面接では、技術的な興味、ポートフォリオの詳細、チーム開発での役割、学生時代の経験全般について深掘りされた。回答の背景や理由を詳しく問われた。自己PRの構成を見直す必要があると感じた。選考は次のステップに進むことになり、引き続き準備を進めていく必要があると感じた。"
ノースシステム株式会社,north.sys.64@example.com,S20240574,P20249664,試験_面接,内定,2028-11-10 11:00,2028-11-10 11:30,オンライン・単独,自宅,1,人事,"ノースシステム株式会社での試験_面接では、周囲からの評価、アルバイト経験、札幌で働く理由について聞かれた。終始和やかな雰囲気で、会話形式で進んだ。将来への展望と、論理的な思考力が評価され、内定となった。"
ノースシステム株式会社,north.sys.65@example.com,S20240575,P20249665,試験_面接,継続（合格）,2028-11-13 09:00,2028-11-13 09:20,オンライン・単独,自宅,1,人事・エンジニア,"ノースシステム株式会社の試験_面接では、HCSを選んだ理由、困難を乗り越えた経験、学校で学んだことについて質問された。具体的なエピソードを何度も深掘りされた。結論から整理して話す練習をしておくべきだと学んだ。選考は次のステップに進むことになり、引き続き準備を進めていく必要があると感じた。"
ノースシステム株式会社,north.sys.66@example.com,S20240576,P20249666,試験_面接,継続（合格）,2028-11-16 15:00,2028-11-16 15:40,オンライン・単独,自宅,1,人事,"ノースシステム株式会社での試験_面接では、ガクチカ、将来像、他社との比較について深掘りされた。やや厳しめではあったが、誠実に話を聞いてもらえた。緊張すると早口になるため、落ち着いて話す意識が必要だと感じた。選考は次のステップに進むことになり、引き続き準備を進めていく必要があると感じた。"
ノースシステム株式会社,north.sys.67@example.com,S20240577,P20249667,試験_面接,落選,2028-11-19 10:30,2028-11-19 11:00,オンライン・単独,自宅,1,エンジニア,"ノースシステム株式会社の試験_面接では、技術的な課題解決、レビューの受け方、チーム開発でのトラブル対応について質問された。淡々としていたが、的確に核心を突く質問が多かった。逆質問のバリエーションを増やすべきだったと痛感した。結果としては不合格だったものの、今後の改善点が明確になり次の選考に活かせる面接だった。"
ノースシステム株式会社,north.sys.68@example.com,S20240578,P20249668,試験_面接,継続（合格）,2028-11-22 14:00,2028-11-22 14:30,オンライン・単独,自宅,1,人事・エンジニア,"ノースシステム株式会社での試験_面接では、会社への貢献意欲、技術への情熱、長所と短所について聞かれた。回答の背景や理由を詳しく問われた。企業研究をより進める必要を実感した。選考は次のステップに進むことになり、引き続き準備を進めていく必要があると感じた。"
ノースシステム株式会社,north.sys.69@example.com,S20240579,P20249669,試験_面接,内定,2028-11-25 11:00,2028-11-25 11:40,オンライン・単独,自宅,1,エンジニア,"ノースシステム株式会社の試験_面接では、Git経験、技術選定の理由、入社後の貢献について重点的に問われた。面接官が親身になって話を聞いてくれる印象だった。技術的な背景を論理的に説明できた点が評価され、内定となった。"
ノースシステム株式会社,north.sys.70@example.com,S20240580,P20249670,試験_面接,継続（合格）,2028-11-28 09:00,2028-11-28 09:30,オンライン・単独,自宅,1,人事,"ノースシステム株式会社での試験_面接では、入社後の目標、キャリアビジョン、学生時代の経験全般について深く問われた。全体的に穏やかな雰囲気で、和やかに進んだ。話の論理性を高める必要性を感じた。選考は次のステップに進むことになり、引き続き準備を進めていく必要があると感じた。"
株式会社ライフネットワーク,life.net.61@example.com,S20240581,P20249671,試験_面接,継続（合格）,2028-12-01 14:00,2028-12-01 14:50,オンライン・単独,自宅,1,人事・エンジニア,"株式会社ライフネットワークの試験_面接では、技術的な興味、ポートフォリオでの挑戦点、Git経験について質問された。淡々としていたが、質問は鋭かった。技術的な知識の浅さを痛感し、情報収集の重要性を実感した。選考は次のステップに進むことになり、引き続き準備を進めていく必要があると感じた。"
株式会社ライフネットワーク,life.net.62@example.com,S20240582,P20249672,試験_面接,継続（合格）,2028-12-04 10:00,2028-12-04 10:30,オンライン・単独,自宅,1,人事,"株式会社ライフネットワークでの試験_面接では、長所と短所、志望動機、札幌で働く理由について深掘りされた。具体的なエピソードを何度も深掘りされた。専門用語を分かりやすく説明する練習が必要だと感じた。選考は次のステップに進むことになり、引き続き準備を進めていく必要があると感じた。"
株式会社ライフネットワーク,life.net.63@example.com,S20240583,P20249673,試験_面接,落選,2028-12-07 16:00,2028-12-07 16:20,オンライン・単独,自宅,1,エンジニア,"株式会社ライフネットワークの試験_面接では、技術選定の理由、チーム開発での役割、入社後の貢献について重点的に問われた。面接官が明るく、非常に話しやすい雰囲気だった。将来へのビジョンと技術的な興味の連動性が不足していたと痛感した。結果としては不合格だったものの、今後の改善点が明確になり次の選考に活かせる面接だった。"
株式会社ライフネットワーク,life.net.64@example.com,S20240584,P20249674,試験_面接,継続（合格）,2028-12-10 11:00,2028-12-10 11:30,オンライン・単独,自宅,1,人事,"株式会社ライフネットワークでの試験_面接では、周囲からの評価、価値観、困難な状況への対処法について聞かれた。やや厳しめではあったが、真剣にこちらの話を聞いてもらえた。緊張すると早口になるため、落ち着いて話す意識が必要だと感じた。選考は次のステップに進むことになり、引き続き準備を進めていく必要があると感じた。"
株式会社ライフネットワーク,life.net.65@example.com,S20240585,P20249675,試験_面接,継続（合格）,2028-12-13 09:00,2028-12-13 09:20,オンライン・単独,自宅,1,人事・エンジニア,"株式会社ライフネットワークの試験_面接では、失敗経験から何を学んだか、アルバイト経験、HCSを選んだ理由について質問された。回答の背景や理由を詳しく問われた。結論から整理して話す練習をしておくべきだと学んだ。選考は次のステップに進むことになり、引き続き準備を進めていく必要があると感じた。"
株式会社ライフネットワーク,life.net.66@example.com,S20240586,P20249676,試験_面接,内定,2028-12-16 15:00,2028-12-16 15:40,オンライン・単独,自宅,1,人事,"株式会社ライフネットワークでの試験_面接では、ガクチカ、ストレスへの対処方法、会社への貢献意欲について深く問われた。面接官が親身になって話を聞いてくれる印象だった。熱意と論理性が両立できたことが評価され、内定となった。"
株式会社ライフネットワーク,life.net.67@example.com,S20240587,P20249677,試験_面接,継続（合格）,2028-12-19 10:30,2028-12-19 11:00,オンライン・単独,自宅,1,エンジニア,"株式会社ライフネットワークの試験_面接では、学校で学んだ専門技術、技術的な課題解決、レビューの受け方について重点的に深掘りされた。静かな緊張感はあったものの、こちらの話を真摯に受け止めてくれた。技術的な知識の応用力を高める必要性を感じた。選考は次のステップに進むことになり、引き続き準備を進めていく必要があると感じた。"
株式会社ライフネットワーク,life.net.68@example.com,S20240588,P20249678,試験_面接,落選,2028-12-22 14:00,2028-12-22 14:30,オンライン・単独,自宅,1,人事・エンジニア,"株式会社ライフネットワークでの試験_面接では、会社の理念に対する共感度、長所と短所、チーム開発でのトラブル対応について質問された。終始和やかな雰囲気で、会話形式で進んだ。話の具体性が不足していたと痛感した。結果としては不合格だったものの、今後の改善点が明確になり次の選考に活かせる面接だった。"
株式会社ライフネットワーク,life.net.69@example.com,S20240589,P20249679,試験_面接,継続（合格）,2028-12-25 11:00,2028-12-25 11:40,オンライン・単独,自宅,1,人事,"株式会社ライフネットワークの試験_面接では、入社後の目標、将来像、他社との比較について聞かれた。やや厳しめではあったが、質問の意図は明確だった。自己分析の甘さを痛感した。選考は次のステップに進むことになり、引き続き準備を進めていく必要があると感じた。"
株式会社ライフネットワーク,life.net.70@example.com,S20240590,P20249680,試験_面接,内定,2028-12-28 09:00,2028-12-28 09:30,オンライン・単独,自宅,1,エンジニア,"株式会社ライフネットワークでの試験_面接では、技術への情熱、キャリアビジョン、学生時代の経験全般について深く問われた。全体的に穏やかな雰囲気で、リラックスして話せた。技術的な深い理解と、チームでの貢献意欲が評価され、内定となった。"
サッポロエンジニアリング株式会社,sapporo.eng.61@example.com,S20240591,P20249681,試験_面接,継続（合格）,2029-01-02 14:00,2029-01-02 14:50,オンライン・単独,自宅,1,人事,"サッポロエンジニアリング株式会社の試験_面接では、志望動機、長所と短所、入社後の目標について深掘りされた。淡々としていたが、質問は鋭かった。企業研究の甘さを痛感し、情報収集の重要性を実感した。選考は次のステップに進むことになり、引き続き準備を進めていく必要があると感じた。"
サッポロエンジニアリング株式会社,sapporo.eng.62@example.com,S20240592,P20249682,試験_面接,継続（合格）,2029-01-05 10:00,2029-01-05 10:30,オンライン・単独,自宅,1,エンジニア,"サッポロエンジニアリング株式会社での試験_面接では、ポートフォリオの詳細、技術選定の理由、Git経験について重点的に問われた。面接官が明るく、非常に話しやすい雰囲気だった。結論から整理して話す練習をしておくべきだと学んだ。選考は次のステップに進むことになり、引き続き準備を進めていく必要があると感じた。"
サッポロエンジニアリング株式会社,sapporo.eng.63@example.com,S20240593,P20249683,試験_面接,落選,2029-01-08 16:00,2029-01-08 16:20,オンライン・単独,自宅,1,人事・エンジニア,"サッポロエンジニアリング株式会社の試験_面接では、技術的な課題解決、入社後の貢献、学校で学んだ専門技術について詳しく聞かれた。やや厳しめではあったが、誠実に話を聞いてもらえた。専門用語を分かりやすく説明する力が不足していたと痛感した。結果としては不合格だったものの、今後の改善点が明確になり次の選考に活かせる面接だった。"
サッポロエンジニアリング株式会社,sapporo.eng.64@example.com,S20240594,P20249684,試験_面接,継続（合格）,2029-01-11 11:00,2029-01-11 11:30,オンライン・単独,自宅,1,人事,"サッポロエンジニアリング株式会社での試験_面接では、失敗経験から何を学んだか、レビューの受け方、札幌で働く理由について質問された。具体的なエピソードを何度も深掘りされた。緊張すると早口になるため、落ち着いて話す意識が必要だと感じた。選考は次のステップに進むことになり、引き続き準備を進めていく必要があると感じた。"
サッポロエンジニアリング株式会社,sapporo.eng.65@example.com,S20240595,P20249685,試験_面接,継続（合格）,2029-01-14 09:00,2029-01-14 09:20,オンライン・単独,自宅,1,エンジニア,"サッポロエンジニアリング株式会社の試験_面接では、技術的な興味、キャリアビジョン、チーム開発での役割、学生時代の経験全般について質問された。回答の背景や理由を詳しく問われた。話の論理性を高める必要性を感じた。選考は次のステップに進むことになり、引き続き準備を進めていく必要があると感じた。"
サッポロエンジニアリング株式会社,sapporo.eng.66@example.com,S20240596,P20249686,試験_面接,内定,2029-01-17 15:00,2029-01-17 15:40,オンライン・単独,自宅,1,人事・エンジニア,"サッポロエンジニアリング株式会社での試験_面接では、技術への情熱、会社の理念への共感度、HCSを選んだ理由について深く問われた。終始和やかな雰囲気で、会話形式で進んだ。熱意と一貫性のある回答が評価され、内定となった。"
サッポロエンジニアリング株式会社,sapporo.eng.67@example.com,S20240597,P20249687,試験_面接,継続（合格）,2029-01-20 10:30,2029-01-20 11:00,オンライン・単独,自宅,1,人事,"サッポロエンジニアリング株式会社の試験_面接では、将来像、学生時代に最も力を入れたこと、困難を乗り越えた経験について質問された。具体的なエピソードを何度も深掘りされた。自己PRの構成を見直す必要があると感じた。選考は次のステップに進むことになり、引き続き準備を進めていく必要があると感じた。"
サッポロエンジニアリング株式会社,sapporo.eng.68@example.com,S20240598,P20249688,試験_面接,落選,2029-01-23 14:00,2029-01-23 14:30,オンライン・単独,自宅,1,エンジニア,"サッポロエンジニアリング株式会社での試験_面接では、チーム開発でのトラブル対応、技術的な興味、ポートフォリオでの挑戦点について聞かれた。回答の背景や理由を詳しく問われた。技術知識の幅と深さが足りなかったと痛感した。結果としては不合格だったものの、今後の改善点が明確になり次の選考に活かせる面接だった。"
サッポロエンジニアリング株式会社,sapporo.eng.69@example.com,S20240599,P20249689,試験_面接,継続（合格）,2029-01-26 11:00,2029-01-26 11:40,オンライン・単独,自宅,1,人事・エンジニア,"サッポロエンジニアリング株式会社の試験_面接では、長所と短所、ガクチカ、会社への貢献意欲について質問された。やや厳しめではあったが、質問の意図は分かりやすかった。企業研究をより進める必要を実感した。選考は次のステップに進むことになり、引き続き準備を進めていく必要があると感じた。"
サッポロエンジニアリング株式会社,sapporo.eng.70@example.com,S20240600,P20249690,試験_面接,内定,2029-01-29 09:00,2029-01-29 09:30,オンライン・単独,自宅,1,人事,"サッポロエンジニアリング株式会社での試験_面接では、周囲からの評価、価値観、アルバイト経験について聞かれた。全体的に穏やかな雰囲気で、和やかに進んだ。技術的な知識の深さと、問題解決能力が評価され、内定となった。"
株式会社ホライズンテック,horizon.tech.61@example.com,S20240601,P20249691,試験_面接,継続（合格）,2029-02-01 14:00,2029-02-01 14:50,オンライン・単独,自宅,1,人事・エンジニア,"株式会社ホライズンテックでの試験_面接では、技術的な興味、キャリアビジョン、チーム開発での工夫点について質問された。淡々としていたが、質問は鋭かった。専門用語を分かりやすく説明する練習が必要だと感じた。選考は次のステップに進むことになり、引き続き準備を進めていく必要があると感じた。"
株式会社ホライズンテック,horizon.tech.62@example.com,S20240602,P20249692,試験_面接,内定,2029-02-04 10:00,2029-02-04 10:30,オンライン・単独,自宅,1,人事,"株式会社ホライズンテックの試験_面接では、入社後の目標、価値観、ストレスへの対処方法について深掘りされた。具体的なエピソードを何度も深掘りされた。自己理解の深さと、コミュニケーション能力が評価され、内定となった。"
株式会社ホライズンテック,horizon.tech.63@example.com,S20240603,P20249693,試験_面接,継続（合格）,2029-02-07 16:00,2029-02-07 16:20,オンライン・単独,自宅,1,エンジニア,"株式会社ホライズンテックでの試験_面接では、ポートフォリオの詳細、技術的な課題解決、レビューの受け方について重点的に問われた。静かな緊張感はあったものの、こちらの話を受け止めてくれた。技術的な知識の応用力を高める必要性を感じた。選考は次のステップに進むことになり、引き続き準備を進めていく必要があると感じた。"
株式会社ホライズンテック,horizon.tech.64@example.com,S20240604,P20249694,試験_面接,落選,2029-02-10 11:00,2029-02-10 11:30,オンライン・単独,自宅,1,人事,"株式会社ホライズンテックの試験_面接では、ガクチカ、アルバイト経験、札幌で働く理由について質問された。淡々としていたが、回答の背景を詳しく問われた。結論から整理して話す練習をしておくべきだと学んだ。結果としては不合格だったものの、今後の改善点が明確になり次の選考に活かせる面接だった。"
株式会社ホライズンテック,horizon.tech.65@example.com,S20240605,P20249695,試験_面接,継続（合格）,2029-02-13 09:00,2029-02-13 09:20,オンライン・単独,自宅,1,人事・エンジニア,"株式会社ホライズンテックでの試験_面接では、失敗経験から何を学んだか、技術への情熱、学生時代に頑張ったことについて深掘りされた。やや厳しめではあったが、質問の意図は明確だった。話の論理性を高める必要性を感じた。選考は次のステップに進むことになり、引き続き準備を進めていく必要があると感じた。"
株式会社ホライズンテック,horizon.tech.66@example.com,S20240606,P20249696,試験_面接,継続（合格）,2029-02-16 15:00,2029-02-16 15:40,オンライン・単独,自宅,1,人事,"株式会社ホライズンテックの試験_面接では、将来像、チーム開発でのトラブル対応、他社との比較について聞かれた。具体的なエピソードを何度も深掘りされた。自己PRの構成を見直す必要があると感じた。選考は次のステップに進むことになり、引き続き準備を進めていく必要があると感じた。"
株式会社ホライズンテック,horizon.tech.67@example.com,S20240607,P20249697,試験_面接,落選,2029-02-19 10:30,2029-02-19 11:00,オンライン・単独,自宅,1,エンジニア,"株式会社ホライズンテックでの試験_面接では、Git経験、学校で学んだ専門技術、入社後の貢献について質問された。淡々としていたが、的確に核心を突く質問が多かった。技術知識の幅と深さが足りなかったと痛感した。結果としては不合格だったものの、今後の改善点が明確になり次の選考に活かせる面接だった。"
株式会社ホライズンテック,horizon.tech.68@example.com,S20240608,P20249698,試験_面接,継続（合格）,2029-02-22 14:00,2029-02-22 14:30,オンライン・単独,自宅,1,人事・エンジニア,"株式会社ホライズンテックの試験_面接では、会社の理念に対する共感度、困難を乗り越えた経験、チーム開発での役割について聞かれた。回答の背景や理由を詳しく問われた。緊張すると早口になるため、落ち着いて話す意識が必要だと感じた。選考は次のステップに進むことになり、引き続き準備を進めていく必要があると感じた。"
株式会社ホライズンテック,horizon.tech.69@example.com,S20240609,P20249699,試験_面接,継続（合格）,2029-02-25 11:00,2029-02-25 11:40,オンライン・単独,自宅,1,人事,"株式会社ホライズンテックの試験_面接では、長所と短所、周囲からの評価、HCSを選んだ理由について聞かれた。面接官が親身になって話を聞いてくれる印象だった。逆質問のバリエーションを増やしておくべきだったと反省した。選考は次のステップに進むことになり、引き続き準備を進めていく必要があると感じた。"
株式会社ホライズンテック,horizon.tech.70@example.com,S20240610,P20249700,試験_面接,内定,2029-02-28 09:00,2029-02-28 09:30,オンライン・単独,自宅,1,人事・エンジニア,"株式会社ホライズンテックでの試験_面接では、技術への情熱、会社への貢献意欲、学生時代の経験全般について深く問われた。終始和やかな雰囲気で、会話形式で進んだ。論理的な思考力と、自己成長への意欲が評価され、内定となった。"
株式会社アルファテック,alfa.tech.71@example.com,S20240611,P20249701,試験_面接,継続（合格）,2029-03-01 10:00,2029-03-01 10:40,オンライン・単独,自宅,1,人事,"株式会社アルファテックの試験_面接では、志望動機、困難を乗り越えた経験、将来像について質問された。具体的なエピソードを何度も深掘りされた。話の論理性を高める訓練が必要だと感じた。選考は次のステップに進むことになり、引き続き準備を進めていく必要があると感じた。"
株式会社アルファテック,alfa.tech.72@example.com,S20240612,P20249702,試験_面接,内定,2029-03-04 15:00,2029-03-04 15:30,オンライン・単独,自宅,1,エンジニア,"株式会社アルファテックでの試験_面接では、技術的な興味、ポートフォリオでの挑戦点、技術選定の理由について深く問われた。終始和やかな雰囲気で、話しやすかった。技術への深い関心と問題解決能力が評価され、内定となった。"
株式会社アルファテック,alfa.tech.73@example.com,S20240613,P20249703,試験_面接,落選,2029-03-07 11:00,2029-03-07 11:20,オンライン・単独,自宅,1,人事・エンジニア,"株式会社アルファテックの試験_面接では、長所と短所、チーム開発での役割、入社後の目標について聞かれた。淡々としていたが、質問は鋭かった。自己分析の甘さを痛感した。結果としては不合格だったものの、今後の改善点が明確になり次の選考に活かせる面接だった。"
株式会社アルファテック,alfa.tech.74@example.com,S20240614,P20249704,試験_面接,継続（合格）,2029-03-10 14:00,2029-03-10 14:30,オンライン・単独,自宅,1,人事,"株式会社アルファテックでの試験_面接では、周囲からの評価、ストレスへの対処方法、HCSを選んだ理由について質問された。静かな緊張感はあったものの、こちらの話を真摯に受け止めてくれた。結論ファーストを徹底する訓練が必要だと感じた。選考は次のステップに進むことになり、引き続き準備を進めていく必要があると感じた。"
株式会社アルファテック,alfa.tech.75@example.com,S20240615,P20249705,試験_面接,継続（合格）,2029-03-13 09:00,2029-03-13 09:40,オンライン・単独,自宅,1,エンジニア,"株式会社アルファテックの試験_面接では、Git経験、技術的な課題解決、レビューの受け方について重点的に聞かれた。やや厳しめではあったが、質問の意図は明確だった。技術的な知識の応用力を高める必要性を感じた。選考は次のステップに進むことになり、引き続き準備を進めていく必要があると感じた。"
株式会社アルファテック,alfa.tech.76@example.com,S20240616,P20249706,試験_面接,継続（合格）,2029-03-16 16:00,2029-03-16 16:30,オンライン・単独,自宅,1,人事・エンジニア,"株式会社アルファテックでの試験_面接では、札幌で働く理由、会社の理念への共感度、入社後の貢献について深く問われた。全体的に穏やかな雰囲気で、会話形式で進んだ。専門用語を分かりやすく説明する練習が必要だと感じた。選考は次のステップに進むことになり、引き続き準備を進めていく必要があると感じた。"
株式会社アルファテック,alfa.tech.77@example.com,S20240617,P20249707,試験_面接,落選,2029-03-19 10:30,2029-03-19 11:00,オンライン・単独,自宅,1,人事,"株式会社アルファテックの試験_面接では、失敗経験から何を学んだか、将来像、他社との違いについて聞かれた。回答の背景や理由を詳しく問われた。企業研究の甘さを痛感した。結果としては不合格だったものの、今後の改善点が明確になり次の選考に活かせる面接だった。"
株式会社アルファテック,alfa.tech.78@example.com,S20240618,P20249708,試験_面接,継続（合格）,2029-03-22 14:00,2029-03-22 14:30,オンライン・単独,自宅,1,エンジニア,"株式会社アルファテックでの試験_面接では、技術への情熱、キャリアビジョン、学校で学んだ専門技術について深く問われた。面接官が親身になって話を聞いてくれる印象だった。話の論理性を高める必要性を感じた。選考は次のステップに進むことになり、引き続き準備を進めていく必要があると感じた。"
株式会社アルファテック,alfa.tech.79@example.com,S20240619,P20249709,試験_面接,内定,2029-03-25 11:00,2029-03-25 11:40,オンライン・単独,自宅,1,人事・エンジニア,"株式会社アルファテックの試験_面接では、長所と短所、学生時代に最も力を入れたこと、チーム開発でのトラブル対応について質問された。終始和やかな雰囲気で、リラックスして話せた。自己成長への意欲と論理性が評価され、内定となった。"
株式会社アルファテック,alfa.tech.80@example.com,S20240620,P20249710,試験_面接,継続（合格）,2029-03-28 09:00,2029-03-28 09:30,オンライン・単独,自宅,1,人事,"株式会社アルファテックでの試験_面接では、価値観、アルバイト経験、会社への貢献意欲について質問された。具体的なエピソードを何度も深掘りされた。逆質問のバリエーションを増やしておくべきだったと反省した。選考は次のステップに進むことになり、引き続き準備を進めていく必要があると感じた。"
株式会社ビーリンク,be.link.71@example.com,S20240621,P20249711,試験_面接,継続（合格）,2029-04-01 14:00,2029-04-01 14:50,オンライン・単独,自宅,1,人事・エンジニア,"株式会社ビーリンクの試験_面接では、技術的な興味、ポートフォリオの詳細、技術選定の理由について深く問われた。やや厳しめではあったが、質問の意図は分かりやすかった。技術的な知識の確認を徹底する必要があると学んだ。選考は次のステップに進むことになり、引き続き準備を進めていく必要があると感じた。"
株式会社ビーリンク,be.link.72@example.com,S20240622,P20249712,試験_面接,継続（合格）,2029-04-04 10:00,2029-04-04 10:30,オンライン・単独,自宅,1,人事,"株式会社ビーリンクでの試験_面接では、ガクチカ、長所と短所、札幌で働く理由について深掘りされた。淡々としていたが、質問は鋭かった。自己分析をもう一段深める必要があると感じる。選考は次のステップに進むことになり、引き続き準備を進めていく必要があると感じた。"
株式会社ビーリンク,be.link.73@example.com,S20240623,P20249713,試験_面接,落選,2029-04-07 16:00,2029-04-07 16:20,オンライン・単独,自宅,1,エンジニア,"株式会社ビーリンクの試験_面接では、Git経験、技術的な課題解決、入社後の目標について質問された。静かな緊張感はあったものの、こちらの話を真摯に受け止めてくれた。話の論理性が不足していたと痛感した。結果としては不合格だったものの、今後の改善点が明確になり次の選考に活かせる面接だった。"
株式会社ビーリンク,be.link.74@example.com,S20240624,P20249714,試験_面接,継続（合格）,2029-04-10 11:00,2029-04-10 11:30,オンライン・単独,自宅,1,人事,"株式会社ビーリンクでの試験_面接では、失敗経験から何を学んだか、価値観、アルバイト経験について質問された。具体的なエピソードを何度も深掘りされた。緊張すると早口になるため、落ち着いて話す意識が必要だと感じた。選考は次のステップに進むことになり、引き続き準備を進めていく必要があると感じた。"
株式会社ビーリンク,be.link.75@example.com,S20240625,P20249715,試験_面接,内定,2029-04-13 09:00,2029-04-13 09:20,オンライン・単独,自宅,1,人事・エンジニア,"株式会社ビーリンクの試験_面接では、会社への貢献意欲、チーム開発での役割、学生時代に頑張ったことについて問われた。終始和やかな雰囲気で、会話形式で進んだ。論理的な思考力と、企業への熱意が評価され、内定となった。"
株式会社ビーリンク,be.link.76@example.com,S20240626,P20249716,試験_面接,継続（合格）,2029-04-16 15:00,2029-04-16 15:40,オンライン・単独,自宅,1,人事,"株式会社ビーリンクでの試験_面接では、入社後の目標、周囲からの評価、ストレスへの対処方法について聞かれた。面接官が親身になって話を聞いてくれる印象だった。結論から整理して話す練習をしておくべきだと学んだ。選考は次のステップに進むことになり、引き続き準備を進めていく必要があると感じた。"
株式会社ビーリンク,be.link.77@example.com,S20240627,P20249717,試験_面接,継続（合格）,2029-04-19 10:30,2029-04-19 11:00,オンライン・単独,自宅,1,エンジニア,"株式会社ビーリンクの試験_面接では、技術的な課題解決、レビューの受け方、学校で学んだ専門技術について重点的に深掘りされた。やや厳しめではあったが、的確に核心を突く質問が多かった。専門用語を分かりやすく説明する練習が必要だと感じた。選考は次のステップに進むことになり、引き続き準備を進めていく必要があると感じた。"
株式会社ビーリンク,be.link.78@example.com,S20240628,P20249718,試験_面接,落選,2029-04-22 14:00,2029-04-22 14:30,オンライン・単独,自宅,1,人事・エンジニア,"株式会社ビーリンクでの試験_面接では、HCSを選んだ理由、将来像、他社との比較について聞かれた。淡々としていたが、回答の背景を詳しく問われた。企業研究の甘さを痛感した。結果としては不合格だったものの、今後の改善点が明確になり次の選考に活かせる面接だった。"
株式会社ビーリンク,be.link.79@example.com,S20240629,P20249719,試験_面接,継続（合格）,2029-04-25 11:00,2029-04-25 11:40,オンライン・単独,自宅,1,人事,"株式会社ビーリンクの試験_面接では、困難な状況への対処法、会社の理念への共感度、キャリアビジョンについて深く問われた。全体的に穏やかな雰囲気で、和やかに進んだ。自己PRの構成を見直す必要があると感じた。選考は次のステップに進むことになり、引き続き準備を進めていく必要があると感じた。"
株式会社ビーリンク,be.link.80@example.com,S20240630,P20249720,試験_面接,内定,2029-04-28 09:00,2029-04-28 09:30,オンライン・単独,自宅,1,人事・エンジニア,"株式会社ビーリンクでの試験_面接では、長所と短所、学生時代の経験全般、技術への情熱について質問された。終始和やかな雰囲気で、リラックスして話せた。一貫した回答と論理的な説明力が評価され、内定となった。"
クリエイトソリューションズ株式会社,create.sol.71@example.com,S20240631,P20249721,試験_面接,落選,2029-05-01 14:00,2029-05-01 14:50,オンライン・単独,自宅,1,人事,"クリエイトソリューションズ株式会社の試験_面接では、志望動機、長所と短所、価値観について質問された。やや厳しめではあったが、質問は鋭かった。自己分析の深さが足りなかったと痛感した。結果としては不合格だったものの、今後の改善点が明確になり次の選考に活かせる面接だった。"
クリエイトソリューションズ株式会社,create.sol.72@example.com,S20240632,P20249722,試験_面接,継続（合格）,2029-05-04 10:00,2029-05-04 10:30,オンライン・単独,自宅,1,エンジニア,"クリエイトソリューションズ株式会社での試験_面接では、ポートフォリオの詳細、技術選定の理由、Git経験について重点的に聞かれた。具体的なエピソードを何度も深掘りされた。技術的な知識の確認を徹底する必要があると学んだ。選考は次のステップに進むことになり、引き続き準備を進めていく必要があると感じた。"
クリエイトソリューションズ株式会社,create.sol.73@example.com,S20240633,P20249723,試験_面接,内定,2029-05-07 16:00,2029-05-07 16:20,オンライン・単独,自宅,1,人事・エンジニア,"クリエイトソリューションズ株式会社の試験_面接では、技術的な興味、入社後のキャリアプラン、チーム開発での課題解決について深く問われた。面接官が明るく、非常に話しやすい雰囲気だった。将来への明確なビジョンと、論理的な思考力が評価され、内定となった。"
クリエイトソリューションズ株式会社,create.sol.74@example.com,S20240634,P20249724,試験_面接,継続（合格）,2029-05-10 11:00,2029-05-10 11:30,オンライン・単独,自宅,1,人事,"クリエイトソリューションズ株式会社での試験_面接では、周囲からの評価、ストレスへの対処方法、アルバイト経験について質問された。淡々としていたが、質問の意図は分かりやすかった。緊張すると早口になるため、落ち着いて話す意識が必要だと感じた。選考は次のステップに進むことになり、引き続き準備を進めていく必要があると感じた。"
クリエイトソリューションズ株式会社,create.sol.75@example.com,S20240635,P20249725,試験_面接,継続（合格）,2029-05-13 09:00,2029-05-13 09:20,オンライン・単独,自宅,1,エンジニア,"クリエイトソリューションズ株式会社の試験_面接では、技術的な課題解決、チーム開発での役割、入社後の目標について聞かれた。回答の背景や理由を詳しく問われた。技術的な知識の応用力を高める必要性を感じた。選考は次のステップに進むことになり、引き続き準備を進めていく必要があると感じた。"
クリエイトソリューションズ株式会社,create.sol.76@example.com,S20240636,P20249726,試験_面接,落選,2029-05-16 15:00,2029-05-16 15:40,オンライン・単独,自宅,1,人事・エンジニア,"クリエイトソリューションズ株式会社での試験_面接では、失敗経験から何を学んだか、レビューの受け方、会社への貢献意欲について問われた。やや厳しめではあったが、誠実に話を聞いてもらえた。自己PRの具体性が不足していたと痛感した。結果としては不合格だったものの、今後の改善点が明確になり次の選考に活かせる面接だった。"
クリエイトソリューションズ株式会社,create.sol.77@example.com,S20240637,P20249727,試験_面接,継続（合格）,2029-05-19 10:30,2029-05-19 11:00,オンライン・単独,自宅,1,人事,"クリエイトソリューションズ株式会社の試験_面接では、HCSを選んだ理由、札幌で働く理由、将来像について深掘りされた。終始和やかな雰囲気で、会話形式で進んだ。結論から整理して話す練習をしておくべきだと学んだ。選考は次のステップに進むことになり、引き続き準備を進めていく必要があると感じた。"
クリエイトソリューションズ株式会社,create.sol.78@example.com,S20240638,P20249728,試験_面接,継続（合格）,2029-05-22 14:00,2029-05-22 14:30,オンライン・単独,自宅,1,エンジニア,"クリエイトソリューションズ株式会社での試験_面接では、技術への情熱、会社の理念への共感、チームでの貢献方法について重点的に問われた。静かな緊張感はあったものの、こちらの話を受け止めてくれた。専門用語を分かりやすく説明する練習が必要だと感じた。選考は次のステップに進むことになり、引き続き準備を進めていく必要があると感じた。"
クリエイトソリューションズ株式会社,create.sol.79@example.com,S20240639,P20249729,試験_面接,継続（合格）,2029-05-25 11:00,2029-05-25 11:40,オンライン・単独,自宅,1,人事・エンジニア,"クリエイトソリューションズ株式会社の試験_面接では、志望動機、技術的な興味、キャリアビジョンについて深く問われた。具体的なエピソードを何度も深掘りされた。話の論理性を高める必要性を感じた。選考は次のステップに進むことになり、引き続き準備を進めていく必要があると感じた。"
クリエイトソリューションズ株式会社,create.sol.80@example.com,S20240640,P20249730,試験_面接,内定,2029-05-28 09:00,2029-05-28 09:30,オンライン・単独,自宅,1,人事,"クリエイトソリューションズ株式会社での試験_面接では、長所と短所、学生時代の経験全般、他社との比較について質問された。面接官が親身になって話を聞いてくれる印象だった。熱意と一貫性が評価され、内定となった。"
株式会社デジタルリンク,digi.link.71@example.com,S20240641,P20249731,試験_面接,内定,2029-06-01 14:00,2029-06-01 14:50,オンライン・単独,自宅,1,人事・エンジニア,"株式会社デジタルリンクの試験_面接では、技術的な興味、学校で学んだこと、チーム開発でのトラブル対応について質問された。終始和やかな雰囲気で、リラックスして話せた。技術的な深い理解と、コミュニケーション能力が評価され、内定となった。"
株式会社デジタルリンク,digi.link.72@example.com,S20240642,P20249732,試験_面接,継続（合格）,2029-06-04 10:00,2029-06-04 10:30,オンライン・単独,自宅,1,人事,"株式会社デジタルリンクでの試験_面接では、長所と短所、志望動機、周囲からの評価について聞かれた。やや厳しめではあったが、質問の意図は明確だった。自己分析の甘さを痛感した。選考は次のステップに進むことになり、引き続き準備を進めていく必要があると感じた。"
株式会社デジタルリンク,digi.link.73@example.com,S20240643,P20249733,試験_面接,継続（合格）,2029-06-07 16:00,2029-06-07 16:20,オンライン・単独,自宅,1,エンジニア,"株式会社デジタルリンクの試験_面接では、ポートフォリオでの挑戦点、技術選定の理由、Git経験について重点的に聞かれた。淡々としていたが、的確に核心を突く質問が多かった。技術的な知識の確認を徹底する必要があると学んだ。選考は次のステップに進むことになり、引き続き準備を進めていく必要があると感じた。"
株式会社デジタルリンク,digi.link.74@example.com,S20240644,P20249734,試験_面接,落選,2029-06-10 11:00,2029-06-10 11:30,オンライン・単独,自宅,1,人事,"株式会社デジタルリンクでの試験_面接では、入社後の目標、価値観、アルバイト経験について質問された。具体的なエピソードを何度も深掘りされた。企業研究の甘さを痛感した。結果としては不合格だったものの、今後の改善点が明確になり次の選考に活かせる面接だった。"
株式会社デジタルリンク,digi.link.75@example.com,S20240645,P20249735,試験_面接,継続（合格）,2029-06-13 09:00,2029-06-13 09:20,オンライン・単独,自宅,1,人事・エンジニア,"株式会社デジタルリンクの試験_面接では、ストレスへの対処方法、HCSを選んだ理由、レビューの受け方について質問された。静かな緊張感はあったものの、こちらの話を真摯に受け止めてくれた。結論ファーストを徹底する訓練が必要だと感じた。選考は次のステップに進むことになり、引き続き準備を進めていく必要があると感じた。"
株式会社デジタルリンク,digi.link.76@example.com,S20240646,P20249736,試験_面接,継続（合格）,2029-06-16 15:00,2029-06-16 15:40,オンライン・単独,自宅,1,人事,"株式会社デジタルリンクでの試験_面接では、ガクチカ、困難を乗り越えた経験、将来像について深掘りされた。回答の背景や理由を詳しく問われた。緊張すると早口になるため、落ち着いて話す意識が必要だと感じた。選考は次のステップに進むことになり、引き続き準備を進めていく必要があると感じた。"
株式会社デジタルリンク,digi.link.77@example.com,S20240647,P20249737,試験_面接,継続（合格）,2029-06-19 10:30,2029-06-19 11:00,オンライン・単独,自宅,1,エンジニア,"株式会社デジタルリンクの試験_面接では、入社後の貢献、技術的な課題解決、学校で学んだ専門技術について聞かれた。面接官が親身になって話を聞いてくれる印象だった。専門用語を分かりやすく説明する練習が必要だと感じた。選考は次のステップに進むことになり、引き続き準備を進めていく必要があると感じた。"
株式会社デジタルリンク,digi.link.78@example.com,S20240648,P20249738,試験_面接,落選,2029-06-22 14:00,2029-06-22 14:30,オンライン・単独,自宅,1,人事・エンジニア,"株式会社デジタルリンクでの試験_面接では、会社への貢献意欲、技術への情熱、キャリアビジョンについて深く問われた。やや厳しめではあったが、質問は鋭かった。自己PRの構成を見直す必要があると感じた。結果としては不合格だったものの、今後の改善点が明確になり次の選考に活かせる面接だった。"
株式会社デジタルリンク,digi.link.79@example.com,S20240649,P20249739,試験_面接,継続（合格）,2029-06-25 11:00,2029-06-25 11:40,オンライン・単独,自宅,1,人事,"株式会社デジタルリンクの試験_面接では、長所と短所、学生時代の経験全般、他社との違いについて聞かれた。終始和やかな雰囲気で、会話形式で進んだ。話の論理性を高める必要性を感じた。選考は次のステップに進むことになり、引き続き準備を進めていく必要があると感じた。"
株式会社デジタルリンク,digi.link.80@example.com,S20240650,P20249740,試験_面接,内定,2029-06-28 09:00,2029-06-28 09:30,オンライン・単独,自宅,1,エンジニア,"株式会社デジタルリンクでの試験_面接では、札幌で働く理由、失敗経験、技術への興味について聞かれた。全体的に穏やかな雰囲気で、和やかに進んだ。技術への情熱と問題解決能力が評価され、内定となった。"
株式会社エムライン,m.line.71@example.com,S20240651,P20249741,試験_面接,継続（合格）,2029-07-01 14:00,2029-07-01 14:50,オンライン・単独,自宅,1,人事・エンジニア,"株式会社エムラインでの試験_面接では、技術的な興味、チーム開発での役割、札幌で働く理由について質問された。具体的なエピソードを何度も深掘りされた。技術的な知識の浅さを痛感し、情報収集の重要性を実感した。選考は次のステップに進むことになり、引き続き準備を進めていく必要があると感じた。"
株式会社エムライン,m.line.72@example.com,S20240652,P20249742,試験_面接,継続（合格）,2029-07-04 10:00,2029-07-04 10:30,オンライン・単独,自宅,1,人事,"株式会社エムラインの試験_面接では、志望動機、周囲からの評価、困難な状況への対処法について深掘りされた。淡々としていたが、質問は鋭かった。自己分析をもう一段深める必要があると感じる。選考は次のステップに進むことになり、引き続き準備を進めていく必要があると感じた。"
株式会社エムライン,m.line.73@example.com,S20240653,P20249743,試験_面接,落選,2029-07-07 16:00,2029-07-07 16:20,オンライン・単独,自宅,1,エンジニア,"株式会社エムラインでの試験_面接では、ポートフォリオでの挑戦点、技術的な失敗とそこからの学び、レビューの受け方について重点的に問われた。やや厳しめではあったが、質問の意図は明確だった。結論から整理して話す練習をしておくべきだと学んだ。結果としては不合格だったものの、今後の改善点が明確になり次の選考に活かせる面接だった。"
株式会社エムライン,m.line.74@example.com,S20240654,P20249744,試験_面接,継続（合格）,2029-07-10 11:00,2029-07-10 11:30,オンライン・単独,自宅,1,人事,"株式会社エムラインの試験_面接では、ガクチカ、価値観、アルバイト経験について質問された。静かな緊張感はあったものの、こちらの話を受け止めてくれた。緊張すると早口になるため、落ち着いて話す意識が必要だと感じた。選考は次のステップに進むことになり、引き続き準備を進めていく必要があると感じた。"
株式会社エムライン,m.line.75@example.com,S20240655,P20249745,試験_面接,内定,2029-07-13 09:00,2029-07-13 09:20,オンライン・単独,自宅,1,人事・エンジニア,"株式会社エムラインでの試験_面接では、キャリアビジョン、会社への貢献意欲、学生時代に最も力を入れたことについて深掘りされた。終始和やかな雰囲気で、会話形式で進んだ。論理的な思考力と、入社意欲の高さが評価され、内定となった。"
株式会社エムライン,m.line.76@example.com,S20240656,P20249746,試験_面接,継続（合格）,2029-07-16 15:00,2029-07-16 15:40,オンライン・単独,自宅,1,人事,"株式会社エムラインの試験_面接では、長所と短所、入社後の目標、HCSを選んだ理由について聞かれた。回答の背景や理由を詳しく問われた。専門用語を分かりやすく説明する練習が必要だと感じた。選考は次のステップに進むことになり、引き続き準備を進めていく必要があると感じた。"
株式会社エムライン,m.line.77@example.com,S20240657,P20249747,試験_面接,継続（合格）,2029-07-19 10:30,2029-07-19 11:00,オンライン・単独,自宅,1,エンジニア,"株式会社エムラインでの試験_面接では、Gitの具体的な利用経験、技術的な課題解決、学校で学んだ専門技術について質問された。面接官が親身になって話を聞いてくれる印象だった。話の論理性を高める必要性を感じた。選考は次のステップに進むことになり、引き続き準備を進めていく必要があると感じた。"
株式会社エムライン,m.line.78@example.com,S20240658,P20249748,試験_面接,落選,2029-07-22 14:00,2029-07-22 14:30,オンライン・単独,自宅,1,人事・エンジニア,"株式会社エムラインの試験_面接では、技術への情熱、会社の理念に対する共感度、入社後の貢献について深く問われた。やや厳しめではあったが、質問は鋭かった。企業研究の甘さを痛感した。結果としては不合格だったものの、今後の改善点が明確になり次の選考に活かせる面接だった。"
株式会社エムライン,m.line.79@example.com,S20240659,P20249749,試験_面接,継続（合格）,2029-07-25 11:00,2029-07-25 11:40,オンライン・単独,自宅,1,人事,"株式会社エムラインでの試験_面接では、将来像、チーム開発でのトラブル対応、他社との比較について聞かれた。終始和やかな雰囲気で、リラックスして話せた。自己PRの構成を見直す必要があると感じた。選考は次のステップに進むことになり、引き続き準備を進めていく必要があると感じた。"
株式会社エムライン,m.line.80@example.com,S20240660,P20249750,試験_面接,内定,2029-07-28 09:00,2029-07-28 09:30,オンライン・単独,自宅,1,エンジニア,"株式会社エムラインの試験_面接では、長所と短所、困難を乗り越えた経験、学生時代の経験全般について聞かれた。全体的に穏やかな雰囲気で、和やかに進んだ。技術的な知識の深さと、一貫した熱意が評価され、内定となった。"
株式会社フォースウェーブ,force.wave.71@example.com,S20240661,P20249751,試験_面接,継続（合格）,2029-08-01 14:00,2029-08-01 14:50,オンライン・単独,自宅,1,人事,"株式会社フォースウェーブでの試験_面接では、志望動機、長所と短所、周囲からの評価について質問された。具体的なエピソードを何度も深掘りされた。自己分析をもう一段深める必要があると感じた。選考は次のステップに進むことになり、引き続き準備を進めていく必要があると感じた。"
株式会社フォースウェーブ,force.wave.72@example.com,S20240662,P20249752,試験_面接,継続（合格）,2029-08-04 10:00,2029-08-04 10:30,オンライン・単独,自宅,1,エンジニア,"株式会社フォースウェーブの試験_面接では、技術的な興味、ポートフォリオでの挑戦点、チーム開発での工夫点について重点的に聞かれた。やや厳しめではあったが、質問の意図は明確だった。技術的な知識の確認を徹底する必要があると学んだ。選考は次のステップに進むことになり、引き続き準備を進めていく必要があると感じた。"
株式会社フォースウェーブ,force.wave.73@example.com,S20240663,P20249753,試験_面接,落選,2029-08-07 16:00,2029-08-07 16:20,オンライン・単独,自宅,1,人事・エンジニア,"株式会社フォースウェーブでの試験_面接では、Git経験、レビューの受け方、技術的な課題解決について深掘りされた。淡々としていたが、質問は鋭かった。話の論理性が不足していたと痛感した。結果としては不合格だったものの、今後の改善点が明確になり次の選考に活かせる面接だった。"
株式会社フォースウェーブ,force.wave.74@example.com,S20240664,P20249754,試験_面接,継続（合格）,2029-08-10 11:00,2029-08-10 11:30,オンライン・単独,自宅,1,人事,"株式会社フォースウェーブの試験_面接では、キャリアビジョン、会社への貢献意欲、失敗経験から何を学んだかについて問われた。静かな緊張感はあったものの、こちらの話を真摯に受け止めてくれた。結論から整理して話す練習をしておくべきだと学んだ。選考は次のステップに進むことになり、引き続き準備を進めていく必要があると感じた。"
株式会社フォースウェーブ,force.wave.75@example.com,S20240665,P20249755,試験_面接,内定,2029-08-13 09:00,2029-08-13 09:20,オンライン・単独,自宅,1,エンジニア,"株式会社フォースウェーブでの試験_面接では、技術への情熱、入社後の貢献、学校で学んだ専門技術について深く問われた。終始和やかな雰囲気で、会話形式で進んだ。技術的な深い理解と、将来への意欲が評価され、内定となった。"
株式会社フォースウェーブ,force.wave.76@example.com,S20240666,P20249756,試験_面接,継続（合格）,2029-08-16 15:00,2029-08-16 15:40,オンライン・単独,自宅,1,人事・エンジニア,"株式会社フォースウェーブの試験_面接では、入社後の目標、HCSを選んだ理由、学生時代に頑張ったことについて問われた。面接官が親身になって話を聞いてくれる印象だった。専門用語を分かりやすく説明する練習が必要だと感じた。選考は次のステップに進むことになり、引き続き準備を進めていく必要があると感じた。"
株式会社フォースウェーブ,force.wave.77@example.com,S20240667,P20249757,試験_面接,継続（合格）,2029-08-19 10:30,2029-08-19 11:00,オンライン・単独,自宅,1,人事,"株式会社フォースウェーブでの試験_面接では、アルバイト経験、将来像、困難な状況への対処法について質問された。具体的なエピソードを何度も深掘りされた。逆質問のバリエーションを増やしておくべきだったと反省した。選考は次のステップに進むことになり、引き続き準備を進めていく必要があると感じた。"
株式会社フォースウェーブ,force.wave.78@example.com,S20240668,P20249758,試験_面接,落選,2029-08-22 14:00,2029-08-22 14:30,オンライン・単独,自宅,1,エンジニア,"株式会社フォースウェーブの試験_面接では、札幌で働く理由、価値観、ストレスへの対処方法について質問された。回答の背景や理由を詳しく問われた。技術知識の幅と深さが足りなかったと痛感した。結果としては不合格だったものの、今後の改善点が明確になり次の選考に活かせる面接だった。"
株式会社フォースウェーブ,force.wave.79@example.com,S20240669,P20249759,試験_面接,継続（合格）,2029-08-25 11:00,2029-08-25 11:40,オンライン・単独,自宅,1,人事,"株式会社フォースウェーブでの試験_面接では、ガクチカ、チーム開発でのトラブル対応、他社との比較について聞かれた。全体的に穏やかな雰囲気で、和やかに進んだ。緊張すると早口になるため、落ち着いて話す意識が必要だと感じた。選考は次のステップに進むことになり、引き続き準備を進めていく必要があると感じた。"
株式会社フォースウェーブ,force.wave.80@example.com,S20240670,P20249760,試験_面接,内定,2029-08-28 09:00,2029-08-28 09:30,オンライン・単独,自宅,1,人事・エンジニア,"株式会社フォースウェーブの試験_面接では、長所と短所、学生時代の経験全般、会社の理念への共感度について質問された。やや厳しめではあったが、質問の意図は分かりやすかった。論理的な説明力と、企業への高い関心が評価され、内定となった。"
ノースシステム株式会社,north.sys.71@example.com,S20240671,P20249761,試験_面接,継続（合格）,2029-09-01 14:00,2029-09-01 14:50,オンライン・単独,自宅,1,人事・エンジニア,"ノースシステム株式会社の試験_面接では、志望動機、キャリアビジョン、失敗経験から何を学んだかについて深く聞かれた。淡々としていたが、的確に核心を突く質問が多かった。自己PRの構成を見直す必要があると感じた。選考は次のステップに進むことになり、引き続き準備を進めていく必要があると感じた。"
ノースシステム株式会社,north.sys.72@example.com,S20240672,P20249762,試験_面接,継続（合格）,2029-09-04 10:00,2029-09-04 10:30,オンライン・単独,自宅,1,人事,"ノースシステム株式会社での試験_面接では、長所と短所、価値観、ストレスへの対処方法について質問された。具体的なエピソードを何度も深掘りされた。企業研究をより進める必要を実感した。選考は次のステップに進むことになり、引き続き準備を進めていく必要があると感じた。"
ノースシステム株式会社,north.sys.73@example.com,S20240673,P20249763,試験_面接,落選,2029-09-07 16:00,2029-09-07 16:20,オンライン・単独,自宅,1,エンジニア,"ノースシステム株式会社の試験_面接では、技術的な興味、ポートフォリオの詳細、チーム開発での役割、学生時代の経験全般について深掘りされた。やや厳しめではあったが、誠実に話を聞いてもらえた。技術的な知識の確認を徹底する必要があると学んだ。結果としては不合格だったものの、今後の改善点が明確になり次の選考に活かせる面接だった。"
ノースシステム株式会社,north.sys.74@example.com,S20240674,P20249764,試験_面接,継続（合格）,2029-09-10 11:00,2029-09-10 11:30,オンライン・単独,自宅,1,人事,"ノースシステム株式会社での試験_面接では、周囲からの評価、アルバイト経験、札幌で働く理由について聞かれた。終始和やかな雰囲気で、会話形式で進んだ。話の論理性を高める必要性を感じた。選考は次のステップに進むことになり、引き続き準備を進めていく必要があると感じた。"
ノースシステム株式会社,north.sys.75@example.com,S20240675,P20249765,試験_面接,内定,2029-09-13 09:00,2029-09-13 09:20,オンライン・単独,自宅,1,人事・エンジニア,"ノースシステム株式会社の試験_面接では、HCSを選んだ理由、困難を乗り越えた経験、学校で学んだことについて質問された。静かな緊張感はあったものの、こちらの話を受け止めてくれた。自己理解の深さと、問題解決能力が評価され、内定となった。"
ノースシステム株式会社,north.sys.76@example.com,S20240676,P20249766,試験_面接,継続（合格）,2029-09-16 15:00,2029-09-16 15:40,オンライン・単独,自宅,1,人事,"ノースシステム株式会社での試験_面接では、ガクチカ、将来像、他社との比較について深掘りされた。回答の背景や理由を詳しく問われた。結論ファーストを徹底する訓練が必要だと感じた。選考は次のステップに進むことになり、引き続き準備を進めていく必要があると感じた。"
ノースシステム株式会社,north.sys.77@example.com,S20240677,P20249767,試験_面接,継続（合格）,2029-09-19 10:30,2029-09-19 11:00,オンライン・単独,自宅,1,エンジニア,"ノースシステム株式会社の試験_面接では、技術的な課題解決、レビューの受け方、チーム開発でのトラブル対応について質問された。面接官が親身になって話を聞いてくれる印象だった。技術的な知識の応用力を高める必要性を感じた。選考は次のステップに進むことになり、引き続き準備を進めていく必要があると感じた。"
ノースシステム株式会社,north.sys.78@example.com,S20240678,P20249768,試験_面接,落選,2029-09-22 14:00,2029-09-22 14:30,オンライン・単独,自宅,1,人事・エンジニア,"ノースシステム株式会社での試験_面接では、会社への貢献意欲、技術への情熱、長所と短所について聞かれた。具体的なエピソードを何度も深掘りされた。逆質問のバリエーションを増やすべきだったと反省した。結果としては不合格だったものの、今後の改善点が明確になり次の選考に活かせる面接だった。"
ノースシステム株式会社,north.sys.79@example.com,S20240679,P20249769,試験_面接,継続（合格）,2029-09-25 11:00,2029-09-25 11:40,オンライン・単独,自宅,1,エンジニア,"ノースシステム株式会社の試験_面接では、Git経験、技術選定の理由、入社後の貢献について重点的に問われた。やや厳しめではあったが、質問は鋭かった。専門用語を分かりやすく説明する練習が必要だと感じた。選考は次のステップに進むことになり、引き続き準備を進めていく必要があると感じた。"
ノースシステム株式会社,north.sys.80@example.com,S20240680,P20249770,試験_面接,内定,2029-09-28 09:00,2029-09-28 09:30,オンライン・単独,自宅,1,人事,"ノースシステム株式会社での試験_面接では、入社後の目標、キャリアビジョン、学生時代の経験全般について深く問われた。終始和やかな雰囲気で、リラックスして話せた。熱意と論理的な思考力が評価され、内定となった。"
株式会社ライフネットワーク,life.net.71@example.com,S20240681,P20249771,試験_面接,継続（合格）,2029-10-01 14:00,2029-10-01 14:50,オンライン・単独,自宅,1,人事・エンジニア,"株式会社ライフネットワークの試験_面接では、技術的な興味、ポートフォリオでの挑戦点、Git経験について質問された。淡々としていたが、質問の意図は分かりやすかった。技術的な知識の確認を徹底する必要があると学んだ。選考は次のステップに進むことになり、引き続き準備を進めていく必要があると感じた。"
株式会社ライフネットワーク,life.net.72@example.com,S20240682,P20249772,試験_面接,落選,2029-10-04 10:00,2029-10-04 10:30,オンライン・単独,自宅,1,人事,"株式会社ライフネットワークでの試験_面接では、長所と短所、志望動機、札幌で働く理由について深掘りされた。静かな緊張感はあったものの、こちらの話を真摯に受け止めてくれた。自己分析の甘さを痛感した。結果としては不合格だったものの、今後の改善点が明確になり次の選考に活かせる面接だった。"
株式会社ライフネットワーク,life.net.73@example.com,S20240683,P20249773,試験_面接,継続（合格）,2029-10-07 16:00,2029-10-07 16:20,オンライン・単独,自宅,1,エンジニア,"株式会社ライフネットワークの試験_面接では、技術選定の理由、チーム開発での役割、入社後の貢献について重点的に問われた。回答の背景や理由を詳しく問われた。結論ファーストを徹底する訓練が必要だと感じた。選考は次のステップに進むことになり、引き続き準備を進めていく必要があると感じた。"
株式会社ライフネットワーク,life.net.74@example.com,S20240684,P20249774,試験_面接,内定,2029-10-10 11:00,2029-10-10 11:30,オンライン・単独,自宅,1,人事,"株式会社ライフネットワークでの試験_面接では、周囲からの評価、価値観、困難な状況への対処法について聞かれた。面接官が明るく、非常に話しやすい雰囲気だった。一貫性のある回答と、企業文化との高いフィット感が評価され、内定となった。"
株式会社ライフネットワーク,life.net.75@example.com,S20240685,P20249775,試験_面接,継続（合格）,2029-10-13 09:00,2029-10-13 09:20,オンライン・単独,自宅,1,人事・エンジニア,"株式会社ライフネットワークの試験_面接では、失敗経験から何を学んだか、アルバイト経験、HCSを選んだ理由について質問された。やや厳しめではあったが、質問は鋭かった。緊張すると早口になるため、落ち着いて話す意識が必要だと感じた。選考は次のステップに進むことになり、引き続き準備を進めていく必要があると感じた。"
株式会社ライフネットワーク,life.net.76@example.com,S20240686,P20249776,試験_面接,継続（合格）,2029-10-16 15:00,2029-10-16 15:40,オンライン・単独,自宅,1,人事,"株式会社ライフネットワークでの試験_面接では、ガクチカ、ストレスへの対処方法、会社への貢献意欲について深く問われた。終始和やかな雰囲気で、会話形式で進んだ。専門用語を分かりやすく説明する練習が必要だと感じた。選考は次のステップに進むことになり、引き続き準備を進めていく必要があると感じた。"
株式会社ライフネットワーク,life.net.77@example.com,S20240687,P20249777,試験_面接,落選,2029-10-19 10:30,2029-10-19 11:00,オンライン・単独,自宅,1,エンジニア,"株式会社ライフネットワークの試験_面接では、学校で学んだ専門技術、技術的な課題解決、レビューの受け方について重点的に深掘りされた。具体的なエピソードを何度も深掘りされた。技術知識の幅と深さが足りなかったと痛感した。結果としては不合格だったものの、今後の改善点が明確になり次の選考に活かせる面接だった。"
株式会社ライフネットワーク,life.net.78@example.com,S20240688,P20249778,試験_面接,継続（合格）,2029-10-22 14:00,2029-10-22 14:30,オンライン・単独,自宅,1,人事・エンジニア,"株式会社ライフネットワークでの試験_面接では、会社の理念に対する共感度、長所と短所、チーム開発でのトラブル対応について質問された。淡々としていたが、的確に核心を突く質問が多かった。自己PRの構成を見直す必要があると感じた。選考は次のステップに進むことになり、引き続き準備を進めていく必要があると感じた。"
株式会社ライフネットワーク,life.net.79@example.com,S20240689,P20249779,試験_面接,継続（合格）,2029-10-25 11:00,2029-10-25 11:40,オンライン・単独,自宅,1,人事,"株式会社ライフネットワークの試験_面接では、入社後の目標、将来像、他社との比較について聞かれた。やや厳しめではあったが、真剣に話を聞いてもらえた。話の論理性を高める必要性を感じた。選考は次のステップに進むことになり、引き続き準備を進めていく必要があると感じた。"
株式会社ライフネットワーク,life.net.80@example.com,S20240690,P20249780,試験_面接,内定,2029-10-28 09:00,2029-10-28 09:30,オンライン・単独,自宅,1,エンジニア,"株式会社ライフネットワークでの試験_面接では、技術への情熱、キャリアビジョン、学生時代の経験全般について深く問われた。全体的に穏やかな雰囲気で、リラックスして話せた。技術的な深い理解と、将来への明確な展望が評価され、内定となった。"
サッポロエンジニアリング株式会社,sapporo.eng.71@example.com,S20240691,P20249781,試験_面接,継続（合格）,2029-11-01 14:00,2029-11-01 14:50,オンライン・単独,自宅,1,人事,"サッポロエンジニアリング株式会社の試験_面接では、志望動機、長所と短所、入社後の目標について深掘りされた。回答の背景や理由を詳しく問われた。企業研究の甘さを痛感し、情報収集の重要性を実感した。選考は次のステップに進むことになり、引き続き準備を進めていく必要があると感じた。"
サッポロエンジニアリング株式会社,sapporo.eng.72@example.com,S20240692,P20249782,試験_面接,内定,2029-11-04 10:00,2029-11-04 10:30,オンライン・単独,自宅,1,エンジニア,"サッポロエンジニアリング株式会社での試験_面接では、ポートフォリオの詳細、技術選定の理由、Git経験について重点的に問われた。面接官が親身になって話を聞いてくれる印象だった。技術への深い関心と、論理的な説明力が評価され、内定となった。"
サッポロエンジニアリング株式会社,sapporo.eng.73@example.com,S20240693,P20249783,試験_面接,継続（合格）,2029-11-07 16:00,2029-11-07 16:20,オンライン・単独,自宅,1,人事・エンジニア,"サッポロエンジニアリング株式会社の試験_面接では、技術的な課題解決、入社後の貢献、学校で学んだ専門技術について詳しく聞かれた。淡々としていたが、質問は鋭かった。技術的な知識の応用力を高める必要性を感じた。選考は次のステップに進むことになり、引き続き準備を進めていく必要があると感じた。"
サッポロエンジニアリング株式会社,sapporo.eng.74@example.com,S20240694,P20249784,試験_面接,落選,2029-11-10 11:00,2029-11-10 11:30,オンライン・単独,自宅,1,人事,"サッポロエンジニアリング株式会社での試験_面接では、失敗経験から何を学んだか、レビューの受け方、札幌で働く理由について質問された。やや厳しめではあったが、質問の意図は明確だった。自己分析の甘さを痛感した。結果としては不合格だったものの、今後の改善点が明確になり次の選考に活かせる面接だった。"
サッポロエンジニアリング株式会社,sapporo.eng.75@example.com,S20240695,P20249785,試験_面接,継続（合格）,2029-11-13 09:00,2029-11-13 09:20,オンライン・単独,自宅,1,エンジニア,"サッポロエンジニアリング株式会社の試験_面接では、技術的な興味、キャリアビジョン、チーム開発での役割、学生時代の経験全般について質問された。具体的なエピソードを何度も深掘りされた。結論から整理して話す練習をしておくべきだと学んだ。選考は次のステップに進むことになり、引き続き準備を進めていく必要があると感じた。"
サッポロエンジニアリング株式会社,sapporo.eng.76@example.com,S20240696,P20249786,試験_面接,継続（合格）,2029-11-16 15:00,2029-11-16 15:40,オンライン・単独,自宅,1,人事・エンジニア,"サッポロエンジニアリング株式会社での試験_面接では、技術への情熱、会社の理念への共感度、HCSを選んだ理由について深く問われた。終始和やかな雰囲気で、和やかに進んだ。緊張すると早口になるため、落ち着いて話す意識が必要だと感じた。選考は次のステップに進むことになり、引き続き準備を進めていく必要があると感じた。"
サッポロエンジニアリング株式会社,sapporo.eng.77@example.com,S20240697,P20249787,試験_面接,落選,2029-11-19 10:30,2029-11-19 11:00,オンライン・単独,自宅,1,人事,"サッポロエンジニアリング株式会社の試験_面接では、将来像、学生時代に最も力を入れたこと、困難を乗り越えた経験について質問された。静かな緊張感はあったものの、こちらの話を受け止めてくれた。逆質問のバリエーションを増やすべきだったと反省した。結果としては不合格だったものの、今後の改善点が明確になり次の選考に活かせる面接だった。"
サッポロエンジニアリング株式会社,sapporo.eng.78@example.com,S20240698,P20249788,試験_面接,継続（合格）,2029-11-22 14:00,2029-11-22 14:30,オンライン・単独,自宅,1,エンジニア,"サッポロエンジニアリング株式会社での試験_面接では、チーム開発でのトラブル対応、技術的な興味、ポートフォリオでの挑戦点について聞かれた。面接官が明るく、非常に話しやすい雰囲気だった。専門用語を分かりやすく説明する練習が必要だと感じた。選考は次のステップに進むことになり、引き続き準備を進めていく必要があると感じた。"
サッポロエンジニアリング株式会社,sapporo.eng.79@example.com,S20240699,P20249789,試験_面接,継続（合格）,2029-11-25 11:00,2029-11-25 11:40,オンライン・単独,自宅,1,人事・エンジニア,"サッポロエンジニアリング株式会社の試験_面接では、長所と短所、ガクチカ、会社への貢献意欲について質問された。回答の背景や理由を詳しく問われた。自己PRの構成を見直す必要があると感じた。選考は次のステップに進むことになり、引き続き準備を進めていく必要があると感じた。"
サッポロエンジニアリング株式会社,sapporo.eng.80@example.com,S20240700,P20249790,試験_面接,内定,2029-11-28 09:00,2029-11-28 09:30,オンライン・単独,自宅,1,人事,"サッポロエンジニアリング株式会社での試験_面接では、周囲からの評価、価値観、アルバイト経験について聞かれた。やや厳しめではあったが、質問の意図は分かりやすかった。論理的な思考力と、自己理解の深さが評価され、内定となった。"
株式会社ホライズンテック,horizon.tech.71@example.com,S20240701,P20249791,試験_面接,継続（合格）,2029-12-01 14:00,2029-12-01 14:50,オンライン・単独,自宅,1,人事・エンジニア,"株式会社ホライズンテックでの試験_面接では、技術的な興味、キャリアビジョン、チーム開発での工夫点について質問された。具体的なエピソードを何度も深掘りされた。技術的な知識の確認を徹底する必要があると学んだ。選考は次のステップに進むことになり、引き続き準備を進めていく必要があると感じた。"
株式会社ホライズンテック,horizon.tech.72@example.com,S20240702,P20249792,試験_面接,継続（合格）,2029-12-04 10:00,2029-12-04 10:30,オンライン・単独,自宅,1,人事,"株式会社ホライズンテックの試験_面接では、入社後の目標、価値観、ストレスへの対処方法について深掘りされた。淡々としていたが、質問は鋭かった。結論ファーストを徹底する訓練が必要だと感じた。選考は次のステップに進むことになり、引き続き準備を進めていく必要があると感じた。"
株式会社ホライズンテック,horizon.tech.73@example.com,S20240703,P20249793,試験_面接,落選,2029-12-07 16:00,2029-12-07 16:20,オンライン・単独,自宅,1,エンジニア,"株式会社ホライズンテックでの試験_面接では、ポートフォリオの詳細、技術的な課題解決、レビューの受け方について重点的に問われた。やや厳しめではあったが、誠実に話を聞いてもらえた。技術知識の幅と深さが足りなかったと痛感した。結果としては不合格だったものの、今後の改善点が明確になり次の選考に活かせる面接だった。"
株式会社ホライズンテック,horizon.tech.74@example.com,S20240704,P20249794,試験_面接,継続（合格）,2029-12-10 11:00,2029-12-10 11:30,オンライン・単独,自宅,1,人事,"株式会社ホライズンテックの試験_面接では、ガクチカ、アルバイト経験、札幌で働く理由について質問された。終始和やかな雰囲気で、会話形式で進んだ。緊張すると早口になるため、落ち着いて話す意識が必要だと感じた。選考は次のステップに進むことになり、引き続き準備を進めていく必要があると感じた。"
株式会社ホライズンテック,horizon.tech.75@example.com,S20240705,P20249795,試験_面接,内定,2029-12-13 09:00,2029-12-13 09:20,オンライン・単独,自宅,1,人事・エンジニア,"株式会社ホライズンテックでの試験_面接では、失敗経験から何を学んだか、技術への情熱、学生時代に頑張ったことについて深掘りされた。面接官が親身になって話を聞いてくれる印象だった。技術への情熱と、一貫性のある回答が評価され、内定となった。"
株式会社ホライズンテック,horizon.tech.76@example.com,S20240706,P20249796,試験_面接,継続（合格）,2029-12-16 15:00,2029-12-16 15:40,オンライン・単独,自宅,1,人事,"株式会社ホライズンテックの試験_面接では、将来像、チーム開発でのトラブル対応、他社との比較について聞かれた。回答の背景や理由を詳しく問われた。企業研究をより進める必要を実感した。選考は次のステップに進むことになり、引き続き準備を進めていく必要があると感じた。"
株式会社ホライズンテック,horizon.tech.77@example.com,S20240707,P20249797,試験_面接,継続（合格）,2029-12-19 10:30,2029-12-19 11:00,オンライン・単独,自宅,1,エンジニア,"株式会社ホライズンテックでの試験_面接では、Git経験、学校で学んだ専門技術、入社後の貢献について質問された。やや厳しめではあったが、質問は鋭かった。話の論理性を高める必要性を感じた。選考は次のステップに進むことになり、引き続き準備を進めていく必要があると感じた。"
株式会社ホライズンテック,horizon.tech.78@example.com,S20240708,P20249798,試験_面接,落選,2029-12-22 14:00,2029-12-22 14:30,オンライン・単独,自宅,1,人事・エンジニア,"株式会社ホライズンテックの試験_面接では、会社の理念に対する共感度、困難を乗り越えた経験、チーム開発での役割について聞かれた。静かな緊張感はあったものの、こちらの話を真摯に受け止めてくれた。自己分析の甘さを痛感した。結果としては不合格だったものの、今後の改善点が明確になり次の選考に活かせる面接だった。"
株式会社ホライズンテック,horizon.tech.79@example.com,S20240709,P20249799,試験_面接,継続（合格）,2029-12-25 11:00,2029-12-25 11:40,オンライン・単独,自宅,1,人事,"株式会社ホライズンテックの試験_面接では、長所と短所、周囲からの評価、HCSを選んだ理由について聞かれた。具体的なエピソードを何度も深掘りされた。専門用語を分かりやすく説明する練習が必要だと感じた。選考は次のステップに進むことになり、引き続き準備を進めていく必要があると感じた。"
株式会社ホライズンテック,horizon.tech.80@example.com,S20240710,P20249800,試験_面接,内定,2029-12-28 09:00,2029-12-28 09:30,オンライン・単独,自宅,1,人事・エンジニア,"株式会社ホライズンテックでの試験_面接では、技術への情熱、会社への貢献意欲、学生時代の経験全般について深く問われた。全体的に穏やかな雰囲気で、リラックスして話せた。論理的な思考力と、自己成長への意欲が評価され、内定となった。"
株式会社アルファテック,alfa.tech.81@example.com,S20240711,P20249801,試験_面接,継続（合格）,2030-01-01 14:00,2030-01-01 14:40,オンライン・単独,自宅,1,人事,"株式会社アルファテックの試験_面接では、入社後の目標、チーム開発での課題解決、キャリアビジョンについて深掘りされた。具体的なエピソードを何度も深掘りされた。企業研究をより進める必要を実感した。選考は次のステップに進むことになり、引き続き準備を進めていく必要があると感じた。"
株式会社アルファテック,alfa.tech.82@example.com,S20240712,P20249802,試験_面接,落選,2030-01-04 10:00,2030-01-04 10:30,オンライン・単独,自宅,1,エンジニア,"株式会社アルファテックでの試験_面接では、技術的な興味、ポートフォリオの詳細、技術選定の理由について聞かれた。淡々としていたが、質問は鋭かった。技術知識の幅と深さが足りなかったと痛感した。結果としては不合格だったものの、今後の改善点が明確になり次の選考に活かせる面接だった。"
株式会社アルファテック,alfa.tech.83@example.com,S20240713,P20249803,試験_面接,内定,2030-01-07 16:00,2030-01-07 16:20,オンライン・単独,自宅,1,人事・エンジニア,"株式会社アルファテックの試験_面接では、志望動機、長所と短所、学生時代に最も力を入れたことについて深く問われた。終始和やかな雰囲気で、話しやすかった。論理的な思考力と、自己成長への意欲が評価され、内定となった。"
株式会社アルファテック,alfa.tech.84@example.com,S20240714,P20249804,試験_面接,継続（合格）,2030-01-10 11:00,2030-01-10 11:30,オンライン・単独,自宅,1,人事,"株式会社アルファテックでの試験_面接では、周囲からの評価、ストレスへの対処方法、HCSを選んだ理由について質問された。静かな緊張感はあったものの、こちらの話を真摯に受け止めてくれた。自己分析をもう一段深める必要があると感じる。選考は次のステップに進むことになり、引き続き準備を進めていく必要があると感じた。"
株式会社アルファテック,alfa.tech.85@example.com,S20240715,P20249805,試験_面接,継続（合格）,2030-01-13 09:00,2030-01-13 09:20,オンライン・単独,自宅,1,エンジニア,"株式会社アルファテックの試験_面接では、技術的な課題解決、レビューの受け方、Git経験について聞かれた。回答の背景や理由を詳しく問われた。技術的な知識の応用力を高める必要性を感じた。選考は次のステップに進むことになり、引き続き準備を進めていく必要があると感じた。"
株式会社アルファテック,alfa.tech.86@example.com,S20240716,P20249806,試験_面接,継続（合格）,2030-01-16 15:00,2030-01-16 15:40,オンライン・単独,自宅,1,人事・エンジニア,"株式会社アルファテックでの試験_面接では、札幌で働く理由、会社の理念への共感度、入社後の目標について聞かれた。面接官が親身になって話を聞いてくれる印象だった。専門用語を分かりやすく説明する練習が必要だと感じた。選考は次のステップに進むことになり、引き続き準備を進めていく必要があると感じた。"
株式会社アルファテック,alfa.tech.87@example.com,S20240717,P20249807,試験_面接,継続（合格）,2030-01-19 10:30,2030-01-19 11:00,オンライン・単独,自宅,1,人事,"株式会社アルファテックの試験_面接では、困難を乗り越えた経験、将来像、他社との違いについて聞かれた。やや厳しめではあったが、質問の意図は明確だった。結論ファーストを徹底する訓練が必要だと感じた。選考は次のステップに進むことになり、引き続き準備を進めていく必要があると感じた。"
株式会社アルファテック,alfa.tech.88@example.com,S20240718,P20249808,試験_面接,内定,2030-01-22 14:00,2030-01-22 14:30,オンライン・単独,自宅,1,エンジニア,"株式会社アルファテックでの試験_面接では、会社への貢献意欲、技術への情熱、長所と短所について深く問われた。全体的に穏やかな雰囲気で、和やかに進んだ。論理的な思考と熱意が評価され、内定となった。"
株式会社アルファテック,alfa.tech.89@example.com,S20240719,P20249809,試験_面接,落選,2030-01-25 11:00,2030-01-25 11:40,オンライン・単独,自宅,1,人事・エンジニア,"株式会社アルファテックの試験_面接では、アルバイト経験、将来像、技術的な知識について質問された。具体的なエピソードを何度も深掘りされた。自己分析の甘さを痛感した。結果としては不合格だったものの、今後の改善点が明確になり次の選考に活かせる面接だった。"
株式会社アルファテック,alfa.tech.90@example.com,S20240720,P20249810,試験_面接,継続（合格）,2030-01-28 09:00,2030-01-28 09:30,オンライン・単独,自宅,1,人事,"株式会社アルファテックでの試験_面接では、長所と短所、志望動機、チームでの協調性について質問された。淡々としていたが、回答の背景を詳しく問われた。話の論理性を高める訓練が必要だと感じた。選考は次のステップに進むことになり、引き続き準備を進めていく必要があると感じた。"
株式会社ビーリンク,be.link.81@example.com,S20240721,P20249811,試験_面接,継続（合格）,2030-02-01 14:00,2030-02-01 14:50,オンライン・単独,自宅,1,人事・エンジニア,"株式会社ビーリンクの試験_面接では、技術的な興味、ポートフォリオでの挑戦点、技術選定の理由について深く問われた。やや厳しめではあったが、質問の意図は明確だった。技術的な知識の確認を徹底する必要があると学んだ。選考は次のステップに進むことになり、引き続き準備を進めていく必要があると感じた。"
株式会社ビーリンク,be.link.82@example.com,S20240722,P20249812,試験_面接,内定,2030-02-04 10:00,2030-02-04 10:30,オンライン・単独,自宅,1,人事,"株式会社ビーリンクでの試験_面接では、ガクチカ、長所と短所、札幌で働く理由について深掘りされた。終始和やかな雰囲気で、会話形式で進んだ。熱意と、企業文化との高いフィット感が評価され、内定となった。"
株式会社ビーリンク,be.link.83@example.com,S20240723,P20249813,試験_面接,継続（合格）,2030-02-07 16:00,2030-02-07 16:20,オンライン・単独,自宅,1,エンジニア,"株式会社ビーリンクの試験_面接では、Git経験、技術的な課題解決、入社後の目標について質問された。静かな緊張感はあったものの、こちらの話を真摯に受け止めてくれた。技術的な知識の応用力を高める必要性を感じた。選考は次のステップに進むことになり、引き続き準備を進めていく必要があると感じた。"
株式会社ビーリンク,be.link.84@example.com,S20240724,P20249814,試験_面接,落選,2030-02-10 11:00,2030-02-10 11:30,オンライン・単独,自宅,1,人事,"株式会社ビーリンクでの試験_面接では、失敗経験から何を学んだか、価値観、アルバイト経験について質問された。回答の背景や理由を詳しく問われた。企業研究の甘さを痛感した。結果としては不合格だったものの、今後の改善点が明確になり次の選考に活かせる面接だった。"
株式会社ビーリンク,be.link.85@example.com,S20240725,P20249815,試験_面接,継続（合格）,2030-02-13 09:00,2030-02-13 09:20,オンライン・単独,自宅,1,人事・エンジニア,"株式会社ビーリンクの試験_面接では、会社への貢献意欲、チーム開発での役割、学生時代に頑張ったことについて問われた。具体的なエピソードを何度も深掘りされた。逆質問のバリエーションを増やしておくべきだったと反省した。選考は次のステップに進むことになり、引き続き準備を進めていく必要があると感じた。"
株式会社ビーリンク,be.link.86@example.com,S20240726,P20249816,試験_面接,継続（合格）,2030-02-16 15:00,2030-02-16 15:40,オンライン・単独,自宅,1,人事,"株式会社ビーリンクでの試験_面接では、入社後の目標、周囲からの評価、ストレスへの対処方法について聞かれた。面接官が明るく、非常に話しやすい雰囲気だった。緊張すると早口になるため、落ち着いて話す意識が必要だと感じた。選考は次のステップに進むことになり、引き続き準備を進めていく必要があると感じた。"
株式会社ビーリンク,be.link.87@example.com,S20240727,P20249817,試験_面接,継続（合格）,2030-02-19 10:30,2030-02-19 11:00,オンライン・単独,自宅,1,エンジニア,"株式会社ビーリンクの試験_面接では、技術的な課題解決、レビューの受け方、学校で学んだ専門技術について重点的に深掘りされた。淡々としていたが、質問は鋭かった。話の論理性を高める必要性を感じた。選考は次のステップに進むことになり、引き続き準備を進めていく必要があると感じた。"
株式会社ビーリンク,be.link.88@example.com,S20240728,P20249818,試験_面接,落選,2030-02-22 14:00,2030-02-22 14:30,オンライン・単独,自宅,1,人事・エンジニア,"株式会社ビーリンクでの試験_面接では、HCSを選んだ理由、将来像、他社との比較について聞かれた。やや厳しめではあったが、的確に核心を突く質問が多かった。自己分析の甘さを痛感した。結果としては不合格だったものの、今後の改善点が明確になり次の選考に活かせる面接だった。"
株式会社ビーリンク,be.link.89@example.com,S20240729,P20249819,試験_面接,内定,2030-02-25 11:00,2030-02-25 11:40,オンライン・単独,自宅,1,人事,"株式会社ビーリンクの試験_面接では、困難な状況への対処法、会社の理念への共感度、キャリアビジョンについて深く問われた。全体的に穏やかな雰囲気で、リラックスして話せた。一貫性のある回答と、企業への高い関心が評価され、内定となった。"
株式会社ビーリンク,be.link.90@example.com,S20240730,P20249820,試験_面接,継続（合格）,2030-02-28 09:00,2030-02-28 09:30,オンライン・単独,自宅,1,人事・エンジニア,"株式会社ビーリンクでの試験_面接では、長所と短所、学生時代の経験全般、技術への情熱について質問された。具体的なエピソードを何度も深掘りされた。専門用語を分かりやすく説明する練習が必要だと感じた。選考は次のステップに進むことになり、引き続き準備を進めていく必要があると感じた。"
クリエイトソリューションズ株式会社,create.sol.81@example.com,S20240731,P20249821,試験_面接,継続（合格）,2030-03-01 14:00,2030-03-01 14:50,オンライン・単独,自宅,1,人事,"クリエイトソリューションズ株式会社の試験_面接では、志望動機、長所と短所、価値観について質問された。淡々としていたが、質問は鋭かった。結論から整理して話す練習をしておくべきだと学んだ。選考は次のステップに進むことになり、引き続き準備を進めていく必要があると感じた。"
クリエイトソリューションズ株式会社,create.sol.82@example.com,S20240732,P20249822,試験_面接,落選,2030-03-04 10:00,2030-03-04 10:30,オンライン・単独,自宅,1,エンジニア,"クリエイトソリューションズ株式会社での試験_面接では、ポートフォリオの詳細、技術選定の理由、Git経験について重点的に聞かれた。やや厳しめではあったが、質問の意図は明確だった。技術的な説明を簡潔に行う練習が必要だと感じた。結果としては不合格だったものの、今後の改善点が明確になり次の選考に活かせる面接だった。"
クリエイトソリューションズ株式会社,create.sol.83@example.com,S20240733,P20249823,試験_面接,内定,2030-03-07 16:00,2030-03-07 16:20,オンライン・単独,自宅,1,人事・エンジニア,"クリエイトソリューションズ株式会社の試験_面接では、技術的な興味、入社後のキャリアプラン、チーム開発での課題解決について深く問われた。終始和やかな雰囲気で、話しやすかった。技術への深い関心と論理的な思考力が評価され、内定となった。"
クリエイトソリューションズ株式会社,create.sol.84@example.com,S20240734,P20249824,試験_面接,継続（合格）,2030-03-10 11:00,2030-03-10 11:30,オンライン・単独,自宅,1,人事,"クリエイトソリューションズ株式会社での試験_面接では、周囲からの評価、ストレスへの対処方法、アルバイト経験について質問された。回答の背景や理由を詳しく問われた。話の論理性を高める必要性を感じた。選考は次のステップに進むことになり、引き続き準備を進めていく必要があると感じた。"
クリエイトソリューションズ株式会社,create.sol.85@example.com,S20240735,P20249825,試験_面接,落選,2030-03-13 09:00,2030-03-13 09:20,オンライン・単独,自宅,1,エンジニア,"クリエイトソリューションズ株式会社の試験_面接では、技術的な課題解決、チーム開発での役割、入社後の目標について聞かれた。具体的なエピソードを何度も深掘りされた。技術的な知識の確認を徹底する必要があると学んだ。結果としては不合格だったものの、今後の改善点が明確になり次の選考に活かせる面接だった。"
クリエイトソリューションズ株式会社,create.sol.86@example.com,S20240736,P20249826,試験_面接,継続（合格）,2030-03-16 15:00,2030-03-16 15:40,オンライン・単独,自宅,1,人事・エンジニア,"クリエイトソリューションズ株式会社での試験_面接では、失敗経験から何を学んだか、レビューの受け方、会社への貢献意欲について問われた。静かな緊張感はあったものの、こちらの話を真摯に受け止めてくれた。企業研究をより進める必要を実感した。選考は次のステップに進むことになり、引き続き準備を進めていく必要があると感じた。"
クリエイトソリューションズ株式会社,create.sol.87@example.com,S20240737,P20249827,試験_面接,継続（合格）,2030-03-19 10:30,2030-03-19 11:00,オンライン・単独,自宅,1,人事,"クリエイトソリューションズ株式会社の試験_面接では、HCSを選んだ理由、札幌で働く理由、将来像について深掘りされた。面接官が明るく、非常に話しやすい雰囲気だった。緊張すると早口になるため、落ち着いて話す意識が必要だと感じた。選考は次のステップに進むことになり、引き続き準備を進めていく必要があると感じた。"
クリエイトソリューションズ株式会社,create.sol.88@example.com,S20240738,P20249828,試験_面接,落選,2030-03-22 14:00,2030-03-22 14:30,オンライン・単独,自宅,1,エンジニア,"クリエイトソリューションズ株式会社での試験_面接では、技術への情熱、会社の理念への共感、チームでの貢献方法について重点的に問われた。淡々としていたが、的確に核心を突く質問が多かった。自己PRの具体性が不足していたと痛感した。結果としては不合格だったものの、今後の改善点が明確になり次の選考に活かせる面接だった。"
クリエイトソリューションズ株式会社,create.sol.89@example.com,S20240739,P20249829,試験_面接,内定,2030-03-25 11:00,2030-03-25 11:40,オンライン・単独,自宅,1,人事・エンジニア,"クリエイトソリューションズ株式会社の試験_面接では、志望動機、技術的な興味、キャリアビジョンについて深く問われた。全体的に穏やかな雰囲気で、和やかに進んだ。熱意と、論理的な思考力が評価され、内定となった。"
クリエイトソリューションズ株式会社,create.sol.90@example.com,S20240740,P20249830,試験_面接,継続（合格）,2030-03-28 09:00,2030-03-28 09:30,オンライン・単独,自宅,1,人事,"クリエイトソリューションズ株式会社での試験_面接では、長所と短所、学生時代の経験全般、他社との比較について質問された。具体的なエピソードを何度も深掘りされた。自己分析をもう一段深める必要があると感じる。選考は次のステップに進むことになり、引き続き準備を進めていく必要があると感じた。"
株式会社デジタルリンク,digi.link.81@example.com,S20240741,P20249831,試験_面接,継続（合格）,2030-04-01 14:00,2030-04-01 14:50,オンライン・単独,自宅,1,人事・エンジニア,"株式会社デジタルリンクの試験_面接では、技術的な興味、学校で学んだこと、チーム開発でのトラブル対応について質問された。やや厳しめではあったが、質問の意図は分かりやすかった。逆質問のバリエーションを増やしておくべきだったと反省した。選考は次のステップに進むことになり、引き続き準備を進めていく必要があると感じた。"
株式会社デジタルリンク,digi.link.82@example.com,S20240742,P20249832,試験_面接,継続（合格）,2030-04-04 10:00,2030-04-04 10:30,オンライン・単独,自宅,1,人事,"株式会社デジタルリンクでの試験_面接では、長所と短所、志望動機、周囲からの評価について聞かれた。淡々としていたが、質問は鋭かった。結論ファーストを徹底する訓練が必要だと感じた。選考は次のステップに進むことになり、引き続き準備を進めていく必要があると感じた。"
株式会社デジタルリンク,digi.link.83@example.com,S20240743,P20249833,試験_面接,内定,2030-04-07 16:00,2030-04-07 16:20,オンライン・単独,自宅,1,エンジニア,"株式会社デジタルリンクの試験_面接では、ポートフォリオでの挑戦点、技術選定の理由、Git経験について重点的に聞かれた。面接官が明るく、非常に話しやすい雰囲気だった。技術的な深い理解と、チームでの貢献意欲が評価され、内定となった。"
株式会社デジタルリンク,digi.link.84@example.com,S20240744,P20249834,試験_面接,落選,2030-04-10 11:00,2030-04-10 11:30,オンライン・単独,自宅,1,人事,"株式会社デジタルリンクでの試験_面接では、入社後の目標、価値観、アルバイト経験について質問された。回答の背景や理由を詳しく問われた。自己PRの構成を見直す必要があると感じた。結果としては不合格だったものの、今後の改善点が明確になり次の選考に活かせる面接だった。"
株式会社デジタルリンク,digi.link.85@example.com,S20240745,P20249835,試験_面接,継続（合格）,2030-04-13 09:00,2030-04-13 09:20,オンライン・単独,自宅,1,人事・エンジニア,"株式会社デジタルリンクの試験_面接では、ストレスへの対処方法、HCSを選んだ理由、レビューの受け方について質問された。具体的なエピソードを何度も深掘りされた。専門用語を分かりやすく説明する練習が必要だと感じた。選考は次のステップに進むことになり、引き続き準備を進めていく必要があると感じた。"
株式会社デジタルリンク,digi.link.86@example.com,S20240746,P20249836,試験_面接,継続（合格）,2030-04-16 15:00,2030-04-16 15:40,オンライン・単独,自宅,1,人事,"株式会社デジタルリンクでの試験_面接では、ガクチカ、困難を乗り越えた経験、将来像について深掘りされた。静かな緊張感はあったものの、こちらの話を受け止めてくれた。話の論理性を高める必要性を感じた。選考は次のステップに進むことになり、引き続き準備を進めていく必要があると感じた。"
株式会社デジタルリンク,digi.link.87@example.com,S20240747,P20249837,試験_面接,内定,2030-04-19 10:30,2030-04-19 11:00,オンライン・単独,自宅,1,エンジニア,"株式会社デジタルリンクの試験_面接では、入社後の貢献、技術的な課題解決、学校で学んだ専門技術について聞かれた。終始和やかな雰囲気で、リラックスして話せた。問題解決能力と、技術への深い関心が評価され、内定となった。"
株式会社デジタルリンク,digi.link.88@example.com,S20240748,P20249838,試験_面接,継続（合格）,2030-04-22 14:00,2030-04-22 14:30,オンライン・単独,自宅,1,人事・エンジニア,"株式会社デジタルリンクでの試験_面接では、会社への貢献意欲、技術への情熱、キャリアビジョンについて深く問われた。やや厳しめではあったが、誠実に話を聞いてもらえた。技術的な知識の応用力を高める必要性を感じた。選考は次のステップに進むことになり、引き続き準備を進めていく必要があると感じた。"
株式会社デジタルリンク,digi.link.89@example.com,S20240749,P20249839,試験_面接,落選,2030-04-25 11:00,2030-04-25 11:40,オンライン・単独,自宅,1,人事,"株式会社デジタルリンクの試験_面接では、長所と短所、学生時代の経験全般、他社との違いについて聞かれた。淡々としていたが、的確に核心を突く質問が多かった。自己分析の甘さを痛感した。結果としては不合格だったものの、今後の改善点が明確になり次の選考に活かせる面接だった。"
株式会社デジタルリンク,digi.link.90@example.com,S20240750,P20249840,試験_面接,継続（合格）,2030-04-28 09:00,2030-04-28 09:30,オンライン・単独,自宅,1,エンジニア,"株式会社デジタルリンクでの試験_面接では、札幌で働く理由、失敗経験、技術への興味について聞かれた。具体的なエピソードを何度も深掘りされた。結論から整理して話す練習をしておくべきだと学んだ。選考は次のステップに進むことになり、引き続き準備を進めていく必要があると感じた。"
株式会社エムライン,m.line.81@example.com,S20240751,P20249841,試験_面接,継続（合格）,2030-05-01 14:00,2030-05-01 14:50,オンライン・単独,自宅,1,人事・エンジニア,"株式会社エムラインでの試験_面接では、技術的な興味、チーム開発での役割、札幌で働く理由について質問された。静かな緊張感はあったものの、こちらの話を真摯に受け止めてくれた。技術的な知識の浅さを痛感し、情報収集の重要性を実感した。選考は次のステップに進むことになり、引き続き準備を進めていく必要があると感じた。"
株式会社エムライン,m.line.82@example.com,S20240752,P20249842,試験_面接,内定,2030-05-04 10:00,2030-05-04 10:30,オンライン・単独,自宅,1,人事,"株式会社エムラインの試験_面接では、志望動機、周囲からの評価、困難な状況への対処法について深掘りされた。面接官が明るく、非常に話しやすい雰囲気だった。自己理解の深さと、入社意欲の高さが評価され、内定となった。"
株式会社エムライン,m.line.83@example.com,S20240753,P20249843,試験_面接,継続（合格）,2030-05-07 16:00,2030-05-07 16:20,オンライン・単独,自宅,1,エンジニア,"株式会社エムラインでの試験_面接では、ポートフォリオでの挑戦点、技術的な失敗とそこからの学び、レビューの受け方について重点的に問われた。やや厳しめではあったが、質問の意図は明確だった。専門用語を分かりやすく説明する練習が必要だと感じた。選考は次のステップに進むことになり、引き続き準備を進めていく必要があると感じた。"
株式会社エムライン,m.line.84@example.com,S20240754,P20249844,試験_面接,落選,2030-05-10 11:00,2030-05-10 11:30,オンライン・単独,自宅,1,人事,"株式会社エムラインの試験_面接では、ガクチカ、価値観、アルバイト経験について質問された。淡々としていたが、回答の背景を詳しく問われた。結論ファーストを徹底する訓練が必要だと感じた。結果としては不合格だったものの、今後の改善点が明確になり次の選考に活かせる面接だった。"
株式会社エムライン,m.line.85@example.com,S20240755,P20249845,試験_面接,継続（合格）,2030-05-13 09:00,2030-05-13 09:20,オンライン・単独,自宅,1,人事・エンジニア,"株式会社エムラインでの試験_面接では、キャリアビジョン、会社への貢献意欲、学生時代に最も力を入れたことについて深掘りされた。終始和やかな雰囲気で、会話形式で進んだ。緊張すると早口になるため、落ち着いて話す意識が必要だと感じた。選考は次のステップに進むことになり、引き続き準備を進めていく必要があると感じた。"
株式会社エムライン,m.line.86@example.com,S20240756,P20249846,試験_面接,継続（合格）,2030-05-16 15:00,2030-05-16 15:40,オンライン・単独,自宅,1,人事,"株式会社エムラインの試験_面接では、長所と短所、入社後の目標、HCSを選んだ理由について聞かれた。具体的なエピソードを何度も深掘りされた。企業研究をより進める必要を実感した。選考は次のステップに進むことになり、引き続き準備を進めていく必要があると感じた。"
株式会社エムライン,m.line.87@example.com,S20240757,P20249847,試験_面接,落選,2030-05-19 10:30,2030-05-19 11:00,オンライン・単独,自宅,1,エンジニア,"株式会社エムラインでの試験_面接では、Gitの具体的な利用経験、技術的な課題解決、学校で学んだ専門技術について質問された。淡々としていたが、質問は鋭かった。自己PRの構成を見直す必要があると感じた。結果としては不合格だったものの、今後の改善点が明確になり次の選考に活かせる面接だった。"
株式会社エムライン,m.line.88@example.com,S20240758,P20249848,試験_面接,継続（合格）,2030-05-22 14:00,2030-05-22 14:30,オンライン・単独,自宅,1,人事・エンジニア,"株式会社エムラインの試験_面接では、技術への情熱、会社の理念に対する共感度、入社後の貢献について深く問われた。面接官が親身になって話を聞いてくれる印象だった。話の論理性を高める必要性を感じた。選考は次のステップに進むことになり、引き続き準備を進めていく必要があると感じた。"
株式会社エムライン,m.line.89@example.com,S20240759,P20249849,試験_面接,内定,2030-05-25 11:00,2030-05-25 11:40,オンライン・単独,自宅,1,人事,"株式会社エムラインでの試験_面接では、将来像、チーム開発でのトラブル対応、他社との比較について聞かれた。全体的に穏やかな雰囲気で、和やかに進んだ。論理的な思考と、入社意欲の高さが評価され、内定となった。"
株式会社エムライン,m.line.90@example.com,S20240760,P20249850,試験_面接,落選,2030-05-28 09:00,2030-05-28 09:30,オンライン・単独,自宅,1,エンジニア,"株式会社エムラインの試験_面接では、長所と短所、困難を乗り越えた経験、学生時代の経験全般について聞かれた。やや厳しめではあったが、質問の意図は明確だった。逆質問のバリエーションを増やすべきだったと反省した。結果としては不合格だったものの、今後の改善点が明確になり次の選考に活かせる面接だった。"
株式会社フォースウェーブ,force.wave.81@example.com,S20240761,P20249851,試験_面接,継続（合格）,2030-06-01 14:00,2030-06-01 14:50,オンライン・単独,自宅,1,人事,"株式会社フォースウェーブでの試験_面接では、志望動機、長所と短所、周囲からの評価について質問された。回答の背景や理由を詳しく問われた。自己分析をもう一段深める必要があると感じた。選考は次のステップに進むことになり、引き続き準備を進めていく必要があると感じた。"
株式会社フォースウェーブ,force.wave.82@example.com,S20240762,P20249852,試験_面接,内定,2030-06-04 10:00,2030-06-04 10:30,オンライン・単独,自宅,1,エンジニア,"株式会社フォースウェーブの試験_面接では、技術的な興味、ポートフォリオでの挑戦点、チーム開発での工夫点について重点的に聞かれた。静かな緊張感はあったものの、こちらの話を真摯に受け止めてくれた。技術的な深掘りにも論理的に答えられ、高い評価を得て内定となった。"
株式会社フォースウェーブ,force.wave.83@example.com,S20240763,P20249853,試験_面接,継続（合格）,2030-06-07 16:00,2030-06-07 16:20,オンライン・単独,自宅,1,人事・エンジニア,"株式会社フォースウェーブでの試験_面接では、Git経験、レビューの受け方、技術的な課題解決について深掘りされた。面接官が明るく、非常に話しやすい雰囲気だった。技術的な知識の確認を徹底する必要があると学んだ。選考は次のステップに進むことになり、引き続き準備を進めていく必要があると感じた。"
株式会社フォースウェーブ,force.wave.84@example.com,S20240764,P20249854,試験_面接,落選,2030-06-10 11:00,2030-06-10 11:30,オンライン・単独,自宅,1,人事,"株式会社フォースウェーブの試験_面接では、キャリアビジョン、会社への貢献意欲、失敗経験から何を学んだかについて問われた。やや厳しめではあったが、質問は鋭かった。将来への明確なビジョンを示す必要があったと痛感した。結果としては不合格だったものの、今後の改善点が明確になり次の選考に活かせる面接だった。"
株式会社フォースウェーブ,force.wave.85@example.com,S20240765,P20249855,試験_面接,継続（合格）,2030-06-13 09:00,2030-06-13 09:20,オンライン・単独,自宅,1,エンジニア,"株式会社フォースウェーブでの試験_面接では、技術への情熱、入社後の貢献、学校で学んだ専門技術について深く問われた。淡々としていたが、質問の意図は明確だった。結論から整理して話す練習をしておくべきだと学んだ。選考は次のステップに進むことになり、引き続き準備を進めていく必要があると感じた。"
株式会社フォースウェーブ,force.wave.86@example.com,S20240766,P20249856,試験_面接,継続（合格）,2030-06-16 15:00,2030-06-16 15:40,オンライン・単独,自宅,1,人事・エンジニア,"株式会社フォースウェーブの試験_面接では、入社後の目標、HCSを選んだ理由、学生時代に頑張ったことについて問われた。具体的なエピソードを何度も深掘りされた。緊張すると早口になるため、落ち着いて話す意識が必要だと感じた。選考は次のステップに進むことになり、引き続き準備を進めていく必要があると感じた。"
株式会社フォースウェーブ,force.wave.87@example.com,S20240767,P20249857,試験_面接,落選,2030-06-19 10:30,2030-06-19 11:00,オンライン・単独,自宅,1,人事,"株式会社フォースウェーブでの試験_面接では、アルバイト経験、将来像、困難な状況への対処法について質問された。回答の背景や理由を詳しく問われた。企業研究の甘さを痛感した。結果としては不合格だったものの、今後の改善点が明確になり次の選考に活かせる面接だった。"
株式会社フォースウェーブ,force.wave.88@example.com,S20240768,P20249858,試験_面接,継続（合格）,2030-06-22 14:00,2030-06-22 14:30,オンライン・単独,自宅,1,エンジニア,"株式会社フォースウェーブの試験_面接では、札幌で働く理由、価値観、ストレスへの対処方法について質問された。終始和やかな雰囲気で、会話形式で進んだ。話の論理性を高める必要性を感じた。選考は次のステップに進むことになり、引き続き準備を進めていく必要があると感じた。"
株式会社フォースウェーブ,force.wave.89@example.com,S20240769,P20249859,試験_面接,内定,2030-06-25 11:00,2030-06-25 11:40,オンライン・単独,自宅,1,人事,"株式会社フォースウェーブでの試験_面接では、ガクチカ、チーム開発でのトラブル対応、他社との比較について聞かれた。全体的に穏やかな雰囲気で、リラックスして話せた。技術的な知識の深さと、論理的な説明力が評価され、内定となった。"
株式会社フォースウェーブ,force.wave.90@example.com,S20240770,P20249860,試験_面接,継続（合格）,2030-06-28 09:00,2030-06-28 09:30,オンライン・単独,自宅,1,人事・エンジニア,"株式会社フォースウェーブの試験_面接では、長所と短所、学生時代の経験全般、会社の理念への共感度について質問された。やや厳しめではあったが、誠実に話を聞いてもらえた。専門用語を分かりやすく説明する練習が必要だと感じた。選考は次のステップに進むことになり、引き続き準備を進めていく必要があると感じた。"
ノースシステム株式会社,north.sys.81@example.com,S20240771,P20249861,試験_面接,継続（合格）,2030-07-01 14:00,2030-07-01 14:50,オンライン・単独,自宅,1,人事・エンジニア,"ノースシステム株式会社の試験_面接では、志望動機、キャリアビジョン、失敗経験から何を学んだかについて深く聞かれた。淡々としていたが、的確に核心を突く質問が多かった。技術的な知識の確認を徹底する必要があると学んだ。選考は次のステップに進むことになり、引き続き準備を進めていく必要があると感じた。"
ノースシステム株式会社,north.sys.82@example.com,S20240772,P20249862,試験_面接,落選,2030-07-04 10:00,2030-07-04 10:30,オンライン・単独,自宅,1,人事,"ノースシステム株式会社での試験_面接では、長所と短所、価値観、ストレスへの対処方法について質問された。具体的なエピソードを何度も深掘りされた。自己分析の深さが足りなかったと痛感した。結果としては不合格だったものの、今後の改善点が明確になり次の選考に活かせる面接だった。"
ノースシステム株式会社,north.sys.83@example.com,S20240773,P20249863,試験_面接,継続（合格）,2030-07-07 16:00,2030-07-07 16:20,オンライン・単独,自宅,1,エンジニア,"ノースシステム株式会社の試験_面接では、技術的な興味、ポートフォリオの詳細、チーム開発での役割、学生時代の経験全般について深掘りされた。静かな緊張感はあったものの、こちらの話を真摯に受け止めてくれた。自己PRの構成を見直す必要があると感じた。選考は次のステップに進むことになり、引き続き準備を進めていく必要があると感じた。"
ノースシステム株式会社,north.sys.84@example.com,S20240774,P20249864,試験_面接,内定,2030-07-10 11:00,2030-07-10 11:30,オンライン・単独,自宅,1,人事,"ノースシステム株式会社での試験_面接では、周囲からの評価、アルバイト経験、札幌で働く理由について聞かれた。面接官が明るく、非常に話しやすい雰囲気だった。将来への展望と、論理的な思考力が評価され、内定となった。"
ノースシステム株式会社,north.sys.85@example.com,S20240775,P20249865,試験_面接,継続（合格）,2030-07-13 09:00,2030-07-13 09:20,オンライン・単独,自宅,1,人事・エンジニア,"ノースシステム株式会社の試験_面接では、HCSを選んだ理由、困難を乗り越えた経験、学校で学んだことについて質問された。やや厳しめではあったが、質問の意図は明確だった。結論から整理して話す練習をしておくべきだと学んだ。選考は次のステップに進むことになり、引き続き準備を進めていく必要があると感じた。"
ノースシステム株式会社,north.sys.86@example.com,S20240776,P20249866,試験_面接,継続（合格）,2030-07-16 15:00,2030-07-16 15:40,オンライン・単独,自宅,1,人事,"ノースシステム株式会社での試験_面接では、ガクチカ、将来像、他社との比較について深掘りされた。淡々としていたが、質問は鋭かった。緊張すると早口になるため、落ち着いて話す意識が必要だと感じた。選考は次のステップに進むことになり、引き続き準備を進めていく必要があると感じた。"
ノースシステム株式会社,north.sys.87@example.com,S20240777,P20249867,試験_面接,落選,2030-07-19 10:30,2030-07-19 11:00,オンライン・単独,自宅,1,エンジニア,"ノースシステム株式会社の試験_面接では、技術的な課題解決、レビューの受け方、チーム開発でのトラブル対応について質問された。回答の背景や理由を詳しく問われた。逆質問のバリエーションを増やすべきだったと痛感した。結果としては不合格だったものの、今後の改善点が明確になり次の選考に活かせる面接だった。"
ノースシステム株式会社,north.sys.88@example.com,S20240778,P20249868,試験_面接,継続（合格）,2030-07-22 14:00,2030-07-22 14:30,オンライン・単独,自宅,1,人事・エンジニア,"ノースシステム株式会社での試験_面接では、会社への貢献意欲、技術への情熱、長所と短所について聞かれた。終始和やかな雰囲気で、会話形式で進んだ。企業研究をより進める必要を実感した。選考は次のステップに進むことになり、引き続き準備を進めていく必要があると感じた。"
ノースシステム株式会社,north.sys.89@example.com,S20240779,P20249869,試験_面接,内定,2030-07-25 11:00,2030-07-25 11:40,オンライン・単独,自宅,1,エンジニア,"ノースシステム株式会社の試験_面接では、Git経験、技術選定の理由、入社後の貢献について重点的に問われた。全体的に穏やかな雰囲気で、リラックスして話せた。技術的な背景を論理的に説明できた点が評価され、内定となった。"
ノースシステム株式会社,north.sys.90@example.com,S20240780,P20249870,試験_面接,継続（合格）,2030-07-28 09:00,2030-07-28 09:30,オンライン・単独,自宅,1,人事,"ノースシステム株式会社での試験_面接では、入社後の目標、キャリアビジョン、学生時代の経験全般について深く問われた。やや厳しめではあったが、誠実に話を聞いてもらえた。話の論理性を高める必要性を感じた。選考は次のステップに進むことになり、引き続き準備を進めていく必要があると感じた。"
株式会社ライフネットワーク,life.net.81@example.com,S20240781,P20249871,試験_面接,継続（合格）,2030-08-01 14:00,2030-08-01 14:50,オンライン・単独,自宅,1,人事・エンジニア,"株式会社ライフネットワークの試験_面接では、技術的な興味、ポートフォリオでの挑戦点、Git経験について質問された。淡々としていたが、質問は鋭かった。技術的な知識の浅さを痛感し、情報収集の重要性を実感した。選考は次のステップに進むことになり、引き続き準備を進めていく必要があると感じた。"
株式会社ライフネットワーク,life.net.82@example.com,S20240782,P20249872,試験_面接,継続（合格）,2030-08-04 10:00,2030-08-04 10:30,オンライン・単独,自宅,1,人事,"株式会社ライフネットワークでの試験_面接では、長所と短所、志望動機、札幌で働く理由について深掘りされた。具体的なエピソードを何度も深掘りされた。専門用語を分かりやすく説明する練習が必要だと感じた。選考は次のステップに進むことになり、引き続き準備を進めていく必要があると感じた。"
株式会社ライフネットワーク,life.net.83@example.com,S20240783,P20249873,試験_面接,落選,2030-08-07 16:00,2030-08-07 16:20,オンライン・単独,自宅,1,エンジニア,"株式会社ライフネットワークの試験_面接では、技術選定の理由、チーム開発での役割、入社後の貢献について重点的に問われた。静かな緊張感はあったものの、こちらの話を真摯に受け止めてくれた。将来へのビジョンと技術的な興味の連動性が不足していたと痛感した。結果としては不合格だったものの、今後の改善点が明確になり次の選考に活かせる面接だった。"
株式会社ライフネットワーク,life.net.84@example.com,S20240784,P20249874,試験_面接,継続（合格）,2030-08-10 11:00,2030-08-10 11:30,オンライン・単独,自宅,1,人事,"株式会社ライフネットワークでの試験_面接では、周囲からの評価、価値観、困難な状況への対処法について聞かれた。面接官が明るく、非常に話しやすい雰囲気だった。緊張すると早口になるため、落ち着いて話す意識が必要だと感じた。選考は次のステップに進むことになり、引き続き準備を進めていく必要があると感じた。"
株式会社ライフネットワーク,life.net.85@example.com,S20240785,P20249875,試験_面接,継続（合格）,2030-08-13 09:00,2030-08-13 09:20,オンライン・単独,自宅,1,人事・エンジニア,"株式会社ライフネットワークの試験_面接では、失敗経験から何を学んだか、アルバイト経験、HCSを選んだ理由について質問された。回答の背景や理由を詳しく問われた。結論から整理して話す練習をしておくべきだと学んだ。選考は次のステップに進むことになり、引き続き準備を進めていく必要があると感じた。"
株式会社ライフネットワーク,life.net.86@example.com,S20240786,P20249876,試験_面接,内定,2030-08-16 15:00,2030-08-16 15:40,オンライン・単独,自宅,1,人事,"株式会社ライフネットワークでの試験_面接では、ガクチカ、ストレスへの対処方法、会社への貢献意欲について深く問われた。終始和やかな雰囲気で、会話形式で進んだ。熱意と論理性が両立できたことが評価され、内定となった。"
株式会社ライフネットワーク,life.net.87@example.com,S20240787,P20249877,試験_面接,継続（合格）,2030-08-19 10:30,2030-08-19 11:00,オンライン・単独,自宅,1,エンジニア,"株式会社ライフネットワークの試験_面接では、学校で学んだ専門技術、技術的な課題解決、レビューの受け方について重点的に深掘りされた。具体的なエピソードを何度も深掘りされた。技術的な知識の応用力を高める必要性を感じた。選考は次のステップに進むことになり、引き続き準備を進めていく必要があると感じた。"
株式会社ライフネットワーク,life.net.88@example.com,S20240788,P20249878,試験_面接,落選,2030-08-22 14:00,2030-08-22 14:30,オンライン・単独,自宅,1,人事・エンジニア,"株式会社ライフネットワークでの試験_面接では、会社の理念に対する共感度、長所と短所、チーム開発でのトラブル対応について質問された。淡々としていたが、質問は鋭かった。話の具体性が不足していたと痛感した。結果としては不合格だったものの、今後の改善点が明確になり次の選考に活かせる面接だった。"
株式会社ライフネットワーク,life.net.89@example.com,S20240789,P20249879,試験_面接,継続（合格）,2030-08-25 11:00,2030-08-25 11:40,オンライン・単独,自宅,1,人事,"株式会社ライフネットワークの試験_面接では、入社後の目標、将来像、他社との比較について聞かれた。やや厳しめではあったが、質問の意図は明確だった。自己分析の甘さを痛感した。選考は次のステップに進むことになり、引き続き準備を進めていく必要があると感じた。"
株式会社ライフネットワーク,life.net.90@example.com,S20240790,P20249880,試験_面接,内定,2030-08-28 09:00,2030-08-28 09:30,オンライン・単独,自宅,1,エンジニア,"株式会社ライフネットワークでの試験_面接では、技術への情熱、キャリアビジョン、学生時代の経験全般について深く問われた。面接官が親身になって話を聞いてくれる印象だった。技術的な深い理解と、チームでの貢献意欲が評価され、内定となった。"
サッポロエンジニアリング株式会社,sapporo.eng.81@example.com,S20240791,P20249881,試験_面接,継続（合格）,2030-09-01 14:00,2030-09-01 14:50,オンライン・単独,自宅,1,人事,"サッポロエンジニアリング株式会社の試験_面接では、志望動機、長所と短所、入社後の目標について深掘りされた。全体的に穏やかな雰囲気で、和やかに進んだ。企業研究の甘さを痛感し、情報収集の重要性を実感した。選考は次のステップに進むことになり、引き続き準備を進めていく必要があると感じた。"
サッポロエンジニアリング株式会社,sapporo.eng.82@example.com,S20240792,P20249882,試験_面接,継続（合格）,2030-09-04 10:00,2030-09-04 10:30,オンライン・単独,自宅,1,エンジニア,"サッポロエンジニアリング株式会社での試験_面接では、ポートフォリオの詳細、技術選定の理由、Git経験について重点的に問われた。やや厳しめではあったが、誠実に話を聞いてもらえた。結論から整理して話す練習をしておくべきだと学んだ。選考は次のステップに進むことになり、引き続き準備を進めていく必要があると感じた。"
サッポロエンジニアリング株式会社,sapporo.eng.83@example.com,S20240793,P20249883,試験_面接,落選,2030-09-07 16:00,2030-09-07 16:20,オンライン・単独,自宅,1,人事・エンジニア,"サッポロエンジニアリング株式会社の試験_面接では、技術的な課題解決、入社後の貢献、学校で学んだ専門技術について詳しく聞かれた。淡々としていたが、的確に核心を突く質問が多かった。専門用語を分かりやすく説明する力が不足していたと痛感した。結果としては不合格だったものの、今後の改善点が明確になり次の選考に活かせる面接だった。"
サッポロエンジニアリング株式会社,sapporo.eng.84@example.com,S20240794,P20249884,試験_面接,継続（合格）,2030-09-10 11:00,2030-09-10 11:30,オンライン・単独,自宅,1,人事,"サッポロエンジニアリング株式会社での試験_面接では、失敗経験から何を学んだか、レビューの受け方、札幌で働く理由について質問された。具体的なエピソードを何度も深掘りされた。緊張すると早口になるため、落ち着いて話す意識が必要だと感じた。選考は次のステップに進むことになり、引き続き準備を進めていく必要があると感じた。"
サッポロエンジニアリング株式会社,sapporo.eng.85@example.com,S20240795,P20249885,試験_面接,継続（合格）,2030-09-13 09:00,2030-09-13 09:20,オンライン・単独,自宅,1,エンジニア,"サッポロエンジニアリング株式会社の試験_面接では、技術的な興味、キャリアビジョン、チーム開発での役割、学生時代の経験全般について質問された。静かな緊張感はあったものの、こちらの話を真摯に受け止めてくれた。話の論理性を高める必要性を感じた。選考は次のステップに進むことになり、引き続き準備を進めていく必要があると感じた。"
サッポロエンジニアリング株式会社,sapporo.eng.86@example.com,S20240796,P20249886,試験_面接,内定,2030-09-16 15:00,2030-09-16 15:40,オンライン・単独,自宅,1,人事・エンジニア,"サッポロエンジニアリング株式会社での試験_面接では、技術への情熱、会社の理念への共感度、HCSを選んだ理由について深く問われた。面接官が明るく、非常に話しやすい雰囲気だった。熱意と一貫性のある回答が評価され、内定となった。"
サッポロエンジニアリング株式会社,sapporo.eng.87@example.com,S20240797,P20249887,試験_面接,継続（合格）,2030-09-19 10:30,2030-09-19 11:00,オンライン・単独,自宅,1,人事,"サッポロエンジニアリング株式会社の試験_面接では、将来像、学生時代に最も力を入れたこと、困難を乗り越えた経験について質問された。回答の背景や理由を詳しく問われた。自己PRの構成を見直す必要があると感じた。選考は次のステップに進むことになり、引き続き準備を進めていく必要があると感じた。"
サッポロエンジニアリング株式会社,sapporo.eng.88@example.com,S20240798,P20249888,試験_面接,落選,2030-09-22 14:00,2030-09-22 14:30,オンライン・単独,自宅,1,エンジニア,"サッポロエンジニアリング株式会社での試験_面接では、チーム開発でのトラブル対応、技術的な興味、ポートフォリオでの挑戦点について聞かれた。やや厳しめではあったが、質問の意図は明確だった。技術知識の幅と深さが足りなかったと痛感した。結果としては不合格だったものの、今後の改善点が明確になり次の選考に活かせる面接だった。"
サッポロエンジニアリング株式会社,sapporo.eng.89@example.com,S20240799,P20249889,試験_面接,継続（合格）,2030-09-25 11:00,2030-09-25 11:40,オンライン・単独,自宅,1,人事・エンジニア,"サッポロエンジニアリング株式会社の試験_面接では、長所と短所、ガクチカ、会社への貢献意欲について質問された。淡々としていたが、質問は鋭かった。企業研究をより進める必要を実感した。選考は次のステップに進むことになり、引き続き準備を進めていく必要があると感じた。"
サッポロエンジニアリング株式会社,sapporo.eng.90@example.com,S20240800,P20249890,試験_面接,内定,2030-09-28 09:00,2030-09-28 09:30,オンライン・単独,自宅,1,人事,"サッポロエンジニアリング株式会社での試験_面接では、周囲からの評価、価値観、アルバイト経験について聞かれた。具体的なエピソードを何度も深掘りされた。技術的な知識の深さと、問題解決能力が評価され、内定となった。"
株式会社ホライズンテック,horizon.tech.81@example.com,S20240801,P20249891,試験_面接,継続（合格）,2030-10-01 14:00,2030-10-01 14:50,オンライン・単独,自宅,1,人事・エンジニア,"株式会社ホライズンテックでの試験_面接では、技術的な興味、キャリアビジョン、チーム開発での工夫点について質問された。静かな緊張感はあったものの、こちらの話を真摯に受け止めてくれた。専門用語を分かりやすく説明する練習が必要だと感じた。選考は次のステップに進むことになり、引き続き準備を進めていく必要があると感じた。"
株式会社ホライズンテック,horizon.tech.82@example.com,S20240802,P20249892,試験_面接,内定,2030-10-04 10:00,2030-10-04 10:30,オンライン・単独,自宅,1,人事,"株式会社ホライズンテックの試験_面接では、入社後の目標、価値観、ストレスへの対処方法について深掘りされた。面接官が明るく、非常に話しやすい雰囲気だった。自己理解の深さと、コミュニケーション能力が評価され、内定となった。"
株式会社ホライズンテック,horizon.tech.83@example.com,S20240803,P20249893,試験_面接,継続（合格）,2030-10-07 16:00,2030-10-07 16:20,オンライン・単独,自宅,1,エンジニア,"株式会社ホライズンテックでの試験_面接では、ポートフォリオの詳細、技術的な課題解決、レビューの受け方について重点的に問われた。やや厳しめではあったが、質問の意図は明確だった。技術的な知識の応用力を高める必要性を感じた。選考は次のステップに進むことになり、引き続き準備を進めていく必要があると感じた。"
株式会社ホライズンテック,horizon.tech.84@example.com,S20240804,P20249894,試験_面接,落選,2030-10-10 11:00,2030-10-10 11:30,オンライン・単独,自宅,1,人事,"株式会社ホライズンテックの試験_面接では、ガクチカ、アルバイト経験、札幌で働く理由について質問された。淡々としていたが、回答の背景を詳しく問われた。結論から整理して話す練習をしておくべきだと学んだ。結果としては不合格だったものの、今後の改善点が明確になり次の選考に活かせる面接だった。"
株式会社ホライズンテック,horizon.tech.85@example.com,S20240805,P20249895,試験_面接,継続（合格）,2030-10-13 09:00,2030-10-13 09:20,オンライン・単独,自宅,1,人事・エンジニア,"株式会社ホライズンテックでの試験_面接では、失敗経験から何を学んだか、技術への情熱、学生時代に頑張ったことについて深掘りされた。具体的なエピソードを何度も深掘りされた。話の論理性を高める必要性を感じた。選考は次のステップに進むことになり、引き続き準備を進めていく必要があると感じた。"
株式会社ホライズンテック,horizon.tech.86@example.com,S20240806,P20249896,試験_面接,継続（合格）,2030-10-16 15:00,2030-10-16 15:40,オンライン・単独,自宅,1,人事,"株式会社ホライズンテックの試験_面接では、将来像、チーム開発でのトラブル対応、他社との比較について聞かれた。回答の背景や理由を詳しく問われた。自己PRの構成を見直す必要があると感じた。選考は次のステップに進むことになり、引き続き準備を進めていく必要があると感じた。"
株式会社ホライズンテック,horizon.tech.87@example.com,S20240807,P20249897,試験_面接,落選,2030-10-19 10:30,2030-10-19 11:00,オンライン・単独,自宅,1,エンジニア,"株式会社ホライズンテックでの試験_面接では、Git経験、学校で学んだ専門技術、入社後の貢献について質問された。やや厳しめではあったが、的確に核心を突く質問が多かった。技術知識の幅と深さが足りなかったと痛感した。結果としては不合格だったものの、今後の改善点が明確になり次の選考に活かせる面接だった。"
株式会社ホライズンテック,horizon.tech.88@example.com,S20240808,P20249898,試験_面接,継続（合格）,2030-10-22 14:00,2030-10-22 14:30,オンライン・単独,自宅,1,人事・エンジニア,"株式会社ホライズンテックの試験_面接では、会社の理念に対する共感度、困難を乗り越えた経験、チーム開発での役割について聞かれた。終始和やかな雰囲気で、会話形式で進んだ。緊張すると早口になるため、落ち着いて話す意識が必要だと感じた。選考は次のステップに進むことになり、引き続き準備を進めていく必要があると感じた。"
株式会社ホライズンテック,horizon.tech.89@example.com,S20240809,P20249899,試験_面接,継続（合格）,2030-10-25 11:00,2030-10-25 11:40,オンライン・単独,自宅,1,人事,"株式会社ホライズンテックの試験_面接では、長所と短所、周囲からの評価、HCSを選んだ理由について聞かれた。全体的に穏やかな雰囲気で、リラックスして話せた。逆質問のバリエーションを増やしておくべきだったと反省した。選考は次のステップに進むことになり、引き続き準備を進めていく必要があると感じた。"
株式会社ホライズンテック,horizon.tech.90@example.com,S20240810,P20249900,試験_面接,内定,2030-10-28 09:00,2030-10-28 09:30,オンライン・単独,自宅,1,人事・エンジニア,"株式会社ホライズンテックでの試験_面接では、技術への情熱、会社への貢献意欲、学生時代の経験全般について深く問われた。やや厳しめではあったが、誠実に話を聞いてもらえた。論理的な思考力と、自己成長への意欲が評価され、内定となった。"
株式会社アルファテック,alfa.tech.91@example.com,S20240811,P20249901,試験_面接,継続（合格）,2030-11-01 14:00,2030-11-01 14:40,オンライン・単独,自宅,1,人事,"株式会社アルファテックの試験_面接では、長所と短所、入社後の目標、学生時代の経験全般について聞かれた。具体的なエピソードを何度も深掘りされた。話の論理性を高める訓練が必要だと感じた。選考は次のステップに進むことになり、引き続き準備を進めていく必要があると感じた。"
株式会社アルファテック,alfa.tech.92@example.com,S20240812,P20249902,試験_面接,内定,2030-11-04 10:00,2030-11-04 10:30,オンライン・単独,自宅,1,エンジニア,"株式会社アルファテックでの試験_面接では、技術的な興味、ポートフォリオでの挑戦点、技術選定の理由について聞かれた。静かな緊張感はあったものの、こちらの話を真摯に受け止めてくれた。技術への熱意と問題解決能力が評価され、内定となった。"
株式会社アルファテック,alfa.tech.93@example.com,S20240813,P20249903,試験_面接,継続（合格）,2030-11-07 16:00,2030-11-07 16:20,オンライン・単独,自宅,1,人事・エンジニア,"株式会社アルファテックの試験_面接では、志望動機、キャリアビジョン、チーム開発での課題解決について深く問われた。終始和やかな雰囲気で、話しやすかった。企業研究をより進める必要を実感した。選考は次のステップに進むことになり、引き続き準備を進めていく必要があると感じた。"
株式会社アルファテック,alfa.tech.94@example.com,S20240814,P20249904,試験_面接,落選,2030-11-10 11:00,2030-11-10 11:30,オンライン・単独,自宅,1,人事,"株式会社アルファテックでの試験_面接では、周囲からの評価、ストレスへの対処方法、アルバイト経験について質問された。淡々としていたが、質問は鋭かった。自己分析の甘さを痛感した。結果としては不合格だったものの、今後の改善点が明確になり次の選考に活かせる面接だった。"
株式会社アルファテック,alfa.tech.95@example.com,S20240815,P20249905,試験_面接,継続（合格）,2030-11-13 09:00,2030-11-13 09:20,オンライン・単独,自宅,1,エンジニア,"株式会社アルファテックの試験_面接では、技術的な課題解決、レビューの受け方、Git経験について聞かれた。回答の背景や理由を詳しく問われた。専門用語を分かりやすく説明する練習が必要だと感じた。選考は次のステップに進むことになり、引き続き準備を進めていく必要があると感じた。"
株式会社アルファテック,alfa.tech.96@example.com,S20240816,P20249906,試験_面接,継続（合格）,2030-11-16 15:00,2030-11-16 15:40,オンライン・単独,自宅,1,人事・エンジニア,"株式会社アルファテックでの試験_面接では、札幌で働く理由、会社の理念への共感度、入社後の目標について聞かれた。面接官が親身になって話を聞いてくれる印象だった。結論ファーストを徹底する訓練が必要だと感じた。選考は次のステップに進むことになり、引き続き準備を進めていく必要があると感じた。"
株式会社アルファテック,alfa.tech.97@example.com,S20240817,P20249907,試験_面接,継続（合格）,2030-11-19 10:30,2030-11-19 11:00,オンライン・単独,自宅,1,人事,"株式会社アルファテックの試験_面接では、困難を乗り越えた経験、将来像、他社との違いについて聞かれた。やや厳しめではあったが、質問の意図は明確だった。自己分析をもう一段深める必要があると感じる。選考は次のステップに進むことになり、引き続き準備を進めていく必要があると感じた。"
株式会社アルファテック,alfa.tech.98@example.com,S20240818,P20249908,試験_面接,内定,2030-11-22 14:00,2030-11-22 14:30,オンライン・単独,自宅,1,エンジニア,"株式会社アルファテックでの試験_面接では、会社への貢献意欲、技術への情熱、長所と短所について深く問われた。全体的に穏やかな雰囲気で、和やかに進んだ。技術的な知識の応用力と熱意が評価され、内定となった。"
株式会社アルファテック,alfa.tech.99@example.com,S20240819,P20249909,試験_面接,落選,2030-11-25 11:00,2030-11-25 11:40,オンライン・単独,自宅,1,人事・エンジニア,"株式会社アルファテックの試験_面接では、アルバイト経験、将来像、技術的な知識について質問された。具体的なエピソードを何度も深掘りされた。技術知識の幅と深さが足りなかったと痛感した。結果としては不合格だったものの、今後の改善点が明確になり次の選考に活かせる面接だった。"
株式会社アルファテック,alfa.tech.100@example.com,S20240820,P20249910,試験_面接,継続（合格）,2030-11-28 09:00,2030-11-28 09:30,オンライン・単独,自宅,1,人事,"株式会社アルファテックでの試験_面接では、長所と短所、志望動機、チームでの協調性について質問された。淡々としていたが、回答の背景を詳しく問われた。緊張すると早口になるため、落ち着いて話す意識が必要だと感じた。選考は次のステップに進むことになり、引き続き準備を進めていく必要があると感じた。"
株式会社ビーリンク,be.link.91@example.com,S20240821,P20249911,試験_面接,継続（合格）,2030-12-01 14:00,2030-12-01 14:50,オンライン・単独,自宅,1,人事・エンジニア,"株式会社ビーリンクの試験_面接では、技術的な興味、ポートフォリオでの挑戦点、技術選定の理由について深く問われた。やや厳しめではあったが、質問の意図は明確だった。逆質問のバリエーションを増やしておくべきだったと反省した。選考は次のステップに進むことになり、引き続き準備を進めていく必要があると感じた。"
株式会社ビーリンク,be.link.92@example.com,S20240822,P20249912,試験_面接,内定,2030-12-04 10:00,2030-12-04 10:30,オンライン・単独,自宅,1,人事,"株式会社ビーリンクでの試験_面接では、ガクチカ、長所と短所、札幌で働く理由について深掘りされた。終始和やかな雰囲気で、会話形式で進んだ。自己理解の深さと企業文化との高いフィット感が評価され、内定となった。"
株式会社ビーリンク,be.link.93@example.com,S20240823,P20249913,試験_面接,継続（合格）,2030-12-07 16:00,2030-12-07 16:20,オンライン・単独,自宅,1,エンジニア,"株式会社ビーリンクの試験_面接では、Git経験、技術的な課題解決、入社後の目標について質問された。静かな緊張感はあったものの、こちらの話を真摯に受け止めてくれた。技術的な知識の確認を徹底する必要があると学んだ。選考は次のステップに進むことになり、引き続き準備を進めていく必要があると感じた。"
株式会社ビーリンク,be.link.94@example.com,S20240824,P20249914,試験_面接,落選,2030-12-10 11:00,2030-12-10 11:30,オンライン・単独,自宅,1,人事,"株式会社ビーリンクでの試験_面接では、失敗経験から何を学んだか、価値観、アルバイト経験について質問された。回答の背景や理由を詳しく問われた。企業研究の甘さを痛感した。結果としては不合格だったものの、今後の改善点が明確になり次の選考に活かせる面接だった。"
株式会社ビーリンク,be.link.95@example.com,S20240825,P20249915,試験_面接,継続（合格）,2030-12-13 09:00,2030-12-13 09:20,オンライン・単独,自宅,1,人事・エンジニア,"株式会社ビーリンクの試験_面接では、会社への貢献意欲、チーム開発での役割、学生時代に頑張ったことについて問われた。具体的なエピソードを何度も深掘りされた。専門用語を分かりやすく説明する練習が必要だと感じた。選考は次のステップに進むことになり、引き続き準備を進めていく必要があると感じた。"
株式会社ビーリンク,be.link.96@example.com,S20240826,P20249916,試験_面接,継続（合格）,2030-12-16 15:00,2030-12-16 15:40,オンライン・単独,自宅,1,人事,"株式会社ビーリンクでの試験_面接では、入社後の目標、周囲からの評価、ストレスへの対処方法について聞かれた。面接官が明るく、非常に話しやすい雰囲気だった。結論ファーストを徹底する訓練が必要だと感じた。選考は次のステップに進むことになり、引き続き準備を進めていく必要があると感じた。"
株式会社ビーリンク,be.link.97@example.com,S20240827,P20249917,試験_面接,継続（合格）,2030-12-19 10:30,2030-12-19 11:00,オンライン・単独,自宅,1,エンジニア,"株式会社ビーリンクの試験_面接では、技術的な課題解決、レビューの受け方、学校で学んだ専門技術について重点的に深掘りされた。淡々としていたが、質問は鋭かった。話の論理性を高める必要性を感じた。選考は次のステップに進むことになり、引き続き準備を進めていく必要があると感じた。"
株式会社ビーリンク,be.link.98@example.com,S20240828,P20249918,試験_面接,落選,2030-12-22 14:00,2030-12-22 14:30,オンライン・単独,自宅,1,人事・エンジニア,"株式会社ビーリンクでの試験_面接では、HCSを選んだ理由、将来像、他社との比較について聞かれた。やや厳しめではあったが、的確に核心を突く質問が多かった。自己PRの構成を見直す必要があると感じた。結果としては不合格だったものの、今後の改善点が明確になり次の選考に活かせる面接だった。"
株式会社ビーリンク,be.link.99@example.com,S20240829,P20249919,試験_面接,内定,2030-12-25 11:00,2030-12-25 11:40,オンライン・単独,自宅,1,人事,"株式会社ビーリンクの試験_面接では、困難な状況への対処法、会社の理念への共感度、キャリアビジョンについて深く問われた。全体的に穏やかな雰囲気で、リラックスして話せた。熱意と一貫性のある回答が評価され、内定となった。"
株式会社ビーリンク,be.link.100@example.com,S20240830,P20249920,試験_面接,継続（合格）,2030-12-28 09:00,2030-12-28 09:30,オンライン・単独,自宅,1,人事・エンジニア,"株式会社ビーリンクでの試験_面接では、長所と短所、学生時代の経験全般、技術への情熱について質問された。具体的なエピソードを何度も深掘りされた。自己分析をもう一段深める必要があると感じる。選考は次のステップに進むことになり、引き続き準備を進めていく必要があると感じた。"
クリエイトソリューションズ株式会社,create.sol.91@example.com,S20240831,P20249921,試験_面接,継続（合格）,2031-01-01 14:00,2031-01-01 14:50,オンライン・単独,自宅,1,人事,"クリエイトソリューションズ株式会社の試験_面接では、志望動機、長所と短所、価値観について質問された。淡々としていたが、質問は鋭かった。緊張すると早口になるため、落ち着いて話す意識が必要だと感じた。選考は次のステップに進むことになり、引き続き準備を進めていく必要があると感じた。"
クリエイトソリューションズ株式会社,create.sol.92@example.com,S20240832,P20249922,試験_面接,落選,2031-01-04 10:00,2031-01-04 10:30,オンライン・単独,自宅,1,エンジニア,"クリエイトソリューションズ株式会社での試験_面接では、ポートフォリオの詳細、技術選定の理由、Git経験について重点的に聞かれた。やや厳しめではあったが、質問の意図は明確だった。技術知識の幅と深さが足りなかったと痛感した。結果としては不合格だったものの、今後の改善点が明確になり次の選考に活かせる面接だった。"
クリエイトソリューションズ株式会社,create.sol.93@example.com,S20240833,P20249923,試験_面接,内定,2031-01-07 16:00,2031-01-07 16:20,オンライン・単独,自宅,1,人事・エンジニア,"クリエイトソリューションズ株式会社の試験_面接では、技術的な興味、入社後のキャリアプラン、チーム開発での課題解決について深く問われた。終始和やかな雰囲気で、話しやすかった。技術への深い関心と論理的な思考力が評価され、内定となった。"
クリエイトソリューションズ株式会社,create.sol.94@example.com,S20240834,P20249924,試験_面接,継続（合格）,2031-01-10 11:00,2031-01-10 11:30,オンライン・単独,自宅,1,人事,"クリエイトソリューションズ株式会社での試験_面接では、周囲からの評価、ストレスへの対処方法、アルバイト経験について質問された。回答の背景や理由を詳しく問われた。企業研究をより進める必要を実感した。選考は次のステップに進むことになり、引き続き準備を進めていく必要があると感じた。"
クリエイトソリューションズ株式会社,create.sol.95@example.com,S20240835,P20249925,試験_面接,落選,2031-01-13 09:00,2031-01-13 09:20,オンライン・単独,自宅,1,エンジニア,"クリエイトソリューションズ株式会社の試験_面接では、技術的な課題解決、チーム開発での役割、入社後の目標について聞かれた。具体的なエピソードを何度も深掘りされた。技術的な知識の確認を徹底する必要があると学んだ。結果としては不合格だったものの、今後の改善点が明確になり次の選考に活かせる面接だった。"
クリエイトソリューションズ株式会社,create.sol.96@example.com,S20240836,P20249926,試験_面接,継続（合格）,2031-01-16 15:00,2031-01-16 15:40,オンライン・単独,自宅,1,人事・エンジニア,"クリエイトソリューションズ株式会社での試験_面接では、失敗経験から何を学んだか、レビューの受け方、会社への貢献意欲について問われた。静かな緊張感はあったものの、こちらの話を真摯に受け止めてくれた。専門用語を分かりやすく説明する練習が必要だと感じた。選考は次のステップに進むことになり、引き続き準備を進めていく必要があると感じた。"
クリエイトソリューションズ株式会社,create.sol.97@example.com,S20240837,P20249927,試験_面接,継続（合格）,2031-01-19 10:30,2031-01-19 11:00,オンライン・単独,自宅,1,人事,"クリエイトソリューションズ株式会社の試験_面接では、HCSを選んだ理由、札幌で働く理由、将来像について深掘りされた。面接官が明るく、非常に話しやすい雰囲気だった。話の論理性を高める必要性を感じた。選考は次のステップに進むことになり、引き続き準備を進めていく必要があると感じた。"
クリエイトソリューションズ株式会社,create.sol.98@example.com,S20240838,P20249928,試験_面接,落選,2031-01-22 14:00,2031-01-22 14:30,オンライン・単独,自宅,1,エンジニア,"クリエイトソリューションズ株式会社での試験_面接では、技術への情熱、会社の理念への共感、チームでの貢献方法について重点的に問われた。淡々としていたが、的確に核心を突く質問が多かった。自己分析の甘さを痛感した。結果としては不合格だったものの、今後の改善点が明確になり次の選考に活かせる面接だった。"
クリエイトソリューションズ株式会社,create.sol.99@example.com,S20240839,P20249929,試験_面接,内定,2031-01-25 11:00,2031-01-25 11:40,オンライン・単独,自宅,1,人事・エンジニア,"クリエイトソリューションズ株式会社の試験_面接では、志望動機、技術的な興味、キャリアビジョンについて深く問われた。全体的に穏やかな雰囲気で、和やかに進んだ。論理的な思考力と技術的な探求心が評価され、内定となった。"
クリエイトソリューションズ株式会社,create.sol.100@example.com,S20240840,P20249930,試験_面接,継続（合格）,2031-01-28 09:00,2031-01-28 09:30,オンライン・単独,自宅,1,人事,"クリエイトソリューションズ株式会社での試験_面接では、長所と短所、学生時代の経験全般、他社との比較について質問された。具体的なエピソードを何度も深掘りされた。結論ファーストを徹底する訓練が必要だと感じた。選考は次のステップに進むことになり、引き続き準備を進めていく必要があると感じた。"
株式会社デジタルリンク,digi.link.91@example.com,S20240841,P20249931,試験_面接,継続（合格）,2031-02-01 14:00,2031-02-01 14:50,オンライン・単独,自宅,1,人事・エンジニア,"株式会社デジタルリンクの試験_面接では、技術的な興味、学校で学んだこと、チーム開発でのトラブル対応について質問された。やや厳しめではあったが、質問の意図は分かりやすかった。自己PRの構成を見直す必要があると感じた。選考は次のステップに進むことになり、引き続き準備を進めていく必要があると感じた。"
株式会社デジタルリンク,digi.link.92@example.com,S20240842,P20249932,試験_面接,継続（合格）,2031-02-04 10:00,2031-02-04 10:30,オンライン・単独,自宅,1,人事,"株式会社デジタルリンクでの試験_面接では、長所と短所、志望動機、周囲からの評価について聞かれた。淡々としていたが、質問は鋭かった。専門用語を分かりやすく説明する練習が必要だと感じた。選考は次のステップに進むことになり、引き続き準備を進めていく必要があると感じた。"
株式会社デジタルリンク,digi.link.93@example.com,S20240843,P20249933,試験_面接,内定,2031-02-07 16:00,2031-02-07 16:20,オンライン・単独,自宅,1,エンジニア,"株式会社デジタルリンクの試験_面接では、ポートフォリオでの挑戦点、技術選定の理由、Git経験について重点的に聞かれた。面接官が明るく、非常に話しやすい雰囲気だった。技術的な深い理解とチームでの貢献意欲が評価され、内定となった。"
株式会社デジタルリンク,digi.link.94@example.com,S20240844,P20249934,試験_面接,落選,2031-02-10 11:00,2031-02-10 11:30,オンライン・単独,自宅,1,人事,"株式会社デジタルリンクでの試験_面接では、入社後の目標、価値観、アルバイト経験について質問された。回答の背景や理由を詳しく問われた。企業研究の甘さを痛感した。結果としては不合格だったものの、今後の改善点が明確になり次の選考に活かせる面接だった。"
株式会社デジタルリンク,digi.link.95@example.com,S20240845,P20249935,試験_面接,継続（合格）,2031-02-13 09:00,2031-02-13 09:20,オンライン・単独,自宅,1,人事・エンジニア,"株式会社デジタルリンクの試験_面接では、ストレスへの対処方法、HCSを選んだ理由、レビューの受け方について質問された。具体的なエピソードを何度も深掘りされた。話の論理性を高める必要性を感じた。選考は次のステップに進むことになり、引き続き準備を進めていく必要があると感じた。"
株式会社デジタルリンク,digi.link.96@example.com,S20240846,P20249936,試験_面接,継続（合格）,2031-02-16 15:00,2031-02-16 15:40,オンライン・単独,自宅,1,人事,"株式会社デジタルリンクでの試験_面接では、ガクチカ、困難を乗り越えた経験、将来像について深掘りされた。静かな緊張感はあったものの、こちらの話を受け止めてくれた。緊張すると早口になるため、落ち着いて話す意識が必要だと感じた。選考は次のステップに進むことになり、引き続き準備を進めていく必要があると感じた。"
株式会社デジタルリンク,digi.link.97@example.com,S20240847,P20249937,試験_面接,内定,2031-02-19 10:30,2031-02-19 11:00,オンライン・単独,自宅,1,エンジニア,"株式会社デジタルリンクの試験_面接では、入社後の貢献、技術的な課題解決、学校で学んだ専門技術について聞かれた。終始和やかな雰囲気で、リラックスして話せた。問題解決能力と技術への深い関心が評価され、内定となった。"
株式会社デジタルリンク,digi.link.98@example.com,S20240848,P20249938,試験_面接,継続（合格）,2031-02-22 14:00,2031-02-22 14:30,オンライン・単独,自宅,1,人事・エンジニア,"株式会社デジタルリンクでの試験_面接では、会社への貢献意欲、技術への情熱、キャリアビジョンについて深く問われた。やや厳しめではあったが、誠実に話を聞いてもらえた。逆質問のバリエーションを増やしておくべきだったと反省した。選考は次のステップに進むことになり、引き続き準備を進めていく必要があると感じた。"
株式会社デジタルリンク,digi.link.99@example.com,S20240849,P20249939,試験_面接,落選,2031-02-25 11:00,2031-02-25 11:40,オンライン・単独,自宅,1,人事,"株式会社デジタルリンクの試験_面接では、長所と短所、学生時代の経験全般、他社との違いについて聞かれた。淡々としていたが、的確に核心を突く質問が多かった。自己分析の甘さを痛感した。結果としては不合格だったものの、今後の改善点が明確になり次の選考に活かせる面接だった。"
株式会社デジタルリンク,digi.link.100@example.com,S20240850,P20249940,試験_面接,継続（合格）,2031-02-28 09:00,2031-02-28 09:30,オンライン・単独,自宅,1,エンジニア,"株式会社デジタルリンクでの試験_面接では、札幌で働く理由、失敗経験、技術への興味について聞かれた。具体的なエピソードを何度も深掘りされた。企業研究をより進める必要を実感した。選考は次のステップに進むことになり、引き続き準備を進めていく必要があると感じた。"
株式会社エムライン,m.line.91@example.com,S20240851,P20249941,試験_面接,継続（合格）,2031-03-01 14:00,2031-03-01 14:50,オンライン・単独,自宅,1,人事・エンジニア,"株式会社エムラインでの試験_面接では、技術的な興味、チーム開発での役割、札幌で働く理由について質問された。静かな緊張感はあったものの、こちらの話を真摯に受け止めてくれた。技術的な知識の浅さを痛感し、情報収集の重要性を実感した。選考は次のステップに進むことになり、引き続き準備を進めていく必要があると感じた。"
株式会社エムライン,m.line.92@example.com,S20240852,P20249942,試験_面接,内定,2031-03-04 10:00,2031-03-04 10:30,オンライン・単独,自宅,1,人事,"株式会社エムラインの試験_面接では、志望動機、周囲からの評価、困難な状況への対処法について深掘りされた。面接官が明るく、非常に話しやすい雰囲気だった。自己理解の深さと入社意欲の高さが評価され、内定となった。"
株式会社エムライン,m.line.93@example.com,S20240853,P20249943,試験_面接,継続（合格）,2031-03-07 16:00,2031-03-07 16:20,オンライン・単独,自宅,1,エンジニア,"株式会社エムラインでの試験_面接では、ポートフォリオでの挑戦点、技術的な失敗とそこからの学び、レビューの受け方について重点的に問われた。やや厳しめではあったが、質問の意図は明確だった。結論ファーストを徹底する訓練が必要だと感じた。選考は次のステップに進むことになり、引き続き準備を進めていく必要があると感じた。"
株式会社エムライン,m.line.94@example.com,S20240854,P20249944,試験_面接,落選,2031-03-10 11:00,2031-03-10 11:30,オンライン・単独,自宅,1,人事,"株式会社エムラインの試験_面接では、ガクチカ、価値観、アルバイト経験について質問された。淡々としていたが、回答の背景を詳しく問われた。話の論理性を高める必要性を感じた。結果としては不合格だったものの、今後の改善点が明確になり次の選考に活かせる面接だった。"
株式会社エムライン,m.line.95@example.com,S20240855,P20249945,試験_面接,継続（合格）,2031-03-13 09:00,2031-03-13 09:20,オンライン・単独,自宅,1,人事・エンジニア,"株式会社エムラインでの試験_面接では、キャリアビジョン、会社への貢献意欲、学生時代に最も力を入れたことについて深掘りされた。終始和やかな雰囲気で、会話形式で進んだ。自己PRの構成を見直す必要があると感じた。選考は次のステップに進むことになり、引き続き準備を進めていく必要があると感じた。"
株式会社エムライン,m.line.96@example.com,S20240856,P20249946,試験_面接,継続（合格）,2031-03-16 15:00,2031-03-16 15:40,オンライン・単独,自宅,1,人事,"株式会社エムラインの試験_面接では、長所と短所、入社後の目標、HCSを選んだ理由について聞かれた。具体的なエピソードを何度も深掘りされた。専門用語を分かりやすく説明する練習が必要だと感じた。選考は次のステップに進むことになり、引き続き準備を進めていく必要があると感じた。"
株式会社エムライン,m.line.97@example.com,S20240857,P20249947,試験_面接,落選,2031-03-19 10:30,2031-03-19 11:00,オンライン・単独,自宅,1,エンジニア,"株式会社エムラインでの試験_面接では、Gitの具体的な利用経験、技術的な課題解決、学校で学んだ専門技術について質問された。淡々としていたが、質問は鋭かった。技術的な知識の応用力を高める必要性を感じた。結果としては不合格だったものの、今後の改善点が明確になり次の選考に活かせる面接だった。"
株式会社エムライン,m.line.98@example.com,S20240858,P20249948,試験_面接,継続（合格）,2031-03-22 14:00,2031-03-22 14:30,オンライン・単独,自宅,1,人事・エンジニア,"株式会社エムラインの試験_面接では、技術への情熱、会社の理念に対する共感度、入社後の貢献について深く問われた。面接官が親身になって話を聞いてくれる印象だった。緊張すると早口になるため、落ち着いて話す意識が必要だと感じた。選考は次のステップに進むことになり、引き続き準備を進めていく必要があると感じた。"
株式会社エムライン,m.line.99@example.com,S20240859,P20249949,試験_面接,内定,2031-03-25 11:00,2031-03-25 11:40,オンライン・単独,自宅,1,人事,"株式会社エムラインでの試験_面接では、将来像、チーム開発でのトラブル対応、他社との比較について聞かれた。全体的に穏やかな雰囲気で、和やかに進んだ。論理的な思考と入社意欲の高さが評価され、内定となった。"
株式会社エムライン,m.line.100@example.com,S20240860,P20249950,試験_面接,落選,2031-03-28 09:00,2031-03-28 09:30,オンライン・単独,自宅,1,エンジニア,"株式会社エムラインの試験_面接では、長所と短所、困難を乗り越えた経験、学生時代の経験全般について聞かれた。やや厳しめではあったが、質問の意図は明確だった。自己分析の甘さを痛感した。結果としては不合格だったものの、今後の改善点が明確になり次の選考に活かせる面接だった。"
株式会社フォースウェーブ,force.wave.91@example.com,S20240861,P20249951,試験_面接,継続（合格）,2031-04-01 14:00,2031-04-01 14:50,オンライン・単独,自宅,1,人事,"株式会社フォースウェーブでの試験_面接では、志望動機、長所と短所、周囲からの評価について質問された。回答の背景や理由を詳しく問われた。企業研究をより進める必要を実感した。選考は次のステップに進むことになり、引き続き準備を進めていく必要があると感じた。"
株式会社フォースウェーブ,force.wave.92@example.com,S20240862,P20249952,試験_面接,内定,2031-04-04 10:00,2031-04-04 10:30,オンライン・単独,自宅,1,エンジニア,"株式会社フォースウェーブの試験_面接では、技術的な興味、ポートフォリオでの挑戦点、チーム開発での工夫点について重点的に聞かれた。静かな緊張感はあったものの、こちらの話を真摯に受け止めてくれた。技術的な深掘りにも論理的に答えられ、高い評価を得て内定となった。"
株式会社フォースウェーブ,force.wave.93@example.com,S20240863,P20249953,試験_面接,継続（合格）,2031-04-07 16:00,2031-04-07 16:20,オンライン・単独,自宅,1,人事・エンジニア,"株式会社フォースウェーブでの試験_面接では、Git経験、レビューの受け方、技術的な課題解決について深掘りされた。面接官が明るく、非常に話しやすい雰囲気だった。技術的な知識の確認を徹底する必要があると学んだ。選考は次のステップに進むことになり、引き続き準備を進めていく必要があると感じた。"
株式会社フォースウェーブ,force.wave.94@example.com,S20240864,P20249954,試験_面接,落選,2031-04-10 11:00,2031-04-10 11:30,オンライン・単独,自宅,1,人事,"株式会社フォースウェーブの試験_面接では、キャリアビジョン、会社への貢献意欲、失敗経験から何を学んだかについて問われた。やや厳しめではあったが、質問は鋭かった。自己PRの構成を見直す必要があると感じた。結果としては不合格だったものの、今後の改善点が明確になり次の選考に活かせる面接だった。"
株式会社フォースウェーブ,force.wave.95@example.com,S20240865,P20249955,試験_面接,継続（合格）,2031-04-13 09:00,2031-04-13 09:20,オンライン・単独,自宅,1,エンジニア,"株式会社フォースウェーブでの試験_面接では、技術への情熱、入社後の貢献、学校で学んだ専門技術について深く問われた。淡々としていたが、質問の意図は明確だった。専門用語を分かりやすく説明する練習が必要だと感じた。選考は次のステップに進むことになり、引き続き準備を進めていく必要があると感じた。"
株式会社フォースウェーブ,force.wave.96@example.com,S20240866,P20249956,試験_面接,継続（合格）,2031-04-16 15:00,2031-04-16 15:40,オンライン・単独,自宅,1,人事・エンジニア,"株式会社フォースウェーブの試験_面接では、入社後の目標、HCSを選んだ理由、学生時代に頑張ったことについて問われた。具体的なエピソードを何度も深掘りされた。話の論理性を高める必要性を感じた。選考は次のステップに進むことになり、引き続き準備を進めていく必要があると感じた。"
株式会社フォースウェーブ,force.wave.97@example.com,S20240867,P20249957,試験_面接,落選,2031-04-19 10:30,2031-04-19 11:00,オンライン・単独,自宅,1,人事,"株式会社フォースウェーブでの試験_面接では、アルバイト経験、将来像、困難な状況への対処法について質問された。回答の背景や理由を詳しく問われた。結論ファーストを徹底する訓練が必要だと感じた。結果としては不合格だったものの、今後の改善点が明確になり次の選考に活かせる面接だった。"
株式会社フォースウェーブ,force.wave.98@example.com,S20240868,P20249958,試験_面接,継続（合格）,2031-04-22 14:00,2031-04-22 14:30,オンライン・単独,自宅,1,エンジニア,"株式会社フォースウェーブの試験_面接では、札幌で働く理由、価値観、ストレスへの対処方法について質問された。終始和やかな雰囲気で、会話形式で進んだ。緊張すると早口になるため、落ち着いて話す意識が必要だと感じた。選考は次のステップに進むことになり、引き続き準備を進めていく必要があると感じた。"
株式会社フォースウェーブ,force.wave.99@example.com,S20240869,P20249959,試験_面接,内定,2031-04-25 11:00,2031-04-25 11:40,オンライン・単独,自宅,1,人事,"株式会社フォースウェーブでの試験_面接では、ガクチカ、チーム開発でのトラブル対応、他社との比較について聞かれた。全体的に穏やかな雰囲気で、リラックスして話せた。技術的な知識の深さと論理的な説明力が評価され、内定となった。"
株式会社フォースウェーブ,force.wave.100@example.com,S20240870,P20249960,試験_面接,継続（合格）,2031-04-28 09:00,2031-04-28 09:30,オンライン・単独,自宅,1,人事・エンジニア,"株式会社フォースウェーブの試験_面接では、長所と短所、学生時代の経験全般、会社の理念への共感度について質問された。やや厳しめではあったが、誠実に話を聞いてもらえた。自己分析をもう一段深める必要があると感じる。選考は次のステップに進むことになり、引き続き準備を進めていく必要があると感じた。"
ノースシステム株式会社,north.sys.91@example.com,S20240871,P20249961,試験_面接,継続（合格）,2031-05-01 14:00,2031-05-01 14:50,オンライン・単独,自宅,1,人事・エンジニア,"ノースシステム株式会社の試験_面接では、志望動機、キャリアビジョン、失敗経験から何を学んだかについて深く聞かれた。淡々としていたが、的確に核心を突く質問が多かった。逆質問のバリエーションを増やしておくべきだったと反省した。選考は次のステップに進むことになり、引き続き準備を進めていく必要があると感じた。"
ノースシステム株式会社,north.sys.92@example.com,S20240872,P20249962,試験_面接,落選,2031-05-04 10:00,2031-05-04 10:30,オンライン・単独,自宅,1,人事,"ノースシステム株式会社での試験_面接では、長所と短所、価値観、ストレスへの対処方法について質問された。具体的なエピソードを何度も深掘りされた。企業研究の甘さを痛感した。結果としては不合格だったものの、今後の改善点が明確になり次の選考に活かせる面接だった。"
ノースシステム株式会社,north.sys.93@example.com,S20240873,P20249963,試験_面接,継続（合格）,2031-05-07 16:00,2031-05-07 16:20,オンライン・単独,自宅,1,エンジニア,"ノースシステム株式会社の試験_面接では、技術的な興味、ポートフォリオの詳細、チーム開発での役割、学生時代の経験全般について深掘りされた。静かな緊張感はあったものの、こちらの話を真摯に受け止めてくれた。技術的な知識の確認を徹底する必要があると学んだ。選考は次のステップに進むことになり、引き続き準備を進めていく必要があると感じた。"
ノースシステム株式会社,north.sys.94@example.com,S20240874,P20249964,試験_面接,内定,2031-05-10 11:00,2031-05-10 11:30,オンライン・単独,自宅,1,人事,"ノースシステム株式会社での試験_面接では、周囲からの評価、アルバイト経験、札幌で働く理由について聞かれた。面接官が明るく、非常に話しやすい雰囲気だった。将来への展望と論理的な思考力が評価され、内定となった。"
ノースシステム株式会社,north.sys.95@example.com,S20240875,P20249965,試験_面接,継続（合格）,2031-05-13 09:00,2031-05-13 09:20,オンライン・単独,自宅,1,人事・エンジニア,"ノースシステム株式会社の試験_面接では、HCSを選んだ理由、困難を乗り越えた経験、学校で学んだことについて質問された。やや厳しめではあったが、質問の意図は明確だった。自己PRの構成を見直す必要があると感じた。選考は次のステップに進むことになり、引き続き準備を進めていく必要があると感じた。"
ノースシステム株式会社,north.sys.96@example.com,S20240876,P20249966,試験_面接,継続（合格）,2031-05-16 15:00,2031-05-16 15:40,オンライン・単独,自宅,1,人事,"ノースシステム株式会社での試験_面接では、ガクチカ、将来像、他社との比較について深掘りされた。淡々としていたが、質問は鋭かった。専門用語を分かりやすく説明する練習が必要だと感じた。選考は次のステップに進むことになり、引き続き準備を進めていく必要があると感じた。"
ノースシステム株式会社,north.sys.97@example.com,S20240877,P20249967,試験_面接,落選,2031-05-19 10:30,2031-05-19 11:00,オンライン・単独,自宅,1,エンジニア,"ノースシステム株式会社の試験_面接では、技術的な課題解決、レビューの受け方、チーム開発でのトラブル対応について質問された。回答の背景や理由を詳しく問われた。技術知識の幅と深さが足りなかったと痛感した。結果としては不合格だったものの、今後の改善点が明確になり次の選考に活かせる面接だった。"
ノースシステム株式会社,north.sys.98@example.com,S20240878,P20249968,試験_面接,継続（合格）,2031-05-22 14:00,2031-05-22 14:30,オンライン・単独,自宅,1,人事・エンジニア,"ノースシステム株式会社での試験_面接では、会社への貢献意欲、技術への情熱、長所と短所について聞かれた。終始和やかな雰囲気で、会話形式で進んだ。話の論理性を高める必要性を感じた。選考は次のステップに進むことになり、引き続き準備を進めていく必要があると感じた。"
ノースシステム株式会社,north.sys.99@example.com,S20240879,P20249969,試験_面接,内定,2031-05-25 11:00,2031-05-25 11:40,オンライン・単独,自宅,1,エンジニア,"ノースシステム株式会社の試験_面接では、Git経験、技術選定の理由、入社後の貢献について重点的に問われた。全体的に穏やかな雰囲気で、リラックスして話せた。技術的な背景を論理的に説明できた点が評価され、内定となった。"
ノースシステム株式会社,north.sys.100@example.com,S20240880,P20249970,試験_面接,継続（合格）,2031-05-28 09:00,2031-05-28 09:30,オンライン・単独,自宅,1,人事,"ノースシステム株式会社での試験_面接では、入社後の目標、キャリアビジョン、学生時代の経験全般について深く問われた。やや厳しめではあったが、誠実に話を聞いてもらえた。緊張すると早口になるため、落ち着いて話す意識が必要だと感じた。選考は次のステップに進むことになり、引き続き準備を進めていく必要があると感じた。"
株式会社ライフネットワーク,life.net.91@example.com,S20240881,P20249971,試験_面接,継続（合格）,2031-06-01 14:00,2031-06-01 14:50,オンライン・単独,自宅,1,人事・エンジニア,"株式会社ライフネットワークの試験_面接では、技術的な興味、ポートフォリオでの挑戦点、Git経験について質問された。淡々としていたが、質問は鋭かった。自己分析をもう一段深める必要があると感じる。選考は次のステップに進むことになり、引き続き準備を進めていく必要があると感じた。"
株式会社ライフネットワーク,life.net.92@example.com,S20240882,P20249972,試験_面接,継続（合格）,2031-06-04 10:00,2031-06-04 10:30,オンライン・単独,自宅,1,人事,"株式会社ライフネットワークでの試験_面接では、長所と短所、志望動機、札幌で働く理由について深掘りされた。具体的なエピソードを何度も深掘りされた。企業研究をより進める必要を実感した。選考は次のステップに進むことになり、引き続き準備を進めていく必要があると感じた。"
株式会社ライフネットワーク,life.net.93@example.com,S20240883,P20249973,試験_面接,落選,2031-06-07 16:00,2031-06-07 16:20,オンライン・単独,自宅,1,エンジニア,"株式会社ライフネットワークの試験_面接では、技術選定の理由、チーム開発での役割、入社後の貢献について重点的に問われた。静かな緊張感はあったものの、こちらの話を真摯に受け止めてくれた。技術的な知識の浅さを痛感し、情報収集の重要性を実感した。結果としては不合格だったものの、今後の改善点が明確になり次の選考に活かせる面接だった。"
株式会社ライフネットワーク,life.net.94@example.com,S20240884,P20249974,試験_面接,継続（合格）,2031-06-10 11:00,2031-06-10 11:30,オンライン・単独,自宅,1,人事,"株式会社ライフネットワークでの試験_面接では、周囲からの評価、価値観、困難な状況への対処法について聞かれた。面接官が明るく、非常に話しやすい雰囲気だった。結論ファーストを徹底する訓練が必要だと感じた。選考は次のステップに進むことになり、引き続き準備を進めていく必要があると感じた。"
株式会社ライフネットワーク,life.net.95@example.com,S20240885,P20249975,試験_面接,継続（合格）,2031-06-13 09:00,2031-06-13 09:20,オンライン・単独,自宅,1,人事・エンジニア,"株式会社ライフネットワークの試験_面接では、失敗経験から何を学んだか、アルバイト経験、HCSを選んだ理由について質問された。回答の背景や理由を詳しく問われた。専門用語を分かりやすく説明する練習が必要だと感じた。選考は次のステップに進むことになり、引き続き準備を進めていく必要があると感じた。"
株式会社ライフネットワーク,life.net.96@example.com,S20240886,P20249976,試験_面接,内定,2031-06-16 15:00,2031-06-16 15:40,オンライン・単独,自宅,1,人事,"株式会社ライフネットワークでの試験_面接では、ガクチカ、ストレスへの対処方法、会社への貢献意欲について深く問われた。終始和やかな雰囲気で、会話形式で進んだ。熱意と論理性が両立できたことが評価され、内定となった。"
株式会社ライフネットワーク,life.net.97@example.com,S20240887,P20249977,試験_面接,継続（合格）,2031-06-19 10:30,2031-06-19 11:00,オンライン・単独,自宅,1,エンジニア,"株式会社ライフネットワークの試験_面接では、学校で学んだ専門技術、技術的な課題解決、レビューの受け方について重点的に深掘りされた。具体的なエピソードを何度も深掘りされた。技術的な知識の応用力を高める必要性を感じた。選考は次のステップに進むことになり、引き続き準備を進めていく必要があると感じた。"
株式会社ライフネットワーク,life.net.98@example.com,S20240888,P20249978,試験_面接,落選,2031-06-22 14:00,2031-06-22 14:30,オンライン・単独,自宅,1,人事・エンジニア,"株式会社ライフネットワークでの試験_面接では、会社の理念に対する共感度、長所と短所、チーム開発でのトラブル対応について質問された。淡々としていたが、質問は鋭かった。自己PRの構成を見直す必要があると感じた。結果としては不合格だったものの、今後の改善点が明確になり次の選考に活かせる面接だった。"
株式会社ライフネットワーク,life.net.99@example.com,S20240889,P20249979,試験_面接,継続（合格）,2031-06-25 11:00,2031-06-25 11:40,オンライン・単独,自宅,1,人事,"株式会社ライフネットワークの試験_面接では、入社後の目標、将来像、他社との比較について聞かれた。やや厳しめではあったが、質問の意図は明確だった。話の論理性を高める必要性を感じた。選考は次のステップに進むことになり、引き続き準備を進めていく必要があると感じた。"
株式会社ライフネットワーク,life.net.100@example.com,S20240890,P20249980,試験_面接,内定,2031-06-28 09:00,2031-06-28 09:30,オンライン・単独,自宅,1,エンジニア,"株式会社ライフネットワークでの試験_面接では、技術への情熱、キャリアビジョン、学生時代の経験全般について深く問われた。面接官が親身になって話を聞いてくれる印象だった。技術的な深い理解とチームでの貢献意欲が評価され、内定となった。"
サッポロエンジニアリング株式会社,sapporo.eng.91@example.com,S20240891,P20249981,試験_面接,継続（合格）,2031-07-01 14:00,2031-07-01 14:50,オンライン・単独,自宅,1,人事,"サッポロエンジニアリング株式会社の試験_面接では、志望動機、長所と短所、入社後の目標について深掘りされた。全体的に穏やかな雰囲気で、和やかに進んだ。緊張すると早口になるため、落ち着いて話す意識が必要だと感じた。選考は次のステップに進むことになり、引き続き準備を進めていく必要があると感じた。"
サッポロエンジニアリング株式会社,sapporo.eng.92@example.com,S20240892,P20249982,試験_面接,継続（合格）,2031-07-04 10:00,2031-07-04 10:30,オンライン・単独,自宅,1,エンジニア,"サッポロエンジニアリング株式会社での試験_面接では、ポートフォリオの詳細、技術選定の理由、Git経験について重点的に問われた。やや厳しめではあったが、誠実に話を聞いてもらえた。逆質問のバリエーションを増やしておくべきだったと反省した。選考は次のステップに進むことになり、引き続き準備を進めていく必要があると感じた。"
サッポロエンジニアリング株式会社,sapporo.eng.93@example.com,S20240893,P20249983,試験_面接,落選,2031-07-07 16:00,2031-07-07 16:20,オンライン・単独,自宅,1,人事・エンジニア,"サッポロエンジニアリング株式会社の試験_面接では、技術的な課題解決、入社後の貢献、学校で学んだ専門技術について詳しく聞かれた。淡々としていたが、的確に核心を突く質問が多かった。技術知識の幅と深さが足りなかったと痛感した。結果としては不合格だったものの、今後の改善点が明確になり次の選考に活かせる面接だった。"
サッポロエンジニアリング株式会社,sapporo.eng.94@example.com,S20240894,P20249984,試験_面接,継続（合格）,2031-07-10 11:00,2031-07-10 11:30,オンライン・単独,自宅,1,人事,"サッポロエンジニアリング株式会社での試験_面接では、失敗経験から何を学んだか、レビューの受け方、札幌で働く理由について質問された。具体的なエピソードを何度も深掘りされた。自己分析をもう一段深める必要があると感じる。選考は次のステップに進むことになり、引き続き準備を進めていく必要があると感じた。"
サッポロエンジニアリング株式会社,sapporo.eng.95@example.com,S20240895,P20249985,試験_面接,継続（合格）,2031-07-13 09:00,2031-07-13 09:20,オンライン・単独,自宅,1,エンジニア,"サッポロエンジニアリング株式会社の試験_面接では、技術的な興味、キャリアビジョン、チーム開発での役割、学生時代の経験全般について質問された。静かな緊張感はあったものの、こちらの話を真摯に受け止めてくれた。企業研究をより進める必要を実感した。選考は次のステップに進むことになり、引き続き準備を進めていく必要があると感じた。"
サッポロエンジニアリング株式会社,sapporo.eng.96@example.com,S20240896,P20249986,試験_面接,内定,2031-07-16 15:00,2031-07-16 15:40,オンライン・単独,自宅,1,人事・エンジニア,"サッポロエンジニアリング株式会社での試験_面接では、技術への情熱、会社の理念への共感度、HCSを選んだ理由について深く問われた。面接官が明るく、非常に話しやすい雰囲気だった。熱意と一貫性のある回答が評価され、内定となった。"
サッポロエンジニアリング株式会社,sapporo.eng.97@example.com,S20240897,P20249987,試験_面接,継続（合格）,2031-07-19 10:30,2031-07-19 11:00,オンライン・単独,自宅,1,人事,"サッポロエンジニアリング株式会社の試験_面接では、将来像、学生時代に最も力を入れたこと、困難を乗り越えた経験について質問された。回答の背景や理由を詳しく問われた。専門用語を分かりやすく説明する練習が必要だと感じた。選考は次のステップに進むことになり、引き続き準備を進めていく必要があると感じた。"
サッポロエンジニアリング株式会社,sapporo.eng.98@example.com,S20240898,P20249988,試験_面接,落選,2031-07-22 14:00,2031-07-22 14:30,オンライン・単独,自宅,1,エンジニア,"サッポロエンジニアリング株式会社での試験_面接では、チーム開発でのトラブル対応、技術的な興味、ポートフォリオでの挑戦点について聞かれた。やや厳しめではあったが、質問の意図は明確だった。結論ファーストを徹底する訓練が必要だと感じた。結果としては不合格だったものの、今後の改善点が明確になり次の選考に活かせる面接だった。"
サッポロエンジニアリング株式会社,sapporo.eng.99@example.com,S20240899,P20249989,試験_面接,継続（合格）,2031-07-25 11:00,2031-07-25 11:40,オンライン・単独,自宅,1,人事・エンジニア,"サッポロエンジニアリング株式会社の試験_面接では、長所と短所、ガクチカ、会社への貢献意欲について質問された。淡々としていたが、質問は鋭かった。話の論理性を高める必要性を感じた。選考は次のステップに進むことになり、引き続き準備を進めていく必要があると感じた。"
サッポロエンジニアリング株式会社,sapporo.eng.100@example.com,S20240900,P20249990,試験_面接,内定,2031-07-28 09:00,2031-07-28 09:30,オンライン・単独,自宅,1,人事,"サッポロエンジニアリング株式会社での試験_面接では、周囲からの評価、価値観、アルバイト経験について聞かれた。具体的なエピソードを何度も深掘りされた。技術的な知識の深さと問題解決能力が評価され、内定となった。"
株式会社ホライズンテック,horizon.tech.91@example.com,S20240901,P20249991,試験_面接,継続（合格）,2031-08-01 14:00,2031-08-01 14:50,オンライン・単独,自宅,1,人事・エンジニア,"株式会社ホライズンテックでの試験_面接では、技術的な興味、キャリアビジョン、チーム開発での工夫点について質問された。静かな緊張感はあったものの、こちらの話を真摯に受け止めてくれた。自己PRの構成を見直す必要があると感じた。選考は次のステップに進むことになり、引き続き準備を進めていく必要があると感じた。"
株式会社ホライズンテック,horizon.tech.92@example.com,S20240902,P20249992,試験_面接,内定,2031-08-04 10:00,2031-08-04 10:30,オンライン・単独,自宅,1,人事,"株式会社ホライズンテックの試験_面接では、入社後の目標、価値観、ストレスへの対処方法について深掘りされた。面接官が明るく、非常に話しやすい雰囲気だった。自己理解の深さとコミュニケーション能力が評価され、内定となった。"
株式会社ホライズンテック,horizon.tech.93@example.com,S20240903,P20249993,試験_面接,継続（合格）,2031-08-07 16:00,2031-08-07 16:20,オンライン・単独,自宅,1,エンジニア,"株式会社ホライズンテックでの試験_面接では、ポートフォリオの詳細、技術的な課題解決、レビューの受け方について重点的に問われた。やや厳しめではあったが、質問の意図は明確だった。専門用語を分かりやすく説明する練習が必要だと感じた。選考は次のステップに進むことになり、引き続き準備を進めていく必要があると感じた。"
株式会社ホライズンテック,horizon.tech.94@example.com,S20240904,P20249994,試験_面接,落選,2031-08-10 11:00,2031-08-10 11:30,オンライン・単独,自宅,1,人事,"株式会社ホライズンテックの試験_面接では、ガクチカ、アルバイト経験、札幌で働く理由について質問された。淡々としていたが、回答の背景を詳しく問われた。企業研究の甘さを痛感した。結果としては不合格だったものの、今後の改善点が明確になり次の選考に活かせる面接だった。"
株式会社ホライズンテック,horizon.tech.95@example.com,S20240905,P20249995,試験_面接,継続（合格）,2031-08-13 09:00,2031-08-13 09:20,オンライン・単独,自宅,1,人事・エンジニア,"株式会社ホライズンテックでの試験_面接では、失敗経験から何を学んだか、技術への情熱、学生時代に頑張ったことについて深掘りされた。具体的なエピソードを何度も深掘りされた。結論ファーストを徹底する訓練が必要だと感じた。選考は次のステップに進むことになり、引き続き準備を進めていく必要があると感じた。"
株式会社ホライズンテック,horizon.tech.96@example.com,S20240906,P20249996,試験_面接,継続（合格）,2031-08-16 15:00,2031-08-16 15:40,オンライン・単独,自宅,1,人事,"株式会社ホライズンテックの試験_面接では、将来像、チーム開発でのトラブル対応、他社との比較について聞かれた。回答の背景や理由を詳しく問われた。緊張すると早口になるため、落ち着いて話す意識が必要だと感じた。選考は次のステップに進むことになり、引き続き準備を進めていく必要があると感じた。"
株式会社ホライズンテック,horizon.tech.97@example.com,S20240907,P20249997,試験_面接,落選,2031-08-19 10:30,2031-08-19 11:00,オンライン・単独,自宅,1,エンジニア,"株式会社ホライズンテックでの試験_面接では、Git経験、学校で学んだ専門技術、入社後の貢献について質問された。やや厳しめではあったが、的確に核心を突く質問が多かった。技術知識の幅と深さが足りなかったと痛感した。結果としては不合格だったものの、今後の改善点が明確になり次の選考に活かせる面接だった。"
株式会社ホライズンテック,horizon.tech.98@example.com,S20240908,P20249998,試験_面接,継続（合格）,2031-08-22 14:00,2031-08-22 14:30,オンライン・単独,自宅,1,人事・エンジニア,"株式会社ホライズンテックの試験_面接では、会社の理念に対する共感度、困難を乗り越えた経験、チーム開発での役割について聞かれた。終始和やかな雰囲気で、会話形式で進んだ。話の論理性を高める必要性を感じた。選考は次のステップに進むことになり、引き続き準備を進めていく必要があると感じた。"
株式会社ホライズンテック,horizon.tech.99@example.com,S20240909,P20249999,試験_面接,継続（合格）,2031-08-25 11:00,2031-08-25 11:40,オンライン・単独,自宅,1,人事,"株式会社ホライズンテックの試験_面接では、長所と短所、周囲からの評価、HCSを選んだ理由について聞かれた。全体的に穏やかな雰囲気で、リラックスして話せた。自己分析をもう一段深める必要があると感じる。選考は次のステップに進むことになり、引き続き準備を進めていく必要があると感じた。"
株式会社ホライズンテック,horizon.tech.100@example.com,S20240910,P20250000,試験_面接,内定,2031-08-28 09:00,2031-08-28 09:30,オンライン・単独,自宅,1,人事・エンジニア,"株式会社ホライズンテックでの試験_面接では、技術への情熱、会社への貢献意欲、学生時代の経験全般について深く問われた。やや厳しめではあったが、誠実に話を聞いてもらえた。論理的な思考力と自己成長への意欲が評価され、内定となった。"
株式会社アルファテック,alfa.tech.101@example.com,S20240911,P20250001,試験_面接,継続（合格）,2031-09-01 14:00,2031-09-01 14:40,オンライン・単独,自宅,1,人事,"株式会社アルファテックの試験_面接では、長所と短所、入社後の目標、チームでの協調性について聞かれた。具体的なエピソードを何度も深掘りされた。企業研究をより進める必要を実感した。選考は次のステップに進むことになり、引き続き準備を進めていく必要があると感じた。"
株式会社アルファテック,alfa.tech.102@example.com,S20240912,P20250002,試験_面接,内定,2031-09-04 10:00,2031-09-04 10:30,オンライン・単独,自宅,1,エンジニア,"株式会社アルファテックでの試験_面接では、技術的な興味、技術選定の理由、入社後の貢献について聞かれた。終始和やかな雰囲気で、こちらの話を真摯に受け止めてくれた。技術への熱意と論理的な説明能力が評価され、内定となった。"
株式会社アルファテック,alfa.tech.103@example.com,S20240913,P20250003,試験_面接,継続（合格）,2031-09-07 16:00,2031-09-07 16:20,オンライン・単独,自宅,1,人事・エンジニア,"株式会社アルファテックの試験_面接では、志望動機、キャリアビジョン、失敗経験から何を学んだかについて深く問われた。やや厳しめではあったが、質問の意図は明確だった。専門用語を分かりやすく説明する練習が必要だと感じた。選考は次のステップに進むことになり、引き続き準備を進めていく必要があると感じた。"
株式会社アルファテック,alfa.tech.104@example.com,S20240914,P20250004,試験_面接,落選,2031-09-10 11:00,2031-09-10 11:30,オンライン・単独,自宅,1,人事,"株式会社アルファテックでの試験_面接では、周囲からの評価、ストレスへの対処方法、アルバイト経験について質問された。淡々としていたが、質問は鋭かった。結論ファーストを徹底する訓練が必要だと感じた。結果としては不合格だったものの、今後の改善点が明確になり次の選考に活かせる面接だった。"
株式会社アルファテック,alfa.tech.105@example.com,S20240915,P20250005,試験_面接,継続（合格）,2031-09-13 09:00,2031-09-13 09:20,オンライン・単独,自宅,1,エンジニア,"株式会社アルファテックの試験_面接では、技術的な課題解決、レビューの受け方、ポートフォリオでの挑戦点について聞かれた。回答の背景や理由を詳しく問われた。技術的な知識の確認を徹底する必要があると学んだ。選考は次のステップに進むことになり、引き続き準備を進めていく必要があると感じた。"
株式会社アルファテック,alfa.tech.106@example.com,S20240916,P20250006,試験_面接,継続（合格）,2031-09-16 15:00,2031-09-16 15:40,オンライン・単独,自宅,1,人事・エンジニア,"株式会社アルファテックでの試験_面接では、札幌で働く理由、会社の理念への共感度、HCSを選んだ理由について聞かれた。面接官が親身になって話を聞いてくれる印象だった。話の論理性を高める必要性を感じた。選考は次のステップに進むことになり、引き続き準備を進めていく必要があると感じた。"
株式会社アルファテック,alfa.tech.107@example.com,S20240917,P20250007,試験_面接,継続（合格）,2031-09-19 10:30,2031-09-19 11:00,オンライン・単独,自宅,1,人事,"株式会社アルファテックの試験_面接では、困難を乗り越えた経験、将来像、他社との違いについて聞かれた。やや厳しめではあったが、質問の意図は明確だった。緊張すると早口になるため、落ち着いて話す意識が必要だと感じた。選考は次のステップに進むことになり、引き続き準備を進めていく必要があると感じた。"
株式会社アルファテック,alfa.tech.108@example.com,S20240918,P20250008,試験_面接,内定,2031-09-22 14:00,2031-09-22 14:30,オンライン・単独,自宅,1,エンジニア,"株式会社アルファテックでの試験_面接では、Git経験、技術への情熱、長所と短所について深く問われた。全体的に穏やかな雰囲気で、和やかに進んだ。技術的な知識の応用力と熱意が評価され、内定となった。"
株式会社アルファテック,alfa.tech.109@example.com,S20240919,P20250009,試験_面接,落選,2031-09-25 11:00,2031-09-25 11:40,オンライン・単独,自宅,1,人事・エンジニア,"株式会社アルファテックの試験_面接では、アルバイト経験、将来像、技術的な知識について質問された。具体的なエピソードを何度も深掘りされた。自己分析の甘さを痛感した。結果としては不合格だったものの、今後の改善点が明確になり次の選考に活かせる面接だった。"
株式会社アルファテック,alfa.tech.110@example.com,S20240920,P20250010,試験_面接,継続（合格）,2031-09-28 09:00,2031-09-28 09:30,オンライン・単独,自宅,1,人事,"株式会社アルファテックでの試験_面接では、長所と短所、志望動機、学生時代の経験全般について質問された。淡々としていたが、回答の背景を詳しく問われた。逆質問のバリエーションを増やしておくべきだったと反省した。選考は次のステップに進むことになり、引き続き準備を進めていく必要があると感じた。"
株式会社ビーリンク,be.link.101@example.com,S20240921,P20250011,試験_面接,継続（合格）,2031-10-01 14:00,2031-10-01 14:50,オンライン・単独,自宅,1,人事・エンジニア,"株式会社ビーリンクの試験_面接では、技術的な興味、ポートフォリオでの挑戦点、技術選定の理由について深く問われた。やや厳しめではあったが、質問の意図は明確だった。自己PRの構成を見直す必要があると感じた。選考は次のステップに進むことになり、引き続き準備を進めていく必要があると感じた。"
株式会社ビーリンク,be.link.102@example.com,S20240922,P20250012,試験_面接,内定,2031-10-04 10:00,2031-10-04 10:30,オンライン・単独,自宅,1,人事,"株式会社ビーリンクでの試験_面接では、ガクチカ、長所と短所、札幌で働く理由について深掘りされた。終始和やかな雰囲気で、会話形式で進んだ。自己理解の深さと企業文化との高いフィット感が評価され、内定となった。"
株式会社ビーリンク,be.link.103@example.com,S20240923,P20250013,試験_面接,継続（合格）,2031-10-07 16:00,2031-10-07 16:20,オンライン・単独,自宅,1,エンジニア,"株式会社ビーリンクの試験_面接では、Git経験、技術的な課題解決、入社後の目標について質問された。静かな緊張感はあったものの、こちらの話を真摯に受け止めてくれた。専門用語を分かりやすく説明する練習が必要だと感じた。選考は次のステップに進むことになり、引き続き準備を進めていく必要があると感じた。"
株式会社ビーリンク,be.link.104@example.com,S20240924,P20250014,試験_面接,落選,2031-10-10 11:00,2031-10-10 11:30,オンライン・単独,自宅,1,人事,"株式会社ビーリンクでの試験_面接では、失敗経験から何を学んだか、価値観、アルバイト経験について質問された。回答の背景や理由を詳しく問われた。企業研究の甘さを痛感した。結果としては不合格だったものの、今後の改善点が明確になり次の選考に活かせる面接だった。"
株式会社ビーリンク,be.link.105@example.com,S20240925,P20250015,試験_面接,継続（合格）,2031-10-13 09:00,2031-10-13 09:20,オンライン・単独,自宅,1,人事・エンジニア,"株式会社ビーリンクの試験_面接では、会社への貢献意欲、チーム開発での役割、学生時代に頑張ったことについて問われた。具体的なエピソードを何度も深掘りされた。技術的な知識の応用力を高める必要性を感じた。選考は次のステップに進むことになり、引き続き準備を進めていく必要があると感じた。"
株式会社ビーリンク,be.link.106@example.com,S20240926,P20250016,試験_面接,継続（合格）,2031-10-16 15:00,2031-10-16 15:40,オンライン・単独,自宅,1,人事,"株式会社ビーリンクでの試験_面接では、入社後の目標、周囲からの評価、ストレスへの対処方法について聞かれた。面接官が明るく、非常に話しやすい雰囲気だった。話の論理性を高める必要性を感じた。選考は次のステップに進むことになり、引き続き準備を進めていく必要があると感じた。"
株式会社ビーリンク,be.link.107@example.com,S20240927,P20250017,試験_面接,継続（合格）,2031-10-19 10:30,2031-10-19 11:00,オンライン・単独,自宅,1,エンジニア,"株式会社ビーリンクの試験_面接では、技術的な課題解決、レビューの受け方、学校で学んだ専門技術について重点的に深掘りされた。淡々としていたが、質問は鋭かった。緊張すると早口になるため、落ち着いて話す意識が必要だと感じた。選考は次のステップに進むことになり、引き続き準備を進めていく必要があると感じた。"
株式会社ビーリンク,be.link.108@example.com,S20240928,P20250018,試験_面接,落選,2031-10-22 14:00,2031-10-22 14:30,オンライン・単独,自宅,1,人事・エンジニア,"株式会社ビーリンクでの試験_面接では、HCSを選んだ理由、将来像、他社との比較について聞かれた。やや厳しめではあったが、的確に核心を突く質問が多かった。自己分析の甘さを痛感した。結果としては不合格だったものの、今後の改善点が明確になり次の選考に活かせる面接だった。"
株式会社ビーリンク,be.link.109@example.com,S20240929,P20250019,試験_面接,内定,2031-10-25 11:00,2031-10-25 11:40,オンライン・単独,自宅,1,人事,"株式会社ビーリンクの試験_面接では、困難な状況への対処法、会社の理念への共感度、キャリアビジョンについて深く問われた。全体的に穏やかな雰囲気で、リラックスして話せた。熱意と一貫性のある回答が評価され、内定となった。"
株式会社ビーリンク,be.link.110@example.com,S20240930,P20250020,試験_面接,継続（合格）,2031-10-28 09:00,2031-10-28 09:30,オンライン・単独,自宅,1,人事・エンジニア,"株式会社ビーリンクでの試験_面接では、長所と短所、学生時代の経験全般、技術への情熱について質問された。具体的なエピソードを何度も深掘りされた。結論ファーストを徹底する訓練が必要だと感じた。選考は次のステップに進むことになり、引き続き準備を進めていく必要があると感じた。"
クリエイトソリューションズ株式会社,create.sol.101@example.com,S20240931,P20250021,試験_面接,継続（合格）,2031-11-01 14:00,2031-11-01 14:50,オンライン・単独,自宅,1,人事,"クリエイトソリューションズ株式会社の試験_面接では、志望動機、長所と短所、価値観について質問された。淡々としていたが、質問は鋭かった。逆質問のバリエーションを増やしておくべきだったと反省した。選考は次のステップに進むことになり、引き続き準備を進めていく必要があると感じた。"
クリエイトソリューションズ株式会社,create.sol.102@example.com,S20240932,P20250022,試験_面接,落選,2031-11-04 10:00,2031-11-04 10:30,オンライン・単独,自宅,1,エンジニア,"クリエイトソリューションズ株式会社での試験_面接では、ポートフォリオの詳細、技術選定の理由、Git経験について重点的に聞かれた。やや厳しめではあったが、質問の意図は明確だった。技術知識の幅と深さが足りなかったと痛感した。結果としては不合格だったものの、今後の改善点が明確になり次の選考に活かせる面接だった。"
クリエイトソリューションズ株式会社,create.sol.103@example.com,S20240933,P20250023,試験_面接,内定,2031-11-07 16:00,2031-11-07 16:20,オンライン・単独,自宅,1,人事・エンジニア,"クリエイトソリューションズ株式会社の試験_面接では、技術的な興味、入社後のキャリアプラン、チーム開発での課題解決について深く問われた。終始和やかな雰囲気で、話しやすかった。技術への深い関心と論理的な思考力が評価され、内定となった。"
クリエイトソリューションズ株式会社,create.sol.104@example.com,S20240934,P20250024,試験_面接,継続（合格）,2031-11-10 11:00,2031-11-10 11:30,オンライン・単独,自宅,1,人事,"クリエイトソリューションズ株式会社での試験_面接では、周囲からの評価、ストレスへの対処方法、アルバイト経験について質問された。回答の背景や理由を詳しく問われた。自己PRの構成を見直す必要があると感じた。選考は次のステップに進むことになり、引き続き準備を進めていく必要があると感じた。"
クリエイトソリューションズ株式会社,create.sol.105@example.com,S20240935,P20250025,試験_面接,落選,2031-11-13 09:00,2031-11-13 09:20,オンライン・単独,自宅,1,エンジニア,"クリエイトソリューションズ株式会社の試験_面接では、技術的な課題解決、チーム開発での役割、入社後の目標について聞かれた。具体的なエピソードを何度も深掘りされた。技術的な知識の応用力を高める必要性を感じた。結果としては不合格だったものの、今後の改善点が明確になり次の選考に活かせる面接だった。"
クリエイトソリューションズ株式会社,create.sol.106@example.com,S20240936,P20250026,試験_面接,継続（合格）,2031-11-16 15:00,2031-11-16 15:40,オンライン・単独,自宅,1,人事・エンジニア,"クリエイトソリューションズ株式会社での試験_面接では、失敗経験から何を学んだか、レビューの受け方、会社への貢献意欲について問われた。静かな緊張感はあったものの、こちらの話を真摯に受け止めてくれた。専門用語を分かりやすく説明する練習が必要だと感じた。選考は次のステップに進むことになり、引き続き準備を進めていく必要があると感じた。"
クリエイトソリューションズ株式会社,create.sol.107@example.com,S20240937,P20250027,試験_面接,継続（合格）,2031-11-19 10:30,2031-11-19 11:00,オンライン・単独,自宅,1,人事,"クリエイトソリューションズ株式会社の試験_面接では、HCSを選んだ理由、札幌で働く理由、将来像について深掘りされた。面接官が明るく、非常に話しやすい雰囲気だった。話の論理性を高める必要性を感じた。選考は次のステップに進むことになり、引き続き準備を進めていく必要があると感じた。"
クリエイトソリューションズ株式会社,create.sol.108@example.com,S20240938,P20250028,試験_面接,落選,2031-11-22 14:00,2031-11-22 14:30,オンライン・単独,自宅,1,エンジニア,"クリエイトソリューションズ株式会社での試験_面接では、技術への情熱、会社の理念への共感、チームでの貢献方法について重点的に問われた。淡々としていたが、的確に核心を突く質問が多かった。自己分析の甘さを痛感した。結果としては不合格だったものの、今後の改善点が明確になり次の選考に活かせる面接だった。"
クリエイトソリューションズ株式会社,create.sol.109@example.com,S20240939,P20250029,試験_面接,内定,2031-11-25 11:00,2031-11-25 11:40,オンライン・単独,自宅,1,人事・エンジニア,"クリエイトソリューションズ株式会社の試験_面接では、志望動機、技術的な興味、キャリアビジョンについて深く問われた。全体的に穏やかな雰囲気で、和やかに進んだ。論理的な思考力と技術的な探求心が評価され、内定となった。"
クリエイトソリューションズ株式会社,create.sol.110@example.com,S20240940,P20250030,試験_面接,継続（合格）,2031-11-28 09:00,2031-11-28 09:30,オンライン・単独,自宅,1,人事,"クリエイトソリューションズ株式会社での試験_面接では、長所と短所、学生時代の経験全般、他社との比較について質問された。具体的なエピソードを何度も深掘りされた。緊張すると早口になるため、落ち着いて話す意識が必要だと感じた。選考は次のステップに進むことになり、引き続き準備を進めていく必要があると感じた。"
株式会社デジタルリンク,digi.link.101@example.com,S20240941,P20250031,試験_面接,継続（合格）,2031-12-01 14:00,2031-12-01 14:50,オンライン・単独,自宅,1,人事・エンジニア,"株式会社デジタルリンクの試験_面接では、技術的な興味、学校で学んだこと、チーム開発でのトラブル対応について質問された。やや厳しめではあったが、質問の意図は分かりやすかった。結論ファーストを徹底する訓練が必要だと感じた。選考は次のステップに進むことになり、引き続き準備を進めていく必要があると感じた。"
株式会社デジタルリンク,digi.link.102@example.com,S20240942,P20250032,試験_面接,継続（合格）,2031-12-04 10:00,2031-12-04 10:30,オンライン・単独,自宅,1,人事,"株式会社デジタルリンクでの試験_面接では、長所と短所、志望動機、周囲からの評価について聞かれた。淡々としていたが、質問は鋭かった。逆質問のバリエーションを増やしておくべきだったと反省した。選考は次のステップに進むことになり、引き続き準備を進めていく必要があると感じた。"
株式会社デジタルリンク,digi.link.103@example.com,S20240943,P20250033,試験_面接,内定,2031-12-07 16:00,2031-12-07 16:20,オンライン・単独,自宅,1,エンジニア,"株式会社デジタルリンクの試験_面接では、ポートフォリオでの挑戦点、技術選定の理由、Git経験について重点的に聞かれた。面接官が明るく、非常に話しやすい雰囲気だった。技術的な深い理解とチームでの貢献意欲が評価され、内定となった。"
株式会社デジタルリンク,digi.link.104@example.com,S20240944,P20250034,試験_面接,落選,2031-12-10 11:00,2031-12-10 11:30,オンライン・単独,自宅,1,人事,"株式会社デジタルリンクでの試験_面接では、入社後の目標、価値観、アルバイト経験について質問された。回答の背景や理由を詳しく問われた。技術的な知識の確認を徹底する必要があると学んだ。結果としては不合格だったものの、今後の改善点が明確になり次の選考に活かせる面接だった。"
株式会社デジタルリンク,digi.link.105@example.com,S20240945,P20250035,試験_面接,継続（合格）,2031-12-13 09:00,2031-12-13 09:20,オンライン・単独,自宅,1,人事・エンジニア,"株式会社デジタルリンクの試験_面接では、ストレスへの対処方法、HCSを選んだ理由、レビューの受け方について質問された。具体的なエピソードを何度も深掘りされた。専門用語を分かりやすく説明する練習が必要だと感じた。選考は次のステップに進むことになり、引き続き準備を進めていく必要があると感じた。"
株式会社デジタルリンク,digi.link.106@example.com,S20240946,P20250036,試験_面接,継続（合格）,2031-12-16 15:00,2031-12-16 15:40,オンライン・単独,自宅,1,人事,"株式会社デジタルリンクでの試験_面接では、ガクチカ、困難を乗り越えた経験、将来像について深掘りされた。静かな緊張感はあったものの、こちらの話を受け止めてくれた。話の論理性を高める必要性を感じた。選考は次のステップに進むことになり、引き続き準備を進めていく必要があると感じた。"
株式会社デジタルリンク,digi.link.107@example.com,S20240947,P20250037,試験_面接,内定,2031-12-19 10:30,2031-12-19 11:00,オンライン・単独,自宅,1,エンジニア,"株式会社デジタルリンクの試験_面接では、入社後の貢献、技術的な課題解決、学校で学んだ専門技術について聞かれた。終始和やかな雰囲気で、リラックスして話せた。問題解決能力と技術への深い関心が評価され、内定となった。"
株式会社デジタルリンク,digi.link.108@example.com,S20240948,P20250038,試験_面接,継続（合格）,2031-12-22 14:00,2031-12-22 14:30,オンライン・単独,自宅,1,人事・エンジニア,"株式会社デジタルリンクでの試験_面接では、会社への貢献意欲、技術への情熱、キャリアビジョンについて深く問われた。やや厳しめではあったが、誠実に話を聞いてもらえた。自己PRの構成を見直す必要があると感じた。選考は次のステップに進むことになり、引き続き準備を進めていく必要があると感じた。"
株式会社デジタルリンク,digi.link.109@example.com,S20240949,P20250039,試験_面接,落選,2031-12-25 11:00,2031-12-25 11:40,オンライン・単独,自宅,1,人事,"株式会社デジタルリンクの試験_面接では、長所と短所、学生時代の経験全般、他社との違いについて聞かれた。淡々としていたが、的確に核心を突く質問が多かった。企業研究の甘さを痛感した。結果としては不合格だったものの、今後の改善点が明確になり次の選考に活かせる面接だった。"
株式会社デジタルリンク,digi.link.110@example.com,S20240950,P20250040,試験_面接,継続（合格）,2031-12-28 09:00,2031-12-28 09:30,オンライン・単独,自宅,1,エンジニア,"株式会社デジタルリンクでの試験_面接では、札幌で働く理由、失敗経験、技術への興味について聞かれた。具体的なエピソードを何度も深掘りされた。緊張すると早口になるため、落ち着いて話す意識が必要だと感じた。選考は次のステップに進むことになり、引き続き準備を進めていく必要があると感じた。"
株式会社エムライン,m.line.101@example.com,S20240951,P20250041,試験_面接,継続（合格）,2032-01-01 14:00,2032-01-01 14:50,オンライン・単独,自宅,1,人事・エンジニア,"株式会社エムラインでの試験_面接では、技術的な興味、チーム開発での役割、札幌で働く理由について質問された。静かな緊張感はあったものの、こちらの話を真摯に受け止めてくれた。自己分析をもう一段深める必要があると感じる。選考は次のステップに進むことになり、引き続き準備を進めていく必要があると感じた。"
株式会社エムライン,m.line.102@example.com,S20240952,P20250042,試験_面接,内定,2032-01-04 10:00,2032-01-04 10:30,オンライン・単独,自宅,1,人事,"株式会社エムラインの試験_面接では、志望動機、周囲からの評価、困難な状況への対処法について深掘りされた。面接官が明るく、非常に話しやすい雰囲気だった。自己理解の深さと入社意欲の高さが評価され、内定となった。"
株式会社エムライン,m.line.103@example.com,S20240953,P20250043,試験_面接,継続（合格）,2032-01-07 16:00,2032-01-07 16:20,オンライン・単独,自宅,1,エンジニア,"株式会社エムラインでの試験_面接では、ポートフォリオでの挑戦点、技術的な失敗とそこからの学び、レビューの受け方について重点的に問われた。やや厳しめではあったが、質問の意図は明確だった。技術的な知識の応用力を高める必要性を感じた。選考は次のステップに進むことになり、引き続き準備を進めていく必要があると感じた。"
株式会社エムライン,m.line.104@example.com,S20240954,P20250044,試験_面接,落選,2032-01-10 11:00,2032-01-10 11:30,オンライン・単独,自宅,1,人事,"株式会社エムラインの試験_面接では、ガクチカ、価値観、アルバイト経験について質問された。淡々としていたが、回答の背景を詳しく問われた。結論ファーストを徹底する訓練が必要だと感じた。結果としては不合格だったものの、今後の改善点が明確になり次の選考に活かせる面接だった。"
株式会社エムライン,m.line.105@example.com,S20240955,P20250045,試験_面接,継続（合格）,2032-01-13 09:00,2032-01-13 09:20,オンライン・単独,自宅,1,人事・エンジニア,"株式会社エムラインでの試験_面接では、キャリアビジョン、会社への貢献意欲、学生時代に最も力を入れたことについて深掘りされた。終始和やかな雰囲気で、会話形式で進んだ。逆質問のバリエーションを増やしておくべきだったと反省した。選考は次のステップに進むことになり、引き続き準備を進めていく必要があると感じた。"
株式会社エムライン,m.line.106@example.com,S20240956,P20250046,試験_面接,継続（合格）,2032-01-16 15:00,2032-01-16 15:40,オンライン・単独,自宅,1,人事,"株式会社エムラインの試験_面接では、長所と短所、入社後の目標、HCSを選んだ理由について聞かれた。具体的なエピソードを何度も深掘りされた。自己PRの構成を見直す必要があると感じた。選考は次のステップに進むことになり、引き続き準備を進めていく必要があると感じた。"
株式会社エムライン,m.line.107@example.com,S20240957,P20250047,試験_面接,落選,2032-01-19 10:30,2032-01-19 11:00,オンライン・単独,自宅,1,エンジニア,"株式会社エムラインでの試験_面接では、Gitの具体的な利用経験、技術的な課題解決、学校で学んだ専門技術について質問された。淡々としていたが、質問は鋭かった。専門用語を分かりやすく説明する練習が必要だと感じた。結果としては不合格だったものの、今後の改善点が明確になり次の選考に活かせる面接だった。"
株式会社エムライン,m.line.108@example.com,S20240958,P20250048,試験_面接,継続（合格）,2032-01-22 14:00,2032-01-22 14:30,オンライン・単独,自宅,1,人事・エンジニア,"株式会社エムラインの試験_面接では、技術への情熱、会社の理念に対する共感度、入社後の貢献について深く問われた。面接官が親身になって話を聞いてくれる印象だった。話の論理性を高める必要性を感じた。選考は次のステップに進むことになり、引き続き準備を進めていく必要があると感じた。"
株式会社エムライン,m.line.109@example.com,S20240959,P20250049,試験_面接,内定,2032-01-25 11:00,2032-01-25 11:40,オンライン・単独,自宅,1,人事,"株式会社エムラインでの試験_面接では、将来像、チーム開発でのトラブル対応、他社との比較について聞かれた。全体的に穏やかな雰囲気で、和やかに進んだ。論理的な思考と入社意欲の高さが評価され、内定となった。"
株式会社エムライン,m.line.110@example.com,S20240960,P20250050,試験_面接,落選,2032-01-28 09:00,2032-01-28 09:30,オンライン・単独,自宅,1,エンジニア,"株式会社エムラインの試験_面接では、長所と短所、困難を乗り越えた経験、学生時代の経験全般について聞かれた。やや厳しめではあったが、質問の意図は明確だった。技術的な知識の浅さを痛感し、情報収集の重要性を実感した。結果としては不合格だったものの、今後の改善点が明確になり次の選考に活かせる面接だった。"
株式会社フォースウェーブ,force.wave.101@example.com,S20240961,P20250051,試験_面接,継続（合格）,2032-02-01 14:00,2032-02-01 14:50,オンライン・単独,自宅,1,人事,"株式会社フォースウェーブでの試験_面接では、志望動機、長所と短所、周囲からの評価について質問された。回答の背景や理由を詳しく問われた。企業研究をより進める必要を実感した。選考は次のステップに進むことになり、引き続き準備を進めていく必要があると感じた。"
株式会社フォースウェーブ,force.wave.102@example.com,S20240962,P20250052,試験_面接,内定,2032-02-04 10:00,2032-02-04 10:30,オンライン・単独,自宅,1,エンジニア,"株式会社フォースウェーブの試験_面接では、技術的な興味、ポートフォリオでの挑戦点、チーム開発での工夫点について重点的に聞かれた。静かな緊張感はあったものの、こちらの話を真摯に受け止めてくれた。技術的な深掘りにも論理的に答えられ、高い評価を得て内定となった。"
株式会社フォースウェーブ,force.wave.103@example.com,S20240963,P20250053,試験_面接,継続（合格）,2032-02-07 16:00,2032-02-07 16:20,オンライン・単独,自宅,1,人事・エンジニア,"株式会社フォースウェーブでの試験_面接では、Git経験、レビューの受け方、技術的な課題解決について深掘りされた。面接官が明るく、非常に話しやすい雰囲気だった。緊張すると早口になるため、落ち着いて話す意識が必要だと感じた。選考は次のステップに進むことになり、引き続き準備を進めていく必要があると感じた。"
株式会社フォースウェーブ,force.wave.104@example.com,S20240964,P20250054,試験_面接,落選,2032-02-10 11:00,2032-02-10 11:30,オンライン・単独,自宅,1,人事,"株式会社フォースウェーブの試験_面接では、キャリアビジョン、会社への貢献意欲、失敗経験から何を学んだかについて問われた。やや厳しめではあったが、質問は鋭かった。自己分析の甘さを痛感した。結果としては不合格だったものの、今後の改善点が明確になり次の選考に活かせる面接だった。"
株式会社フォースウェーブ,force.wave.105@example.com,S20240965,P20250055,試験_面接,継続（合格）,2032-02-13 09:00,2032-02-13 09:20,オンライン・単独,自宅,1,エンジニア,"株式会社フォースウェーブでの試験_面接では、技術への情熱、入社後の貢献、学校で学んだ専門技術について深く問われた。淡々としていたが、質問の意図は明確だった。技術的な知識の確認を徹底する必要があると学んだ。選考は次のステップに進むことになり、引き続き準備を進めていく必要があると感じた。"
株式会社フォースウェーブ,force.wave.106@example.com,S20240966,P20250056,試験_面接,継続（合格）,2032-02-16 15:00,2032-02-16 15:40,オンライン・単独,自宅,1,人事・エンジニア,"株式会社フォースウェーブの試験_面接では、入社後の目標、HCSを選んだ理由、学生時代に頑張ったことについて問われた。具体的なエピソードを何度も深掘りされた。専門用語を分かりやすく説明する練習が必要だと感じた。選考は次のステップに進むことになり、引き続き準備を進めていく必要があると感じた。"
株式会社フォースウェーブ,force.wave.107@example.com,S20240967,P20250057,試験_面接,落選,2032-02-19 10:30,2032-02-19 11:00,オンライン・単独,自宅,1,人事,"株式会社フォースウェーブでの試験_面接では、アルバイト経験、将来像、困難な状況への対処法について質問された。回答の背景や理由を詳しく問われた。話の論理性を高める必要性を感じた。結果としては不合格だったものの、今後の改善点が明確になり次の選考に活かせる面接だった。"
株式会社フォースウェーブ,force.wave.108@example.com,S20240968,P20250058,試験_面接,継続（合格）,2032-02-22 14:00,2032-02-22 14:30,オンライン・単独,自宅,1,エンジニア,"株式会社フォースウェーブの試験_面接では、札幌で働く理由、価値観、ストレスへの対処方法について質問された。終始和やかな雰囲気で、会話形式で進んだ。結論ファーストを徹底する訓練が必要だと感じた。選考は次のステップに進むことになり、引き続き準備を進めていく必要があると感じた。"
株式会社フォースウェーブ,force.wave.109@example.com,S20240969,P20250059,試験_面接,内定,2032-02-25 11:00,2032-02-25 11:40,オンライン・単独,自宅,1,人事,"株式会社フォースウェーブでの試験_面接では、ガクチカ、チーム開発でのトラブル対応、他社との比較について聞かれた。全体的に穏やかな雰囲気で、リラックスして話せた。技術的な知識の深さと論理的な説明力が評価され、内定となった。"
株式会社フォースウェーブ,force.wave.110@example.com,S20240970,P20250060,試験_面接,継続（合格）,2032-02-28 09:00,2032-02-28 09:30,オンライン・単独,自宅,1,人事・エンジニア,"株式会社フォースウェーブの試験_面接では、長所と短所、学生時代の経験全般、会社の理念への共感度について質問された。やや厳しめではあったが、誠実に話を聞いてもらえた。逆質問のバリエーションを増やしておくべきだったと反省した。選考は次のステップに進むことになり、引き続き準備を進めていく必要があると感じた。"
ノースシステム株式会社,north.sys.101@example.com,S20240971,P20250061,試験_面接,継続（合格）,2032-03-01 14:00,2032-03-01 14:50,オンライン・単独,自宅,1,人事・エンジニア,"ノースシステム株式会社の試験_面接では、志望動機、キャリアビジョン、失敗経験から何を学んだかについて深く聞かれた。淡々としていたが、的確に核心を突く質問が多かった。自己PRの構成を見直す必要があると感じた。選考は次のステップに進むことになり、引き続き準備を進めていく必要があると感じた。"
ノースシステム株式会社,north.sys.102@example.com,S20240972,P20250062,試験_面接,落選,2032-03-04 10:00,2032-03-04 10:30,オンライン・単独,自宅,1,人事,"ノースシステム株式会社での試験_面接では、長所と短所、価値観、ストレスへの対処方法について質問された。具体的なエピソードを何度も深掘りされた。自己分析の甘さを痛感した。結果としては不合格だったものの、今後の改善点が明確になり次の選考に活かせる面接だった。"
ノースシステム株式会社,north.sys.103@example.com,S20240973,P20250063,試験_面接,継続（合格）,2032-03-07 16:00,2032-03-07 16:20,オンライン・単独,自宅,1,エンジニア,"ノースシステム株式会社の試験_面接では、技術的な興味、ポートフォリオの詳細、チーム開発での役割、学生時代の経験全般について深掘りされた。静かな緊張感はあったものの、こちらの話を真摯に受け止めてくれた。専門用語を分かりやすく説明する練習が必要だと感じた。選考は次のステップに進むことになり、引き続き準備を進めていく必要があると感じた。"
ノースシステム株式会社,north.sys.104@example.com,S20240974,P20250064,試験_面接,内定,2032-03-10 11:00,2032-03-10 11:30,オンライン・単独,自宅,1,人事,"ノースシステム株式会社での試験_面接では、周囲からの評価、アルバイト経験、札幌で働く理由について聞かれた。面接官が明るく、非常に話しやすい雰囲気だった。将来への展望と論理的な思考力が評価され、内定となった。"
ノースシステム株式会社,north.sys.105@example.com,S20240975,P20250065,試験_面接,継続（合格）,2032-03-13 09:00,2032-03-13 09:20,オンライン・単独,自宅,1,人事・エンジニア,"ノースシステム株式会社の試験_面接では、HCSを選んだ理由、困難を乗り越えた経験、学校で学んだことについて質問された。やや厳しめではあったが、質問の意図は明確だった。技術的な知識の応用力を高める必要性を感じた。選考は次のステップに進むことになり、引き続き準備を進めていく必要があると感じた。"
ノースシステム株式会社,north.sys.106@example.com,S20240976,P20250066,試験_面接,継続（合格）,2032-03-16 15:00,2032-03-16 15:40,オンライン・単独,自宅,1,人事,"ノースシステム株式会社での試験_面接では、ガクチカ、将来像、他社との比較について深掘りされた。淡々としていたが、質問は鋭かった。話の論理性を高める必要性を感じた。選考は次のステップに進むことになり、引き続き準備を進めていく必要があると感じた。"
ノースシステム株式会社,north.sys.107@example.com,S20240977,P20250067,試験_面接,落選,2032-03-19 10:30,2032-03-19 11:00,オンライン・単独,自宅,1,エンジニア,"ノースシステム株式会社の試験_面接では、技術的な課題解決、レビューの受け方、チーム開発でのトラブル対応について質問された。回答の背景や理由を詳しく問われた。技術知識の幅と深さが足りなかったと痛感した。結果としては不合格だったものの、今後の改善点が明確になり次の選考に活かせる面接だった。"
ノースシステム株式会社,north.sys.108@example.com,S20240978,P20250068,試験_面接,継続（合格）,2032-03-22 14:00,2032-03-22 14:30,オンライン・単独,自宅,1,人事・エンジニア,"ノースシステム株式会社での試験_面接では、会社への貢献意欲、技術への情熱、長所と短所について聞かれた。終始和やかな雰囲気で、会話形式で進んだ。緊張すると早口になるため、落ち着いて話す意識が必要だと感じた。選考は次のステップに進むことになり、引き続き準備を進めていく必要があると感じた。"
ノースシステム株式会社,north.sys.109@example.com,S20240979,P20250069,試験_面接,内定,2032-03-25 11:00,2032-03-25 11:40,オンライン・単独,自宅,1,エンジニア,"ノースシステム株式会社の試験_面接では、Git経験、技術選定の理由、入社後の貢献について重点的に問われた。全体的に穏やかな雰囲気で、リラックスして話せた。技術的な背景を論理的に説明できた点が評価され、内定となった。"
ノースシステム株式会社,north.sys.110@example.com,S20240980,P20250070,試験_面接,継続（合格）,2032-03-28 09:00,2032-03-28 09:30,オンライン・単独,自宅,1,人事,"ノースシステム株式会社での試験_面接では、入社後の目標、キャリアビジョン、学生時代の経験全般について深く問われた。やや厳しめではあったが、誠実に話を聞いてもらえた。結論ファーストを徹底する訓練が必要だと感じた。選考は次のステップに進むことになり、引き続き準備を進めていく必要があると感じた。"
株式会社ライフネットワーク,life.net.101@example.com,S20240981,P20250071,試験_面接,継続（合格）,2032-04-01 14:00,2032-04-01 14:50,オンライン・単独,自宅,1,人事・エンジニア,"株式会社ライフネットワークの試験_面接では、技術的な興味、ポートフォリオでの挑戦点、Git経験について質問された。淡々としていたが、質問は鋭かった。逆質問のバリエーションを増やしておくべきだったと反省した。選考は次のステップに進むことになり、引き続き準備を進めていく必要があると感じた。"
株式会社ライフネットワーク,life.net.102@example.com,S20240982,P20250072,試験_面接,継続（合格）,2032-04-04 10:00,2032-04-04 10:30,オンライン・単独,自宅,1,人事,"株式会社ライフネットワークでの試験_面接では、長所と短所、志望動機、札幌で働く理由について深掘りされた。具体的なエピソードを何度も深掘りされた。自己PRの構成を見直す必要があると感じた。選考は次のステップに進むことになり、引き続き準備を進めていく必要があると感じた。"
株式会社ライフネットワーク,life.net.103@example.com,S20240983,P20250073,試験_面接,落選,2032-04-07 16:00,2032-04-07 16:20,オンライン・単独,自宅,1,エンジニア,"株式会社ライフネットワークの試験_面接では、技術選定の理由、チーム開発での役割、入社後の貢献について重点的に問われた。静かな緊張感はあったものの、こちらの話を真摯に受け止めてくれた。技術的な知識の確認を徹底する必要があると学んだ。結果としては不合格だったものの、今後の改善点が明確になり次の選考に活かせる面接だった。"
株式会社ライフネットワーク,life.net.104@example.com,S20240984,P20250074,試験_面接,継続（合格）,2032-04-10 11:00,2032-04-10 11:30,オンライン・単独,自宅,1,人事,"株式会社ライフネットワークでの試験_面接では、周囲からの評価、価値観、困難な状況への対処法について聞かれた。面接官が明るく、非常に話しやすい雰囲気だった。専門用語を分かりやすく説明する練習が必要だと感じた。選考は次のステップに進むことになり、引き続き準備を進めていく必要があると感じた。"
株式会社ライフネットワーク,life.net.105@example.com,S20240985,P20250075,試験_面接,継続（合格）,2032-04-13 09:00,2032-04-13 09:20,オンライン・単独,自宅,1,人事・エンジニア,"株式会社ライフネットワークの試験_面接では、失敗経験から何を学んだか、アルバイト経験、HCSを選んだ理由について質問された。回答の背景や理由を詳しく問われた。技術的な知識の応用力を高める必要性を感じた。選考は次のステップに進むことになり、引き続き準備を進めていく必要があると感じた。"
株式会社ライフネットワーク,life.net.106@example.com,S20240986,P20250076,試験_面接,内定,2032-04-16 15:00,2032-04-16 15:40,オンライン・単独,自宅,1,人事,"株式会社ライフネットワークでの試験_面接では、ガクチカ、ストレスへの対処方法、会社への貢献意欲について深く問われた。終始和やかな雰囲気で、会話形式で進んだ。熱意と論理性が両立できたことが評価され、内定となった。"
株式会社ライフネットワーク,life.net.107@example.com,S20240987,P20250077,試験_面接,継続（合格）,2032-04-19 10:30,2032-04-19 11:00,オンライン・単独,自宅,1,エンジニア,"株式会社ライフネットワークの試験_面接では、学校で学んだ専門技術、技術的な課題解決、レビューの受け方について重点的に深掘りされた。具体的なエピソードを何度も深掘りされた。話の論理性を高める必要性を感じた。選考は次のステップに進むことになり、引き続き準備を進めていく必要があると感じた。"
株式会社ライフネットワーク,life.net.108@example.com,S20240988,P20250078,試験_面接,落選,2032-04-22 14:00,2032-04-22 14:30,オンライン・単独,自宅,1,人事・エンジニア,"株式会社ライフネットワークでの試験_面接では、会社の理念に対する共感度、長所と短所、チーム開発でのトラブル対応について質問された。淡々としていたが、質問は鋭かった。自己分析の甘さを痛感した。結果としては不合格だったものの、今後の改善点が明確になり次の選考に活かせる面接だった。"
株式会社ライフネットワーク,life.net.109@example.com,S20240989,P20250079,試験_面接,継続（合格）,2032-04-25 11:00,2032-04-25 11:40,オンライン・単独,自宅,1,人事,"株式会社ライフネットワークの試験_面接では、入社後の目標、将来像、他社との比較について聞かれた。やや厳しめではあったが、質問の意図は明確だった。緊張すると早口になるため、落ち着いて話す意識が必要だと感じた。選考は次のステップに進むことになり、引き続き準備を進めていく必要があると感じた。"
株式会社ライフネットワーク,life.net.110@example.com,S20240990,P20250080,試験_面接,内定,2032-04-28 09:00,2032-04-28 09:30,オンライン・単独,自宅,1,エンジニア,"株式会社ライフネットワークでの試験_面接では、技術への情熱、キャリアビジョン、学生時代の経験全般について深く問われた。面接官が親身になって話を聞いてくれる印象だった。技術的な深い理解とチームでの貢献意欲が評価され、内定となった。"
サッポロエンジニアリング株式会社,sapporo.eng.101@example.com,S20240991,P20250081,試験_面接,継続（合格）,2031-09-01 14:00,2031-09-01 14:50,オンライン・単独,自宅,1,人事,"サッポロエンジニアリング株式会社の試験_面接では、志望動機、長所と短所、入社後の目標について深掘りされた。全体的に穏やかな雰囲気で、和やかに進んだ。結論ファーストを徹底する訓練が必要だと感じた。選考は次のステップに進むことになり、引き続き準備を進めていく必要があると感じた。"
サッポロエンジニアリング株式会社,sapporo.eng.102@example.com,S20240992,P20250082,試験_面接,継続（合格）,2031-09-04 10:00,2031-09-04 10:30,オンライン・単独,自宅,1,エンジニア,"サッポロエンジニアリング株式会社での試験_面接では、ポートフォリオの詳細、技術選定の理由、Git経験について重点的に問われた。やや厳しめではあったが、誠実に話を聞いてもらえた。企業研究をより進める必要を実感した。選考は次のステップに進むことになり、引き続き準備を進めていく必要があると感じた。"
サッポロエンジニアリング株式会社,sapporo.eng.103@example.com,S20240993,P20250083,試験_面接,落選,2031-09-07 16:00,2031-09-07 16:20,オンライン・単独,自宅,1,人事・エンジニア,"サッポロエンジニアリング株式会社の試験_面接では、技術的な課題解決、入社後の貢献、学校で学んだ専門技術について詳しく聞かれた。淡々としていたが、的確に核心を突く質問が多かった。技術的な知識の浅さを痛感し、情報収集の重要性を実感した。結果としては不合格だったものの、今後の改善点が明確になり次の選考に活かせる面接だった。"
サッポロエンジニアリング株式会社,sapporo.eng.104@example.com,S20240994,P20250084,試験_面接,継続（合格）,2031-09-10 11:00,2031-09-10 11:30,オンライン・単独,自宅,1,人事,"サッポロエンジニアリング株式会社での試験_面接では、失敗経験から何を学んだか、レビューの受け方、札幌で働く理由について質問された。具体的なエピソードを何度も深掘りされた。逆質問のバリエーションを増やしておくべきだったと反省した。選考は次のステップに進むことになり、引き続き準備を進めていく必要があると感じた。"
サッポロエンジニアリング株式会社,sapporo.eng.105@example.com,S20240995,P20250085,試験_面接,継続（合格）,2031-09-13 09:00,2031-09-13 09:20,オンライン・単独,自宅,1,エンジニア,"サッポロエンジニアリング株式会社の試験_面接では、技術的な興味、キャリアビジョン、チーム開発での役割、学生時代の経験全般について質問された。静かな緊張感はあったものの、こちらの話を真摯に受け止めてくれた。自己PRの構成を見直す必要があると感じた。選考は次のステップに進むことになり、引き続き準備を進めていく必要があると感じた。"
サッポロエンジニアリング株式会社,sapporo.eng.106@example.com,S20240996,P20250086,試験_面接,内定,2031-09-16 15:00,2031-09-16 15:40,オンライン・単独,自宅,1,人事・エンジニア,"サッポロエンジニアリング株式会社での試験_面接では、技術への情熱、会社の理念への共感度、HCSを選んだ理由について深く問われた。面接官が明るく、非常に話しやすい雰囲気だった。熱意と一貫性のある回答が評価され、内定となった。"
サッポロエンジニアリング株式会社,sapporo.eng.107@example.com,S20240997,P20250087,試験_面接,継続（合格）,2031-09-19 10:30,2031-09-19 11:00,オンライン・単独,自宅,1,人事,"サッポロエンジニアリング株式会社の試験_面接では、将来像、学生時代に最も力を入れたこと、困難を乗り越えた経験について質問された。回答の背景や理由を詳しく問われた。専門用語を分かりやすく説明する練習が必要だと感じた。選考は次のステップに進むことになり、引き続き準備を進めていく必要があると感じた。"
サッポロエンジニアリング株式会社,sapporo.eng.108@example.com,S20240998,P20250088,試験_面接,落選,2031-09-22 14:00,2031-09-22 14:30,オンライン・単独,自宅,1,エンジニア,"サッポロエンジニアリング株式会社での試験_面接では、チーム開発でのトラブル対応、技術的な興味、ポートフォリオでの挑戦点について聞かれた。やや厳しめではあったが、質問の意図は明確だった。話の論理性を高める必要性を感じた。結果としては不合格だったものの、今後の改善点が明確になり次の選考に活かせる面接だった。"
サッポロエンジニアリング株式会社,sapporo.eng.109@example.com,S20240999,P20250089,試験_面接,継続（合格）,2031-09-25 11:00,2031-09-25 11:40,オンライン・単独,自宅,1,人事・エンジニア,"サッポロエンジニアリング株式会社の試験_面接では、長所と短所、ガクチカ、会社への貢献意欲について質問された。淡々としていたが、質問は鋭かった。緊張すると早口になるため、落ち着いて話す意識が必要だと感じた。選考は次のステップに進むことになり、引き続き準備を進めていく必要があると感じた。"
サッポロエンジニアリング株式会社,sapporo.eng.110@example.com,S20250000,P20250090,試験_面接,内定,2031-09-28 09:00,2031-09-28 09:30,オンライン・単独,自宅,1,人事,"サッポロエンジニアリング株式会社での試験_面接では、周囲からの評価、価値観、アルバイト経験について聞かれた。具体的なエピソードを何度も深掘りされた。技術的な知識の深さと問題解決能力が評価され、内定となった。"
株式会社ホライズンテック,horizon.tech.101@example.com,S20250001,P20250091,試験_面接,継続（合格）,2031-10-01 14:00,2031-10-01 14:50,オンライン・単独,自宅,1,人事・エンジニア,"株式会社ホライズンテックでの試験_面接では、技術的な興味、キャリアビジョン、チーム開発での工夫点について質問された。静かな緊張感はあったものの、こちらの話を真摯に受け止めてくれた。自己分析をもう一段深める必要があると感じる。選考は次のステップに進むことになり、引き続き準備を進めていく必要があると感じた。"
株式会社ホライズンテック,horizon.tech.102@example.com,S20250002,P20250092,試験_面接,内定,2031-10-04 10:00,2031-10-04 10:30,オンライン・単独,自宅,1,人事,"株式会社ホライズンテックの試験_面接では、入社後の目標、価値観、ストレスへの対処方法について深掘りされた。面接官が明るく、非常に話しやすい雰囲気だった。自己理解の深さとコミュニケーション能力が評価され、内定となった。"
株式会社ホライズンテック,horizon.tech.103@example.com,S20250003,P20250093,試験_面接,継続（合格）,2031-10-07 16:00,2031-10-07 16:20,オンライン・単独,自宅,1,エンジニア,"株式会社ホライズンテックでの試験_面接では、ポートフォリオの詳細、技術的な課題解決、レビューの受け方について重点的に問われた。やや厳しめではあったが、質問の意図は明確だった。企業研究の甘さを痛感した。選考は次のステップに進むことになり、引き続き準備を進めていく必要があると感じた。"
株式会社ホライズンテック,horizon.tech.104@example.com,S20250004,P20250094,試験_面接,落選,2031-10-10 11:00,2031-10-10 11:30,オンライン・単独,自宅,1,人事,"株式会社ホライズンテックの試験_面接では、ガクチカ、アルバイト経験、札幌で働く理由について質問された。淡々としていたが、回答の背景を詳しく問われた。技術知識の幅と深さが足りなかったと痛感した。結果としては不合格だったものの、今後の改善点が明確になり次の選考に活かせる面接だった。"
株式会社ホライズンテック,horizon.tech.105@example.com,S20250005,P20250095,試験_面接,継続（合格）,2031-10-13 09:00,2031-10-13 09:20,オンライン・単独,自宅,1,人事・エンジニア,"株式会社ホライズンテックでの試験_面接では、失敗経験から何を学んだか、技術への情熱、学生時代に頑張ったことについて深掘りされた。具体的なエピソードを何度も深掘りされた。専門用語を分かりやすく説明する練習が必要だと感じた。選考は次のステップに進むことになり、引き続き準備を進めていく必要があると感じた。"
株式会社ホライズンテック,horizon.tech.106@example.com,S20250006,P20250096,試験_面接,継続（合格）,2031-10-16 15:00,2031-10-16 15:40,オンライン・単独,自宅,1,人事,"株式会社ホライズンテックの試験_面接では、将来像、チーム開発でのトラブル対応、他社との比較について聞かれた。回答の背景や理由を詳しく問われた。技術的な知識の応用力を高める必要性を感じた。選考は次のステップに進むことになり、引き続き準備を進めていく必要があると感じた。"
株式会社ホライズンテック,horizon.tech.107@example.com,S20250007,P20250097,試験_面接,落選,2031-10-19 10:30,2031-10-19 11:00,オンライン・単独,自宅,1,エンジニア,"株式会社ホライズンテックでの試験_面接では、Git経験、学校で学んだ専門技術、入社後の貢献について質問された。やや厳しめではあったが、的確に核心を突く質問が多かった。話の論理性を高める必要性を感じた。結果としては不合格だったものの、今後の改善点が明確になり次の選考に活かせる面接だった。"
株式会社ホライズンテック,horizon.tech.108@example.com,S20250008,P20250098,試験_面接,継続（合格）,2031-10-22 14:00,2031-10-22 14:30,オンライン・単独,自宅,1,人事・エンジニア,"株式会社ホライズンテックの試験_面接では、会社の理念に対する共感度、困難を乗り越えた経験、チーム開発での役割について聞かれた。終始和やかな雰囲気で、会話形式で進んだ。緊張すると早口になるため、落ち着いて話す意識が必要だと感じた。選考は次のステップに進むことになり、引き続き準備を進めていく必要があると感じた。"
株式会社ホライズンテック,horizon.tech.109@example.com,S20250009,P20250099,試験_面接,継続（合格）,2031-10-25 11:00,2031-10-25 11:40,オンライン・単独,自宅,1,人事,"株式会社ホライズンテックの試験_面接では、長所と短所、周囲からの評価、HCSを選んだ理由について聞かれた。全体的に穏やかな雰囲気で、リラックスして話せた。結論ファーストを徹底する訓練が必要だと感じた。選考は次のステップに進むことになり、引き続き準備を進めていく必要があると感じた。"
株式会社ホライズンテック,horizon.tech.110@example.com,S20250010,P20250100,試験_面接,内定,2031-10-28 09:00,2031-10-28 09:30,オンライン・単独,自宅,1,人事・エンジニア,"株式会社ホライズンテックでの試験_面接では、技術への情熱、会社への貢献意欲、学生時代の経験全般について深く問われた。やや厳しめではあったが、誠実に話を聞いてもらえた。論理的な思考力と自己成長への意欲が評価され、内定となった。"
株式会社アルファテック,alfa.tech.111@example.com,S20250011,P20250101,試験_面接,内定,2031-10-31 10:00,2031-10-31 10:30,オンライン・単独,自宅,1,人事,"株式会社アルファテックの試験_面接では、志望動機とキャリアビジョンについて深く問われた。終始和やかな雰囲気で、熱意と一貫性が評価され内定となった。"
株式会社アルファテック,alfa.tech.112@example.com,S20250012,P20250102,試験_面接,継続（合格）,2031-11-03 15:00,2031-11-03 15:40,オンライン・単独,自宅,1,エンジニア,"技術的な興味、ポートフォリオでの挑戦点について聞かれた。回答の背景や理由を詳しく問われた。技術的な知識の確認を徹底する必要があると学んだ。選考は次のステップに進むことになり、引き続き準備を進めていく必要があると感じた。"
株式会社アルファテック,alfa.tech.113@example.com,S20250013,P20250103,試験_面接,落選,2031-11-06 11:00,2031-11-06 11:30,オンライン・単独,自宅,1,人事・エンジニア,"チーム開発での役割、技術選定の理由、失敗経験について質問された。やや厳しめだったが、質問の意図は明確だった。専門用語を分かりやすく説明する練習が必要だと感じた。結果としては不合格だったものの、今後の改善点が明確になり次の選考に活かせる面接だった。"
株式会社アルファテック,alfa.tech.114@example.com,S20250014,P20250104,試験_面接,継続（合格）,2031-11-09 14:00,2031-11-09 14:20,オンライン・単独,自宅,1,人事,"周囲からの評価、ストレスへの対処方法、長所と短所について聞かれた。淡々としていたが、質問は鋭かった。結論ファーストを徹底する訓練が必要だと感じた。選考は次のステップに進むことになり、引き続き準備を進めていく必要があると感じた。"
株式会社アルファテック,alfa.tech.115@example.com,S20250015,P20250105,試験_面接,継続（合格）,2031-11-12 09:30,2031-11-12 10:00,オンライン・単独,自宅,1,エンジニア,"技術的な課題解決、レビューの受け方、Git経験について深く問われた。具体的なエピソードを何度も深掘りされた。技術への熱意と論理的な説明能力をさらに高める必要がある。選考は次のステップに進むことになり、引き続き準備を進めていく必要があると感じた。"
株式会社アルファテック,alfa.tech.116@example.com,S20250016,P20250106,試験_面接,落選,2031-11-15 16:00,2031-11-15 16:30,オンライン・単独,自宅,1,人事・エンジニア,"札幌で働く理由、会社の理念への共感度、入社後の目標について質問された。回答の背景や理由を詳しく問われた。企業研究の甘さを痛感した。結果としては不合格だったものの、今後の改善点が明確になり次の選考に活かせる面接だった。"
株式会社アルファテック,alfa.tech.117@example.com,S20250017,P20250107,試験_面接,継続（合格）,2031-11-18 10:00,2031-11-18 10:40,オンライン・単独,自宅,1,人事,"困難を乗り越えた経験、他社との違い、アルバイト経験について聞かれた。終始和やかな雰囲気で、会話形式で進んだ。緊張すると早口になるため、落ち着いて話す意識が必要だと感じた。選考は次のステップに進むことになり、引き続き準備を進めていく必要があると感じた。"
株式会社アルファテック,alfa.tech.118@example.com,S20250018,P20250108,試験_面接,継続（合格）,2031-11-21 15:00,2031-11-21 15:30,オンライン・単独,自宅,1,エンジニア,"技術への情熱、学校で学んだ専門技術、将来像について深く問われた。面接官が親身になって話を聞いてくれる印象だった。技術的な知識の応用力を高める必要性を感じた。選考は次のステップに進むことになり、引き続き準備を進めていく必要があると感じた。"
株式会社アルファテック,alfa.tech.119@example.com,S20250019,P20250109,試験_面接,内定,2031-11-24 11:00,2031-11-24 11:40,オンライン・単独,自宅,1,人事・エンジニア,"HCSを選んだ理由、学生時代の経験全般、入社後の貢献について聞かれた。論理的な思考と入社意欲の高さが評価され、内定となった。"
株式会社アルファテック,alfa.tech.120@example.com,S20250020,P20250110,試験_面接,継続（合格）,2031-11-27 09:00,2031-11-27 09:30,オンライン・単独,自宅,1,人事,"長所と短所、価値観、失敗経験から何を学んだかについて質問された。具体的なエピソードを何度も深掘りされた。逆質問のバリエーションを増やしておくべきだったと反省した。選考は次のステップに進むことになり、引き続き準備を進めていく必要があると感じた。"
株式会社ビーリンク,be.link.111@example.com,S20250021,P20250111,試験_面接,継続（合格）,2031-12-01 14:00,2031-12-01 14:50,オンライン・単独,自宅,1,人事・エンジニア,"株式会社ビーリンクの試験_面接では、技術選定の理由、キャリアビジョン、技術的な興味について深く問われた。淡々としていたが、的確に核心を突く質問が多かった。自己PRの構成を見直す必要があると感じた。選考は次のステップに進むことになり、引き続き準備を進めていく必要があると感じた。"
株式会社ビーリンク,be.link.112@example.com,S20250022,P20250112,試験_面接,落選,2031-12-04 10:00,2031-12-04 10:30,オンライン・単独,自宅,1,人事,"ガクチカ、長所と短所、周囲からの評価について深掘りされた。やや厳しめではあったが、質問の意図は明確だった。自己分析の甘さを痛感した。結果としては不合格だったものの、今後の改善点が明確になり次の選考に活かせる面接だった。"
株式会社ビーリンク,be.link.113@example.com,S20250023,P20250113,試験_面接,継続（合格）,2031-12-07 16:00,2031-12-07 16:20,オンライン・単独,自宅,1,エンジニア,"Git経験、入社後の目標、技術的な課題解決について質問された。面接官が明るく、非常に話しやすい雰囲気だった。技術的な知識の確認を徹底する必要があると学んだ。選考は次のステップに進むことになり、引き続き準備を進めていく必要があると感じた。"
株式会社ビーリンク,be.link.114@example.com,S20250024,P20250114,試験_面接,継続（合格）,2031-12-10 11:00,2031-12-10 11:30,オンライン・単独,自宅,1,人事,"失敗経験から何を学んだか、価値観、アルバイト経験について聞かれた。回答の背景や理由を詳しく問われた。専門用語を分かりやすく説明する練習が必要だと感じた。選考は次のステップに進むことになり、引き続き準備を進めていく必要があると感じた。"
株式会社ビーリンク,be.link.115@example.com,S20250025,P20250115,試験_面接,内定,2031-12-13 09:00,2031-12-13 09:20,オンライン・単独,自宅,1,人事・エンジニア,"会社への貢献意欲、チーム開発での役割、学生時代に頑張ったことについて深く問われた。熱意と論理的な思考力が評価され、内定となった。"
株式会社ビーリンク,be.link.116@example.com,S20250026,P20250116,試験_面接,落選,2031-12-16 15:00,2031-12-16 15:40,オンライン・単独,自宅,1,人事,"入社後の目標、ストレスへの対処方法、札幌で働く理由について質問された。淡々としていたが、質問は鋭かった。話の論理性を高める必要性を感じた。結果としては不合格だったものの、今後の改善点が明確になり次の選考に活かせる面接だった。"
株式会社ビーリンク,be.link.117@example.com,S20250027,P20250117,試験_面接,継続（合格）,2031-12-19 10:30,2031-12-19 11:00,オンライン・単独,自宅,1,エンジニア,"技術的な課題解決、レビューの受け方、学校で学んだ専門技術について重点的に深掘りされた。具体的なエピソードを何度も深掘りされた。結論ファーストを徹底する訓練が必要だと感じた。選考は次のステップに進むことになり、引き続き準備を進めていく必要があると感じた。"
株式会社ビーリンク,be.link.118@example.com,S20250028,P20250118,試験_面接,継続（合格）,2031-12-22 14:00,2031-12-22 14:30,オンライン・単独,自宅,1,人事・エンジニア,"HCSを選んだ理由、将来像、他社との比較について聞かれた。終始和やかな雰囲気で、リラックスして話せた。緊張すると早口になるため、落ち着いて話す意識が必要だと感じた。選考は次のステップに進むことになり、引き続き準備を進めていく必要があると感じた。"
株式会社ビーリンク,be.link.119@example.com,S20250029,P20250119,試験_面接,内定,2031-12-25 11:00,2031-12-25 11:40,オンライン・単独,自宅,1,人事,"困難な状況への対処法、会社の理念への共感度、キャリアビジョンについて深く問われた。技術的な知識の深さと問題解決能力が評価され、内定となった。"
株式会社ビーリンク,be.link.120@example.com,S20250030,P20250120,試験_面接,継続（合格）,2031-12-28 09:00,2031-12-28 09:30,オンライン・単独,自宅,1,人事・エンジニア,"長所と短所、学生時代の経験全般、技術への情熱について質問された。静かな緊張感はあったものの、こちらの話を受け止めてくれた。逆質問のバリエーションを増やしておくべきだったと反省した。選考は次のステップに進むことになり、引き続き準備を進めていく必要があると感じた。"
クリエイトソリューションズ株式会社,create.sol.111@example.com,S20250031,P20250121,試験_面接,継続（合格）,2032-01-01 14:00,2032-01-01 14:50,オンライン・単独,自宅,1,人事,"クリエイトソリューションズ株式会社の試験_面接では、志望動機、長所と短所、価値観について質問された。やや厳しめではあったが、誠実に話を聞いてもらえた。技術的な知識の応用力を高める必要性を感じた。選考は次のステップに進むことになり、引き続き準備を進めていく必要があると感じた。"
クリエイトソリューションズ株式会社,create.sol.112@example.com,S20250032,P20250122,試験_面接,内定,2032-01-04 10:00,2032-01-04 10:30,オンライン・単独,自宅,1,エンジニア,"ポートフォリオの詳細、技術選定の理由、Git経験について重点的に聞かれた。終始和やかな雰囲気で、話しやすかった。技術への深い関心と論理的な思考力が評価され、内定となった。"
クリエイトソリューションズ株式会社,create.sol.113@example.com,S20250033,P20250123,試験_面接,落選,2032-01-07 16:00,2032-01-07 16:20,オンライン・単独,自宅,1,人事・エンジニア,"技術的な興味、入社後のキャリアプラン、チーム開発での課題解決について深く問われた。淡々としていたが、質問は鋭かった。自己分析の甘さを痛感した。結果としては不合格だったものの、今後の改善点が明確になり次の選考に活かせる面接だった。"
クリエイトソリューションズ株式会社,create.sol.114@example.com,S20250034,P20250124,試験_面接,継続（合格）,2032-01-10 11:00,2032-01-10 11:30,オンライン・単独,自宅,1,人事,"周囲からの評価、ストレスへの対処方法、アルバイト経験について質問された。具体的なエピソードを何度も深掘りされた。自己PRの構成を見直す必要があると感じた。選考は次のステップに進むことになり、引き続き準備を進めていく必要があると感じた。"
クリエイトソリューションズ株式会社,create.sol.115@example.com,S20250035,P20250125,試験_面接,継続（合格）,2032-01-13 09:00,2032-01-13 09:20,オンライン・単独,自宅,1,エンジニア,"技術的な課題解決、チーム開発での役割、入社後の目標について聞かれた。やや厳しめではあったが、的確に核心を突く質問が多かった。技術的な知識の確認を徹底する必要があると学んだ。選考は次のステップに進むことになり、引き続き準備を進めていく必要があると感じた。"
クリエイトソリューションズ株式会社,create.sol.116@example.com,S20250036,P20250126,試験_面接,落選,2032-01-16 15:00,2032-01-16 15:40,オンライン・単独,自宅,1,人事・エンジニア,"失敗経験から何を学んだか、レビューの受け方、会社への貢献意欲について問われた。回答の背景や理由を詳しく問われた。企業研究の甘さを痛感した。結果としては不合格だったものの、今後の改善点が明確になり次の選考に活かせる面接だった。"
クリエイトソリューションズ株式会社,create.sol.117@example.com,S20250037,P20250127,試験_面接,継続（合格）,2032-01-19 10:30,2032-01-19 11:00,オンライン・単独,自宅,1,人事,"HCSを選んだ理由、札幌で働く理由、将来像について深掘りされた。静かな緊張感はあったものの、こちらの話を真摯に受け止めてくれた。話の論理性を高める必要性を感じた。選考は次のステップに進むことになり、引き続き準備を進めていく必要があると感じた。"
クリエイトソリューションズ株式会社,create.sol.118@example.com,S20250038,P20250128,試験_面接,継続（合格）,2032-01-22 14:00,2032-01-22 14:30,オンライン・単独,自宅,1,エンジニア,"技術への情熱、会社の理念への共感、チームでの貢献方法について重点的に問われた。面接官が明るく、非常に話しやすい雰囲気だった。結論ファーストを徹底する訓練が必要だと感じた。選考は次のステップに進むことになり、引き続き準備を進めていく必要があると感じた。"
クリエイトソリューションズ株式会社,create.sol.119@example.com,S20250039,P20250129,試験_面接,内定,2032-01-25 11:00,2032-01-25 11:40,オンライン・単独,自宅,1,人事・エンジニア,"志望動機、技術的な興味、キャリアビジョンについて深く問われた。終始和やかな雰囲気で、リラックスして話せた。技術的な深い理解とチームでの貢献意欲が評価され、内定となった。"
クリエイトソリューションズ株式会社,create.sol.120@example.com,S20250040,P20250130,試験_面接,継続（合格）,2032-01-28 09:00,2032-01-28 09:30,オンライン・単独,自宅,1,人事,"長所と短所、学生時代の経験全般、他社との比較について質問された。回答の背景や理由を詳しく問われた。緊張すると早口になるため、落ち着いて話す意識が必要だと感じた。選考は次のステップに進むことになり、引き続き準備を進めていく必要があると感じた。"
株式会社デジタルリンク,digi.link.111@example.com,S20250041,P20250131,試験_面接,継続（合格）,2032-02-01 14:00,2032-02-01 14:50,オンライン・単独,自宅,1,人事・エンジニア,"株式会社デジタルリンクの試験_面接では、技術的な興味、学校で学んだこと、チーム開発でのトラブル対応について質問された。具体的なエピソードを何度も深掘りされた。専門用語を分かりやすく説明する練習が必要だと感じた。選考は次のステップに進むことになり、引き続き準備を進めていく必要があると感じた。"
株式会社デジタルリンク,digi.link.112@example.com,S20250042,P20250132,試験_面接,落選,2032-02-04 10:00,2032-02-04 10:30,オンライン・単独,自宅,1,人事,"長所と短所、志望動機、周囲からの評価について聞かれた。やや厳しめではあったが、質問の意図は明確だった。自己分析の甘さを痛感した。結果としては不合格だったものの、今後の改善点が明確になり次の選考に活かせる面接だった。"
株式会社デジタルリンク,digi.link.113@example.com,S20250043,P20250133,試験_面接,内定,2032-02-07 16:00,2032-02-07 16:20,オンライン・単独,自宅,1,エンジニア,"ポートフォリオでの挑戦点、技術選定の理由、Git経験について重点的に聞かれた。淡々としていたが、的確に核心を突く質問が多かった。技術的な深い理解とチームでの貢献意欲が評価され、内定となった。"
株式会社デジタルリンク,digi.link.114@example.com,S20250044,P20250134,試験_面接,継続（合格）,2032-02-10 11:00,2032-02-10 11:30,オンライン・単独,自宅,1,人事,"入社後の目標、価値観、アルバイト経験について質問された。面接官が明るく、非常に話しやすい雰囲気だった。逆質問のバリエーションを増やしておくべきだったと反省した。選考は次のステップに進むことになり、引き続き準備を進めていく必要があると感じた。"
株式会社デジタルリンク,digi.link.115@example.com,S20250045,P20250135,試験_面接,継続（合格）,2032-02-13 09:00,2032-02-13 09:20,オンライン・単独,自宅,1,人事・エンジニア,"ストレスへの対処方法、HCSを選んだ理由、レビューの受け方について質問された。回答の背景や理由を詳しく問われた。自己PRの構成を見直す必要があると感じた。選考は次のステップに進むことになり、引き続き準備を進めていく必要があると感じた。"
株式会社デジタルリンク,digi.link.116@example.com,S20250046,P20250136,試験_面接,落選,2032-02-16 15:00,2032-02-16 15:40,オンライン・単独,自宅,1,人事,"ガクチカ、困難を乗り越えた経験、将来像について深掘りされた。静かな緊張感はあったものの、こちらの話を真摯に受け止めてくれた。企業研究の甘さを痛感した。結果としては不合格だったものの、今後の改善点が明確になり次の選考に活かせる面接だった。"
株式会社デジタルリンク,digi.link.117@example.com,S20250047,P20250137,試験_面接,内定,2032-02-19 10:30,2032-02-19 11:00,オンライン・単独,自宅,1,エンジニア,"入社後の貢献、技術的な課題解決、学校で学んだ専門技術について聞かれた。終始和やかな雰囲気で、会話形式で進んだ。問題解決能力と技術への深い関心が評価され、内定となった。"
株式会社デジタルリンク,digi.link.118@example.com,S20250048,P20250138,試験_面接,継続（合格）,2032-02-22 14:00,2032-02-22 14:30,オンライン・単独,自宅,1,人事・エンジニア,"会社への貢献意欲、技術への情熱、キャリアビジョンについて深く問われた。やや厳しめではあったが、質問は鋭かった。技術的な知識の応用力を高める必要性を感じた。選考は次のステップに進むことになり、引き続き準備を進めていく必要があると感じた。"
株式会社デジタルリンク,digi.link.119@example.com,S20250049,P20250139,試験_面接,継続（合格）,2032-02-25 11:00,2032-02-25 11:40,オンライン・単独,自宅,1,人事,"長所と短所、学生時代の経験全般、他社との違いについて聞かれた。淡々としていたが、回答の背景を詳しく問われた。話の論理性を高める必要性を感じた。選考は次のステップに進むことになり、引き続き準備を進めていく必要があると感じた。"
株式会社デジタルリンク,digi.link.120@example.com,S20250050,P20250140,試験_面接,落選,2032-02-28 09:00,2032-02-28 09:30,オンライン・単独,自宅,1,エンジニア,"札幌で働く理由、失敗経験、技術への興味について聞かれた。具体的なエピソードを何度も深掘りされた。技術的な知識の浅さを痛感し、情報収集の重要性を実感した。結果としては不合格だったものの、今後の改善点が明確になり次の選考に活かせる面接だった。"
株式会社エムライン,m.line.111@example.com,S20250051,P20250141,試験_面接,継続（合格）,2032-03-01 14:00,2032-03-01 14:50,オンライン・単独,自宅,1,人事・エンジニア,"株式会社エムラインでの試験_面接では、技術的な興味、チーム開発での役割、札幌で働く理由について質問された。面接官が明るく、非常に話しやすい雰囲気だった。結論ファーストを徹底する訓練が必要だと感じた。選考は次のステップに進むことになり、引き続き準備を進めていく必要があると感じた。"
株式会社エムライン,m.line.112@example.com,S20250052,P20250142,試験_面接,継続（合格）,2032-03-04 10:00,2032-03-04 10:30,オンライン・単独,自宅,1,人事,"志望動機、周囲からの評価、困難な状況への対処法について深掘りされた。やや厳しめではあったが、質問の意図は明確だった。技術的な知識の確認を徹底する必要があると学んだ。選考は次のステップに進むことになり、引き続き準備を進めていく必要があると感じた。"
株式会社エムライン,m.line.113@example.com,S20250053,P20250143,試験_面接,内定,2032-03-07 16:00,2032-03-07 16:20,オンライン・単独,自宅,1,エンジニア,"ポートフォリオでの挑戦点、技術的な失敗とそこからの学び、レビューの受け方について重点的に問われた。終始和やかな雰囲気で、リラックスして話せた。技術的な背景を論理的に説明できた点が評価され、内定となった。"
株式会社エムライン,m.line.114@example.com,S20250054,P20250144,試験_面接,落選,2032-03-10 11:00,2032-03-10 11:30,オンライン・単独,自宅,1,人事,"ガクチカ、価値観、アルバイト経験について質問された。淡々としていたが、質問は鋭かった。逆質問のバリエーションを増やしておくべきだったと反省した。結果としては不合格だったものの、今後の改善点が明確になり次の選考に活かせる面接だった。"
株式会社エムライン,m.line.115@example.com,S20250055,P20250145,試験_面接,継続（合格）,2032-03-13 09:00,2032-03-13 09:20,オンライン・単独,自宅,1,人事・エンジニア,"キャリアビジョン、会社への貢献意欲、学生時代に最も力を入れたことについて深掘りされた。具体的なエピソードを何度も深掘りされた。自己PRの構成を見直す必要があると感じた。選考は次のステップに進むことになり、引き続き準備を進めていく必要があると感じた。"
株式会社エムライン,m.line.116@example.com,S20250056,P20250146,試験_面接,継続（合格）,2032-03-16 15:00,2032-03-16 15:40,オンライン・単独,自宅,1,人事,"長所と短所、入社後の目標、HCSを選んだ理由について聞かれた。回答の背景や理由を詳しく問われた。専門用語を分かりやすく説明する練習が必要だと感じた。選考は次のステップに進むことになり、引き続き準備を進めていく必要があると感じた。"
株式会社エムライン,m.line.117@example.com,S20250057,P20250147,試験_面接,落選,2032-03-19 10:30,2032-03-19 11:00,オンライン・単独,自宅,1,エンジニア,"Gitの具体的な利用経験、技術的な課題解決、学校で学んだ専門技術について質問された。静かな緊張感はあったものの、こちらの話を真摯に受け止めてくれた。話の論理性を高める必要性を感じた。結果としては不合格だったものの、今後の改善点が明確になり次の選考に活かせる面接だった。"
株式会社エムライン,m.line.118@example.com,S20250058,P20250148,試験_面接,継続（合格）,2032-03-22 14:00,2032-03-22 14:30,オンライン・単独,自宅,1,人事・エンジニア,"技術への情熱、会社の理念に対する共感度、入社後の貢献について深く問われた。やや厳しめではあったが、的確に核心を突く質問が多かった。緊張すると早口になるため、落ち着いて話す意識が必要だと感じた。選考は次のステップに進むことになり、引き続き準備を進めていく必要があると感じた。"
株式会社エムライン,m.line.119@example.com,S20250059,P20250149,試験_面接,内定,2032-03-25 11:00,2032-03-25 11:40,オンライン・単独,自宅,1,人事,"将来像、チーム開発でのトラブル対応、他社との比較について聞かれた。面接官が親身になって話を聞いてくれる印象だった。自己理解の深さと入社意欲の高さが評価され、内定となった。"
株式会社エムライン,m.line.120@example.com,S20250060,P20250150,試験_面接,継続（合格）,2032-03-28 09:00,2032-03-28 09:30,オンライン・単独,自宅,1,エンジニア,"長所と短所、困難を乗り越えた経験、学生時代の経験全般について聞かれた。終始和やかな雰囲気で、会話形式で進んだ。自己分析をもう一段深める必要があると感じる。選考は次のステップに進むことになり、引き続き準備を進めていく必要があると感じた。"
株式会社フォースウェーブ,force.wave.111@example.com,S20250061,P20250151,試験_面接,継続（合格）,2032-04-01 14:00,2032-04-01 14:50,オンライン・単独,自宅,1,人事,"株式会社フォースウェーブでの試験_面接では、志望動機、長所と短所、周囲からの評価について質問された。淡々としていたが、的確に核心を突く質問が多かった。技術的な知識の確認を徹底する必要があると学んだ。選考は次のステップに進むことになり、引き続き準備を進めていく必要があると感じた。"
株式会社フォースウェーブ,force.wave.112@example.com,S20250062,P20250152,試験_面接,落選,2032-04-04 10:00,2032-04-04 10:30,オンライン・単独,自宅,1,エンジニア,"技術的な興味、ポートフォリオでの挑戦点、チーム開発での工夫点について重点的に聞かれた。具体的なエピソードを何度も深掘りされた。技術知識の幅と深さが足りなかったと痛感した。結果としては不合格だったものの、今後の改善点が明確になり次の選考に活かせる面接だった。"
株式会社フォースウェーブ,force.wave.113@example.com,S20250063,P20250153,試験_面接,内定,2032-04-07 16:00,2032-04-07 16:20,オンライン・単独,自宅,1,人事・エンジニア,"Git経験、レビューの受け方、技術的な課題解決について深掘りされた。静かな緊張感はあったものの、こちらの話を受け止めてくれた。技術的な深掘りにも論理的に答えられ、高い評価を得て内定となった。"
株式会社フォースウェーブ,force.wave.114@example.com,S20250064,P20250154,試験_面接,継続（合格）,2032-04-10 11:00,2032-04-10 11:30,オンライン・単独,自宅,1,人事,"キャリアビジョン、会社への貢献意欲、失敗経験から何を学んだかについて問われた。回答の背景や理由を詳しく問われた。専門用語を分かりやすく説明する練習が必要だと感じた。選考は次のステップに進むことになり、引き続き準備を進めていく必要があると感じた。"
株式会社フォースウェーブ,force.wave.115@example.com,S20250065,P20250155,試験_面接,継続（合格）,2032-04-13 09:00,2032-04-13 09:20,オンライン・単独,自宅,1,エンジニア,"技術への情熱、入社後の貢献、学校で学んだ専門技術について深く問われた。やや厳しめではあったが、質問の意図は明確だった。技術的な知識の応用力を高める必要性を感じた。選考は次のステップに進むことになり、引き続き準備を進めていく必要があると感じた。"
株式会社フォースウェーブ,force.wave.116@example.com,S20250066,P20250156,試験_面接,落選,2032-04-16 15:00,2032-04-16 15:40,オンライン・単独,自宅,1,人事・エンジニア,"入社後の目標、HCSを選んだ理由、学生時代に頑張ったことについて問われた。面接官が明るく、非常に話しやすい雰囲気だった。話の論理性を高める必要性を感じた。結果としては不合格だったものの、今後の改善点が明確になり次の選考に活かせる面接だった。"
株式会社フォースウェーブ,force.wave.117@example.com,S20250067,P20250157,試験_面接,継続（合格）,2032-04-19 10:30,2032-04-19 11:00,オンライン・単独,自宅,1,人事,"アルバイト経験、将来像、困難な状況への対処法について質問された。淡々としていたが、質問は鋭かった。結論ファーストを徹底する訓練が必要だと感じた。選考は次のステップに進むことになり、引き続き準備を進めていく必要があると感じた。"
株式会社フォースウェーブ,force.wave.118@example.com,S20250068,P20250158,試験_面接,継続（合格）,2032-04-22 14:00,2032-04-22 14:30,オンライン・単独,自宅,1,エンジニア,"札幌で働く理由、価値観、ストレスへの対処方法について質問された。終始和やかな雰囲気で、会話形式で進んだ。逆質問のバリエーションを増やしておくべきだったと反省した。選考は次のステップに進むことになり、引き続き準備を進めていく必要があると感じた。"
株式会社フォースウェーブ,force.wave.119@example.com,S20250069,P20250159,試験_面接,内定,2032-04-25 11:00,2032-04-25 11:40,オンライン・単独,自宅,1,人事,"ガクチカ、チーム開発でのトラブル対応、他社との比較について聞かれた。全体的に穏やかな雰囲気で、リラックスして話せた。技術的な知識の深さと論理的な説明力が評価され、内定となった。"
株式会社フォースウェーブ,force.wave.120@example.com,S20250070,P20250160,試験_面接,継続（合格）,2032-04-28 09:00,2032-04-28 09:30,オンライン・単独,自宅,1,人事・エンジニア,"長所と短所、学生時代の経験全般、会社の理念への共感度について質問された。やや厳しめではあったが、誠実に話を聞いてもらえた。自己分析の甘さを痛感した。選考は次のステップに進むことになり、引き続き準備を進めていく必要があると感じた。"
ノースシステム株式会社,north.sys.111@example.com,S20250071,P20250161,試験_面接,継続（合格）,2032-05-01 14:00,2032-05-01 14:50,オンライン・単独,自宅,1,人事・エンジニア,"ノースシステム株式会社の試験_面接では、志望動機、キャリアビジョン、失敗経験から何を学んだかについて深く聞かれた。具体的なエピソードを何度も深掘りされた。企業研究をより進める必要を実感した。選考は次のステップに進むことになり、引き続き準備を進めていく必要があると感じた。"
ノースシステム株式会社,north.sys.112@example.com,S20250072,P20250162,試験_面接,継続（合格）,2032-05-04 10:00,2032-05-04 10:30,オンライン・単独,自宅,1,人事,"長所と短所、価値観、ストレスへの対処方法について質問された。回答の背景や理由を詳しく問われた。自己PRの構成を見直す必要があると感じた。選考は次のステップに進むことになり、引き続き準備を進めていく必要があると感じた。"
ノースシステム株式会社,north.sys.113@example.com,S20250073,P20250163,試験_面接,落選,2032-05-07 16:00,2032-05-07 16:20,オンライン・単独,自宅,1,エンジニア,"技術的な興味、ポートフォリオの詳細、チーム開発での役割、学生時代の経験全般について深掘りされた。静かな緊張感はあったものの、こちらの話を真摯に受け止めてくれた。技術的な知識の浅さを痛感し、情報収集の重要性を実感した。結果としては不合格だったものの、今後の改善点が明確になり次の選考に活かせる面接だった。"
ノースシステム株式会社,north.sys.114@example.com,S20250074,P20250164,試験_面接,内定,2032-05-10 11:00,2032-05-10 11:30,オンライン・単独,自宅,1,人事,"周囲からの評価、アルバイト経験、札幌で働く理由について聞かれた。やや厳しめではあったが、質問の意図は明確だった。将来への展望と論理的な思考力が評価され、内定となった。"
ノースシステム株式会社,north.sys.115@example.com,S20250075,P20250165,試験_面接,継続（合格）,2032-05-13 09:00,2032-05-13 09:20,オンライン・単独,自宅,1,人事・エンジニア,"HCSを選んだ理由、困難を乗り越えた経験、学校で学んだことについて質問された。淡々としていたが、質問は鋭かった。技術的な知識の応用力を高める必要性を感じた。選考は次のステップに進むことになり、引き続き準備を進めていく必要があると感じた。"
ノースシステム株式会社,north.sys.116@example.com,S20250076,P20250166,試験_面接,継続（合格）,2032-05-16 15:00,2032-05-16 15:40,オンライン・単独,自宅,1,人事,"ガクチカ、将来像、他社との比較について深掘りされた。終始和やかな雰囲気で、会話形式で進んだ。専門用語を分かりやすく説明する練習が必要だと感じた。選考は次のステップに進むことになり、引き続き準備を進めていく必要があると感じた。"
ノースシステム株式会社,north.sys.117@example.com,S20250077,P20250167,試験_面接,落選,2032-05-19 10:30,2032-05-19 11:00,オンライン・単独,自宅,1,エンジニア,"技術的な課題解決、レビューの受け方、チーム開発でのトラブル対応について質問された。面接官が明るく、非常に話しやすい雰囲気だった。自己分析の甘さを痛感した。結果としては不合格だったものの、今後の改善点が明確になり次の選考に活かせる面接だった。"
ノースシステム株式会社,north.sys.118@example.com,S20250078,P20250168,試験_面接,継続（合格）,2032-05-22 14:00,2032-05-22 14:30,オンライン・単独,自宅,1,人事・エンジニア,"会社への貢献意欲、技術への情熱、長所と短所について聞かれた。回答の背景や理由を詳しく問われた。話の論理性を高める必要性を感じた。選考は次のステップに進むことになり、引き続き準備を進めていく必要があると感じた。"
ノースシステム株式会社,north.sys.119@example.com,S20250079,P20250169,試験_面接,内定,2032-05-25 11:00,2032-05-25 11:40,オンライン・単独,自宅,1,エンジニア,"Git経験、技術選定の理由、入社後の貢献について重点的に問われた。全体的に穏やかな雰囲気で、和やかに進んだ。技術的な背景を論理的に説明できた点が評価され、内定となった。"
ノースシステム株式会社,north.sys.120@example.com,S20250080,P20250170,試験_面接,継続（合格）,2032-05-28 09:00,2032-05-28 09:30,オンライン・単独,自宅,1,人事,"入社後の目標、キャリアビジョン、学生時代の経験全般について深く問われた。やや厳しめではあったが、的確に核心を突く質問が多かった。緊張すると早口になるため、落ち着いて話す意識が必要だと感じた。選考は次のステップに進むことになり、引き続き準備を進めていく必要があると感じた。"
株式会社ライフネットワーク,life.net.111@example.com,S20250081,P20250171,試験_面接,継続（合格）,2032-06-01 14:00,2032-06-01 14:50,オンライン・単独,自宅,1,人事・エンジニア,"株式会社ライフネットワークの試験_面接では、技術的な興味、ポートフォリオでの挑戦点、Git経験について質問された。淡々としていたが、質問は鋭かった。結論ファーストを徹底する訓練が必要だと感じた。選考は次のステップに進むことになり、引き続き準備を進めていく必要があると感じた。"
株式会社ライフネットワーク,life.net.112@example.com,S20250082,P20250172,試験_面接,落選,2032-06-04 10:00,2032-06-04 10:30,オンライン・単独,自宅,1,人事,"長所と短所、志望動機、札幌で働く理由について深掘りされた。具体的なエピソードを何度も深掘りされた。企業研究の甘さを痛感した。結果としては不合格だったものの、今後の改善点が明確になり次の選考に活かせる面接だった。"
株式会社ライフネットワーク,life.net.113@example.com,S20250083,P20250173,試験_面接,継続（合格）,2032-06-07 16:00,2032-06-07 16:20,オンライン・単独,自宅,1,エンジニア,"技術選定の理由、チーム開発での役割、入社後の貢献について重点的に問われた。静かな緊張感はあったものの、こちらの話を真摯に受け止めてくれた。逆質問のバリエーションを増やしておくべきだったと反省した。選考は次のステップに進むことになり、引き続き準備を進めていく必要があると感じた。"
株式会社ライフネットワーク,life.net.114@example.com,S20250084,P20250174,試験_面接,継続（合格）,2032-06-10 11:00,2032-06-10 11:30,オンライン・単独,自宅,1,人事,"周囲からの評価、価値観、困難な状況への対処法について聞かれた。面接官が明るく、非常に話しやすい雰囲気だった。自己PRの構成を見直す必要があると感じた。選考は次のステップに進むことになり、引き続き準備を進めていく必要があると感じた。"
株式会社ライフネットワーク,life.net.115@example.com,S20250085,P20250175,試験_面接,内定,2032-06-13 09:00,2032-06-13 09:20,オンライン・単独,自宅,1,人事・エンジニア,"失敗経験から何を学んだか、アルバイト経験、HCSを選んだ理由について質問された。回答の背景や理由を詳しく問われた。論理的な思考力と技術的な探求心が評価され、内定となった。"
株式会社ライフネットワーク,life.net.116@example.com,S20250086,P20250176,試験_面接,継続（合格）,2032-06-16 15:00,2032-06-16 15:40,オンライン・単独,自宅,1,人事,"ガクチカ、ストレスへの対処方法、会社への貢献意欲について深く問われた。やや厳しめではあったが、質問の意図は明確だった。技術的な知識の応用力を高める必要性を感じた。選考は次のステップに進むことになり、引き続き準備を進めていく必要があると感じた。"
株式会社ライフネットワーク,life.net.117@example.com,S20250087,P20250177,試験_面接,継続（合格）,2032-06-19 10:30,2032-06-19 11:00,オンライン・単独,自宅,1,エンジニア,"学校で学んだ専門技術、技術的な課題解決、レビューの受け方について重点的に深掘りされた。淡々としていたが、質問は鋭かった。専門用語を分かりやすく説明する練習が必要だと感じた。選考は次のステップに進むことになり、引き続き準備を進めていく必要があると感じた。"
株式会社ライフネットワーク,life.net.118@example.com,S20250088,P20250178,試験_面接,落選,2032-06-22 14:00,2032-06-22 14:30,オンライン・単独,自宅,1,人事・エンジニア,"会社の理念に対する共感度、長所と短所、チーム開発でのトラブル対応について質問された。終始和やかな雰囲気で、会話形式で進んだ。話の論理性を高める必要性を感じた。結果としては不合格だったものの、今後の改善点が明確になり次の選考に活かせる面接だった。"
株式会社ライフネットワーク,life.net.119@example.com,S20250089,P20250179,試験_面接,継続（合格）,2032-06-25 11:00,2032-06-25 11:40,オンライン・単独,自宅,1,人事,"入社後の目標、将来像、他社との比較について聞かれた。具体的なエピソードを何度も深掘りされた。緊張すると早口になるため、落ち着いて話す意識が必要だと感じた。選考は次のステップに進むことになり、引き続き準備を進めていく必要があると感じた。"
株式会社ライフネットワーク,life.net.120@example.com,S20250090,P20250180,試験_面接,内定,2032-06-28 09:00,2032-06-28 09:30,オンライン・単独,自宅,1,エンジニア,"技術への情熱、キャリアビジョン、学生時代の経験全般について深く問われた。全体的に穏やかな雰囲気で、リラックスして話せた。熱意と論理性が両立できたことが評価され、内定となった。"
サッポロエンジニアリング株式会社,sapporo.eng.111@example.com,S20250091,P20250181,試験_面接,継続（合格）,2032-07-01 14:00,2032-07-01 14:50,オンライン・単独,自宅,1,人事,"サッポロエンジニアリング株式会社の試験_面接では、志望動機、長所と短所、入社後の目標について深掘りされた。やや厳しめではあったが、質問の意図は明確だった。自己分析をもう一段深める必要があると感じる。選考は次のステップに進むことになり、引き続き準備を進めていく必要があると感じた。"
サッポロエンジニアリング株式会社,sapporo.eng.112@example.com,S20250092,P20250182,試験_面接,継続（合格）,2032-07-04 10:00,2032-07-04 10:30,オンライン・単独,自宅,1,エンジニア,"ポートフォリオの詳細、技術選定の理由、Git経験について重点的に問われた。淡々としていたが、的確に核心を突く質問が多かった。結論ファーストを徹底する訓練が必要だと感じた。選考は次のステップに進むことになり、引き続き準備を進めていく必要があると感じた。"
サッポロエンジニアリング株式会社,sapporo.eng.113@example.com,S20250093,P20250183,試験_面接,落選,2032-07-07 16:00,2032-07-07 16:20,オンライン・単独,自宅,1,人事・エンジニア,"技術的な課題解決、入社後の貢献、学校で学んだ専門技術について詳しく聞かれた。面接官が明るく、非常に話しやすい雰囲気だった。企業研究の甘さを痛感した。結果としては不合格だったものの、今後の改善点が明確になり次の選考に活かせる面接だった。"
サッポロエンジニアリング株式会社,sapporo.eng.114@example.com,S20250094,P20250184,試験_面接,継続（合格）,2032-07-10 11:00,2032-07-10 11:30,オンライン・単独,自宅,1,人事,"失敗経験から何を学んだか、レビューの受け方、札幌で働く理由について質問された。回答の背景や理由を詳しく問われた。逆質問のバリエーションを増やしておくべきだったと反省した。選考は次のステップに進むことになり、引き続き準備を進めていく必要があると感じた。"
サッポロエンジニアリング株式会社,sapporo.eng.115@example.com,S20250095,P20250185,試験_面接,内定,2032-07-13 09:00,2032-07-13 09:20,オンライン・単独,自宅,1,エンジニア,"技術的な興味、キャリアビジョン、チーム開発での役割、学生時代の経験全般について質問された。静かな緊張感はあったものの、こちらの話を真摯に受け止めてくれた。技術的な知識の深さと問題解決能力が評価され、内定となった。"
サッポロエンジニアリング株式会社,sapporo.eng.116@example.com,S20250096,P20250186,試験_面接,継続（合格）,2032-07-16 15:00,2032-07-16 15:40,オンライン・単独,自宅,1,人事・エンジニア,"技術への情熱、会社の理念への共感度、HCSを選んだ理由について深く問われた。やや厳しめではあったが、質問の意図は明確だった。自己PRの構成を見直す必要があると感じた。選考は次のステップに進むことになり、引き続き準備を進めていく必要があると感じた。"
サッポロエンジニアリング株式会社,sapporo.eng.117@example.com,S20250097,P20250187,試験_面接,落選,2032-07-19 10:30,2032-07-19 11:00,オンライン・単独,自宅,1,人事,"将来像、学生時代に最も力を入れたこと、困難を乗り越えた経験について質問された。具体的なエピソードを何度も深掘りされた。話の論理性を高める必要性を感じた。結果としては不合格だったものの、今後の改善点が明確になり次の選考に活かせる面接だった。"
サッポロエンジニアリング株式会社,sapporo.eng.118@example.com,S20250098,P20250188,試験_面接,継続（合格）,2032-07-22 14:00,2032-07-22 14:30,オンライン・単独,自宅,1,エンジニア,"チーム開発でのトラブル対応、技術的な興味、ポートフォリオでの挑戦点について聞かれた。終始和やかな雰囲気で、会話形式で進んだ。専門用語を分かりやすく説明する練習が必要だと感じた。選考は次のステップに進むことになり、引き続き準備を進めていく必要があると感じた。"
サッポロエンジニアリング株式会社,sapporo.eng.119@example.com,S20250099,P20250189,試験_面接,継続（合格）,2032-07-25 11:00,2032-07-25 11:40,オンライン・単独,自宅,1,人事・エンジニア,"長所と短所、ガクチカ、会社への貢献意欲について質問された。淡々としていたが、質問は鋭かった。緊張すると早口になるため、落ち着いて話す意識が必要だと感じた。選考は次のステップに進むことになり、引き続き準備を進めていく必要があると感じた。"
サッポロエンジニアリング株式会社,sapporo.eng.120@example.com,S20250100,P20250190,試験_面接,内定,2032-07-28 09:00,2032-07-28 09:30,オンライン・単独,自宅,1,人事,"周囲からの評価、価値観、アルバイト経験について聞かれた。全体的に穏やかな雰囲気で、和やかに進んだ。熱意と一貫性のある回答が評価され、内定となった。"
株式会社ホライズンテック,horizon.tech.111@example.com,S20250101,P20250191,試験_面接,継続（合格）,2032-08-01 14:00,2032-08-01 14:50,オンライン・単独,自宅,1,人事・エンジニア,"株式会社ホライズンテックでの試験_面接では、技術的な興味、キャリアビジョン、チーム開発での工夫点について質問された。回答の背景や理由を詳しく問われた。技術的な知識の応用力を高める必要性を感じた。選考は次のステップに進むことになり、引き続き準備を進めていく必要があると感じた。"
株式会社ホライズンテック,horizon.tech.112@example.com,S20250102,P20250192,試験_面接,落選,2032-08-04 10:00,2032-08-04 10:30,オンライン・単独,自宅,1,人事,"入社後の目標、価値観、ストレスへの対処方法について深掘りされた。やや厳しめではあったが、誠実に話を聞いてもらえた。自己分析の甘さを痛感した。結果としては不合格だったものの、今後の改善点が明確になり次の選考に活かせる面接だった。"
株式会社ホライズンテック,horizon.tech.113@example.com,S20250103,P20250193,試験_面接,内定,2032-08-07 16:00,2032-08-07 16:20,オンライン・単独,自宅,1,エンジニア,"ポートフォリオの詳細、技術的な課題解決、レビューの受け方について重点的に問われた。淡々としていたが、質問は鋭かった。論理的な思考力と自己成長への意欲が評価され、内定となった。"
株式会社ホライズンテック,horizon.tech.114@example.com,S20250104,P20250194,試験_面接,継続（合格）,2032-08-10 11:00,2032-08-10 11:30,オンライン・単独,自宅,1,人事,"ガクチカ、アルバイト経験、札幌で働く理由について質問された。具体的なエピソードを何度も深掘りされた。話の論理性を高める必要性を感じた。選考は次のステップに進むことになり、引き続き準備を進めていく必要があると感じた。"
株式会社ホライズンテック,horizon.tech.115@example.com,S20250105,P20250195,試験_面接,継続（合格）,2032-08-13 09:00,2032-08-13 09:20,オンライン・単独,自宅,1,人事・エンジニア,"失敗経験から何を学んだか、技術への情熱、学生時代に頑張ったことについて深掘りされた。静かな緊張感はあったものの、こちらの話を真摯に受け止めてくれた。結論ファーストを徹底する訓練が必要だと感じた。選考は次のステップに進むことになり、引き続き準備を進めていく必要があると感じた。"
株式会社ホライズンテック,horizon.tech.116@example.com,S20250106,P20250196,試験_面接,落選,2032-08-16 15:00,2032-08-16 15:40,オンライン・単独,自宅,1,人事,"将来像、チーム開発でのトラブル対応、他社との比較について聞かれた。やや厳しめではあったが、質問の意図は明確だった。技術知識の幅と深さが足りなかったと痛感した。結果としては不合格だったものの、今後の改善点が明確になり次の選考に活かせる面接だった。"
株式会社ホライズンテック,horizon.tech.117@example.com,S20250107,P20250197,試験_面接,継続（合格）,2032-08-19 10:30,2032-08-19 11:00,オンライン・単独,自宅,1,エンジニア,"Git経験、学校で学んだ専門技術、入社後の貢献について質問された。面接官が明るく、非常に話しやすい雰囲気だった。逆質問のバリエーションを増やしておくべきだったと反省した。選考は次のステップに進むことになり、引き続き準備を進めていく必要があると感じた。"
株式会社ホライズンテック,horizon.tech.118@example.com,S20250108,P20250198,試験_面接,継続（合格）,2032-08-22 14:00,2032-08-22 14:30,オンライン・単独,自宅,1,人事・エンジニア,"会社の理念に対する共感度、困難を乗り越えた経験、チーム開発での役割について聞かれた。回答の背景や理由を詳しく問われた。自己PRの構成を見直す必要があると感じた。選考は次のステップに進むことになり、引き続き準備を進めていく必要があると感じた。"
株式会社ホライズンテック,horizon.tech.119@example.com,S20250109,P20250199,試験_面接,落選,2032-08-25 11:00,2032-08-25 11:40,オンライン・単独,自宅,1,人事,"長所と短所、周囲からの評価、HCSを選んだ理由について聞かれた。淡々としていたが、質問は鋭かった。企業研究の甘さを痛感した。結果としては不合格だったものの、今後の改善点が明確になり次の選考に活かせる面接だった。"
株式会社ホライズンテック,horizon.tech.120@example.com,S20250110,P20250200,試験_面接,内定,2032-08-28 09:00,2032-08-28 09:30,オンライン・単独,自宅,1,人事・エンジニア,"技術への情熱、会社への貢献意欲、学生時代の経験全般について深く問われた。終始和やかな雰囲気で、リラックスして話せた。自己理解の深さとコミュニケーション能力が評価され、内定となった。"
株式会社アルファテック,alfa.tech.121@example.com,S20250111,P20250111,試験_面接,継続（合格）,2032-09-01 14:00,2032-09-01 14:50,オンライン・単独,自宅,2,人事・エンジニア,"技術的な興味、ポートフォリオでの挑戦点、今後のキャリアプランについて深く問われた。回答に一貫性があり、論理性が評価された。選考は次のステップに進むことになり、引き続き準備を進めていく必要があると感じた。"
株式会社アルファテック,alfa.tech.122@example.com,S20250112,P20250112,試験_面接,落選,2032-09-04 10:00,2032-09-04 10:30,オンライン・単独,自宅,2,人事,"入社後の目標、長所と短所、周囲からの評価について聞かれた。淡々としていたが、質問は鋭かった。自己分析の深さが不足していると痛感した。結果としては不合格だったものの、今後の改善点が明確になり次の選考に活かせる面接だった。"
株式会社アルファテック,alfa.tech.123@example.com,S20250113,P20250113,試験_面接,継続（合格）,2032-09-07 16:00,2032-09-07 16:20,オンライン・単独,自宅,2,エンジニア,"技術選定の理由、Git経験、チーム開発でのトラブル対応について重点的に問われた。具体的なエピソードを何度も深掘りされた。技術的な知識の応用力を高める必要性を感じた。選考は次のステップに進むことになり、引き続き準備を進めていく必要があると感じた。"
株式会社アルファテック,alfa.tech.124@example.com,S20250114,P20250114,試験_面接,継続（合格）,2032-09-10 11:00,2032-09-10 11:30,オンライン・単独,自宅,2,人事,"志望動機、価値観、失敗経験から何を学んだかについて質問された。面接官が明るく、非常に話しやすい雰囲気だった。結論ファーストを徹底する訓練が必要だと感じた。選考は次のステップに進むことになり、引き続き準備を進めていく必要があると感じた。"
株式会社アルファテック,alfa.tech.125@example.com,S20250115,P20250115,試験_面接,内定,2032-09-13 09:00,2032-09-13 09:20,オンライン・単独,自宅,2,人事・エンジニア,"困難を乗り越えた経験、会社への貢献意欲、学生時代に最も力を入れたことについて深く問われた。熱意と論理的な回答が高く評価され内定となった。"
株式会社アルファテック,alfa.tech.126@example.com,S20250116,P20250116,試験_面接,落選,2032-09-16 15:00,2032-09-16 15:40,オンライン・単独,自宅,2,人事,"札幌で働く理由、HCSを選んだ理由、他社との比較について聞かれた。やや厳しめではあったが、質問の意図は明確だった。企業研究の甘さを痛感した。結果としては不合格だったものの、今後の改善点が明確になり次の選考に活かせる面接だった。"
株式会社アルファテック,alfa.tech.127@example.com,S20250117,P20250117,試験_面接,継続（合格）,2032-09-19 10:30,2032-09-19 11:00,オンライン・単独,自宅,2,エンジニア,"技術への情熱、学校で学んだ専門技術、レビューの受け方について質問された。静かな緊張感はあったものの、こちらの話を真摯に受け止めてくれた。専門用語を分かりやすく説明する練習が必要だと感じた。選考は次のステップに進むことになり、引き続き準備を進めていく必要があると感じた。"
株式会社アルファテック,alfa.tech.128@example.com,S20250118,P20250118,試験_面接,継続（合格）,2032-09-22 14:00,2032-09-22 14:30,オンライン・単独,自宅,2,人事・エンジニア,"将来像、チーム開発での役割、学生時代の経験全般について聞かれた。終始和やかな雰囲気で、会話形式で進んだ。緊張すると早口になるため、落ち着いて話す意識が必要だと感じた。選考は次のステップに進むことになり、引き続き準備を進めていく必要があると感じた。"
株式会社アルファテック,alfa.tech.129@example.com,S20250119,P20250119,試験_面接,継続（合格）,2032-09-25 11:00,2032-09-25 11:40,オンライン・単独,自宅,2,人事,"アルバイト経験、会社の理念への共感度、ガクチカについて深く問われた。具体的なエピソードを何度も深掘りされた。話の論理性を高める必要性を感じた。選考は次のステップに進むことになり、引き続き準備を進めていく必要があると感じた。"
株式会社アルファテック,alfa.tech.130@example.com,S20250120,P20250120,試験_面接,内定,2032-09-28 09:00,2032-09-28 09:30,オンライン・単独,自宅,2,エンジニア,"技術的な課題解決、入社後の貢献、ポートフォリオでの挑戦点について問われた。技術的な深い理解と問題解決能力が評価され、内定となった。"
株式会社ビーリンク,be.link.121@example.com,S20250121,P20250121,試験_面接,継続（合格）,2032-10-01 14:00,2032-10-01 14:50,オンライン・単独,自宅,2,人事・エンジニア,"技術選定の理由、入社後の目標、技術的な興味について深く問われた。淡々としていたが、的確に核心を突く質問が多かった。自己PRの構成を見直す必要があると感じた。選考は次のステップに進むことになり、引き続き準備を進めていく必要があると感じた。"
株式会社ビーリンク,be.link.122@example.com,S20250122,P20250122,試験_面接,落選,2032-10-04 10:00,2032-10-04 10:30,オンライン・単独,自宅,2,人事,"価値観、ストレスへの対処方法、長所と短所について深掘りされた。やや厳しめではあったが、誠実に話を聞いてもらえた。自己分析の甘さを痛感した。結果としては不合格だったものの、今後の改善点が明確になり次の選考に活かせる面接だった。"
株式会社ビーリンク,be.link.123@example.com,S20250123,P20250123,試験_面接,継続（合格）,2032-10-07 16:00,2032-10-07 16:20,オンライン・単独,自宅,2,エンジニア,"Git経験、学校で学んだ専門技術、技術的な課題解決について質問された。終始和やかな雰囲気で、リラックスして話せた。技術的な知識の確認を徹底する必要があると学んだ。選考は次のステップに進むことになり、引き続き準備を進めていく必要があると感じた。"
株式会社ビーリンク,be.link.124@example.com,S20250124,P20250124,試験_面接,継続（合格）,2032-10-10 11:00,2032-10-10 11:30,オンライン・単独,自宅,2,人事,"周囲からの評価、失敗経験から何を学んだか、アルバイト経験について聞かれた。回答の背景や理由を詳しく問われた。専門用語を分かりやすく説明する練習が必要だと感じた。選考は次のステップに進むことになり、引き続き準備を進めていく必要があると感じた。"
株式会社ビーリンク,be.link.125@example.com,S20250125,P20250125,試験_面接,内定,2032-10-13 09:00,2032-10-13 09:20,オンライン・単独,自宅,2,人事・エンジニア,"チーム開発での役割、HCSを選んだ理由、困難を乗り越えた経験について深く問われた。論理的な思考力と入社意欲の高さが評価され、内定となった。"
株式会社ビーリンク,be.link.126@example.com,S20250126,P20250126,試験_面接,落選,2032-10-16 15:00,2032-10-16 15:40,オンライン・単独,自宅,2,人事,"将来像、会社への貢献意欲、学生時代の経験全般について質問された。淡々としていたが、質問は鋭かった。企業研究の甘さを痛感した。結果としては不合格だったものの、今後の改善点が明確になり次の選考に活かせる面接だった。"
株式会社ビーリンク,be.link.127@example.com,S20250127,P20250127,試験_面接,継続（合格）,2032-10-19 10:30,2032-10-19 11:00,オンライン・単独,自宅,2,エンジニア,"技術への情熱、レビューの受け方、ポートフォリオでの挑戦点について重点的に深掘りされた。具体的なエピソードを何度も深掘りされた。結論ファーストを徹底する訓練が必要だと感じた。選考は次のステップに進むことになり、引き続き準備を進めていく必要があると感じた。"
株式会社ビーリンク,be.link.128@example.com,S20250128,P20250128,試験_面接,継続（合格）,2032-10-22 14:00,2032-10-22 14:30,オンライン・単独,自宅,2,人事・エンジニア,"キャリアビジョン、他社との比較、札幌で働く理由について聞かれた。面接官が明るく、非常に話しやすい雰囲気だった。緊張すると早口になるため、落ち着いて話す意識が必要だと感じた。選考は次のステップに進むことになり、引き続き準備を進めていく必要があると感じた。"
株式会社ビーリンク,be.link.129@example.com,S20250129,P20250129,試験_面接,継続（合格）,2032-10-25 11:00,2032-10-25 11:40,オンライン・単独,自宅,2,人事,"会社の理念への共感度、チーム開発でのトラブル対応、長所と短所について深く問われた。静かな緊張感はあったものの、こちらの話を受け止めてくれた。逆質問のバリエーションを増やしておくべきだったと反省した。選考は次のステップに進むことになり、引き続き準備を進めていく必要があると感じた。"
株式会社ビーリンク,be.link.130@example.com,S20250130,P20250130,試験_面接,内定,2032-10-28 09:00,2032-10-28 09:30,オンライン・単独,自宅,2,エンジニア,"技術的な興味、学生時代の経験全般、入社後の貢献について質問された。技術的な知識の深さと自己成長への意欲が評価され、内定となった。"
クリエイトソリューションズ株式会社,create.sol.121@example.com,S20250131,P20250131,試験_面接,継続（合格）,2032-11-01 14:00,2032-11-01 14:50,オンライン・単独,自宅,2,人事,"志望動機、価値観、周囲からの評価について質問された。やや厳しめではあったが、質問は鋭かった。技術的な知識の応用力を高める必要性を感じた。選考は次のステップに進むことになり、引き続き準備を進めていく必要があると感じた。"
クリエイトソリューションズ株式会社,create.sol.122@example.com,S20250132,P20250132,試験_面接,内定,2032-11-04 10:00,2032-11-04 10:30,オンライン・単独,自宅,2,エンジニア,"技術選定の理由、ポートフォリオでの挑戦点、技術的な課題解決について重点的に聞かれた。終始和やかな雰囲気で、話しやすかった。技術への深い関心と論理的な説明能力が評価され、内定となった。"
クリエイトソリューションズ株式会社,create.sol.123@example.com,S20250133,P20250133,試験_面接,落選,2032-11-07 16:00,2032-11-07 16:20,オンライン・単独,自宅,2,人事・エンジニア,"入社後のキャリアプラン、チーム開発での役割、失敗経験から何を学んだかについて深く問われた。淡々としていたが、的確に核心を突く質問が多かった。話の論理性を高める必要性を感じた。結果としては不合格だったものの、今後の改善点が明確になり次の選考に活かせる面接だった。"
クリエイトソリューションズ株式会社,create.sol.124@example.com,S20250134,P20250134,試験_面接,継続（合格）,2032-11-10 11:00,2032-11-10 11:30,オンライン・単独,自宅,2,人事,"長所と短所、アルバイト経験、HCSを選んだ理由について質問された。具体的なエピソードを何度も深掘りされた。自己PRの構成を見直す必要があると感じた。選考は次のステップに進むことになり、引き続き準備を進めていく必要があると感じた。"
クリエイトソリューションズ株式会社,create.sol.125@example.com,S20250135,P20250135,試験_面接,継続（合格）,2032-11-13 09:00,2032-11-13 09:20,オンライン・単独,自宅,2,エンジニア,"技術への情熱、レビューの受け方、学校で学んだ専門技術について聞かれた。やや厳しめではあったが、質問の意図は明確だった。技術的な知識の確認を徹底する必要があると学んだ。選考は次のステップに進むことになり、引き続き準備を進めていく必要があると感じた。"
クリエイトソリューションズ株式会社,create.sol.126@example.com,S20250136,P20250136,試験_面接,落選,2032-11-16 15:00,2032-11-16 15:40,オンライン・単独,自宅,2,人事・エンジニア,"困難を乗り越えた経験、会社への貢献意欲、将来像について問われた。回答の背景や理由を詳しく問われた。企業研究の甘さを痛感した。結果としては不合格だったものの、今後の改善点が明確になり次の選考に活かせる面接だった。"
クリエイトソリューションズ株式会社,create.sol.127@example.com,S20250137,P20250137,試験_面接,継続（合格）,2032-11-19 10:30,2032-11-19 11:00,オンライン・単独,自宅,2,人事,"札幌で働く理由、学生時代の経験全般、他社との比較について深掘りされた。静かな緊張感はあったものの、こちらの話を真摯に受け止めてくれた。専門用語を分かりやすく説明する練習が必要だと感じた。選考は次のステップに進むことになり、引き続き準備を進めていく必要があると感じた。"
クリエイトソリューションズ株式会社,create.sol.128@example.com,S20250138,P20250138,試験_面接,継続（合格）,2032-11-22 14:00,2032-11-22 14:30,オンライン・単独,自宅,2,エンジニア,"会社の理念への共感、Git経験、チーム開発でのトラブル対応について重点的に問われた。面接官が明るく、非常に話しやすい雰囲気だった。結論ファーストを徹底する訓練が必要だと感じた。選考は次のステップに進むことになり、引き続き準備を進めていく必要があると感じた。"
クリエイトソリューションズ株式会社,create.sol.129@example.com,S20250139,P20250139,試験_面接,内定,2032-11-25 11:00,2032-11-25 11:40,オンライン・単独,自宅,2,人事・エンジニア,"志望動機、技術的な興味、キャリアビジョンについて深く問われた。終始和やかな雰囲気で、リラックスして話せた。技術的な深い理解とチームでの貢献意欲が評価され、内定となった。"
クリエイトソリューションズ株式会社,create.sol.130@example.com,S20250140,P20250140,試験_面接,継続（合格）,2032-11-28 09:00,2032-11-28 09:30,オンライン・単独,自宅,2,人事,"ガクチカ、長所と短所、入社後の目標について質問された。具体的なエピソードを何度も深掘りされた。緊張すると早口になるため、落ち着いて話す意識が必要だと感じた。選考は次のステップに進むことになり、引き続き準備を進めていく必要があると感じた。"
株式会社デジタルリンク,digi.link.121@example.com,S20250141,P20250141,試験_面接,継続（合格）,2032-12-01 14:00,2032-12-01 14:50,オンライン・単独,自宅,2,人事・エンジニア,"技術的な興味、学校で学んだこと、チーム開発での役割について質問された。淡々としていたが、質問は鋭かった。専門用語を分かりやすく説明する練習が必要だと感じた。選考は次のステップに進むことになり、引き続き準備を進めていく必要があると感じた。"
株式会社デジタルリンク,digi.link.122@example.com,S20250142,P20250142,試験_面接,落選,2032-12-04 10:00,2032-12-04 10:30,オンライン・単独,自宅,2,人事,"志望動機、長所と短所、ストレスへの対処方法について聞かれた。やや厳しめではあったが、質問の意図は明確だった。自己分析の甘さを痛感した。結果としては不合格だったものの、今後の改善点が明確になり次の選考に活かせる面接だった。"
株式会社デジタルリンク,digi.link.123@example.com,S20250143,P20250143,試験_面接,内定,2032-12-07 16:00,2032-12-07 16:20,オンライン・単独,自宅,2,エンジニア,"技術選定の理由、ポートフォリオでの挑戦点、技術的な課題解決について重点的に聞かれた。面接官が明るく、非常に話しやすい雰囲気だった。技術的な深い理解と問題解決能力が評価され、内定となった。"
株式会社デジタルリンク,digi.link.124@example.com,S20250144,P20250144,試験_面接,継続（合格）,2032-12-10 11:00,2032-12-10 11:30,オンライン・単独,自宅,2,人事,"周囲からの評価、入社後の目標、アルバイト経験について質問された。回答の背景や理由を詳しく問われた。逆質問のバリエーションを増やしておくべきだったと反省した。選考は次のステップに進むことになり、引き続き準備を進めていく必要があると感じた。"
株式会社デジタルリンク,digi.link.125@example.com,S20250145,P20250145,試験_面接,継続（合格）,2032-12-13 09:00,2032-12-13 09:20,オンライン・単独,自宅,2,人事・エンジニア,"HCSを選んだ理由、レビューの受け方、会社への貢献意欲について質問された。具体的なエピソードを何度も深掘りされた。自己PRの構成を見直す必要があると感じた。選考は次のステップに進むことになり、引き続き準備を進めていく必要があると感じた。"
株式会社デジタルリンク,digi.link.126@example.com,S20250146,P20250146,試験_面接,落選,2032-12-16 15:00,2032-12-16 15:40,オンライン・単独,自宅,2,人事,"将来像、困難を乗り越えた経験、学生時代の経験全般について深掘りされた。静かな緊張感はあったものの、こちらの話を真摯に受け止めてくれた。企業研究の甘さを痛感した。結果としては不合格だったものの、今後の改善点が明確になり次の選考に活かせる面接だった。"
株式会社デジタルリンク,digi.link.127@example.com,S20250147,P20250147,試験_面接,内定,2032-12-19 10:30,2032-12-19 11:00,オンライン・単独,自宅,2,エンジニア,"技術への情熱、Git経験、チーム開発でのトラブル対応について聞かれた。終始和やかな雰囲気で、会話形式で進んだ。熱意と技術的な背景説明の論理性が評価され、内定となった。"
株式会社デジタルリンク,digi.link.128@example.com,S20250148,P20250148,試験_面接,継続（合格）,2032-12-22 14:00,2032-12-22 14:30,オンライン・単独,自宅,2,人事・エンジニア,"キャリアビジョン、札幌で働く理由、失敗経験から何を学んだかについて深く問われた。やや厳しめではあったが、質問は鋭かった。技術的な知識の応用力を高める必要性を感じた。選考は次のステップに進むことになり、引き続き準備を進めていく必要があると感じた。"
株式会社デジタルリンク,digi.link.129@example.com,S20250149,P20250149,試験_面接,継続（合格）,2032-12-25 11:00,2032-12-25 11:40,オンライン・単独,自宅,2,人事,"価値観、他社との違い、アルバイト経験について聞かれた。淡々としていたが、回答の背景を詳しく問われた。話の論理性を高める必要性を感じた。選考は次のステップに進むことになり、引き続き準備を進めていく必要があると感じた。"
株式会社デジタルリンク,digi.link.130@example.com,S20250150,P20250150,試験_面接,落選,2032-12-28 09:00,2032-12-28 09:30,オンライン・単独,自宅,2,エンジニア,"技術的な興味、長所と短所、学生時代の経験全般について聞かれた。具体的なエピソードを何度も深掘りされた。技術知識の幅と深さが足りなかったと痛感した。結果としては不合格だったものの、今後の改善点が明確になり次の選考に活かせる面接だった。"
株式会社エムライン,m.line.121@example.com,S20250151,P20250151,試験_面接,継続（合格）,2033-01-01 14:00,2033-01-01 14:50,オンライン・単独,自宅,2,人事・エンジニア,"技術的な興味、チーム開発での工夫点、札幌で働く理由について質問された。面接官が明るく、非常に話しやすい雰囲気だった。結論ファーストを徹底する訓練が必要だと感じた。選考は次のステップに進むことになり、引き続き準備を進めていく必要があると感じた。"
株式会社エムライン,m.line.122@example.com,S20250152,P20250152,試験_面接,継続（合格）,2033-01-04 10:00,2033-01-04 10:30,オンライン・単独,自宅,2,人事,"志望動機、周囲からの評価、困難な状況への対処法について深掘りされた。やや厳しめではあったが、質問の意図は明確だった。技術的な知識の確認を徹底する必要があると学んだ。選考は次のステップに進むことになり、引き続き準備を進めていく必要があると感じた。"
株式会社エムライン,m.line.123@example.com,S20250153,P20250153,試験_面接,内定,2033-01-07 16:00,2033-01-07 16:20,オンライン・単独,自宅,2,エンジニア,"ポートフォリオでの挑戦点、技術的な失敗とそこからの学び、入社後の貢献について重点的に問われた。終始和やかな雰囲気で、リラックスして話せた。技術的な背景を論理的に説明できた点が評価され、内定となった。"
株式会社エムライン,m.line.124@example.com,S20250154,P20250154,試験_面接,落選,2033-01-10 11:00,2033-01-10 11:30,オンライン・単独,自宅,2,人事,"ガクチカ、価値観、アルバイト経験について質問された。淡々としていたが、質問は鋭かった。逆質問のバリエーションを増やしておくべきだったと反省した。結果としては不合格だったものの、今後の改善点が明確になり次の選考に活かせる面接だった。"
株式会社エムライン,m.line.125@example.com,S20250155,P20250155,試験_面接,継続（合格）,2033-01-13 09:00,2033-01-13 09:20,オンライン・単独,自宅,2,人事・エンジニア,"キャリアビジョン、会社への貢献意欲、HCSを選んだ理由について深掘りされた。具体的なエピソードを何度も深掘りされた。自己PRの構成を見直す必要があると感じた。選考は次のステップに進むことになり、引き続き準備を進めていく必要があると感じた。"
株式会社エムライン,m.line.126@example.com,S20250156,P20250156,試験_面接,継続（合格）,2033-01-16 15:00,2033-01-16 15:40,オンライン・単独,自宅,2,人事,"長所と短所、入社後の目標、他社との比較について聞かれた。回答の背景や理由を詳しく問われた。専門用語を分かりやすく説明する練習が必要だと感じた。選考は次のステップに進むことになり、引き続き準備を進めていく必要があると感じた。"
株式会社エムライン,m.line.127@example.com,S20250157,P20250157,試験_面接,落選,2033-01-19 10:30,2033-01-19 11:00,オンライン・単独,自宅,2,エンジニア,"Gitの具体的な利用経験、技術的な課題解決、レビューの受け方について質問された。静かな緊張感はあったものの、こちらの話を真摯に受け止めてくれた。話の論理性を高める必要性を感じた。結果としては不合格だったものの、今後の改善点が明確になり次の選考に活かせる面接だった。"
株式会社エムライン,m.line.128@example.com,S20250158,P20250158,試験_面接,継続（合格）,2033-01-22 14:00,2033-01-22 14:30,オンライン・単独,自宅,2,人事・エンジニア,"技術への情熱、会社の理念に対する共感度、チーム開発でのトラブル対応について深く問われた。やや厳しめではあったが、的確に核心を突く質問が多かった。緊張すると早口になるため、落ち着いて話す意識が必要だと感じた。選考は次のステップに進むことになり、引き続き準備を進めていく必要があると感じた。"
株式会社エムライン,m.line.129@example.com,S20250159,P20250159,試験_面接,内定,2033-01-25 11:00,2033-01-25 11:40,オンライン・単独,自宅,2,人事,"将来像、チーム開発での役割、学生時代の経験全般について聞かれた。面接官が親身になって話を聞いてくれる印象だった。自己理解の深さと入社意欲の高さが評価され、内定となった。"
株式会社エムライン,m.line.130@example.com,S20250160,P20250160,試験_面接,継続（合格）,2033-01-28 09:00,2033-01-28 09:30,オンライン・単独,自宅,2,エンジニア,"学校で学んだ専門技術、困難を乗り越えた経験、失敗経験から何を学んだかについて聞かれた。終始和やかな雰囲気で、会話形式で進んだ。自己分析をもう一段深める必要があると感じる。選考は次のステップに進むことになり、引き続き準備を進めていく必要があると感じた。"
株式会社フォースウェーブ,force.wave.121@example.com,S20250161,P20250161,試験_面接,継続（合格）,2033-02-01 14:00,2033-02-01 14:50,オンライン・単独,自宅,2,人事,"志望動機、長所と短所、周囲からの評価について質問された。淡々としていたが、的確に核心を突く質問が多かった。技術的な知識の確認を徹底する必要があると学んだ。選考は次のステップに進むことになり、引き続き準備を進めていく必要があると感じた。"
株式会社フォースウェーブ,force.wave.122@example.com,S20250162,P20250162,試験_面接,落選,2033-02-04 10:00,2033-02-04 10:30,オンライン・単独,自宅,2,エンジニア,"技術的な興味、ポートフォリオでの挑戦点、技術選定の理由について重点的に聞かれた。具体的なエピソードを何度も深掘りされた。技術知識の幅と深さが足りなかったと痛感した。結果としては不合格だったものの、今後の改善点が明確になり次の選考に活かせる面接だった。"
株式会社フォースウェーブ,force.wave.123@example.com,S20250163,P20250163,試験_面接,内定,2033-02-07 16:00,2033-02-07 16:20,オンライン・単独,自宅,2,人事・エンジニア,"Git経験、レビューの受け方、チーム開発での役割について深掘りされた。静かな緊張感はあったものの、こちらの話を受け止めてくれた。技術的な深掘りにも論理的に答えられ、高い評価を得て内定となった。"
株式会社フォースウェーブ,force.wave.124@example.com,S20250164,P20250164,試験_面接,継続（合格）,2033-02-10 11:00,2033-02-10 11:30,オンライン・単独,自宅,2,人事,"キャリアビジョン、会社への貢献意欲、HCSを選んだ理由について問われた。回答の背景や理由を詳しく問われた。専門用語を分かりやすく説明する練習が必要だと感じた。選考は次のステップに進むことになり、引き続き準備を進めていく必要があると感じた。"
株式会社フォースウェーブ,force.wave.125@example.com,S20250165,P20250165,試験_面接,継続（合格）,2033-02-13 09:00,2033-02-13 09:20,オンライン・単独,自宅,2,エンジニア,"技術への情熱、入社後の貢献、技術的な課題解決について深く問われた。やや厳しめではあったが、質問の意図は明確だった。技術的な知識の応用力を高める必要性を感じた。選考は次のステップに進むことになり、引き続き準備を進めていく必要があると感じた。"
株式会社フォースウェーブ,force.wave.126@example.com,S20250166,P20250166,試験_面接,落選,2033-02-16 15:00,2033-02-16 15:40,オンライン・単独,自宅,2,人事・エンジニア,"入社後の目標、学生時代に頑張ったこと、札幌で働く理由について問われた。面接官が明るく、非常に話しやすい雰囲気だった。話の論理性を高める必要性を感じた。結果としては不合格だったものの、今後の改善点が明確になり次の選考に活かせる面接だった。"
株式会社フォースウェーブ,force.wave.127@example.com,S20250167,P20250167,試験_面接,継続（合格）,2033-02-19 10:30,2033-02-19 11:00,オンライン・単独,自宅,2,人事,"アルバイト経験、将来像、ストレスへの対処方法について質問された。淡々としていたが、質問は鋭かった。結論ファーストを徹底する訓練が必要だと感じた。選考は次のステップに進むことになり、引き続き準備を進めていく必要があると感じた。"
株式会社フォースウェーブ,force.wave.128@example.com,S20250168,P20250168,試験_面接,継続（合格）,2033-02-22 14:00,2033-02-22 14:30,オンライン・単独,自宅,2,エンジニア,"価値観、会社の理念への共感度、チーム開発でのトラブル対応について質問された。終始和やかな雰囲気で、会話形式で進んだ。逆質問のバリエーションを増やしておくべきだったと反省した。選考は次のステップに進むことになり、引き続き準備を進めていく必要があると感じた。"
株式会社フォースウェーブ,force.wave.129@example.com,S20250169,P20250169,試験_面接,内定,2033-02-25 11:00,2033-02-25 11:40,オンライン・単独,自宅,2,人事,"ガクチカ、困難な状況への対処法、他社との比較について聞かれた。全体的に穏やかな雰囲気で、リラックスして話せた。技術的な知識の深さと論理的な説明力が評価され、内定となった。"
株式会社フォースウェーブ,force.wave.130@example.com,S20250170,P20250170,試験_面接,継続（合格）,2033-02-28 09:00,2033-02-28 09:30,オンライン・単独,自宅,2,人事・エンジニア,"長所と短所、学生時代の経験全般、失敗経験から何を学んだかについて質問された。やや厳しめではあったが、誠実に話を聞いてもらえた。自己分析の甘さを痛感した。選考は次のステップに進むことになり、引き続き準備を進めていく必要があると感じた。"
ノースシステム株式会社,north.sys.121@example.com,S20250171,P20250171,試験_面接,継続（合格）,2033-03-01 14:00,2033-03-01 14:50,オンライン・単独,自宅,2,人事・エンジニア,"志望動機、キャリアビジョン、技術的な興味について深く聞かれた。具体的なエピソードを何度も深掘りされた。企業研究をより進める必要を実感した。選考は次のステップに進むことになり、引き続き準備を進めていく必要があると感じた。"
ノースシステム株式会社,north.sys.122@example.com,S20250172,P20250172,試験_面接,継続（合格）,2033-03-04 10:00,2033-03-04 10:30,オンライン・単独,自宅,2,人事,"長所と短所、価値観、ストレスへの対処方法について質問された。回答の背景や理由を詳しく問われた。自己PRの構成を見直す必要があると感じた。選考は次のステップに進むことになり、引き続き準備を進めていく必要があると感じた。"
ノースシステム株式会社,north.sys.123@example.com,S20250173,P20250173,試験_面接,落選,2033-03-07 16:00,2033-03-07 16:20,オンライン・単独,自宅,2,エンジニア,"技術選定の理由、ポートフォリオの詳細、チーム開発での役割、学生時代の経験全般について深掘りされた。静かな緊張感はあったものの、こちらの話を真摯に受け止めてくれた。技術知識の幅と深さが足りなかったと痛感した。結果としては不合格だったものの、今後の改善点が明確になり次の選考に活かせる面接だった。"
ノースシステム株式会社,north.sys.124@example.com,S20250174,P20250174,試験_面接,内定,2033-03-10 11:00,2033-03-10 11:30,オンライン・単独,自宅,2,人事,"周囲からの評価、アルバイト経験、HCSを選んだ理由について聞かれた。やや厳しめではあったが、質問の意図は明確だった。将来への展望と論理的な思考力が評価され、内定となった。"
ノースシステム株式会社,north.sys.125@example.com,S20250175,P20250175,試験_面接,継続（合格）,2033-03-13 09:00,2033-03-13 09:20,オンライン・単独,自宅,2,人事・エンジニア,"困難を乗り越えた経験、学校で学んだこと、技術的な課題解決について質問された。淡々としていたが、質問は鋭かった。技術的な知識の応用力を高める必要性を感じた。選考は次のステップに進むことになり、引き続き準備を進めていく必要があると感じた。"
ノースシステム株式会社,north.sys.126@example.com,S20250176,P20250176,試験_面接,継続（合格）,2033-03-16 15:00,2033-03-16 15:40,オンライン・単独,自宅,2,人事,"ガクチカ、将来像、他社との比較について深掘りされた。終始和やかな雰囲気で、会話形式で進んだ。専門用語を分かりやすく説明する練習が必要だと感じた。選考は次のステップに進むことになり、引き続き準備を進めていく必要があると感じた。"
ノースシステム株式会社,north.sys.127@example.com,S20250177,P20250177,試験_面接,落選,2033-03-19 10:30,2033-03-19 11:00,オンライン・単独,自宅,2,エンジニア,"技術への情熱、レビューの受け方、チーム開発でのトラブル対応について質問された。面接官が明るく、非常に話しやすい雰囲気だった。自己分析の甘さを痛感した。結果としては不合格だったものの、今後の改善点が明確になり次の選考に活かせる面接だった。"
ノースシステム株式会社,north.sys.128@example.com,S20250178,P20250178,試験_面接,継続（合格）,2033-03-22 14:00,2033-03-22 14:30,オンライン・単独,自宅,2,人事・エンジニア,"会社への貢献意欲、札幌で働く理由、長所と短所について聞かれた。回答の背景や理由を詳しく問われた。話の論理性を高める必要性を感じた。選考は次のステップに進むことになり、引き続き準備を進めていく必要があると感じた。"
ノースシステム株式会社,north.sys.129@example.com,S20250179,P20250179,試験_面接,内定,2033-03-25 11:00,2033-03-25 11:40,オンライン・単独,自宅,2,エンジニア,"Git経験、入社後の貢献、技術的な課題解決について重点的に問われた。全体的に穏やかな雰囲気で、和やかに進んだ。技術的な背景を論理的に説明できた点が評価され、内定となった。"
ノースシステム株式会社,north.sys.130@example.com,S20250180,P20250180,試験_面接,継続（合格）,2033-03-28 09:00,2033-03-28 09:30,オンライン・単独,自宅,2,人事,"入社後の目標、キャリアビジョン、失敗経験から何を学んだかについて深く問われた。やや厳しめではあったが、的確に核心を突く質問が多かった。緊張すると早口になるため、落ち着いて話す意識が必要だと感じた。選考は次のステップに進むことになり、引き続き準備を進めていく必要があると感じた。"
株式会社ライフネットワーク,life.net.121@example.com,S20250181,P20250181,試験_面接,継続（合格）,2033-04-01 14:00,2033-04-01 14:50,オンライン・単独,自宅,2,人事・エンジニア,"技術的な興味、ポートフォリオでの挑戦点、Git経験について質問された。淡々としていたが、質問は鋭かった。結論ファーストを徹底する訓練が必要だと感じた。選考は次のステップに進むことになり、引き続き準備を進めていく必要があると感じた。"
株式会社ライフネットワーク,life.net.122@example.com,S20250182,P20250182,試験_面接,落選,2033-04-04 10:00,2033-04-04 10:30,オンライン・単独,自宅,2,人事,"長所と短所、志望動機、価値観について深掘りされた。具体的なエピソードを何度も深掘りされた。企業研究の甘さを痛感した。結果としては不合格だったものの、今後の改善点が明確になり次の選考に活かせる面接だった。"
株式会社ライフネットワーク,life.net.123@example.com,S20250183,P20250183,試験_面接,継続（合格）,2033-04-07 16:00,2033-04-07 16:20,オンライン・単独,自宅,2,エンジニア,"技術選定の理由、チーム開発での役割、入社後の貢献について重点的に問われた。静かな緊張感はあったものの、こちらの話を真摯に受け止めてくれた。逆質問のバリエーションを増やしておくべきだったと反省した。選考は次のステップに進むことになり、引き続き準備を進めていく必要があると感じた。"
株式会社ライフネットワーク,life.net.124@example.com,S20250184,P20250184,試験_面接,継続（合格）,2033-04-10 11:00,2033-04-10 11:30,オンライン・単独,自宅,2,人事,"周囲からの評価、ストレスへの対処方法、困難な状況への対処法について聞かれた。面接官が明るく、非常に話しやすい雰囲気だった。自己PRの構成を見直す必要があると感じた。選考は次のステップに進むことになり、引き続き準備を進めていく必要があると感じた。"
株式会社ライフネットワーク,life.net.125@example.com,S20250185,P20250185,試験_面接,内定,2033-04-13 09:00,2033-04-13 09:20,オンライン・単独,自宅,2,人事・エンジニア,"失敗経験から何を学んだか、アルバイト経験、札幌で働く理由について質問された。回答の背景や理由を詳しく問われた。論理的な思考力と技術的な探求心が評価され、内定となった。"
株式会社ライフネットワーク,life.net.126@example.com,S20250186,P20250186,試験_面接,継続（合格）,2033-04-16 15:00,2033-04-16 15:40,オンライン・単独,自宅,2,人事,"ガクチカ、会社への貢献意欲、HCSを選んだ理由について深く問われた。やや厳しめではあったが、質問の意図は明確だった。技術的な知識の応用力を高める必要性を感じた。選考は次のステップに進むことになり、引き続き準備を進めていく必要があると感じた。"
株式会社ライフネットワーク,life.net.127@example.com,S20250187,P20250187,試験_面接,継続（合格）,2033-04-19 10:30,2033-04-19 11:00,オンライン・単独,自宅,2,エンジニア,"学校で学んだ専門技術、技術的な課題解決、レビューの受け方について重点的に深掘りされた。淡々としていたが、質問は鋭かった。専門用語を分かりやすく説明する練習が必要だと感じた。選考は次のステップに進むことになり、引き続き準備を進めていく必要があると感じた。"
株式会社ライフネットワーク,life.net.128@example.com,S20250188,P20250188,試験_面接,落選,2033-04-22 14:00,2033-04-22 14:30,オンライン・単独,自宅,2,人事・エンジニア,"会社の理念に対する共感度、将来像、チーム開発でのトラブル対応について質問された。終始和やかな雰囲気で、会話形式で進んだ。話の論理性を高める必要性を感じた。結果としては不合格だったものの、今後の改善点が明確になり次の選考に活かせる面接だった。"
株式会社ライフネットワーク,life.net.129@example.com,S20250189,P20250189,試験_面接,継続（合格）,2033-04-25 11:00,2033-04-25 11:40,オンライン・単独,自宅,2,人事,"入社後の目標、学生時代の経験全般、他社との比較について聞かれた。具体的なエピソードを何度も深掘りされた。緊張すると早口になるため、落ち着いて話す意識が必要だと感じた。選考は次のステップに進むことになり、引き続き準備を進めていく必要があると感じた。"
株式会社ライフネットワーク,life.net.130@example.com,S20250190,P20250190,試験_面接,内定,2033-04-28 09:00,2033-04-28 09:30,オンライン・単独,自宅,2,エンジニア,"技術への情熱、キャリアビジョン、長所と短所について深く問われた。全体的に穏やかな雰囲気で、リラックスして話せた。熱意と一貫性のある回答が評価され、内定となった。"
サッポロエンジニアリング株式会社,sapporo.eng.121@example.com,S20250191,P20250191,試験_面接,継続（合格）,2033-05-01 14:00,2033-05-01 14:50,オンライン・単独,自宅,2,人事,"志望動機、周囲からの評価、入社後の目標について深掘りされた。やや厳しめではあったが、質問の意図は明確だった。自己分析をもう一段深める必要があると感じる。選考は次のステップに進むことになり、引き続き準備を進めていく必要があると感じた。"
サッポロエンジニアリング株式会社,sapporo.eng.122@example.com,S20250192,P20250192,試験_面接,継続（合格）,2033-05-04 10:00,2033-05-04 10:30,オンライン・単独,自宅,2,エンジニア,"ポートフォリオの詳細、技術選定の理由、Git経験について重点的に問われた。淡々としていたが、的確に核心を突く質問が多かった。結論ファーストを徹底する訓練が必要だと感じた。選考は次のステップに進むことになり、引き続き準備を進めていく必要があると感じた。"
サッポロエンジニアリング株式会社,sapporo.eng.123@example.com,S20250193,P20250193,試験_面接,落選,2033-05-07 16:00,2033-05-07 16:20,オンライン・単独,自宅,2,人事・エンジニア,"技術的な課題解決、入社後の貢献、学校で学んだ専門技術について詳しく聞かれた。面接官が明るく、非常に話しやすい雰囲気だった。企業研究の甘さを痛感した。結果としては不合格だったものの、今後の改善点が明確になり次の選考に活かせる面接だった。"
サッポロエンジニアリング株式会社,sapporo.eng.124@example.com,S20250194,P20250194,試験_面接,継続（合格）,2033-05-10 11:00,2033-05-10 11:30,オンライン・単独,自宅,2,人事,"失敗経験から何を学んだか、レビューの受け方、札幌で働く理由について質問された。回答の背景や理由を詳しく問われた。逆質問のバリエーションを増やしておくべきだったと反省した。選考は次のステップに進むことになり、引き続き準備を進めていく必要があると感じた。"
サッポロエンジニアリング株式会社,sapporo.eng.125@example.com,S20250195,P20250195,試験_面接,内定,2033-05-13 09:00,2033-05-13 09:20,オンライン・単独,自宅,2,エンジニア,"技術的な興味、キャリアビジョン、チーム開発での役割、困難な状況への対処法について質問された。静かな緊張感はあったものの、こちらの話を真摯に受け止めてくれた。技術的な知識の深さと論理的な説明能力が評価され、内定となった。"
サッポロエンジニアリング株式会社,sapporo.eng.126@example.com,S20250196,P20250196,試験_面接,継続（合格）,2033-05-16 15:00,2033-05-16 15:40,オンライン・単独,自宅,2,人事・エンジニア,"技術への情熱、会社の理念への共感度、他社との比較について深く問われた。やや厳しめではあったが、質問の意図は明確だった。自己PRの構成を見直す必要があると感じた。選考は次のステップに進むことになり、引き続き準備を進めていく必要があると感じた。"
サッポロエンジニアリング株式会社,sapporo.eng.127@example.com,S20250197,P20250197,試験_面接,落選,2033-05-19 10:30,2033-05-19 11:00,オンライン・単独,自宅,2,人事,"将来像、学生時代に最も力を入れたこと、ストレスへの対処方法について質問された。具体的なエピソードを何度も深掘りされた。話の論理性を高める必要性を感じた。結果としては不合格だったものの、今後の改善点が明確になり次の選考に活かせる面接だった。"
サッポロエンジニアリング株式会社,sapporo.eng.128@example.com,S20250198,P20250198,試験_面接,継続（合格）,2033-05-22 14:00,2033-05-22 14:30,オンライン・単独,自宅,2,エンジニア,"チーム開発でのトラブル対応、技術的な興味、ポートフォリオでの挑戦点について聞かれた。終始和やかな雰囲気で、会話形式で進んだ。専門用語を分かりやすく説明する練習が必要だと感じた。選考は次のステップに進むことになり、引き続き準備を進めていく必要があると感じた。"
サッポロエンジニアリング株式会社,sapporo.eng.129@example.com,S20250199,P20250199,試験_面接,継続（合格）,2033-05-25 11:00,2033-05-25 11:40,オンライン・単独,自宅,2,人事・エンジニア,"長所と短所、ガクチカ、会社への貢献意欲について質問された。淡々としていたが、質問は鋭かった。緊張すると早口になるため、落ち着いて話す意識が必要だと感じた。選考は次のステップに進むことになり、引き続き準備を進めていく必要があると感じた。"
サッポロエンジニアリング株式会社,sapporo.eng.130@example.com,S20250200,P20250200,試験_面接,内定,2033-05-28 09:00,2033-05-28 09:30,オンライン・単独,自宅,2,人事,"周囲からの評価、価値観、アルバイト経験について聞かれた。全体的に穏やかな雰囲気で、和やかに進んだ。熱意と一貫性のある回答が評価され、内定となった。"
株式会社ホライズンテック,horizon.tech.121@example.com,S20250201,P20250201,試験_面接,継続（合格）,2033-06-01 14:00,2033-06-01 14:50,オンライン・単独,自宅,2,人事・エンジニア,"技術的な興味、キャリアビジョン、チーム開発での工夫点について質問された。回答の背景や理由を詳しく問われた。技術的な知識の応用力を高める必要性を感じた。選考は次のステップに進むことになり、引き続き準備を進めていく必要があると感じた。"
株式会社ホライズンテック,horizon.tech.122@example.com,S20250202,P20250202,試験_面接,落選,2033-06-04 10:00,2033-06-04 10:30,オンライン・単独,自宅,2,人事,"入社後の目標、価値観、ストレスへの対処方法について深掘りされた。やや厳しめではあったが、誠実に話を聞いてもらえた。自己分析の甘さを痛感した。結果としては不合格だったものの、今後の改善点が明確になり次の選考に活かせる面接だった。"
株式会社ホライズンテック,horizon.tech.123@example.com,S20250203,P20250203,試験_面接,内定,2033-06-07 16:00,2033-06-07 16:20,オンライン・単独,自宅,2,エンジニア,"ポートフォリオの詳細、技術的な課題解決、レビューの受け方について重点的に問われた。淡々としていたが、質問は鋭かった。論理的な思考力と自己成長への意欲が評価され、内定となった。"
株式会社ホライズンテック,horizon.tech.124@example.com,S20250204,P20250204,試験_面接,継続（合格）,2033-06-10 11:00,2033-06-10 11:30,オンライン・単独,自宅,2,人事,"ガクチカ、アルバイト経験、札幌で働く理由について質問された。具体的なエピソードを何度も深掘りされた。話の論理性を高める必要性を感じた。選考は次のステップに進むことになり、引き続き準備を進めていく必要があると感じた。"
株式会社ホライズンテック,horizon.tech.125@example.com,S20250205,P20250205,試験_面接,継続（合格）,2033-06-13 09:00,2033-06-13 09:20,オンライン・単独,自宅,2,人事・エンジニア,"失敗経験から何を学んだか、技術への情熱、学生時代に頑張ったことについて深掘りされた。静かな緊張感はあったものの、こちらの話を真摯に受け止めてくれた。結論ファーストを徹底する訓練が必要だと感じた。選考は次のステップに進むことになり、引き続き準備を進めていく必要があると感じた。"
株式会社ホライズンテック,horizon.tech.126@example.com,S20250206,P20250206,試験_面接,落選,2033-06-16 15:00,2033-06-16 15:40,オンライン・単独,自宅,2,人事,"将来像、チーム開発でのトラブル対応、他社との比較について聞かれた。やや厳しめではあったが、質問の意図は明確だった。企業研究の甘さを痛感した。結果としては不合格だったものの、今後の改善点が明確になり次の選考に活かせる面接だった。"
株式会社ホライズンテック,horizon.tech.127@example.com,S20250207,P20250207,試験_面接,継続（合格）,2033-06-19 10:30,2033-06-19 11:00,オンライン・単独,自宅,2,エンジニア,"Git経験、学校で学んだ専門技術、入社後の貢献について質問された。面接官が明るく、非常に話しやすい雰囲気だった。逆質問のバリエーションを増やしておくべきだったと反省した。選考は次のステップに進むことになり、引き続き準備を進めていく必要があると感じた。"
株式会社ホライズンテック,horizon.tech.128@example.com,S20250208,P20250208,試験_面接,継続（合格）,2033-06-22 14:00,2033-06-22 14:30,オンライン・単独,自宅,2,人事・エンジニア,"会社の理念に対する共感度、困難を乗り越えた経験、チーム開発での役割について聞かれた。回答の背景や理由を詳しく問われた。自己PRの構成を見直す必要があると感じた。選考は次のステップに進むことになり、引き続き準備を進めていく必要があると感じた。"
株式会社ホライズンテック,horizon.tech.129@example.com,S20250209,P20250209,試験_面接,落選,2033-06-25 11:00,2033-06-25 11:40,オンライン・単独,自宅,2,人事,"長所と短所、周囲からの評価、HCSを選んだ理由について聞かれた。淡々としていたが、質問は鋭かった。技術知識の幅と深さが足りなかったと痛感した。結果としては不合格だったものの、今後の改善点が明確になり次の選考に活かせる面接だった。"
株式会社ホライズンテック,horizon.tech.130@example.com,S20250210,P20250210,試験_面接,内定,2033-06-28 09:00,2033-06-28 09:30,オンライン・単独,自宅,2,人事・エンジニア,"技術への情熱、会社への貢献意欲、学生時代の経験全般について深く問われた。終始和やかな雰囲気で、リラックスして話せた。自己理解の深さとコミュニケーション能力が評価され、内定となった。"
株式会社アルファテック,alfa.tech.201@example.com,S20250211,P20250211,試験_面接,継続（合格）,2033-07-01 14:00,2033-07-01 14:45,オンライン・単独,自宅,2,人事・エンジニア,"技術的な興味、ポートフォリオでの挑戦点、チーム開発でのトラブル対応について質問された。具体的なエピソードを深掘りされ、論理的な思考力が評価された。引き続き準備を進めていく必要があると感じた。"
株式会社アルファテック,alfa.tech.202@example.com,S20250212,P20250212,試験_面接,継続（合格）,2033-07-04 10:00,2033-07-04 10:30,オンライン・単独,自宅,2,人事,"志望動機、長所と短所、入社後の目標について聞かれた。面接官が明るく話しやすい雰囲気で、リラックスして臨めた。結論ファーストを意識する必要があると感じた。選考は次のステップに進むことになり、引き続き準備を進めていく必要があると感じた。"
株式会社アルファテック,alfa.tech.203@example.com,S20250213,P20250213,試験_面接,落選,2033-07-07 16:00,2033-07-07 16:20,オンライン・単独,自宅,2,エンジニア,"技術選定の理由、Git経験、学校で学んだ専門技術について問われた。淡々としていたが、技術的な知識の応用力の不足を痛感した。結果としては不合格だったものの、改善点が明確になり次の選考に活かせる面接だった。"
株式会社アルファテック,alfa.tech.204@example.com,S20250214,P20250214,試験_面接,継続（合格）,2033-07-10 11:00,2033-07-10 11:30,オンライン・単独,自宅,2,人事・エンジニア,"価値観、失敗経験から何を学んだか、キャリアビジョンについて質問された。静かな緊張感はあったものの、話を真摯に受け止めてくれた。自己分析を深める必要性を感じた。選考は次のステップに進むことになり、引き続き準備を進めていく必要があると感じた。"
株式会社アルファテック,alfa.tech.205@example.com,S20250215,P20250215,試験_面接,内定,2033-07-13 09:00,2033-07-13 09:20,オンライン・単独,自宅,2,人事,"困難を乗り越えた経験、会社への貢献意欲、学生時代に力を入れたことについて深く問われた。熱意と論理的な回答が高く評価され内定となった。"
株式会社アルファテック,alfa.tech.206@example.com,S20250216,P20250216,試験_面接,継続（合格）,2033-07-16 15:00,2033-07-16 15:40,オンライン・単独,自宅,2,人事・エンジニア,"札幌で働く理由、HCSを選んだ理由、他社との比較について聞かれた。具体的なエピソードを深掘りされた。企業研究の徹底が必要だと感じた。選考は次のステップに進むことになり、引き続き準備を進めていく必要があると感じた。"
株式会社アルファテック,alfa.tech.207@example.com,S20250217,P20250217,試験_面接,継続（合格）,2033-07-19 10:30,2033-07-19 11:00,オンライン・単独,自宅,2,エンジニア,"技術への情熱、レビューの受け方、ポートフォリオでの挑戦点について重点的に問われた。やや厳しめではあったが、質問の意図は明確だった。専門用語を分かりやすく説明する練習が必要だと感じた。選考は次のステップに進むことになり、引き続き準備を進めていく必要があると感じた。"
株式会社アルファテック,alfa.tech.208@example.com,S20250218,P20250218,試験_面接,落選,2033-07-22 14:00,2033-07-22 14:30,オンライン・単独,自宅,2,人事,"将来像、チーム開発での役割、学生時代の経験全般について聞かれた。回答の背景や理由を詳しく問われた。緊張で早口になり、落ち着いて話す意識が必要だと感じた。結果としては不合格だったものの、改善点が明確になり次の選考に活かせる面接だった。"
株式会社アルファテック,alfa.tech.209@example.com,S20250219,P20250219,試験_面接,継続（合格）,2033-07-25 11:00,2033-07-25 11:40,オンライン・単独,自宅,2,人事・エンジニア,"アルバイト経験、会社の理念への共感度、ガクチカについて深く問われた。終始和やかな雰囲気で、会話形式で進んだ。話の論理性を高める必要性を感じた。選考は次のステップに進むことになり、引き続き準備を進めていく必要があると感じた。"
株式会社アルファテック,alfa.tech.210@example.com,S20250220,P20250220,試験_面接,内定,2033-07-28 09:00,2033-07-28 09:30,オンライン・単独,自宅,2,エンジニア,"技術的な課題解決、入社後の貢献、長所と短所について問われた。技術的な深い理解と問題解決能力が評価され、内定となった。"
株式会社ビーリンク,be.link.201@example.com,S20250221,P20250221,試験_面接,継続（合格）,2033-08-01 14:00,2033-08-01 14:50,オンライン・単独,自宅,2,人事,"技術選定の理由、入社後の目標、技術的な興味について深く問われた。淡々としていたが、的確に核心を突く質問が多かった。自己PRの構成を見直す必要があると感じた。選考は次のステップに進むことになり、引き続き準備を進めていく必要があると感じた。"
株式会社ビーリンク,be.link.202@example.com,S20250222,P20250222,試験_面接,落選,2033-08-04 10:00,2033-08-04 10:30,オンライン・単独,自宅,2,人事・エンジニア,"価値観、ストレスへの対処方法、チーム開発でのトラブル対応について深掘りされた。やや厳しめではあったが、誠実に話を聞いてもらえた。自己分析の甘さを痛感した。結果としては不合格だったものの、改善点が明確になり次の選考に活かせる面接だった。"
株式会社ビーリンク,be.link.203@example.com,S20250223,P20250223,試験_面接,継続（合格）,2033-08-07 16:00,2033-08-07 16:20,オンライン・単独,自宅,2,エンジニア,"Git経験、学校で学んだ専門技術、技術的な課題解決について質問された。終始和やかな雰囲気で、リラックスして話せた。技術的な知識の確認を徹底する必要があると学んだ。選考は次のステップに進むことになり、引き続き準備を進めていく必要があると感じた。"
株式会社ビーリンク,be.link.204@example.com,S20250224,P20250224,試験_面接,継続（合格）,2033-08-10 11:00,2033-08-10 11:30,オンライン・単独,自宅,2,人事,"周囲からの評価、失敗経験から何を学んだか、アルバイト経験について聞かれた。回答の背景や理由を詳しく問われた。専門用語を分かりやすく説明する練習が必要だと感じた。選考は次のステップに進むことになり、引き続き準備を進めていく必要があると感じた。"
株式会社ビーリンク,be.link.205@example.com,S20250225,P20250225,試験_面接,内定,2033-08-13 09:00,2033-08-13 09:20,オンライン・単独,自宅,2,人事・エンジニア,"チーム開発での役割、HCSを選んだ理由、困難を乗り越えた経験について深く問われた。論理的な思考力と入社意欲の高さが評価され、内定となった。"
株式会社ビーリンク,be.link.206@example.com,S20250226,P20250226,試験_面接,継続（合格）,2033-08-16 15:00,2033-08-16 15:40,オンライン・単独,自宅,2,人事,"将来像、会社への貢献意欲、学生時代の経験全般について質問された。淡々としていたが、質問は鋭かった。企業研究の甘さを痛感した。選考は次のステップに進むことになり、引き続き準備を進めていく必要があると感じた。"
株式会社ビーリンク,be.link.207@example.com,S20250227,P20250227,試験_面接,継続（合格）,2033-08-19 10:30,2033-08-19 11:00,オンライン・単独,自宅,2,エンジニア,"技術への情熱、レビューの受け方、ポートフォリオでの挑戦点について重点的に深掘りされた。具体的なエピソードを何度も深掘りされた。結論ファーストを徹底する訓練が必要だと感じた。選考は次のステップに進むことになり、引き続き準備を進めていく必要があると感じた。"
株式会社ビーリンク,be.link.208@example.com,S20250228,P20250228,試験_面接,落選,2033-08-22 14:00,2033-08-22 14:30,オンライン・単独,自宅,2,人事・エンジニア,"キャリアビジョン、他社との比較、札幌で働く理由について聞かれた。面接官が明るく、非常に話しやすい雰囲気だった。緊張すると早口になるため、落ち着いて話す意識が必要だと感じた。結果としては不合格だったものの、改善点が明確になり次の選考に活かせる面接だった。"
株式会社ビーリンク,be.link.209@example.com,S20250229,P20250229,試験_面接,継続（合格）,2033-08-25 11:00,2033-08-25 11:40,オンライン・単独,自宅,2,人事,"会社の理念への共感度、チーム開発でのトラブル対応、長所と短所について深く問われた。静かな緊張感はあったものの、こちらの話を受け止めてくれた。逆質問のバリエーションを増やすべきだったと反省した。選考は次のステップに進むことになり、引き続き準備を進めていく必要があると感じた。"
株式会社ビーリンク,be.link.210@example.com,S20250230,P20250230,試験_面接,内定,2033-08-28 09:00,2033-08-28 09:30,オンライン・単独,自宅,2,エンジニア,"技術的な興味、学生時代の経験全般、入社後の貢献について質問された。技術的な知識の深さと自己成長への意欲が評価され、内定となった。"
クリエイトソリューションズ株式会社,create.sol.201@example.com,S20250231,P20250231,試験_面接,継続（合格）,2033-09-01 14:00,2033-09-01 14:50,オンライン・単独,自宅,2,人事,"志望動機、価値観、周囲からの評価について質問された。やや厳しめではあったが、質問は鋭かった。技術的な知識の応用力を高める必要性を感じた。選考は次のステップに進むことになり、引き続き準備を進めていく必要があると感じた。"
クリエイトソリューションズ株式会社,create.sol.202@example.com,S20250232,P20250232,試験_面接,内定,2033-09-04 10:00,2033-09-04 10:30,オンライン・単独,自宅,2,エンジニア,"技術選定の理由、ポートフォリオでの挑戦点、技術的な課題解決について重点的に聞かれた。終始和やかな雰囲気で、話しやすかった。技術への深い関心と論理的な説明能力が評価され、内定となった。"
クリエイトソリューションズ株式会社,create.sol.203@example.com,S20250233,P20250233,試験_面接,継続（合格）,2033-09-07 16:00,2033-09-07 16:20,オンライン・単独,自宅,2,人事・エンジニア,"入社後のキャリアプラン、チーム開発での役割、失敗経験から何を学んだかについて深く問われた。淡々としていたが、的確に核心を突く質問が多かった。話の論理性を高める必要性を感じた。選考は次のステップに進むことになり、引き続き準備を進めていく必要があると感じた。"
クリエイトソリューションズ株式会社,create.sol.204@example.com,S20250234,P20250234,試験_面接,落選,2033-09-10 11:00,2033-09-10 11:30,オンライン・単独,自宅,2,人事,"長所と短所、アルバイト経験、HCSを選んだ理由について質問された。具体的なエピソードを何度も深掘りされた。自己PRの構成を見直す必要があると感じた。結果としては不合格だったものの、改善点が明確になり次の選考に活かせる面接だった。"
クリエイトソリューションズ株式会社,create.sol.205@example.com,S20250235,P20250235,試験_面接,継続（合格）,2033-09-13 09:00,2033-09-13 09:20,オンライン・単独,自宅,2,エンジニア,"技術への情熱、レビューの受け方、学校で学んだ専門技術について聞かれた。やや厳しめではあったが、質問の意図は明確だった。技術的な知識の確認を徹底する必要があると学んだ。選考は次のステップに進むことになり、引き続き準備を進めていく必要があると感じた。"
クリエイトソリューションズ株式会社,create.sol.206@example.com,S20250236,P20250236,試験_面接,落選,2033-09-16 15:00,2033-09-16 15:40,オンライン・単独,自宅,2,人事・エンジニア,"困難を乗り越えた経験、会社への貢献意欲、将来像について問われた。回答の背景や理由を詳しく問われた。企業研究の甘さを痛感した。結果としては不合格だったものの、改善点が明確になり次の選考に活かせる面接だった。"
クリエイトソリューションズ株式会社,create.sol.207@example.com,S20250237,P20250237,試験_面接,継続（合格）,2033-09-19 10:30,2033-09-19 11:00,オンライン・単独,自宅,2,人事,"札幌で働く理由、学生時代の経験全般、他社との比較について深掘りされた。静かな緊張感はあったものの、こちらの話を真摯に受け止めてくれた。専門用語を分かりやすく説明する練習が必要だと感じた。選考は次のステップに進むことになり、引き続き準備を進めていく必要があると感じた。"
クリエイトソリューションズ株式会社,create.sol.208@example.com,S20250238,P20250238,試験_面接,継続（合格）,2033-09-22 14:00,2033-09-22 14:30,オンライン・単独,自宅,2,エンジニア,"会社の理念への共感、Git経験、チーム開発でのトラブル対応について重点的に問われた。面接官が明るく、非常に話しやすい雰囲気だった。結論ファーストを徹底する訓練が必要だと感じた。選考は次のステップに進むことになり、引き続き準備を進めていく必要があると感じた。"
クリエイトソリューションズ株式会社,create.sol.209@example.com,S20250239,P20250239,試験_面接,内定,2033-09-25 11:00,2033-09-25 11:40,オンライン・単独,自宅,2,人事・エンジニア,"志望動機、技術的な興味、キャリアビジョンについて深く問われた。終始和やかな雰囲気で、リラックスして話せた。技術的な深い理解とチームでの貢献意欲が評価され、内定となった。"
クリエイトソリューションズ株式会社,create.sol.210@example.com,S20250240,P20250240,試験_面接,継続（合格）,2033-09-28 09:00,2033-09-28 09:30,オンライン・単独,自宅,2,人事,"ガクチカ、長所と短所、入社後の目標について質問された。具体的なエピソードを何度も深掘りされた。緊張すると早口になるため、落ち着いて話す意識が必要だと感じた。選考は次のステップに進むことになり、引き続き準備を進めていく必要があると感じた。"
株式会社デジタルリンク,digi.link.201@example.com,S20250241,P20250241,試験_面接,継続（合格）,2033-10-01 14:00,2033-10-01 14:50,オンライン・単独,自宅,2,人事・エンジニア,"技術的な興味、学校で学んだこと、チーム開発での役割について質問された。淡々としていたが、質問は鋭かった。専門用語を分かりやすく説明する練習が必要だと感じた。選考は次のステップに進むことになり、引き続き準備を進めていく必要があると感じた。"
株式会社デジタルリンク,digi.link.202@example.com,S20250242,P20250242,試験_面接,落選,2033-10-04 10:00,2033-10-04 10:30,オンライン・単独,自宅,2,人事,"志望動機、長所と短所、ストレスへの対処方法について聞かれた。やや厳しめではあったが、質問の意図は明確だった。自己分析の甘さを痛感した。結果としては不合格だったものの、改善点が明確になり次の選考に活かせる面接だった。"
株式会社デジタルリンク,digi.link.203@example.com,S20250243,P20250243,試験_面接,内定,2033-10-07 16:00,2033-10-07 16:20,オンライン・単独,自宅,2,エンジニア,"技術選定の理由、ポートフォリオでの挑戦点、技術的な課題解決について重点的に聞かれた。面接官が明るく、非常に話しやすい雰囲気だった。技術的な深い理解と問題解決能力が評価され、内定となった。"
株式会社デジタルリンク,digi.link.204@example.com,S20250244,P20250244,試験_面接,継続（合格）,2033-10-10 11:00,2033-10-10 11:30,オンライン・単独,自宅,2,人事,"周囲からの評価、入社後の目標、アルバイト経験について質問された。回答の背景や理由を詳しく問われた。逆質問のバリエーションを増やすべきだったと反省した。選考は次のステップに進むことになり、引き続き準備を進めていく必要があると感じた。"
株式会社デジタルリンク,digi.link.205@example.com,S20250245,P20250245,試験_面接,継続（合格）,2033-10-13 09:00,2033-10-13 09:20,オンライン・単独,自宅,2,人事・エンジニア,"HCSを選んだ理由、レビューの受け方、会社への貢献意欲について質問された。具体的なエピソードを何度も深掘りされた。自己PRの構成を見直す必要があると感じた。選考は次のステップに進むことになり、引き続き準備を進めていく必要があると感じた。"
株式会社デジタルリンク,digi.link.206@example.com,S20250246,P20250246,試験_面接,落選,2033-10-16 15:00,2033-10-16 15:40,オンライン・単独,自宅,2,人事,"将来像、困難を乗り越えた経験、学生時代の経験全般について深掘りされた。静かな緊張感はあったものの、こちらの話を真摯に受け止めてくれた。企業研究の甘さを痛感した。結果としては不合格だったものの、改善点が明確になり次の選考に活かせる面接だった。"
株式会社デジタルリンク,digi.link.207@example.com,S20250247,P20250247,試験_面接,内定,2033-10-19 10:30,2033-10-19 11:00,オンライン・単独,自宅,2,エンジニア,"技術への情熱、Git経験、チーム開発でのトラブル対応について聞かれた。終始和やかな雰囲気で、会話形式で進んだ。熱意と技術的な背景説明の論理性が評価され、内定となった。"
株式会社デジタルリンク,digi.link.208@example.com,S20250248,P20250248,試験_面接,継続（合格）,2033-10-22 14:00,2033-10-22 14:30,オンライン・単独,自宅,2,人事・エンジニア,"キャリアビジョン、札幌で働く理由、失敗経験から何を学んだかについて深く問われた。やや厳しめではあったが、質問は鋭かった。技術的な知識の応用力を高める必要性を感じた。選考は次のステップに進むことになり、引き続き準備を進めていく必要があると感じた。"
株式会社デジタルリンク,digi.link.209@example.com,S20250249,P20250249,試験_面接,継続（合格）,2033-10-25 11:00,2033-10-25 11:40,オンライン・単独,自宅,2,人事,"価値観、他社との違い、アルバイト経験について聞かれた。淡々としていたが、回答の背景を詳しく問われた。話の論理性を高める必要性を感じた。選考は次のステップに進むことになり、引き続き準備を進めていく必要があると感じた。"
株式会社デジタルリンク,digi.link.210@example.com,S20250250,P20250250,試験_面接,落選,2033-10-28 09:00,2033-10-28 09:30,オンライン・単独,自宅,2,エンジニア,"技術的な興味、長所と短所、学生時代の経験全般について聞かれた。具体的なエピソードを何度も深掘りされた。技術知識の幅と深さが足りなかったと痛感した。結果としては不合格だったものの、改善点が明確になり次の選考に活かせる面接だった。"
株式会社エムライン,m.line.201@example.com,S20250251,P20250251,試験_面接,継続（合格）,2033-11-01 14:00,2033-11-01 14:50,オンライン・単独,自宅,2,人事・エンジニア,"技術的な興味、チーム開発での工夫点、札幌で働く理由について質問された。面接官が明るく、非常に話しやすい雰囲気だった。結論ファーストを徹底する訓練が必要だと感じた。選考は次のステップに進むことになり、引き続き準備を進めていく必要があると感じた。"
株式会社エムライン,m.line.202@example.com,S20250252,P20250252,試験_面接,継続（合格）,2033-11-04 10:00,2033-11-04 10:30,オンライン・単独,自宅,2,人事,"志望動機、周囲からの評価、困難な状況への対処法について深掘りされた。やや厳しめではあったが、質問の意図は明確だった。技術的な知識の確認を徹底する必要があると学んだ。選考は次のステップに進むことになり、引き続き準備を進めていく必要があると感じた。"
株式会社エムライン,m.line.203@example.com,S20250253,P20250253,試験_面接,内定,2033-11-07 16:00,2033-11-07 16:20,オンライン・単独,自宅,2,エンジニア,"ポートフォリオでの挑戦点、技術的な失敗とそこからの学び、入社後の貢献について重点的に問われた。終始和やかな雰囲気で、リラックスして話せた。技術的な背景を論理的に説明できた点が評価され、内定となった。"
株式会社エムライン,m.line.204@example.com,S20250254,P20250254,試験_面接,落選,2033-11-10 11:00,2033-11-10 11:30,オンライン・単独,自宅,2,人事,"ガクチカ、価値観、アルバイト経験について質問された。淡々としていたが、質問は鋭かった。逆質問のバリエーションを増やすべきだったと反省した。結果としては不合格だったものの、改善点が明確になり次の選考に活かせる面接だった。"
株式会社エムライン,m.line.205@example.com,S20250255,P20250255,試験_面接,継続（合格）,2033-11-13 09:00,2033-11-13 09:20,オンライン・単独,自宅,2,人事・エンジニア,"キャリアビジョン、会社への貢献意欲、HCSを選んだ理由について深掘りされた。具体的なエピソードを何度も深掘りされた。自己PRの構成を見直す必要があると感じた。選考は次のステップに進むことになり、引き続き準備を進めていく必要があると感じた。"
株式会社エムライン,m.line.206@example.com,S20250256,P20250256,試験_面接,継続（合格）,2033-11-16 15:00,2033-11-16 15:40,オンライン・単独,自宅,2,人事,"長所と短所、入社後の目標、他社との比較について聞かれた。回答の背景や理由を詳しく問われた。専門用語を分かりやすく説明する練習が必要だと感じた。選考は次のステップに進むことになり、引き続き準備を進めていく必要があると感じた。"
株式会社エムライン,m.line.207@example.com,S20250257,P20250257,試験_面接,落選,2033-11-19 10:30,2033-11-19 11:00,オンライン・単独,自宅,2,エンジニア,"Gitの具体的な利用経験、技術的な課題解決、レビューの受け方について質問された。静かな緊張感はあったものの、こちらの話を真摯に受け止めてくれた。話の論理性を高める必要性を感じた。結果としては不合格だったものの、改善点が明確になり次の選考に活かせる面接だった。"
株式会社エムライン,m.line.208@example.com,S20250258,P20250258,試験_面接,継続（合格）,2033-11-22 14:00,2033-11-22 14:30,オンライン・単独,自宅,2,人事・エンジニア,"技術への情熱、会社の理念に対する共感度、チーム開発でのトラブル対応について深く問われた。やや厳しめではあったが、的確に核心を突く質問が多かった。緊張すると早口になるため、落ち着いて話す意識が必要だと感じた。選考は次のステップに進むことになり、引き続き準備を進めていく必要があると感じた。"
株式会社エムライン,m.line.209@example.com,S20250259,P20250259,試験_面接,内定,2033-11-25 11:00,2033-11-25 11:40,オンライン・単独,自宅,2,人事,"将来像、チーム開発での役割、学生時代の経験全般について聞かれた。面接官が親身になって話を聞いてくれる印象だった。自己理解の深さと入社意欲の高さが評価され、内定となった。"
株式会社エムライン,m.line.210@example.com,S20250260,P20250260,試験_面接,継続（合格）,2033-11-28 09:00,2033-11-28 09:30,オンライン・単独,自宅,2,エンジニア,"学校で学んだ専門技術、困難を乗り越えた経験、失敗経験から何を学んだかについて聞かれた。終始和やかな雰囲気で、会話形式で進んだ。自己分析をもう一段深める必要があると感じる。選考は次のステップに進むことになり、引き続き準備を進めていく必要があると感じた。"
株式会社フォースウェーブ,force.wave.201@example.com,S20250261,P20250261,試験_面接,継続（合格）,2033-12-01 14:00,2033-12-01 14:50,オンライン・単独,自宅,2,人事,"志望動機、長所と短所、周囲からの評価について質問された。淡々としていたが、的確に核心を突く質問が多かった。技術的な知識の確認を徹底する必要があると学んだ。選考は次のステップに進むことになり、引き続き準備を進めていく必要があると感じた。"
株式会社フォースウェーブ,force.wave.202@example.com,S20250262,P20250262,試験_面接,落選,2033-12-04 10:00,2033-12-04 10:30,オンライン・単独,自宅,2,エンジニア,"技術的な興味、ポートフォリオでの挑戦点、技術選定の理由について重点的に聞かれた。具体的なエピソードを何度も深掘りされた。技術知識の幅と深さが足りなかったと痛感した。結果としては不合格だったものの、改善点が明確になり次の選考に活かせる面接だった。"
株式会社フォースウェーブ,force.wave.203@example.com,S20250263,P20250263,試験_面接,内定,2033-12-07 16:00,2033-12-07 16:20,オンライン・単独,自宅,2,人事・エンジニア,"Git経験、レビューの受け方、チーム開発での役割について深掘りされた。静かな緊張感はあったものの、こちらの話を受け止めてくれた。技術的な深掘りにも論理的に答えられ、高い評価を得て内定となった。"
株式会社フォースウェーブ,force.wave.204@example.com,S20250264,P20250264,試験_面接,継続（合格）,2033-12-10 11:00,2033-12-10 11:30,オンライン・単独,自宅,2,人事,"キャリアビジョン、会社への貢献意欲、HCSを選んだ理由について問われた。回答の背景や理由を詳しく問われた。専門用語を分かりやすく説明する練習が必要だと感じた。選考は次のステップに進むことになり、引き続き準備を進めていく必要があると感じた。"
株式会社フォースウェーブ,force.wave.205@example.com,S20250265,P20250265,試験_面接,継続（合格）,2033-12-13 09:00,2033-12-13 09:20,オンライン・単独,自宅,2,エンジニア,"技術への情熱、入社後の貢献、技術的な課題解決について深く問われた。やや厳しめではあったが、質問の意図は明確だった。技術的な知識の応用力を高める必要性を感じた。選考は次のステップに進むことになり、引き続き準備を進めていく必要があると感じた。"
株式会社フォースウェーブ,force.wave.206@example.com,S20250266,P20250266,試験_面接,落選,2033-12-16 15:00,2033-12-16 15:40,オンライン・単独,自宅,2,人事・エンジニア,"入社後の目標、学生時代に頑張ったこと、札幌で働く理由について問われた。面接官が明るく、非常に話しやすい雰囲気だった。話の論理性を高める必要性を感じた。結果としては不合格だったものの、改善点が明確になり次の選考に活かせる面接だった。"
株式会社フォースウェーブ,force.wave.207@example.com,S20250267,P20250267,試験_面接,継続（合格）,2033-12-19 10:30,2033-12-19 11:00,オンライン・単独,自宅,2,人事,"アルバイト経験、将来像、ストレスへの対処方法について質問された。淡々としていたが、質問は鋭かった。結論ファーストを徹底する訓練が必要だと感じた。選考は次のステップに進むことになり、引き続き準備を進めていく必要があると感じた。"
株式会社フォースウェーブ,force.wave.208@example.com,S20250268,P20250268,試験_面接,継続（合格）,2033-12-22 14:00,2033-12-22 14:30,オンライン・単独,自宅,2,エンジニア,"価値観、会社の理念への共感度、チーム開発でのトラブル対応について質問された。終始和やかな雰囲気で、会話形式で進んだ。逆質問のバリエーションを増やすべきだったと反省した。選考は次のステップに進むことになり、引き続き準備を進めていく必要があると感じた。"
株式会社フォースウェーブ,force.wave.209@example.com,S20250269,P20250269,試験_面接,内定,2033-12-25 11:00,2033-12-25 11:40,オンライン・単独,自宅,2,人事,"ガクチカ、困難な状況への対処法、他社との比較について聞かれた。全体的に穏やかな雰囲気で、リラックスして話せた。技術的な知識の深さと論理的な説明力が評価され、内定となった。"
株式会社フォースウェーブ,force.wave.210@example.com,S20250270,P20250270,試験_面接,継続（合格）,2033-12-28 09:00,2033-12-28 09:30,オンライン・単独,自宅,2,人事・エンジニア,"長所と短所、学生時代の経験全般、失敗経験から何を学んだかについて質問された。やや厳しめではあったが、誠実に話を聞いてもらえた。自己分析の甘さを痛感した。選考は次のステップに進むことになり、引き続き準備を進めていく必要があると感じた。"
ノースシステム株式会社,north.sys.201@example.com,S20250271,P20250271,試験_面接,継続（合格）,2034-01-01 14:00,2034-01-01 14:50,オンライン・単独,自宅,2,人事・エンジニア,"志望動機、キャリアビジョン、技術的な興味について深く聞かれた。具体的なエピソードを何度も深掘りされた。企業研究をより進める必要を実感した。選考は次のステップに進むことになり、引き続き準備を進めていく必要があると感じた。"
ノースシステム株式会社,north.sys.202@example.com,S20250272,P20250272,試験_面接,継続（合格）,2034-01-04 10:00,2034-01-04 10:30,オンライン・単独,自宅,2,人事,"長所と短所、価値観、ストレスへの対処方法について質問された。回答の背景や理由を詳しく問われた。自己PRの構成を見直す必要があると感じた。選考は次のステップに進むことになり、引き続き準備を進めていく必要があると感じた。"
ノースシステム株式会社,north.sys.203@example.com,S20250273,P20250273,試験_面接,落選,2034-01-07 16:00,2034-01-07 16:20,オンライン・単独,自宅,2,エンジニア,"技術選定の理由、ポートフォリオの詳細、チーム開発での役割、学生時代の経験全般について深掘りされた。静かな緊張感はあったものの、こちらの話を真摯に受け止めてくれた。技術知識の幅と深さが足りなかったと痛感した。結果としては不合格だったものの、改善点が明確になり次の選考に活かせる面接だった。"
ノースシステム株式会社,north.sys.204@example.com,S20250274,P20250274,試験_面接,内定,2034-01-10 11:00,2034-01-10 11:30,オンライン・単独,自宅,2,人事,"周囲からの評価、アルバイト経験、HCSを選んだ理由について聞かれた。やや厳しめではあったが、質問の意図は明確だった。将来への展望と論理的な思考力が評価され、内定となった。"
ノースシステム株式会社,north.sys.205@example.com,S20250275,P20250275,試験_面接,継続（合格）,2034-01-13 09:00,2034-01-13 09:20,オンライン・単独,自宅,2,人事・エンジニア,"困難を乗り越えた経験、学校で学んだこと、技術的な課題解決について質問された。淡々としていたが、質問は鋭かった。技術的な知識の応用力を高める必要性を感じた。選考は次のステップに進むことになり、引き続き準備を進めていく必要があると感じた。"
ノースシステム株式会社,north.sys.206@example.com,S20250276,P20250276,試験_面接,継続（合格）,2034-01-16 15:00,2034-01-16 15:40,オンライン・単独,自宅,2,人事,"ガクチカ、将来像、他社との比較について深掘りされた。終始和やかな雰囲気で、会話形式で進んだ。専門用語を分かりやすく説明する練習が必要だと感じた。選考は次のステップに進むことになり、引き続き準備を進めていく必要があると感じた。"
ノースシステム株式会社,north.sys.207@example.com,S20250277,P20250277,試験_面接,落選,2034-01-19 10:30,2034-01-19 11:00,オンライン・単独,自宅,2,エンジニア,"技術への情熱、レビューの受け方、チーム開発でのトラブル対応について質問された。面接官が明るく、非常に話しやすい雰囲気だった。自己分析の甘さを痛感した。結果としては不合格だったものの、改善点が明確になり次の選考に活かせる面接だった。"
ノースシステム株式会社,north.sys.208@example.com,S20250278,P20250278,試験_面接,継続（合格）,2034-01-22 14:00,2034-01-22 14:30,オンライン・単独,自宅,2,人事・エンジニア,"会社への貢献意欲、札幌で働く理由、長所と短所について聞かれた。回答の背景や理由を詳しく問われた。話の論理性を高める必要性を感じた。選考は次のステップに進むことになり、引き続き準備を進めていく必要があると感じた。"
ノースシステム株式会社,north.sys.209@example.com,S20250279,P20250279,試験_面接,内定,2034-01-25 11:00,2034-01-25 11:40,オンライン・単独,自宅,2,エンジニア,"Git経験、入社後の貢献、技術的な課題解決について重点的に問われた。全体的に穏やかな雰囲気で、和やかに進んだ。技術的な背景を論理的に説明できた点が評価され、内定となった。"
ノースシステム株式会社,north.sys.210@example.com,S20250280,P20250280,試験_面接,継続（合格）,2034-01-28 09:00,2034-01-28 09:30,オンライン・単独,自宅,2,人事,"入社後の目標、キャリアビジョン、失敗経験から何を学んだかについて深く問われた。やや厳しめではあったが、的確に核心を突く質問が多かった。緊張すると早口になるため、落ち着いて話す意識が必要だと感じた。選考は次のステップに進むことになり、引き続き準備を進めていく必要があると感じた。"
株式会社ライフネットワーク,life.net.201@example.com,S20250281,P20250281,試験_面接,継続（合格）,2034-02-01 14:00,2034-02-01 14:50,オンライン・単独,自宅,2,人事・エンジニア,"技術的な興味、ポートフォリオでの挑戦点、Git経験について質問された。淡々としていたが、質問は鋭かった。結論ファーストを徹底する訓練が必要だと感じた。選考は次のステップに進むことになり、引き続き準備を進めていく必要があると感じた。"
株式会社ライフネットワーク,life.net.202@example.com,S20250282,P20250282,試験_面接,落選,2034-02-04 10:00,2034-02-04 10:30,オンライン・単独,自宅,2,人事,"長所と短所、志望動機、価値観について深掘りされた。具体的なエピソードを何度も深掘りされた。企業研究の甘さを痛感した。結果としては不合格だったものの、改善点が明確になり次の選考に活かせる面接だった。"
株式会社ライフネットワーク,life.net.203@example.com,S20250283,P20250283,試験_面接,継続（合格）,2034-02-07 16:00,2034-02-07 16:20,オンライン・単独,自宅,2,エンジニア,"技術選定の理由、チーム開発での役割、入社後の貢献について重点的に問われた。静かな緊張感はあったものの、こちらの話を真摯に受け止めてくれた。逆質問のバリエーションを増やすべきだったと反省した。選考は次のステップに進むことになり、引き続き準備を進めていく必要があると感じた。"
株式会社ライフネットワーク,life.net.204@example.com,S20250284,P20250284,試験_面接,継続（合格）,2034-02-10 11:00,2034-02-10 11:30,オンライン・単独,自宅,2,人事,"周囲からの評価、ストレスへの対処方法、困難な状況への対処法について聞かれた。面接官が明るく、非常に話しやすい雰囲気だった。自己PRの構成を見直す必要があると感じた。選考は次のステップに進むことになり、引き続き準備を進めていく必要があると感じた。"
株式会社ライフネットワーク,life.net.205@example.com,S20250285,P20250285,試験_面接,内定,2034-02-13 09:00,2034-02-13 09:20,オンライン・単独,自宅,2,人事・エンジニア,"失敗経験から何を学んだか、アルバイト経験、札幌で働く理由について質問された。回答の背景や理由を詳しく問われた。論理的な思考力と技術的な探求心が評価され、内定となった。"
株式会社ライフネットワーク,life.net.206@example.com,S20250286,P20250286,試験_面接,継続（合格）,2034-02-16 15:00,2034-02-16 15:40,オンライン・単独,自宅,2,人事,"ガクチカ、会社への貢献意欲、HCSを選んだ理由について深く問われた。やや厳しめではあったが、質問の意図は明確だった。技術的な知識の応用力を高める必要性を感じた。選考は次のステップに進むことになり、引き続き準備を進めていく必要があると感じた。"
株式会社ライフネットワーク,life.net.207@example.com,S20250287,P20250287,試験_面接,継続（合格）,2034-02-19 10:30,2034-02-19 11:00,オンライン・単独,自宅,2,エンジニア,"学校で学んだ専門技術、技術的な課題解決、レビューの受け方について重点的に深掘りされた。淡々としていたが、質問は鋭かった。専門用語を分かりやすく説明する練習が必要だと感じた。選考は次のステップに進むことになり、引き続き準備を進めていく必要があると感じた。"
株式会社ライフネットワーク,life.net.208@example.com,S20250288,P20250288,試験_面接,落選,2034-02-22 14:00,2034-02-22 14:30,オンライン・単独,自宅,2,人事・エンジニア,"会社の理念に対する共感度、将来像、チーム開発でのトラブル対応について質問された。終始和やかな雰囲気で、会話形式で進んだ。話の論理性を高める必要性を感じた。結果としては不合格だったものの、改善点が明確になり次の選考に活かせる面接だった。"
株式会社ライフネットワーク,life.net.209@example.com,S20250289,P20250289,試験_面接,継続（合格）,2034-02-25 11:00,2034-02-25 11:40,オンライン・単独,自宅,2,人事,"入社後の目標、学生時代の経験全般、他社との比較について聞かれた。具体的なエピソードを何度も深掘りされた。緊張すると早口になるため、落ち着いて話す意識が必要だと感じた。選考は次のステップに進むことになり、引き続き準備を進めていく必要があると感じた。"
株式会社ライフネットワーク,life.net.210@example.com,S20250290,P20250290,試験_面接,内定,2034-02-28 09:00,2034-02-28 09:30,オンライン・単独,自宅,2,エンジニア,"技術への情熱、キャリアビジョン、長所と短所について深く問われた。全体的に穏やかな雰囲気で、リラックスして話せた。熱意と一貫性のある回答が評価され、内定となった。"
サッポロエンジニアリング株式会社,sapporo.eng.201@example.com,S20250291,P20250291,試験_面接,継続（合格）,2034-03-01 14:00,2034-03-01 14:50,オンライン・単独,自宅,2,人事,"志望動機、周囲からの評価、入社後の目標について深掘りされた。やや厳しめではあったが、質問の意図は明確だった。自己分析をもう一段深める必要があると感じる。選考は次のステップに進むことになり、引き続き準備を進めていく必要があると感じた。"
サッポロエンジニアリング株式会社,sapporo.eng.202@example.com,S20250292,P20250292,試験_面接,継続（合格）,2034-03-04 10:00,2034-03-04 10:30,オンライン・単独,自宅,2,エンジニア,"ポートフォリオの詳細、技術選定の理由、Git経験について重点的に問われた。淡々としていたが、的確に核心を突く質問が多かった。結論ファーストを徹底する訓練が必要だと感じた。選考は次のステップに進むことになり、引き続き準備を進めていく必要があると感じた。"
サッポロエンジニアリング株式会社,sapporo.eng.203@example.com,S20250293,P20250293,試験_面接,落選,2034-03-07 16:00,2034-03-07 16:20,オンライン・単独,自宅,2,人事・エンジニア,"技術的な課題解決、入社後の貢献、学校で学んだ専門技術について詳しく聞かれた。面接官が明るく、非常に話しやすい雰囲気だった。企業研究の甘さを痛感した。結果としては不合格だったものの、改善点が明確になり次の選考に活かせる面接だった。"
サッポロエンジニアリング株式会社,sapporo.eng.204@example.com,S20250294,P20250294,試験_面接,継続（合格）,2034-03-10 11:00,2034-03-10 11:30,オンライン・単独,自宅,2,人事,"失敗経験から何を学んだか、レビューの受け方、札幌で働く理由について質問された。回答の背景や理由を詳しく問われた。逆質問のバリエーションを増やすべきだったと反省した。選考は次のステップに進むことになり、引き続き準備を進めていく必要があると感じた。"
サッポロエンジニアリング株式会社,sapporo.eng.205@example.com,S20250295,P20250295,試験_面接,内定,2034-03-13 09:00,2034-03-13 09:20,オンライン・単独,自宅,2,エンジニア,"技術的な興味、キャリアビジョン、チーム開発での役割、困難な状況への対処法について質問された。静かな緊張感はあったものの、こちらの話を真摯に受け止めてくれた。技術的な知識の深さと論理的な説明能力が評価され、内定となった。"
サッポロエンジニアリング株式会社,sapporo.eng.206@example.com,S20250296,P20250296,試験_面接,継続（合格）,2034-03-16 15:00,2034-03-16 15:40,オンライン・単独,自宅,2,人事・エンジニア,"技術への情熱、会社の理念への共感度、他社との比較について深く問われた。やや厳しめではあったが、質問の意図は明確だった。自己PRの構成を見直す必要があると感じた。選考は次のステップに進むことになり、引き続き準備を進めていく必要があると感じた。"
サッポロエンジニアリング株式会社,sapporo.eng.207@example.com,S20250297,P20250297,試験_面接,落選,2034-03-19 10:30,2034-03-19 11:00,オンライン・単独,自宅,2,人事,"将来像、学生時代に最も力を入れたこと、ストレスへの対処方法について質問された。具体的なエピソードを何度も深掘りされた。話の論理性を高める必要性を感じた。結果としては不合格だったものの、改善点が明確になり次の選考に活かせる面接だった。"
サッポロエンジニアリング株式会社,sapporo.eng.208@example.com,S20250298,P20250298,試験_面接,継続（合格）,2034-03-22 14:00,2034-03-22 14:30,オンライン・単独,自宅,2,エンジニア,"チーム開発でのトラブル対応、技術的な興味、ポートフォリオでの挑戦点について聞かれた。終始和やかな雰囲気で、会話形式で進んだ。専門用語を分かりやすく説明する練習が必要だと感じた。選考は次のステップに進むことになり、引き続き準備を進めていく必要があると感じた。"
サッポロエンジニアリング株式会社,sapporo.eng.209@example.com,S20250299,P20250299,試験_面接,継続（合格）,2034-03-25 11:00,2034-03-25 11:40,オンライン・単独,自宅,2,人事・エンジニア,"長所と短所、ガクチカ、会社への貢献意欲について質問された。淡々としていたが、質問は鋭かった。緊張すると早口になるため、落ち着いて話す意識が必要だと感じた。選考は次のステップに進むことになり、引き続き準備を進めていく必要があると感じた。"
サッポロエンジニアリング株式会社,sapporo.eng.210@example.com,S20250300,P20250300,試験_面接,内定,2034-03-28 09:00,2034-03-28 09:30,オンライン・単独,自宅,2,人事,"周囲からの評価、価値観、アルバイト経験について聞かれた。全体的に穏やかな雰囲気で、和やかに進んだ。熱意と一貫性のある回答が評価され、内定となった。"
株式会社ホライズンテック,horizon.tech.201@example.com,S20250301,P20250301,試験_面接,継続（合格）,2034-04-01 14:00,2034-04-01 14:50,オンライン・単独,自宅,2,人事・エンジニア,"技術的な興味、キャリアビジョン、チーム開発での工夫点について質問された。回答の背景や理由を詳しく問われた。技術的な知識の応用力を高める必要性を感じた。選考は次のステップに進むことになり、引き続き準備を進めていく必要があると感じた。"
株式会社ホライズンテック,horizon.tech.202@example.com,S20250302,P20250302,試験_面接,落選,2034-04-04 10:00,2034-04-04 10:30,オンライン・単独,自宅,2,人事,"入社後の目標、価値観、ストレスへの対処方法について深掘りされた。やや厳しめではあったが、誠実に話を聞いてもらえた。自己分析の甘さを痛感した。結果としては不合格だったものの、改善点が明確になり次の選考に活かせる面接だった。"
株式会社ホライズンテック,horizon.tech.203@example.com,S20250303,P20250303,試験_面接,内定,2034-04-07 16:00,2034-04-07 16:20,オンライン・単独,自宅,2,エンジニア,"ポートフォリオの詳細、技術的な課題解決、レビューの受け方について重点的に問われた。淡々としていたが、質問は鋭かった。論理的な思考力と自己成長への意欲が評価され、内定となった。"
株式会社ホライズンテック,horizon.tech.204@example.com,S20250304,P20250304,試験_面接,継続（合格）,2034-04-10 11:00,2034-04-10 11:30,オンライン・単独,自宅,2,人事,"ガクチカ、アルバイト経験、札幌で働く理由について質問された。具体的なエピソードを何度も深掘りされた。話の論理性を高める必要性を感じた。選考は次のステップに進むことになり、引き続き準備を進めていく必要があると感じた。"
株式会社ホライズンテック,horizon.tech.205@example.com,S20250305,P20250305,試験_面接,継続（合格）,2034-04-13 09:00,2034-04-13 09:20,オンライン・単独,自宅,2,人事・エンジニア,"失敗経験から何を学んだか、技術への情熱、学生時代に頑張ったことについて深掘りされた。静かな緊張感はあったものの、こちらの話を真摯に受け止めてくれた。結論ファーストを徹底する訓練が必要だと感じた。選考は次のステップに進むことになり、引き続き準備を進めていく必要があると感じた。"
株式会社ホライズンテック,horizon.tech.206@example.com,S20250306,P20250306,試験_面接,落選,2034-04-16 15:00,2034-04-16 15:40,オンライン・単独,自宅,2,人事,"将来像、チーム開発でのトラブル対応、他社との比較について聞かれた。やや厳しめではあったが、質問の意図は明確だった。企業研究の甘さを痛感した。結果としては不合格だったものの、改善点が明確になり次の選考に活かせる面接だった。"
株式会社ホライズンテック,horizon.tech.207@example.com,S20250307,P20250307,試験_面接,継続（合格）,2034-04-19 10:30,2034-04-19 11:00,オンライン・単独,自宅,2,エンジニア,"Git経験、学校で学んだ専門技術、入社後の貢献について質問された。面接官が明るく、非常に話しやすい雰囲気だった。逆質問のバリエーションを増やすべきだったと反省した。選考は次のステップに進むことになり、引き続き準備を進めていく必要があると感じた。"
株式会社ホライズンテック,horizon.tech.208@example.com,S20250308,P20250308,試験_面接,継続（合格）,2034-04-22 14:00,2034-04-22 14:30,オンライン・単独,自宅,2,人事・エンジニア,"会社の理念に対する共感度、困難を乗り越えた経験、チーム開発での役割について聞かれた。回答の背景や理由を詳しく問われた。自己PRの構成を見直す必要があると感じた。選考は次のステップに進むことになり、引き続き準備を進めていく必要があると感じた。"
株式会社ホライズンテック,horizon.tech.209@example.com,S20250309,P20250309,試験_面接,落選,2034-04-25 11:00,2034-04-25 11:40,オンライン・単独,自宅,2,人事,"長所と短所、周囲からの評価、HCSを選んだ理由について聞かれた。淡々としていたが、質問は鋭かった。技術知識の幅と深さが足りなかったと痛感した。結果としては不合格だったものの、改善点が明確になり次の選考に活かせる面接だった。"
株式会社ホライズンテック,horizon.tech.210@example.com,S20250310,P20250310,試験_面接,内定,2034-04-28 09:00,2034-04-28 09:30,オンライン・単独,自宅,2,人事・エンジニア,"技術への情熱、会社への貢献意欲、学生時代の経験全般について深く問われた。終始和やかな雰囲気で、リラックスして話せた。自己理解の深さとコミュニケーション能力が評価され、内定となった。"
株式会社アルファテック,alfa.tech.211@example.com,S20250311,P20250311,試験_面接,継続（合格）,2034-05-01 14:00,2034-05-01 14:40,オンライン・単独,自宅,2,人事・エンジニア,"技術選定の理由、キャリアビジョン、Git経験について深掘りされた。淡々としていたが、質問は鋭かった。結論ファーストを意識する必要があると感じた。選考は次のステップに進むことになり、引き続き準備を進めていく必要があると感じた。"
株式会社アルファテック,alfa.tech.212@example.com,S20250312,P20250312,試験_面接,落選,2034-05-04 10:00,2034-05-04 10:30,オンライン・単独,自宅,2,人事,"入社後の目標、周囲からの評価、長所と短所について聞かれた。具体的なエピソードを何度も深掘りされた。自己分析の甘さを痛感した。結果としては不合格だったものの、改善点が明確になり次の選考に活かせる面接だった。"
株式会社アルファテック,alfa.tech.213@example.com,S20250313,P20250313,試験_面接,継続（合格）,2034-05-07 16:00,2034-05-07 16:20,オンライン・単独,自宅,2,エンジニア,"技術への情熱、ポートフォリオでの挑戦点、技術的な課題解決について重点的に問われた。やや厳しめではあったが、質問の意図は明確だった。技術的な知識の応用力を高める必要性を感じた。選考は次のステップに進むことになり、引き続き準備を進めていく必要があると感じた。"
株式会社アルファテック,alfa.tech.214@example.com,S20250314,P20250314,試験_面接,継続（合格）,2034-05-10 11:00,2034-05-10 11:30,オンライン・単独,自宅,2,人事・エンジニア,"価値観、失敗経験から何を学んだか、チーム開発でのトラブル対応について質問された。静かな緊張感はあったものの、話を真摯に受け止めてくれた。専門用語を分かりやすく説明する練習が必要だと感じた。選考は次のステップに進むことになり、引き続き準備を進めていく必要があると感じた。"
株式会社アルファテック,alfa.tech.215@example.com,S20250315,P20250315,試験_面接,内定,2034-05-13 09:00,2034-05-13 09:20,オンライン・単独,自宅,2,人事,"困難を乗り越えた経験、会社への貢献意欲、札幌で働く理由について深く問われた。熱意と論理的な回答が高く評価され内定となった。"
株式会社アルファテック,alfa.tech.216@example.com,S20250316,P20250316,試験_面接,継続（合格）,2034-05-16 15:00,2034-05-16 15:40,オンライン・単独,自宅,2,人事・エンジニア,"HCSを選んだ理由、他社との比較、学生時代の経験全般について聞かれた。回答の背景や理由を詳しく問われた。企業研究の徹底が必要だと感じた。選考は次のステップに進むことになり、引き続き準備を進めていく必要があると感じた。"
株式会社アルファテック,alfa.tech.217@example.com,S20250317,P20250317,試験_面接,落選,2034-05-19 10:30,2034-05-19 11:00,オンライン・単独,自宅,2,エンジニア,"技術的な興味、レビューの受け方、学校で学んだ専門技術について重点的に問われた。淡々としていたが、的確に核心を突く質問が多かった。技術知識の幅と深さが足りなかったと痛感した。結果としては不合格だったものの、改善点が明確になり次の選考に活かせる面接だった。"
株式会社アルファテック,alfa.tech.218@example.com,S20250318,P20250318,試験_面接,継続（合格）,2034-05-22 14:00,2034-05-22 14:30,オンライン・単独,自宅,2,人事,"将来像、チーム開発での役割、アルバイト経験について聞かれた。面接官が明るく、非常に話しやすい雰囲気だった。話の論理性を高める必要性を感じた。選考は次のステップに進むことになり、引き続き準備を進めていく必要があると感じた。"
株式会社アルファテック,alfa.tech.219@example.com,S20250319,P20250319,試験_面接,継続（合格）,2034-05-25 11:00,2034-05-25 11:40,オンライン・単独,自宅,2,人事・エンジニア,"会社の理念への共感度、Git経験、ストレスへの対処方法について深く問われた。終始和やかな雰囲気で、会話形式で進んだ。緊張すると早口になるため、落ち着いて話す意識が必要だと感じた。選考は次のステップに進むことになり、引き続き準備を進めていく必要があると感じた。"
株式会社アルファテック,alfa.tech.220@example.com,S20250320,P20250320,試験_面接,内定,2034-05-28 09:00,2034-05-28 09:30,オンライン・単独,自宅,2,エンジニア,"技術的な課題解決、困難な状況への対処法、長所と短所について問われた。技術的な深い理解と問題解決能力が評価され、内定となった。"
株式会社ビーリンク,be.link.211@example.com,S20250321,P20250321,試験_面接,継続（合格）,2034-06-01 14:00,2034-06-01 14:50,オンライン・単独,自宅,2,人事,"志望動機、入社後の目標、技術的な興味について深く問われた。やや厳しめではあったが、質問は鋭かった。自己PRの構成を見直す必要があると感じた。選考は次のステップに進むことになり、引き続き準備を進めていく必要があると感じた。"
株式会社ビーリンク,be.link.212@example.com,S20250322,P20250322,試験_面接,落選,2034-06-04 10:00,2034-06-04 10:30,オンライン・単独,自宅,2,人事・エンジニア,"価値観、周囲からの評価、ポートフォリオでの挑戦点について深掘りされた。淡々としていたが、誠実に話を聞いてもらえた。逆質問のバリエーションを増やすべきだったと反省した。結果としては不合格だったものの、改善点が明確になり次の選考に活かせる面接だった。"
株式会社ビーリンク,be.link.213@example.com,S20250323,P20250323,試験_面接,継続（合格）,2034-06-07 16:00,2034-06-07 16:20,オンライン・単独,自宅,2,エンジニア,"技術選定の理由、学校で学んだ専門技術、Git経験について質問された。終始和やかな雰囲気で、リラックスして話せた。技術的な知識の確認を徹底する必要があると学んだ。選考は次のステップに進むことになり、引き続き準備を進めていく必要があると感じた。"
株式会社ビーリンク,be.link.214@example.com,S20250324,P20250324,試験_面接,継続（合格）,2034-06-10 11:00,2034-06-10 11:30,オンライン・単独,自宅,2,人事,"失敗経験から何を学んだか、アルバイト経験、将来像について聞かれた。具体的なエピソードを何度も深掘りされた。専門用語を分かりやすく説明する練習が必要だと感じた。選考は次のステップに進むことになり、引き続き準備を進めていく必要があると感じた。"
株式会社ビーリンク,be.link.215@example.com,S20250325,P20250325,試験_面接,内定,2034-06-13 09:00,2034-06-13 09:20,オンライン・単独,自宅,2,人事・エンジニア,"チーム開発での役割、困難を乗り越えた経験、会社への貢献意欲について深く問われた。論理的な思考力と入社意欲の高さが評価され、内定となった。"
株式会社ビーリンク,be.link.216@example.com,S20250326,P20250326,試験_面接,継続（合格）,2034-06-16 15:00,2034-06-16 15:40,オンライン・単独,自宅,2,人事,"HCSを選んだ理由、学生時代の経験全般、長所と短所について質問された。回答の背景や理由を詳しく問われた。企業研究の甘さを痛感した。選考は次のステップに進むことになり、引き続き準備を進めていく必要があると感じた。"
株式会社ビーリンク,be.link.217@example.com,S20250327,P20250327,試験_面接,継続（合格）,2034-06-19 10:30,2034-06-19 11:00,オンライン・単独,自宅,2,エンジニア,"技術への情熱、レビューの受け方、技術的な課題解決について重点的に深掘りされた。静かな緊張感はあったものの、質問の意図は明確だった。結論ファーストを徹底する訓練が必要だと感じた。選考は次のステップに進むことになり、引き続き準備を進めていく必要があると感じた。"
株式会社ビーリンク,be.link.218@example.com,S20250328,P20250328,試験_面接,落選,2034-06-22 14:00,2034-06-22 14:30,オンライン・単独,自宅,2,人事・エンジニア,"キャリアビジョン、他社との比較、札幌で働く理由について聞かれた。やや厳しめではあったが、誠実に話を聞いてもらえた。自己分析の甘さを痛感した。結果としては不合格だったものの、改善点が明確になり次の選考に活かせる面接だった。"
株式会社ビーリンク,be.link.219@example.com,S20250329,P20250329,試験_面接,継続（合格）,2034-06-25 11:00,2034-06-25 11:40,オンライン・単独,自宅,2,人事,"会社の理念への共感度、チーム開発でのトラブル対応、ストレスへの対処方法について深く問われた。面接官が明るく、非常に話しやすい雰囲気だった。話の論理性を高める必要性を感じた。選考は次のステップに進むことになり、引き続き準備を進めていく必要があると感じた。"
株式会社ビーリンク,be.link.220@example.com,S20250330,P20250330,試験_面接,内定,2034-06-28 09:00,2034-06-28 09:30,オンライン・単独,自宅,2,エンジニア,"技術的な興味、長所と短所、入社後の貢献について質問された。技術的な知識の深さと自己成長への意欲が評価され、内定となった。"
クリエイトソリューションズ株式会社,create.sol.211@example.com,S20250331,P20250331,試験_面接,継続（合格）,2034-07-01 14:00,2034-07-01 14:50,オンライン・単独,自宅,2,人事,"志望動機、価値観、学生時代の経験全般について質問された。淡々としていたが、的確に核心を突く質問が多かった。技術的な知識の応用力を高める必要性を感じた。選考は次のステップに進むことになり、引き続き準備を進めていく必要があると感じた。"
クリエイトソリューションズ株式会社,create.sol.212@example.com,S20250332,P20250332,試験_面接,内定,2034-07-04 10:00,2034-07-04 10:30,オンライン・単独,自宅,2,エンジニア,"技術選定の理由、ポートフォリオでの挑戦点、技術的な課題解決について重点的に聞かれた。終始和やかな雰囲気で、話しやすかった。技術への深い関心と論理的な説明能力が評価され、内定となった。"
クリエイトソリューションズ株式会社,create.sol.213@example.com,S20250333,P20250333,試験_面接,継続（合格）,2034-07-07 16:00,2034-07-07 16:20,オンライン・単独,自宅,2,人事・エンジニア,"入社後のキャリアプラン、チーム開発での役割、失敗経験から何を学んだかについて深く問われた。やや厳しめではあったが、質問は鋭かった。話の論理性を高める必要性を感じた。選考は次のステップに進むことになり、引き続き準備を進めていく必要があると感じた。"
クリエイトソリューションズ株式会社,create.sol.214@example.com,S20250334,P20250334,試験_面接,落選,2034-07-10 11:00,2034-07-10 11:30,オンライン・単独,自宅,2,人事,"長所と短所、アルバイト経験、HCSを選んだ理由について質問された。回答の背景や理由を詳しく問われた。自己PRの構成を見直す必要があると感じた。結果としては不合格だったものの、改善点が明確になり次の選考に活かせる面接だった。"
クリエイトソリューションズ株式会社,create.sol.215@example.com,S20250335,P20250335,試験_面接,継続（合格）,2034-07-13 09:00,2034-07-13 09:20,オンライン・単独,自宅,2,エンジニア,"技術への情熱、レビューの受け方、学校で学んだ専門技術について聞かれた。具体的なエピソードを深掘りされ、技術的な知識の確認を徹底する必要があると学んだ。選考は次のステップに進むことになり、引き続き準備を進めていく必要があると感じた。"
クリエイトソリューションズ株式会社,create.sol.216@example.com,S20250336,P20250336,試験_面接,落選,2034-07-16 15:00,2034-07-16 15:40,オンライン・単独,自宅,2,人事・エンジニア,"困難を乗り越えた経験、会社への貢献意欲、将来像について問われた。静かな緊張感はあったものの、こちらの話を真摯に受け止めてくれた。企業研究の甘さを痛感した。結果としては不合格だったものの、改善点が明確になり次の選考に活かせる面接だった。"
クリエイトソリューションズ株式会社,create.sol.217@example.com,S20250337,P20250337,試験_面接,継続（合格）,2034-07-19 10:30,2034-07-19 11:00,オンライン・単独,自宅,2,人事,"札幌で働く理由、周囲からの評価、他社との比較について深掘りされた。面接官が明るく、非常に話しやすい雰囲気だった。専門用語を分かりやすく説明する練習が必要だと感じた。選考は次のステップに進むことになり、引き続き準備を進めていく必要があると感じた。"
クリエイトソリューションズ株式会社,create.sol.218@example.com,S20250338,P20250338,試験_面接,継続（合格）,2034-07-22 14:00,2034-07-22 14:30,オンライン・単独,自宅,2,エンジニア,"会社の理念への共感、Git経験、チーム開発でのトラブル対応について重点的に問われた。やや厳しめではあったが、質問の意図は明確だった。結論ファーストを徹底する訓練が必要だと感じた。選考は次のステップに進むことになり、引き続き準備を進めていく必要があると感じた。"
クリエイトソリューションズ株式会社,create.sol.219@example.com,S20250339,P20250339,試験_面接,内定,2034-07-25 11:00,2034-07-25 11:40,オンライン・単独,自宅,2,人事・エンジニア,"技術的な興味、キャリアビジョン、困難な状況への対処法について深く問われた。終始和やかな雰囲気で、リラックスして話せた。技術的な深い理解とチームでの貢献意欲が評価され、内定となった。"
クリエイトソリューションズ株式会社,create.sol.220@example.com,S20250340,P20250340,試験_面接,継続（合格）,2034-07-28 09:00,2034-07-28 09:30,オンライン・単独,自宅,2,人事,"ガクチカ、長所と短所、ストレスへの対処方法について質問された。淡々としていたが、質問は鋭かった。緊張すると早口になるため、落ち着いて話す意識が必要だと感じた。選考は次のステップに進むことになり、引き続き準備を進めていく必要があると感じた。"
株式会社デジタルリンク,digi.link.211@example.com,S20250341,P20250341,試験_面接,継続（合格）,2034-08-01 14:00,2034-08-01 14:50,オンライン・単独,自宅,2,人事・エンジニア,"技術的な興味、学校で学んだこと、チーム開発での役割について質問された。具体的なエピソードを何度も深掘りされた。専門用語を分かりやすく説明する練習が必要だと感じた。選考は次のステップに進むことになり、引き続き準備を進めていく必要があると感じた。"
株式会社デジタルリンク,digi.link.212@example.com,S20250342,P20250342,試験_面接,落選,2034-08-04 10:00,2034-08-04 10:30,オンライン・単独,自宅,2,人事,"志望動機、長所と短所、入社後の目標について聞かれた。やや厳しめではあったが、誠実に話を聞いてもらえた。自己分析の甘さを痛感した。結果としては不合格だったものの、改善点が明確になり次の選考に活かせる面接だった。"
株式会社デジタルリンク,digi.link.213@example.com,S20250343,P20250343,試験_面接,内定,2034-08-07 16:00,2034-08-07 16:20,オンライン・単独,自宅,2,エンジニア,"技術選定の理由、ポートフォリオでの挑戦点、技術的な課題解決について重点的に聞かれた。面接官が明るく、非常に話しやすい雰囲気だった。技術的な深い理解と問題解決能力が評価され、内定となった。"
株式会社デジタルリンク,digi.link.214@example.com,S20250344,P20250344,試験_面接,継続（合格）,2034-08-10 11:00,2034-08-10 11:30,オンライン・単独,自宅,2,人事,"価値観、アルバイト経験、将来像について質問された。静かな緊張感はあったものの、こちらの話を受け止めてくれた。逆質問のバリエーションを増やすべきだったと反省した。選考は次のステップに進むことになり、引き続き準備を進めていく必要があると感じた。"
株式会社デジタルリンク,digi.link.215@example.com,S20250345,P20250345,試験_面接,継続（合格）,2034-08-13 09:00,2034-08-13 09:20,オンライン・単独,自宅,2,人事・エンジニア,"HCSを選んだ理由、レビューの受け方、会社への貢献意欲について質問された。回答の背景や理由を詳しく問われた。自己PRの構成を見直す必要があると感じた。選考は次のステップに進むことになり、引き続き準備を進めていく必要があると感じた。"
株式会社デジタルリンク,digi.link.216@example.com,S20250346,P20250346,試験_面接,落選,2034-08-16 15:00,2034-08-16 15:40,オンライン・単独,自宅,2,人事,"困難を乗り越えた経験、学生時代の経験全般、札幌で働く理由について深掘りされた。淡々としていたが、質問は鋭かった。企業研究の甘さを痛感した。結果としては不合格だったものの、改善点が明確になり次の選考に活かせる面接だった。"
株式会社デジタルリンク,digi.link.217@example.com,S20250347,P20250347,試験_面接,内定,2034-08-19 10:30,2034-08-19 11:00,オンライン・単独,自宅,2,エンジニア,"技術への情熱、Git経験、チーム開発でのトラブル対応について聞かれた。終始和やかな雰囲気で、会話形式で進んだ。熱意と技術的な背景説明の論理性が評価され、内定となった。"
株式会社デジタルリンク,digi.link.218@example.com,S20250348,P20250348,試験_面接,継続（合格）,2034-08-22 14:00,2034-08-22 14:30,オンライン・単独,自宅,2,人事・エンジニア,"キャリアビジョン、失敗経験から何を学んだか、周囲からの評価について深く問われた。やや厳しめではあったが、質問は鋭かった。技術的な知識の応用力を高める必要性を感じた。選考は次のステップに進むことになり、引き続き準備を進めていく必要があると感じた。"
株式会社デジタルリンク,digi.link.219@example.com,S20250349,P20250349,試験_面接,継続（合格）,2034-08-25 11:00,2034-08-25 11:40,オンライン・単独,自宅,2,人事,"会社の理念への共感度、他社との違い、困難な状況への対処法について聞かれた。具体的なエピソードを何度も深掘りされた。話の論理性を高める必要性を感じた。選考は次のステップに進むことになり、引き続き準備を進めていく必要があると感じた。"
株式会社デジタルリンク,digi.link.220@example.com,S20250350,P20250350,試験_面接,落選,2034-08-28 09:00,2034-08-28 09:30,オンライン・単独,自宅,2,エンジニア,"技術的な興味、入社後の貢献、長所と短所について聞かれた。静かな緊張感はあったものの、こちらの話を真摯に受け止めてくれた。技術知識の幅と深さが足りなかったと痛感した。結果としては不合格だったものの、改善点が明確になり次の選考に活かせる面接だった。"
株式会社エムライン,m.line.211@example.com,S20250351,P20250351,試験_面接,継続（合格）,2034-09-01 14:00,2034-09-01 14:50,オンライン・単独,自宅,2,人事・エンジニア,"技術的な興味、チーム開発での工夫点、札幌で働く理由について質問された。面接官が明るく、非常に話しやすい雰囲気だった。結論ファーストを徹底する訓練が必要だと感じた。選考は次のステップに進むことになり、引き続き準備を進めていく必要があると感じた。"
株式会社エムライン,m.line.212@example.com,S20250352,P20250352,試験_面接,継続（合格）,2034-09-04 10:00,2034-09-04 10:30,オンライン・単独,自宅,2,人事,"志望動機、周囲からの評価、ストレスへの対処方法について深掘りされた。やや厳しめではあったが、質問の意図は明確だった。技術的な知識の確認を徹底する必要があると学んだ。選考は次のステップに進むことになり、引き続き準備を進めていく必要があると感じた。"
株式会社エムライン,m.line.213@example.com,S20250353,P20250353,試験_面接,内定,2034-09-07 16:00,2034-09-07 16:20,オンライン・単独,自宅,2,エンジニア,"ポートフォリオでの挑戦点、技術的な失敗とそこからの学び、入社後の貢献について重点的に問われた。終始和やかな雰囲気で、リラックスして話せた。技術的な背景を論理的に説明できた点が評価され、内定となった。"
株式会社エムライン,m.line.214@example.com,S20250354,P20250354,試験_面接,落選,2034-09-10 11:00,2034-09-10 11:30,オンライン・単独,自宅,2,人事,"ガクチカ、価値観、アルバイト経験について質問された。淡々としていたが、質問は鋭かった。自己分析の甘さを痛感した。結果としては不合格だったものの、改善点が明確になり次の選考に活かせる面接だった。"
株式会社エムライン,m.line.215@example.com,S20250355,P20250355,試験_面接,継続（合格）,2034-09-13 09:00,2034-09-13 09:20,オンライン・単独,自宅,2,人事・エンジニア,"キャリアビジョン、会社への貢献意欲、HCSを選んだ理由について深掘りされた。回答の背景や理由を詳しく問われた。自己PRの構成を見直す必要があると感じた。選考は次のステップに進むことになり、引き続き準備を進めていく必要があると感じた。"
株式会社エムライン,m.line.216@example.com,S20250356,P20250356,試験_面接,継続（合格）,2034-09-16 15:00,2034-09-16 15:40,オンライン・単独,自宅,2,人事,"長所と短所、入社後の目標、他社との比較について聞かれた。具体的なエピソードを何度も深掘りされた。専門用語を分かりやすく説明する練習が必要だと感じた。選考は次のステップに進むことになり、引き続き準備を進めていく必要があると感じた。"
株式会社エムライン,m.line.217@example.com,S20250357,P20250357,試験_面接,落選,2034-09-19 10:30,2034-09-19 11:00,オンライン・単独,自宅,2,エンジニア,"Gitの具体的な利用経験、技術的な課題解決、レビューの受け方について質問された。やや厳しめではあったが、質問の意図は明確だった。技術知識の幅と深さが足りなかったと痛感した。結果としては不合格だったものの、改善点が明確になり次の選考に活かせる面接だった。"
株式会社エムライン,m.line.218@example.com,S20250358,P20250358,試験_面接,継続（合格）,2034-09-22 14:00,2034-09-22 14:30,オンライン・単独,自宅,2,人事・エンジニア,"技術への情熱、会社の理念に対する共感度、チーム開発でのトラブル対応について深く問われた。静かな緊張感はあったものの、こちらの話を真摯に受け止めてくれた。緊張すると早口になるため、落ち着いて話す意識が必要だと感じた。選考は次のステップに進むことになり、引き続き準備を進めていく必要があると感じた。"
株式会社エムライン,m.line.219@example.com,S20250359,P20250359,試験_面接,内定,2034-09-25 11:00,2034-09-25 11:40,オンライン・単独,自宅,2,人事,"将来像、チーム開発での役割、学生時代の経験全般について聞かれた。面接官が親身になって話を聞いてくれる印象だった。自己理解の深さと入社意欲の高さが評価され、内定となった。"
株式会社エムライン,m.line.220@example.com,S20250360,P20250360,試験_面接,継続（合格）,2034-09-28 09:00,2034-09-28 09:30,オンライン・単独,自宅,2,エンジニア,"学校で学んだ専門技術、困難を乗り越えた経験、失敗経験から何を学んだかについて聞かれた。終始和やかな雰囲気で、会話形式で進んだ。逆質問のバリエーションを増やすべきだったと反省した。選考は次のステップに進むことになり、引き続き準備を進めていく必要があると感じた。"
株式会社フォースウェーブ,force.wave.211@example.com,S20250361,P20250361,試験_面接,継続（合格）,2034-10-01 14:00,2034-10-01 14:50,オンライン・単独,自宅,2,人事,"志望動機、長所と短所、周囲からの評価について質問された。淡々としていたが、的確に核心を突く質問が多かった。技術的な知識の確認を徹底する必要があると学んだ。選考は次のステップに進むことになり、引き続き準備を進めていく必要があると感じた。"
株式会社フォースウェーブ,force.wave.212@example.com,S20250362,P20250362,試験_面接,落選,2034-10-04 10:00,2034-10-04 10:30,オンライン・単独,自宅,2,エンジニア,"技術的な興味、ポートフォリオでの挑戦点、技術選定の理由について重点的に聞かれた。回答の背景や理由を詳しく問われた。話の論理性を高める必要性を感じた。結果としては不合格だったものの、改善点が明確になり次の選考に活かせる面接だった。"
株式会社フォースウェーブ,force.wave.213@example.com,S20250363,P20250363,試験_面接,内定,2034-10-07 16:00,2034-10-07 16:20,オンライン・単独,自宅,2,人事・エンジニア,"Git経験、レビューの受け方、チーム開発での役割について深掘りされた。やや厳しめではあったが、誠実に話を聞いてもらえた。技術的な深掘りにも論理的に答えられ、高い評価を得て内定となった。"
株式会社フォースウェーブ,force.wave.214@example.com,S20250364,P20250364,試験_面接,継続（合格）,2034-10-10 11:00,2034-10-10 11:30,オンライン・単独,自宅,2,人事,"キャリアビジョン、会社への貢献意欲、HCSを選んだ理由について問われた。具体的なエピソードを何度も深掘りされた。専門用語を分かりやすく説明する練習が必要だと感じた。選考は次のステップに進むことになり、引き続き準備を進めていく必要があると感じた。"
株式会社フォースウェーブ,force.wave.215@example.com,S20250365,P20250365,試験_面接,継続（合格）,2034-10-13 09:00,2034-10-13 09:20,オンライン・単独,自宅,2,エンジニア,"技術への情熱、入社後の貢献、技術的な課題解決について深く問われた。静かな緊張感はあったものの、質問の意図は明確だった。技術的な知識の応用力を高める必要性を感じた。選考は次のステップに進むことになり、引き続き準備を進めていく必要があると感じた。"
株式会社フォースウェーブ,force.wave.216@example.com,S20250366,P20250366,試験_面接,落選,2034-10-16 15:00,2034-10-16 15:40,オンライン・単独,自宅,2,人事・エンジニア,"入社後の目標、学生時代に頑張ったこと、札幌で働く理由について問われた。淡々としていたが、質問は鋭かった。企業研究の甘さを痛感した。結果としては不合格だったものの、改善点が明確になり次の選考に活かせる面接だった。"
株式会社フォースウェーブ,force.wave.217@example.com,S20250367,P20250367,試験_面接,継続（合格）,2034-10-19 10:30,2034-10-19 11:00,オンライン・単独,自宅,2,人事,"アルバイト経験、将来像、ストレスへの対処方法について質問された。面接官が明るく、非常に話しやすい雰囲気だった。結論ファーストを徹底する訓練が必要だと感じた。選考は次のステップに進むことになり、引き続き準備を進めていく必要があると感じた。"
株式会社フォースウェーブ,force.wave.218@example.com,S20250368,P20250368,試験_面接,継続（合格）,2034-10-22 14:00,2034-10-22 14:30,オンライン・単独,自宅,2,エンジニア,"価値観、会社の理念への共感度、チーム開発でのトラブル対応について質問された。終始和やかな雰囲気で、会話形式で進んだ。自己PRの構成を見直す必要があると感じた。選考は次のステップに進むことになり、引き続き準備を進めていく必要があると感じた。"
株式会社フォースウェーブ,force.wave.219@example.com,S20250369,P20250369,試験_面接,内定,2034-10-25 11:00,2034-10-25 11:40,オンライン・単独,自宅,2,人事,"ガクチカ、困難な状況への対処法、他社との比較について聞かれた。全体的に穏やかな雰囲気で、リラックスして話せた。技術的な知識の深さと論理的な説明力が評価され、内定となった。"
株式会社フォースウェーブ,force.wave.220@example.com,S20250370,P20250370,試験_面接,継続（合格）,2034-10-28 09:00,2034-10-28 09:30,オンライン・単独,自宅,2,人事・エンジニア,"長所と短所、学生時代の経験全般、失敗経験から何を学んだかについて質問された。やや厳しめではあったが、質問は鋭かった。自己分析の甘さを痛感した。選考は次のステップに進むことになり、引き続き準備を進めていく必要があると感じた。"
ノースシステム株式会社,north.sys.211@example.com,S20250371,P20250371,試験_面接,継続（合格）,2034-11-01 14:00,2034-11-01 14:50,オンライン・単独,自宅,2,人事・エンジニア,"志望動機、キャリアビジョン、技術的な興味について深く聞かれた。具体的なエピソードを何度も深掘りされた。企業研究をより進める必要を実感した。選考は次のステップに進むことになり、引き続き準備を進めていく必要があると感じた。"
ノースシステム株式会社,north.sys.212@example.com,S20250372,P20250372,試験_面接,継続（合格）,2034-11-04 10:00,2034-11-04 10:30,オンライン・単独,自宅,2,人事,"長所と短所、価値観、ストレスへの対処方法について質問された。回答の背景や理由を詳しく問われた。逆質問のバリエーションを増やすべきだったと反省した。選考は次のステップに進むことになり、引き続き準備を進めていく必要があると感じた。"
ノースシステム株式会社,north.sys.213@example.com,S20250373,P20250373,試験_面接,落選,2034-11-07 16:00,2034-11-07 16:20,オンライン・単独,自宅,2,エンジニア,"技術選定の理由、ポートフォリオの詳細、チーム開発での役割、学校で学んだ専門技術について深掘りされた。静かな緊張感はあったものの、こちらの話を真摯に受け止めてくれた。技術知識の幅と深さが足りなかったと痛感した。結果としては不合格だったものの、改善点が明確になり次の選考に活かせる面接だった。"
ノースシステム株式会社,north.sys.214@example.com,S20250374,P20250374,試験_面接,内定,2034-11-10 11:00,2034-11-10 11:30,オンライン・単独,自宅,2,人事,"周囲からの評価、アルバイト経験、HCSを選んだ理由について聞かれた。やや厳しめではあったが、質問の意図は明確だった。将来への展望と論理的な思考力が評価され、内定となった。"
ノースシステム株式会社,north.sys.215@example.com,S20250375,P20250375,試験_面接,継続（合格）,2034-11-13 09:00,2034-11-13 09:20,オンライン・単独,自宅,2,人事・エンジニア,"困難を乗り越えた経験、レビューの受け方、技術的な課題解決について質問された。淡々としていたが、質問は鋭かった。技術的な知識の応用力を高める必要性を感じた。選考は次のステップに進むことになり、引き続き準備を進めていく必要があると感じた。"
ノースシステム株式会社,north.sys.216@example.com,S20250376,P20250376,試験_面接,継続（合格）,2034-11-16 15:00,2034-11-16 15:40,オンライン・単独,自宅,2,人事,"ガクチカ、将来像、他社との比較について深掘りされた。終始和やかな雰囲気で、会話形式で進んだ。専門用語を分かりやすく説明する練習が必要だと感じた。選考は次のステップに進むことになり、引き続き準備を進めていく必要があると感じた。"
ノースシステム株式会社,north.sys.217@example.com,S20250377,P20250377,試験_面接,落選,2034-11-19 10:30,2034-11-19 11:00,オンライン・単独,自宅,2,エンジニア,"技術への情熱、Git経験、チーム開発でのトラブル対応について質問された。面接官が明るく、非常に話しやすい雰囲気だった。自己分析の甘さを痛感した。結果としては不合格だったものの、改善点が明確になり次の選考に活かせる面接だった。"
ノースシステム株式会社,north.sys.218@example.com,S20250378,P20250378,試験_面接,継続（合格）,2034-11-22 14:00,2034-11-22 14:30,オンライン・単独,自宅,2,人事・エンジニア,"会社への貢献意欲、札幌で働く理由、学生時代の経験全般について聞かれた。回答の背景や理由を詳しく問われた。話の論理性を高める必要性を感じた。選考は次のステップに進むことになり、引き続き準備を進めていく必要があると感じた。"
ノースシステム株式会社,north.sys.219@example.com,S20250379,P20250379,試験_面接,内定,2034-11-25 11:00,2034-11-25 11:40,オンライン・単独,自宅,2,エンジニア,"技術的な興味、入社後の貢献、技術的な課題解決について重点的に問われた。全体的に穏やかな雰囲気で、和やかに進んだ。技術的な背景を論理的に説明できた点が評価され、内定となった。"
ノースシステム株式会社,north.sys.220@example.com,S20250380,P20250380,試験_面接,継続（合格）,2034-11-28 09:00,2034-11-28 09:30,オンライン・単独,自宅,2,人事,"入社後の目標、キャリアビジョン、失敗経験から何を学んだかについて深く問われた。やや厳しめではあったが、的確に核心を突く質問が多かった。緊張すると早口になるため、落ち着いて話す意識が必要だと感じた。選考は次のステップに進むことになり、引き続き準備を進めていく必要があると感じた。"
株式会社ライフネットワーク,life.net.211@example.com,S20250381,P20250381,試験_面接,継続（合格）,2034-12-01 14:00,2034-12-01 14:50,オンライン・単独,自宅,2,人事・エンジニア,"技術的な興味、ポートフォリオでの挑戦点、Git経験について質問された。具体的なエピソードを何度も深掘りされた。結論ファーストを徹底する訓練が必要だと感じた。選考は次のステップに進むことになり、引き続き準備を進めていく必要があると感じた。"
株式会社ライフネットワーク,life.net.212@example.com,S20250382,P20250382,試験_面接,落選,2034-12-04 10:00,2034-12-04 10:30,オンライン・単独,自宅,2,人事,"長所と短所、志望動機、価値観について深掘りされた。淡々としていたが、質問は鋭かった。企業研究の甘さを痛感した。結果としては不合格だったものの、改善点が明確になり次の選考に活かせる面接だった。"
株式会社ライフネットワーク,life.net.213@example.com,S20250383,P20250383,試験_面接,継続（合格）,2034-12-07 16:00,2034-12-07 16:20,オンライン・単独,自宅,2,エンジニア,"技術選定の理由、チーム開発での役割、入社後の貢献について重点的に問われた。やや厳しめではあったが、質問の意図は明確だった。自己PRの構成を見直す必要があると感じた。選考は次のステップに進むことになり、引き続き準備を進めていく必要があると感じた。"
株式会社ライフネットワーク,life.net.214@example.com,S20250384,P20250384,試験_面接,継続（合格）,2034-12-10 11:00,2034-12-10 11:30,オンライン・単独,自宅,2,人事,"周囲からの評価、ストレスへの対処方法、困難な状況への対処法について聞かれた。面接官が明るく、非常に話しやすい雰囲気だった。専門用語を分かりやすく説明する練習が必要だと感じた。選考は次のステップに進むことになり、引き続き準備を進めていく必要があると感じた。"
株式会社ライフネットワーク,life.net.215@example.com,S20250385,P20250385,試験_面接,内定,2034-12-13 09:00,2034-12-13 09:20,オンライン・単独,自宅,2,人事・エンジニア,"失敗経験から何を学んだか、アルバイト経験、札幌で働く理由について質問された。回答の背景や理由を詳しく問われた。論理的な思考力と技術的な探求心が評価され、内定となった。"
株式会社ライフネットワーク,life.net.216@example.com,S20250386,P20250386,試験_面接,継続（合格）,2034-12-16 15:00,2034-12-16 15:40,オンライン・単独,自宅,2,人事,"ガクチカ、会社への貢献意欲、HCSを選んだ理由について深く問われた。静かな緊張感はあったものの、こちらの話を真摯に受け止めてくれた。技術的な知識の応用力を高める必要性を感じた。選考は次のステップに進むことになり、引き続き準備を進めていく必要があると感じた。"
株式会社ライフネットワーク,life.net.217@example.com,S20250387,P20250387,試験_面接,継続（合格）,2034-12-19 10:30,2034-12-19 11:00,オンライン・単独,自宅,2,エンジニア,"学校で学んだ専門技術、技術的な課題解決、レビューの受け方について重点的に深掘りされた。淡々としていたが、質問は鋭かった。話の論理性を高める必要性を感じた。選考は次のステップに進むことになり、引き続き準備を進めていく必要があると感じた。"
株式会社ライフネットワーク,life.net.218@example.com,S20250388,P20250388,試験_面接,落選,2034-12-22 14:00,2034-12-22 14:30,オンライン・単独,自宅,2,人事・エンジニア,"会社の理念に対する共感度、将来像、チーム開発でのトラブル対応について質問された。終始和やかな雰囲気で、会話形式で進んだ。技術知識の幅と深さが足りなかったと痛感した。結果としては不合格だったものの、改善点が明確になり次の選考に活かせる面接だった。"
株式会社ライフネットワーク,life.net.219@example.com,S20250389,P20250389,試験_面接,継続（合格）,2034-12-25 11:00,2034-12-25 11:40,オンライン・単独,自宅,2,人事,"入社後の目標、学生時代の経験全般、他社との比較について聞かれた。具体的なエピソードを何度も深掘りされた。緊張すると早口になるため、落ち着いて話す意識が必要だと感じた。選考は次のステップに進むことになり、引き続き準備を進めていく必要があると感じた。"
株式会社ライフネットワーク,life.net.220@example.com,S20250390,P20250390,試験_面接,内定,2034-12-28 09:00,2034-12-28 09:30,オンライン・単独,自宅,2,エンジニア,"技術への情熱、キャリアビジョン、長所と短所について深く問われた。全体的に穏やかな雰囲気で、リラックスして話せた。熱意と一貫性のある回答が評価され、内定となった。"
サッポロエンジニアリング株式会社,sapporo.eng.211@example.com,S20250391,P20250391,試験_面接,継続（合格）,2035-01-01 14:00,2035-01-01 14:50,オンライン・単独,自宅,2,人事,"志望動機、周囲からの評価、入社後の目標について深掘りされた。やや厳しめではあったが、質問の意図は明確だった。自己分析をもう一段深める必要があると感じる。選考は次のステップに進むことになり、引き続き準備を進めていく必要があると感じた。"
サッポロエンジニアリング株式会社,sapporo.eng.212@example.com,S20250392,P20250392,試験_面接,継続（合格）,2035-01-04 10:00,2035-01-04 10:30,オンライン・単独,自宅,2,エンジニア,"ポートフォリオの詳細、技術選定の理由、Git経験について重点的に問われた。淡々としていたが、的確に核心を突く質問が多かった。結論ファーストを徹底する訓練が必要だと感じた。選考は次のステップに進むことになり、引き続き準備を進めていく必要があると感じた。"
サッポロエンジニアリング株式会社,sapporo.eng.213@example.com,S20250393,P20250393,試験_面接,落選,2035-01-07 16:00,2035-01-07 16:20,オンライン・単独,自宅,2,人事・エンジニア,"技術的な課題解決、入社後の貢献、学校で学んだ専門技術について詳しく聞かれた。面接官が明るく、非常に話しやすい雰囲気だった。企業研究の甘さを痛感した。結果としては不合格だったものの、改善点が明確になり次の選考に活かせる面接だった。"
サッポロエンジニアリング株式会社,sapporo.eng.214@example.com,S20250394,P20250394,試験_面接,継続（合格）,2035-01-10 11:00,2035-01-10 11:30,オンライン・単独,自宅,2,人事,"失敗経験から何を学んだか、レビューの受け方、札幌で働く理由について質問された。回答の背景や理由を詳しく問われた。逆質問のバリエーションを増やすべきだったと反省した。選考は次のステップに進むことになり、引き続き準備を進めていく必要があると感じた。"
サッポロエンジニアリング株式会社,sapporo.eng.215@example.com,S20250395,P20250395,試験_面接,内定,2035-01-13 09:00,2035-01-13 09:20,オンライン・単独,自宅,2,エンジニア,"技術的な興味、キャリアビジョン、チーム開発での役割、困難な状況への対処法について質問された。静かな緊張感はあったものの、こちらの話を真摯に受け止めてくれた。技術的な知識の深さと論理的な説明能力が評価され、内定となった。"
サッポロエンジニアリング株式会社,sapporo.eng.216@example.com,S20250396,P20250396,試験_面接,継続（合格）,2035-01-16 15:00,2035-01-16 15:40,オンライン・単独,自宅,2,人事・エンジニア,"技術への情熱、会社の理念への共感度、他社との比較について深く問われた。やや厳しめではあったが、質問の意図は明確だった。自己PRの構成を見直す必要があると感じた。選考は次のステップに進むことになり、引き続き準備を進めていく必要があると感じた。"
サッポロエンジニアリング株式会社,sapporo.eng.217@example.com,S20250397,P20250397,試験_面接,落選,2035-01-19 10:30,2035-01-19 11:00,オンライン・単独,自宅,2,人事,"将来像、学生時代に最も力を入れたこと、ストレスへの対処方法について質問された。具体的なエピソードを何度も深掘りされた。話の論理性を高める必要性を感じた。結果としては不合格だったものの、改善点が明確になり次の選考に活かせる面接だった。"
サッポロエンジニアリング株式会社,sapporo.eng.218@example.com,S20250398,P20250398,試験_面接,継続（合格）,2035-01-22 14:00,2035-01-22 14:30,オンライン・単独,自宅,2,エンジニア,"チーム開発でのトラブル対応、技術的な興味、ポートフォリオでの挑戦点について聞かれた。終始和やかな雰囲気で、会話形式で進んだ。専門用語を分かりやすく説明する練習が必要だと感じた。選考は次のステップに進むことになり、引き続き準備を進めていく必要があると感じた。"
サッポロエンジニアリング株式会社,sapporo.eng.219@example.com,S20250399,P20250399,試験_面接,継続（合格）,2035-01-25 11:00,2035-01-25 11:40,オンライン・単独,自宅,2,人事・エンジニア,"長所と短所、ガクチカ、会社への貢献意欲について質問された。淡々としていたが、質問は鋭かった。緊張すると早口になるため、落ち着いて話す意識が必要だと感じた。選考は次のステップに進むことになり、引き続き準備を進めていく必要があると感じた。"
サッポロエンジニアリング株式会社,sapporo.eng.220@example.com,S20250400,P20250400,試験_面接,内定,2035-01-28 09:00,2035-01-28 09:30,オンライン・単独,自宅,2,人事,"周囲からの評価、価値観、アルバイト経験について聞かれた。全体的に穏やかな雰囲気で、和やかに進んだ。熱意と一貫性のある回答が評価され、内定となった。"
株式会社ホライズンテック,horizon.tech.211@example.com,S20250401,P20250401,試験_面接,継続（合格）,2035-02-01 14:00,2035-02-01 14:50,オンライン・単独,自宅,2,人事・エンジニア,"技術的な興味、キャリアビジョン、チーム開発での工夫点について質問された。回答の背景や理由を詳しく問われた。技術的な知識の応用力を高める必要性を感じた。選考は次のステップに進むことになり、引き続き準備を進めていく必要があると感じた。"
株式会社ホライズンテック,horizon.tech.212@example.com,S20250402,P20250402,試験_面接,落選,2035-02-04 10:00,2035-02-04 10:30,オンライン・単独,自宅,2,人事,"入社後の目標、価値観、ストレスへの対処方法について深掘りされた。やや厳しめではあったが、誠実に話を聞いてもらえた。自己分析の甘さを痛感した。結果としては不合格だったものの、改善点が明確になり次の選考に活かせる面接だった。"
株式会社ホライズンテック,horizon.tech.213@example.com,S20250403,P20250403,試験_面接,内定,2035-02-07 16:00,2035-02-07 16:20,オンライン・単独,自宅,2,エンジニア,"ポートフォリオの詳細、技術的な課題解決、レビューの受け方について重点的に問われた。淡々としていたが、質問は鋭かった。論理的な思考力と自己成長への意欲が評価され、内定となった。"
株式会社ホライズンテック,horizon.tech.214@example.com,S20250404,P20250404,試験_面接,継続（合格）,2035-02-10 11:00,2035-02-10 11:30,オンライン・単独,自宅,2,人事,"ガクチカ、アルバイト経験、札幌で働く理由について質問された。具体的なエピソードを何度も深掘りされた。話の論理性を高める必要性を感じた。選考は次のステップに進むことになり、引き続き準備を進めていく必要があると感じた。"
株式会社ホライズンテック,horizon.tech.215@example.com,S20250405,P20250405,試験_面接,継続（合格）,2035-02-13 09:00,2035-02-13 09:20,オンライン・単独,自宅,2,人事・エンジニア,"失敗経験から何を学んだか、技術への情熱、学生時代に頑張ったことについて深掘りされた。静かな緊張感はあったものの、こちらの話を真摯に受け止めてくれた。結論ファーストを徹底する訓練が必要だと感じた。選考は次のステップに進むことになり、引き続き準備を進めていく必要があると感じた。"
株式会社ホライズンテック,horizon.tech.216@example.com,S20250406,P20250406,試験_面接,落選,2035-02-16 15:00,2035-02-16 15:40,オンライン・単独,自宅,2,人事,"将来像、チーム開発でのトラブル対応、他社との比較について聞かれた。やや厳しめではあったが、質問の意図は明確だった。企業研究の甘さを痛感した。結果としては不合格だったものの、改善点が明確になり次の選考に活かせる面接だった。"
株式会社ホライズンテック,horizon.tech.217@example.com,S20250407,P20250407,試験_面接,継続（合格）,2035-02-19 10:30,2035-02-19 11:00,オンライン・単独,自宅,2,エンジニア,"Git経験、学校で学んだ専門技術、入社後の貢献について質問された。面接官が明るく、非常に話しやすい雰囲気だった。逆質問のバリエーションを増やすべきだったと反省した。選考は次のステップに進むことになり、引き続き準備を進めていく必要があると感じた。"
株式会社ホライズンテック,horizon.tech.218@example.com,S20250408,P20250408,試験_面接,継続（合格）,2035-02-22 14:00,2035-02-22 14:30,オンライン・単独,自宅,2,人事・エンジニア,"会社の理念に対する共感度、困難を乗り越えた経験、チーム開発での役割について聞かれた。回答の背景や理由を詳しく問われた。自己PRの構成を見直す必要があると感じた。選考は次のステップに進むことになり、引き続き準備を進めていく必要があると感じた。"
株式会社ホライズンテック,horizon.tech.219@example.com,S20250409,P20250409,試験_面接,落選,2035-02-25 11:00,2035-02-25 11:40,オンライン・単独,自宅,2,人事,"長所と短所、周囲からの評価、HCSを選んだ理由について聞かれた。淡々としていたが、質問は鋭かった。技術知識の幅と深さが足りなかったと痛感した。結果としては不合格だったものの、改善点が明確になり次の選考に活かせる面接だった。"
株式会社ホライズンテック,horizon.tech.220@example.com,S20250410,P20250410,試験_面接,内定,2035-02-28 09:00,2035-02-28 09:30,オンライン・単独,自宅,2,人事・エンジニア,"技術への情熱、会社への貢献意欲、学生時代の経験全般について深く問われた。終始和やかな雰囲気で、リラックスして話せた。自己理解の深さとコミュニケーション能力が評価され、内定となった。"
株式会社アルファテック,alfa.tech.221@example.com,S20250411,P20250411,試験_面接,継続（合格）,2034-05-31 14:00,2034-05-31 14:40,オンライン・単独,自宅,2,人事・エンジニア,"技術的な興味、学生時代の専攻、困難への立ち向かい方について深く聞かれた。具体的なエピソードを何度も深掘りされた。技術的な知識の確認を徹底する必要があると学んだ。選考は次のステップに進むことになり、引き続き準備を進めていく必要があると感じた。"
株式会社アルファテック,alfa.tech.222@example.com,S20250412,P20250412,試験_面接,落選,2034-06-03 10:00,2034-06-03 10:30,オンライン・単独,自宅,2,人事,"入社後のキャリアビジョン、長所と短所、会社への貢献意欲について質問された。淡々としていたが、質問は鋭かった。自己分析の甘さを痛感した。結果としては不合格だったものの、改善点が明確になり次の選考に活かせる面接だった。"
株式会社アルファテック,alfa.tech.223@example.com,S20250413,P20250413,試験_面接,継続（合格）,2034-06-06 16:00,2034-06-06 16:20,オンライン・単独,自宅,2,エンジニア,"ポートフォリオでの技術的挑戦、Gitを使ったチーム開発経験について問われた。やや厳しめではあったが、質問の意図は明確だった。技術的な応用力を高める必要性を感じた。選考は次のステップに進むことになり、引き続き準備を進めていく必要があると感じた。"
株式会社アルファテック,alfa.tech.224@example.com,S20250414,P20250414,試験_面接,継続（合格）,2034-06-09 11:00,2034-06-09 11:30,オンライン・単独,自宅,2,人事・エンジニア,"価値観、失敗経験から何を学んだか、レビューの受け方について質問された。静かな緊張感はあったものの、話を真摯に受け止めてくれた。結論ファーストを意識する必要があると感じた。選考は次のステップに進むことになり、引き続き準備を進めていく必要があると感じた。"
株式会社アルファテック,alfa.tech.225@example.com,S20250415,P20250415,試験_面接,内定,2034-06-12 09:00,2034-06-12 09:20,オンライン・単独,自宅,2,人事,"入社意欲、困難を乗り越えた経験、周囲からの評価について深く問われた。熱意と具体的なエピソードが高く評価され内定となった。"
株式会社アルファテック,alfa.tech.226@example.com,S20250416,P20250416,試験_面接,継続（合格）,2034-06-15 15:00,2034-06-15 15:40,オンライン・単独,自宅,2,人事・エンジニア,"HCSを選んだ理由、他社との比較、チーム開発でのトラブル対応について聞かれた。回答の背景や理由を詳しく問われた。企業研究の徹底が必要だと感じた。選考は次のステップに進むことになり、引き続き準備を進めていく必要があると感じた。"
株式会社アルファテック,alfa.tech.227@example.com,S20250417,P20250417,試験_面接,落選,2034-06-18 10:30,2034-06-18 11:00,オンライン・単独,自宅,2,エンジニア,"技術への情熱、技術的な課題解決、専門知識の深さについて重点的に問われた。淡々としていたが、的確に核心を突く質問が多かった。技術知識の幅と深さが足りなかったと痛感した。結果としては不合格だったものの、改善点が明確になり次の選考に活かせる面接だった。"
株式会社アルファテック,alfa.tech.228@example.com,S20250418,P20250418,試験_面接,継続（合格）,2034-06-21 14:00,2034-06-21 14:30,オンライン・単独,自宅,2,人事,"将来像、アルバイト経験、ストレスへの対処方法について聞かれた。面接官が明るく、非常に話しやすい雰囲気だった。話の論理性を高める必要性を感じた。選考は次のステップに進むことになり、引き続き準備を進めていく必要があると感じた。"
株式会社アルファテック,alfa.tech.229@example.com,S20250419,P20250419,試験_面接,継続（合格）,2034-06-24 11:00,2034-06-24 11:40,オンライン・単独,自宅,2,人事・エンジニア,"会社の理念への共感度、Git経験、札幌で働く理由について深く問われた。終始和やかな雰囲気で、会話形式で進んだ。専門用語を分かりやすく説明する練習が必要だと感じた。選考は次のステップに進むことになり、引き続き準備を進めていく必要があると感じた。"
株式会社アルファテック,alfa.tech.230@example.com,S20250420,P20250420,試験_面接,内定,2034-06-27 09:00,2034-06-27 09:30,オンライン・単独,自宅,2,エンジニア,"技術的な深い理解、問題解決能力、入社後の貢献について問われた。技術的な深い理解と問題解決能力が評価され、内定となった。"
株式会社ビーリンク,be.link.231@example.com,S20250421,P20250421,試験_面接,継続（合格）,2034-07-01 14:00,2034-07-01 14:50,オンライン・単独,自宅,2,人事,"志望動機、長所と短所、チームでの役割について深く問われた。やや厳しめではあったが、質問は鋭かった。自己PRの構成を見直す必要があると感じた。選考は次のステップに進むことになり、引き続き準備を進めていく必要があると感じた。"
株式会社ビーリンク,be.link.232@example.com,S20250422,P20250422,試験_面接,落選,2034-07-04 10:00,2034-07-04 10:30,オンライン・単独,自宅,2,人事・エンジニア,"価値観、周囲からの評価、技術選定の理由について深掘りされた。淡々としていたが、誠実に話を聞いてもらえた。逆質問のバリエーションを増やすべきだったと反省した。結果としては不合格だったものの、改善点が明確になり次の選考に活かせる面接だった。"
株式会社ビーリンク,be.link.233@example.com,S20250423,P20250423,試験_面接,継続（合格）,2034-07-07 16:00,2034-07-07 16:20,オンライン・単独,自宅,2,エンジニア,"ポートフォリオでの挑戦点、技術的な課題解決、専門知識の応用について質問された。終始和やかな雰囲気で、リラックスして話せた。技術的な知識の確認を徹底する必要があると学んだ。選考は次のステップに進むことになり、引き続き準備を進めていく必要があると感じた。"
株式会社ビーリンク,be.link.234@example.com,S20250424,P20250424,試験_面接,継続（合格）,2034-07-10 11:00,2034-07-10 11:30,オンライン・単独,自宅,2,人事,"失敗経験から何を学んだか、アルバイト経験、将来像について聞かれた。具体的なエピソードを何度も深掘りされた。話の論理性を高める必要性を感じた。選考は次のステップに進むことになり、引き続き準備を進めていく必要があると感じた。"
株式会社ビーリンク,be.link.235@example.com,S20250425,P20250425,試験_面接,内定,2034-07-13 09:00,2034-07-13 09:20,オンライン・単独,自宅,2,人事・エンジニア,"技術への情熱、困難を乗り越えた経験、会社への貢献意欲について深く問われた。論理的な思考力と入社意欲の高さが評価され、内定となった。"
株式会社ビーリンク,be.link.236@example.com,S20250426,P20250426,試験_面接,継続（合格）,2034-07-16 15:00,2034-07-16 15:40,オンライン・単独,自宅,2,人事,"HCSを選んだ理由、学生時代の経験全般、入社後の目標について質問された。回答の背景や理由を詳しく問われた。企業研究の甘さを痛感した。選考は次のステップに進むことになり、引き続き準備を進めていく必要があると感じた。"
株式会社ビーリンク,be.link.237@example.com,S20250427,P20250427,試験_面接,継続（合格）,2034-07-19 10:30,2034-07-19 11:00,オンライン・単独,自宅,2,エンジニア,"Git経験、レビューの受け方、技術的な課題解決について重点的に深掘りされた。静かな緊張感はあったものの、質問の意図は明確だった。結論ファーストを徹底する訓練が必要だと感じた。選考は次のステップに進むことになり、引き続き準備を進めていく必要があると感じた。"
株式会社ビーリンク,be.link.238@example.com,S20250428,P20250428,試験_面接,落選,2034-07-22 14:00,2034-07-22 14:30,オンライン・単独,自宅,2,人事・エンジニア,"キャリアビジョン、他社との比較、ストレスへの対処方法について聞かれた。やや厳しめではあったが、誠実に話を聞いてもらえた。自己分析の甘さを痛感した。結果としては不合格だったものの、改善点が明確になり次の選考に活かせる面接だった。"
株式会社ビーリンク,be.link.239@example.com,S20250429,P20250429,試験_面接,継続（合格）,2034-07-25 11:00,2034-07-25 11:40,オンライン・単独,自宅,2,人事,"会社の理念への共感度、チーム開発でのトラブル対応、札幌で働く理由について深く問われた。面接官が明るく、非常に話しやすい雰囲気だった。専門用語を分かりやすく説明する練習が必要だと感じた。選考は次のステップに進むことになり、引き続き準備を進めていく必要があると感じた。"
株式会社ビーリンク,be.link.240@example.com,S20250430,P20250430,試験_面接,内定,2034-07-28 09:00,2034-07-28 09:30,オンライン・単独,自宅,2,エンジニア,"技術的な興味、長所と短所、入社後の貢献について質問された。技術的な知識の深さと自己成長への意欲が評価され、内定となった。"
クリエイトソリューションズ株式会社,create.sol.241@example.com,S20250431,P20250431,試験_面接,継続（合格）,2034-08-01 14:00,2034-08-01 14:50,オンライン・単独,自宅,2,人事,"志望動機、価値観、困難を乗り越えた経験について質問された。淡々としていたが、的確に核心を突く質問が多かった。技術的な知識の応用力を高める必要性を感じた。選考は次のステップに進むことになり、引き続き準備を進めていく必要があると感じた。"
クリエイトソリューションズ株式会社,create.sol.242@example.com,S20250432,P20250432,試験_面接,内定,2034-08-04 10:00,2034-08-04 10:30,オンライン・単独,自宅,2,エンジニア,"技術選定の理由、技術的な課題解決、専門知識の深さについて重点的に聞かれた。終始和やかな雰囲気で、話しやすかった。技術への深い関心と論理的な説明能力が評価され、内定となった。"
クリエイトソリューションズ株式会社,create.sol.243@example.com,S20250433,P20250433,試験_面接,継続（合格）,2034-08-07 16:00,2034-08-07 16:20,オンライン・単独,自宅,2,人事・エンジニア,"入社後のキャリアプラン、チーム開発での役割、学生時代の経験全般について深く問われた。やや厳しめではあったが、質問は鋭かった。話の論理性を高める必要性を感じた。選考は次のステップに進むことになり、引き続き準備を進めていく必要があると感じた。"
クリエイトソリューションズ株式会社,create.sol.244@example.com,S20250434,P20250434,試験_面接,落選,2034-08-10 11:00,2034-08-10 11:30,オンライン・単独,自宅,2,人事,"長所と短所、アルバイト経験、HCSを選んだ理由について質問された。回答の背景や理由を詳しく問われた。自己PRの構成を見直す必要があると感じた。結果としては不合格だったものの、改善点が明確になり次の選考に活かせる面接だった。"
クリエイトソリューションズ株式会社,create.sol.245@example.com,S20250435,P20250435,試験_面接,継続（合格）,2034-08-13 09:00,2034-08-13 09:20,オンライン・単独,自宅,2,エンジニア,"技術への情熱、レビューの受け方、ポートフォリオでの挑戦点について聞かれた。具体的なエピソードを深掘りされ、技術的な知識の確認を徹底する必要があると学んだ。選考は次のステップに進むことになり、引き続き準備を進めていく必要があると感じた。"
クリエイトソリューションズ株式会社,create.sol.246@example.com,S20250436,P20250436,試験_面接,落選,2034-08-16 15:00,2034-08-16 15:40,オンライン・単独,自宅,2,人事・エンジニア,"失敗経験から何を学んだか、会社への貢献意欲、将来像について問われた。静かな緊張感はあったものの、こちらの話を真摯に受け止めてくれた。企業研究の甘さを痛感した。結果としては不合格だったものの、改善点が明確になり次の選考に活かせる面接だった。"
クリエイトソリューションズ株式会社,create.sol.247@example.com,S20250437,P20250437,試験_面接,継続（合格）,2034-08-19 10:30,2034-08-19 11:00,オンライン・単独,自宅,2,人事,"札幌で働く理由、周囲からの評価、他社との比較について深掘りされた。面接官が明るく、非常に話しやすい雰囲気だった。専門用語を分かりやすく説明する練習が必要だと感じた。選考は次のステップに進むことになり、引き続き準備を進めていく必要があると感じた。"
クリエイトソリューションズ株式会社,create.sol.248@example.com,S20250438,P20250438,試験_面接,継続（合格）,2034-08-22 14:00,2034-08-22 14:30,オンライン・単独,自宅,2,エンジニア,"会社の理念への共感、Git経験、チーム開発でのトラブル対応について重点的に問われた。やや厳しめではあったが、質問の意図は明確だった。結論ファーストを徹底する訓練が必要だと感じた。選考は次のステップに進むことになり、引き続き準備を進めていく必要があると感じた。"
クリエイトソリューションズ株式会社,create.sol.249@example.com,S20250439,P20250439,試験_面接,内定,2034-08-25 11:00,2034-08-25 11:40,オンライン・単独,自宅,2,人事・エンジニア,"技術的な興味、キャリアビジョン、困難な状況への対処法について深く問われた。終始和やかな雰囲気で、リラックスして話せた。技術的な深い理解とチームでの貢献意欲が評価され、内定となった。"
クリエイトソリューションズ株式会社,create.sol.250@example.com,S20250440,P20250440,試験_面接,継続（合格）,2034-08-28 09:00,2034-08-28 09:30,オンライン・単独,自宅,2,人事,"ガクチカ、長所と短所、ストレスへの対処方法について質問された。淡々としていたが、質問は鋭かった。緊張すると早口になるため、落ち着いて話す意識が必要だと感じた。選考は次のステップに進むことになり、引き続き準備を進めていく必要があると感じた。"
株式会社デジタルリンク,digi.link.221@example.com,S20250441,P20250441,試験_面接,継続（合格）,2034-09-01 14:00,2034-09-01 14:50,オンライン・単独,自宅,2,人事・エンジニア,"技術的な興味、学生時代に学んだ専門技術、チーム開発での役割について質問された。具体的なエピソードを何度も深掘りされた。専門用語を分かりやすく説明する練習が必要だと感じた。選考は次のステップに進むことになり、引き続き準備を進めていく必要があると感じた。"
株式会社デジタルリンク,digi.link.222@example.com,S20250442,P20250442,試験_面接,落選,2034-09-04 10:00,2034-09-04 10:30,オンライン・単独,自宅,2,人事,"志望動機、長所と短所、入社後の目標について聞かれた。やや厳しめではあったが、誠実に話を聞いてもらえた。自己分析の甘さを痛感した。結果としては不合格だったものの、改善点が明確になり次の選考に活かせる面接だった。"
株式会社デジタルリンク,digi.link.223@example.com,S20250443,P20250443,試験_面接,内定,2034-09-07 16:00,2034-09-07 16:20,オンライン・単独,自宅,2,エンジニア,"技術選定の理由、技術的な課題解決、入社後の貢献について重点的に聞かれた。面接官が明るく、非常に話しやすい雰囲気だった。技術的な深い理解と問題解決能力が評価され、内定となった。"
株式会社デジタルリンク,digi.link.224@example.com,S20250444,P20250444,試験_面接,継続（合格）,2034-09-10 11:00,2034-09-10 11:30,オンライン・単独,自宅,2,人事,"価値観、アルバイト経験、将来像について質問された。静かな緊張感はあったものの、こちらの話を受け止めてくれた。逆質問のバリエーションを増やすべきだったと反省した。選考は次のステップに進むことになり、引き続き準備を進めていく必要があると感じた。"
株式会社デジタルリンク,digi.link.225@example.com,S20250445,P20250445,試験_面接,継続（合格）,2034-09-13 09:00,2034-09-13 09:20,オンライン・単独,自宅,2,人事・エンジニア,"HCSを選んだ理由、レビューの受け方、会社への貢献意欲について質問された。回答の背景や理由を詳しく問われた。自己PRの構成を見直す必要があると感じた。選考は次のステップに進むことになり、引き続き準備を進めていく必要があると感じた。"
株式会社デジタルリンク,digi.link.226@example.com,S20250446,P20250446,試験_面接,落選,2034-09-16 15:00,2034-09-16 15:40,オンライン・単独,自宅,2,人事,"困難を乗り越えた経験、学生時代の経験全般、札幌で働く理由について深掘りされた。淡々としていたが、質問は鋭かった。企業研究の甘さを痛感した。結果としては不合格だったものの、改善点が明確になり次の選考に活かせる面接だった。"
株式会社デジタルリンク,digi.link.227@example.com,S20250447,P20250447,試験_面接,内定,2034-09-19 10:30,2034-09-19 11:00,オンライン・単独,自宅,2,エンジニア,"技術への情熱、Git経験、ポートフォリオでの挑戦点について聞かれた。終始和やかな雰囲気で、会話形式で進んだ。熱意と技術的な背景説明の論理性が評価され、内定となった。"
株式会社デジタルリンク,digi.link.228@example.com,S20250448,P20250448,試験_面接,継続（合格）,2034-09-22 14:00,2034-09-22 14:30,オンライン・単独,自宅,2,人事・エンジニア,"キャリアビジョン、失敗経験から何を学んだか、周囲からの評価について深く問われた。やや厳しめではあったが、質問は鋭かった。技術的な知識の応用力を高める必要性を感じた。選考は次のステップに進むことになり、引き続き準備を進めていく必要があると感じた。"
株式会社デジタルリンク,digi.link.229@example.com,S20250449,P20250449,試験_面接,継続（合格）,2034-09-25 11:00,2034-09-25 11:40,オンライン・単独,自宅,2,人事,"会社の理念への共感度、他社との違い、困難な状況への対処法について聞かれた。具体的なエピソードを何度も深掘りされた。話の論理性を高める必要性を感じた。選考は次のステップに進むことになり、引き続き準備を進めていく必要があると感じた。"
株式会社デジタルリンク,digi.link.230@example.com,S20250450,P20250450,試験_面接,落選,2034-09-28 09:00,2034-09-28 09:30,オンライン・単独,自宅,2,エンジニア,"技術的な興味、入社後の貢献、長所と短所について聞かれた。静かな緊張感はあったものの、こちらの話を真摯に受け止めてくれた。技術知識の幅と深さが足りなかったと痛感した。結果としては不合格だったものの、改善点が明確になり次の選考に活かせる面接だった。"
株式会社エムライン,m.line.221@example.com,S20250451,P20250451,試験_面接,継続（合格）,2034-10-01 14:00,2034-10-01 14:50,オンライン・単独,自宅,2,人事・エンジニア,"技術的な興味、チーム開発での工夫点、札幌で働く理由について質問された。面接官が明るく、非常に話しやすい雰囲気だった。結論ファーストを徹底する訓練が必要だと感じた。選考は次のステップに進むことになり、引き続き準備を進めていく必要があると感じた。"
株式会社エムライン,m.line.222@example.com,S20250452,P20250452,試験_面接,継続（合格）,2034-10-04 10:00,2034-10-04 10:30,オンライン・単独,自宅,2,人事,"志望動機、周囲からの評価、ストレスへの対処方法について深掘りされた。やや厳しめではあったが、質問の意図は明確だった。技術的な知識の確認を徹底する必要があると学んだ。選考は次のステップに進むことになり、引き続き準備を進めていく必要があると感じた。"
株式会社エムライン,m.line.223@example.com,S20250453,P20250453,試験_面接,内定,2034-10-07 16:00,2034-10-07 16:20,オンライン・単独,自宅,2,エンジニア,"ポートフォリオでの挑戦点、技術的な失敗とそこからの学び、入社後の貢献について重点的に問われた。終始和やかな雰囲気で、リラックスして話せた。技術的な背景を論理的に説明できた点が評価され、内定となった。"
株式会社エムライン,m.line.224@example.com,S20250454,P20250454,試験_面接,落選,2034-10-10 11:00,2034-10-10 11:30,オンライン・単独,自宅,2,人事,"ガクチカ、価値観、アルバイト経験について質問された。淡々としていたが、質問は鋭かった。自己分析の甘さを痛感した。結果としては不合格だったものの、改善点が明確になり次の選考に活かせる面接だった。"
株式会社エムライン,m.line.225@example.com,S20250455,P20250455,試験_面接,継続（合格）,2034-10-13 09:00,2034-10-13 09:20,オンライン・単独,自宅,2,人事・エンジニア,"キャリアビジョン、会社への貢献意欲、HCSを選んだ理由について深掘りされた。回答の背景や理由を詳しく問われた。自己PRの構成を見直す必要があると感じた。選考は次のステップに進むことになり、引き続き準備を進めていく必要があると感じた。"
株式会社エムライン,m.line.226@example.com,S20250456,P20250456,試験_面接,継続（合格）,2034-10-16 15:00,2034-10-16 15:40,オンライン・単独,自宅,2,人事,"長所と短所、入社後の目標、他社との比較について聞かれた。具体的なエピソードを何度も深掘りされた。専門用語を分かりやすく説明する練習が必要だと感じた。選考は次のステップに進むことになり、引き続き準備を進めていく必要があると感じた。"
株式会社エムライン,m.line.227@example.com,S20250457,P20250457,試験_面接,落選,2034-10-19 10:30,2034-10-19 11:00,オンライン・単独,自宅,2,エンジニア,"Gitの具体的な利用経験、技術的な課題解決、レビューの受け方について質問された。やや厳しめではあったが、質問の意図は明確だった。技術知識の幅と深さが足りなかったと痛感した。結果としては不合格だったものの、改善点が明確になり次の選考に活かせる面接だった。"
株式会社エムライン,m.line.228@example.com,S20250458,P20250458,試験_面接,継続（合格）,2034-10-22 14:00,2034-10-22 14:30,オンライン・単独,自宅,2,人事・エンジニア,"技術への情熱、会社の理念に対する共感度、チーム開発でのトラブル対応について深く問われた。静かな緊張感はあったものの、こちらの話を真摯に受け止めてくれた。緊張すると早口になるため、落ち着いて話す意識が必要だと感じた。選考は次のステップに進むことになり、引き続き準備を進めていく必要があると感じた。"
株式会社エムライン,m.line.229@example.com,S20250459,P20250459,試験_面接,内定,2034-10-25 11:00,2034-10-25 11:40,オンライン・単独,自宅,2,人事,"将来像、チーム開発での役割、学生時代の経験全般について聞かれた。面接官が親身になって話を聞いてくれる印象だった。自己理解の深さと入社意欲の高さが評価され、内定となった。"
株式会社エムライン,m.line.230@example.com,S20250460,P20250460,試験_面接,継続（合格）,2034-10-28 09:00,2034-10-28 09:30,オンライン・単独,自宅,2,エンジニア,"学校で学んだ専門技術、困難を乗り越えた経験、失敗経験から何を学んだかについて聞かれた。終始和やかな雰囲気で、会話形式で進んだ。逆質問のバリエーションを増やすべきだったと反省した。選考は次のステップに進むことになり、引き続き準備を進めていく必要があると感じた。"
株式会社フォースウェーブ,force.wave.221@example.com,S20250461,P20250461,試験_面接,継続（合格）,2034-11-01 14:00,2034-11-01 14:50,オンライン・単独,自宅,2,人事,"志望動機、長所と短所、周囲からの評価について質問された。淡々としていたが、的確に核心を突く質問が多かった。技術的な知識の確認を徹底する必要があると学んだ。選考は次のステップに進むことになり、引き続き準備を進めていく必要があると感じた。"
株式会社フォースウェーブ,force.wave.222@example.com,S20250462,P20250462,試験_面接,落選,2034-11-04 10:00,2034-11-04 10:30,オンライン・単独,自宅,2,エンジニア,"技術的な興味、ポートフォリオでの挑戦点、技術選定の理由について重点的に聞かれた。回答の背景や理由を詳しく問われた。話の論理性を高める必要性を感じた。結果としては不合格だったものの、改善点が明確になり次の選考に活かせる面接だった。"
株式会社フォースウェーブ,force.wave.223@example.com,S20250463,P20250463,試験_面接,内定,2034-11-07 16:00,2034-11-07 16:20,オンライン・単独,自宅,2,人事・エンジニア,"Git経験、レビューの受け方、チーム開発での役割について深掘りされた。やや厳しめではあったが、誠実に話を聞いてもらえた。技術的な深掘りにも論理的に答えられ、高い評価を得て内定となった。"
株式会社フォースウェーブ,force.wave.224@example.com,S20250464,P20250464,試験_面接,継続（合格）,2034-11-10 11:00,2034-11-10 11:30,オンライン・単独,自宅,2,人事,"キャリアビジョン、会社への貢献意欲、HCSを選んだ理由について問われた。具体的なエピソードを何度も深掘りされた。専門用語を分かりやすく説明する練習が必要だと感じた。選考は次のステップに進むことになり、引き続き準備を進めていく必要があると感じた。"
株式会社フォースウェーブ,force.wave.225@example.com,S20250465,P20250465,試験_面接,継続（合格）,2034-11-13 09:00,2034-11-13 09:20,オンライン・単独,自宅,2,エンジニア,"技術への情熱、入社後の貢献、技術的な課題解決について深く問われた。静かな緊張感はあったものの、質問の意図は明確だった。技術的な知識の応用力を高める必要性を感じた。選考は次のステップに進むことになり、引き続き準備を進めていく必要があると感じた。"
株式会社フォースウェーブ,force.wave.226@example.com,S20250466,P20250466,試験_面接,落選,2034-11-16 15:00,2034-11-16 15:40,オンライン・単独,自宅,2,人事・エンジニア,"入社後の目標、学生時代に頑張ったこと、札幌で働く理由について問われた。淡々としていたが、質問は鋭かった。企業研究の甘さを痛感した。結果としては不合格だったものの、改善点が明確になり次の選考に活かせる面接だった。"
株式会社フォースウェーブ,force.wave.227@example.com,S20250467,P20250467,試験_面接,継続（合格）,2034-11-19 10:30,2034-11-19 11:00,オンライン・単独,自宅,2,人事,"アルバイト経験、将来像、ストレスへの対処方法について質問された。面接官が明るく、非常に話しやすい雰囲気だった。結論ファーストを徹底する訓練が必要だと感じた。選考は次のステップに進むことになり、引き続き準備を進めていく必要があると感じた。"
株式会社フォースウェーブ,force.wave.228@example.com,S20250468,P20250468,試験_面接,継続（合格）,2034-11-22 14:00,2034-11-22 14:30,オンライン・単独,自宅,2,エンジニア,"価値観、会社の理念への共感度、チーム開発でのトラブル対応について質問された。終始和やかな雰囲気で、会話形式で進んだ。自己PRの構成を見直す必要があると感じた。選考は次のステップに進むことになり、引き続き準備を進めていく必要があると感じた。"
株式会社フォースウェーブ,force.wave.229@example.com,S20250469,P20250469,試験_面接,内定,2034-11-25 11:00,2034-11-25 11:40,オンライン・単独,自宅,2,人事,"ガクチカ、困難な状況への対処法、他社との比較について聞かれた。全体的に穏やかな雰囲気で、リラックスして話せた。技術的な知識の深さと論理的な説明力が評価され、内定となった。"
株式会社フォースウェーブ,force.wave.230@example.com,S20250470,P20250470,試験_面接,継続（合格）,2034-11-28 09:00,2034-11-28 09:30,オンライン・単独,自宅,2,人事・エンジニア,"長所と短所、学生時代の経験全般、失敗経験から何を学んだかについて質問された。やや厳しめではあったが、質問は鋭かった。自己分析の甘さを痛感した。選考は次のステップに進むことになり、引き続き準備を進めていく必要があると感じた。"
ノースシステム株式会社,north.sys.221@example.com,S20250471,P20250471,試験_面接,継続（合格）,2034-12-01 14:00,2034-12-01 14:50,オンライン・単独,自宅,2,人事・エンジニア,"志望動機、キャリアビジョン、技術的な興味について深く聞かれた。具体的なエピソードを何度も深掘りされた。企業研究をより進める必要を実感した。選考は次のステップに進むことになり、引き続き準備を進めていく必要があると感じた。"
ノースシステム株式会社,north.sys.222@example.com,S20250472,P20250472,試験_面接,継続（合格）,2034-12-04 10:00,2034-12-04 10:30,オンライン・単独,自宅,2,人事,"長所と短所、価値観、ストレスへの対処方法について質問された。回答の背景や理由を詳しく問われた。逆質問のバリエーションを増やすべきだったと反省した。選考は次のステップに進むことになり、引き続き準備を進めていく必要があると感じた。"
ノースシステム株式会社,north.sys.223@example.com,S20250473,P20250473,試験_面接,落選,2034-12-07 16:00,2034-12-07 16:20,オンライン・単独,自宅,2,エンジニア,"技術選定の理由、ポートフォリオの詳細、チーム開発での役割について深掘りされた。静かな緊張感はあったものの、こちらの話を真摯に受け止めてくれた。技術知識の幅と深さが足りなかったと痛感した。結果としては不合格だったものの、改善点が明確になり次の選考に活かせる面接だった。"
ノースシステム株式会社,north.sys.224@example.com,S20250474,P20250474,試験_面接,内定,2034-12-10 11:00,2034-12-10 11:30,オンライン・単独,自宅,2,人事,"周囲からの評価、アルバイト経験、HCSを選んだ理由について聞かれた。やや厳しめではあったが、質問の意図は明確だった。将来への展望と論理的な思考力が評価され、内定となった。"
ノースシステム株式会社,north.sys.225@example.com,S20250475,P20250475,試験_面接,継続（合格）,2034-12-13 09:00,2034-12-13 09:20,オンライン・単独,自宅,2,人事・エンジニア,"困難を乗り越えた経験、レビューの受け方、技術的な課題解決について質問された。淡々としていたが、質問は鋭かった。技術的な知識の応用力を高める必要性を感じた。選考は次のステップに進むことになり、引き続き準備を進めていく必要があると感じた。"
ノースシステム株式会社,north.sys.226@example.com,S20250476,P20250476,試験_面接,継続（合格）,2034-12-16 15:00,2034-12-16 15:40,オンライン・単独,自宅,2,人事,"ガクチカ、将来像、他社との比較について深掘りされた。終始和やかな雰囲気で、会話形式で進んだ。専門用語を分かりやすく説明する練習が必要だと感じた。選考は次のステップに進むことになり、引き続き準備を進めていく必要があると感じた。"
ノースシステム株式会社,north.sys.227@example.com,S20250477,P20250477,試験_面接,落選,2034-12-19 10:30,2034-12-19 11:00,オンライン・単独,自宅,2,エンジニア,"技術への情熱、Git経験、チーム開発でのトラブル対応について質問された。面接官が明るく、非常に話しやすい雰囲気だった。自己分析の甘さを痛感した。結果としては不合格だったものの、改善点が明確になり次の選考に活かせる面接だった。"
ノースシステム株式会社,north.sys.228@example.com,S20250478,P20250478,試験_面接,継続（合格）,2034-12-22 14:00,2034-12-22 14:30,オンライン・単独,自宅,2,人事・エンジニア,"会社への貢献意欲、札幌で働く理由、学生時代の経験全般について聞かれた。回答の背景や理由を詳しく問われた。話の論理性を高める必要性を感じた。選考は次のステップに進むことになり、引き続き準備を進めていく必要があると感じた。"
ノースシステム株式会社,north.sys.229@example.com,S20250479,P20250479,試験_面接,内定,2034-12-25 11:00,2034-12-25 11:40,オンライン・単独,自宅,2,エンジニア,"技術的な興味、入社後の貢献、技術的な課題解決について重点的に問われた。全体的に穏やかな雰囲気で、和やかに進んだ。技術的な背景を論理的に説明できた点が評価され、内定となった。"
ノースシステム株式会社,north.sys.230@example.com,S20250480,P20250480,試験_面接,継続（合格）,2034-12-28 09:00,2034-12-28 09:30,オンライン・単独,自宅,2,人事,"入社後の目標、キャリアビジョン、失敗経験から何を学んだかについて深く問われた。やや厳しめではあったが、的確に核心を突く質問が多かった。緊張すると早口になるため、落ち着いて話す意識が必要だと感じた。選考は次のステップに進むことになり、引き続き準備を進めていく必要があると感じた。"
株式会社ライフネットワーク,life.net.221@example.com,S20250481,P20250481,試験_面接,継続（合格）,2035-01-01 14:00,2035-01-01 14:50,オンライン・単独,自宅,2,人事・エンジニア,"技術的な興味、ポートフォリオでの挑戦点、Git経験について質問された。具体的なエピソードを何度も深掘りされた。結論ファーストを徹底する訓練が必要だと感じた。選考は次のステップに進むことになり、引き続き準備を進めていく必要があると感じた。"
株式会社ライフネットワーク,life.net.222@example.com,S20250482,P20250482,試験_面接,落選,2035-01-04 10:00,2035-01-04 10:30,オンライン・単独,自宅,2,人事,"長所と短所、志望動機、価値観について深掘りされた。淡々としていたが、質問は鋭かった。企業研究の甘さを痛感した。結果としては不合格だったものの、改善点が明確になり次の選考に活かせる面接だった。"
株式会社ライフネットワーク,life.net.223@example.com,S20250483,P20250483,試験_面接,継続（合格）,2035-01-07 16:00,2035-01-07 16:20,オンライン・単独,自宅,2,エンジニア,"技術選定の理由、チーム開発での役割、入社後の貢献について重点的に問われた。やや厳しめではあったが、質問の意図は明確だった。自己PRの構成を見直す必要があると感じた。選考は次のステップに進むことになり、引き続き準備を進めていく必要があると感じた。"
株式会社ライフネットワーク,life.net.224@example.com,S20250484,P20250484,試験_面接,継続（合格）,2035-01-10 11:00,2035-01-10 11:30,オンライン・単独,自宅,2,人事,"周囲からの評価、ストレスへの対処方法、困難な状況への対処法について聞かれた。面接官が明るく、非常に話しやすい雰囲気だった。専門用語を分かりやすく説明する練習が必要だと感じた。選考は次のステップに進むことになり、引き続き準備を進めていく必要があると感じた。"
株式会社ライフネットワーク,life.net.225@example.com,S20250485,P20250485,試験_面接,内定,2035-01-13 09:00,2035-01-13 09:20,オンライン・単独,自宅,2,人事・エンジニア,"失敗経験から何を学んだか、アルバイト経験、札幌で働く理由について質問された。回答の背景や理由を詳しく問われた。論理的な思考力と技術的な探求心が評価され、内定となった。"
株式会社ライフネットワーク,life.net.226@example.com,S20250486,P20250486,試験_面接,継続（合格）,2035-01-16 15:00,2035-01-16 15:40,オンライン・単独,自宅,2,人事,"ガクチカ、会社への貢献意欲、HCSを選んだ理由について深く問われた。静かな緊張感はあったものの、こちらの話を真摯に受け止めてくれた。技術的な知識の応用力を高める必要性を感じた。選考は次のステップに進むことになり、引き続き準備を進めていく必要があると感じた。"
株式会社ライフネットワーク,life.net.227@example.com,S20250487,P20250487,試験_面接,継続（合格）,2035-01-19 10:30,2035-01-19 11:00,オンライン・単独,自宅,2,エンジニア,"学校で学んだ専門技術、技術的な課題解決、レビューの受け方について重点的に深掘りされた。淡々としていたが、質問は鋭かった。話の論理性を高める必要性を感じた。選考は次のステップに進むことになり、引き続き準備を進めていく必要があると感じた。"
株式会社ライフネットワーク,life.net.228@example.com,S20250488,P20250488,試験_面接,落選,2035-01-22 14:00,2035-01-22 14:30,オンライン・単独,自宅,2,人事・エンジニア,"会社の理念に対する共感度、将来像、チーム開発でのトラブル対応について質問された。終始和やかな雰囲気で、会話形式で進んだ。技術知識の幅と深さが足りなかったと痛感した。結果としては不合格だったものの、改善点が明確になり次の選考に活かせる面接だった。"
株式会社ライフネットワーク,life.net.229@example.com,S20250489,P20250489,試験_面接,継続（合格）,2035-01-25 11:00,2035-01-25 11:40,オンライン・単独,自宅,2,人事,"入社後の目標、学生時代の経験全般、他社との比較について聞かれた。具体的なエピソードを何度も深掘りされた。緊張すると早口になるため、落ち着いて話す意識が必要だと感じた。選考は次のステップに進むことになり、引き続き準備を進めていく必要があると感じた。"
株式会社ライフネットワーク,life.net.230@example.com,S20250490,P20250490,試験_面接,内定,2035-01-28 09:00,2035-01-28 09:30,オンライン・単独,自宅,2,エンジニア,"技術への情熱、キャリアビジョン、長所と短所について深く問われた。全体的に穏やかな雰囲気で、リラックスして話せた。熱意と一貫性のある回答が評価され、内定となった。"
サッポロエンジニアリング株式会社,sapporo.eng.221@example.com,S20250491,P20250491,試験_面接,継続（合格）,2035-02-01 14:00,2035-02-01 14:50,オンライン・単独,自宅,2,人事,"志望動機、周囲からの評価、入社後の目標について深掘りされた。やや厳しめではあったが、質問の意図は明確だった。自己分析をもう一段深める必要があると感じる。選考は次のステップに進むことになり、引き続き準備を進めていく必要があると感じた。"
サッポロエンジニアリング株式会社,sapporo.eng.222@example.com,S20250492,P20250492,試験_面接,継続（合格）,2035-02-04 10:00,2035-02-04 10:30,オンライン・単独,自宅,2,エンジニア,"ポートフォリオの詳細、技術選定の理由、Git経験について重点的に問われた。淡々としていたが、的確に核心を突く質問が多かった。結論ファーストを徹底する訓練が必要だと感じた。選考は次のステップに進むことになり、引き続き準備を進めていく必要があると感じた。"
サッポロエンジニアリング株式会社,sapporo.eng.223@example.com,S20250493,P20250493,試験_面接,落選,2035-02-07 16:00,2035-02-07 16:20,オンライン・単独,自宅,2,人事・エンジニア,"技術的な課題解決、入社後の貢献、学校で学んだ専門技術について詳しく聞かれた。面接官が明るく、非常に話しやすい雰囲気だった。企業研究の甘さを痛感した。結果としては不合格だったものの、改善点が明確になり次の選考に活かせる面接だった。"
サッポロエンジニアリング株式会社,sapporo.eng.224@example.com,S20250494,P20250494,試験_面接,継続（合格）,2035-02-10 11:00,2035-02-10 11:30,オンライン・単独,自宅,2,人事,"失敗経験から何を学んだか、レビューの受け方、札幌で働く理由について質問された。回答の背景や理由を詳しく問われた。逆質問のバリエーションを増やすべきだったと反省した。選考は次のステップに進むことになり、引き続き準備を進めていく必要があると感じた。"
サッポロエンジニアリング株式会社,sapporo.eng.225@example.com,S20250495,P20250495,試験_面接,内定,2035-02-13 09:00,2035-02-13 09:20,オンライン・単独,自宅,2,エンジニア,"技術的な興味、キャリアビジョン、チーム開発での役割、困難な状況への対処法について質問された。静かな緊張感はあったものの、こちらの話を真摯に受け止めてくれた。技術的な知識の深さと論理的な説明能力が評価され、内定となった。"
サッポロエンジニアリング株式会社,sapporo.eng.226@example.com,S20250496,P20250496,試験_面接,継続（合格）,2035-02-16 15:00,2035-02-16 15:40,オンライン・単独,自宅,2,人事・エンジニア,"技術への情熱、会社の理念への共感度、他社との比較について深く問われた。やや厳しめではあったが、質問の意図は明確だった。自己PRの構成を見直す必要があると感じた。選考は次のステップに進むことになり、引き続き準備を進めていく必要があると感じた。"
サッポロエンジニアリング株式会社,sapporo.eng.227@example.com,S20250497,P20250497,試験_面接,落選,2035-02-19 10:30,2035-02-19 11:00,オンライン・単独,自宅,2,人事,"将来像、学生時代に最も力を入れたこと、ストレスへの対処方法について質問された。具体的なエピソードを何度も深掘りされた。話の論理性を高める必要性を感じた。結果としては不合格だったものの、改善点が明確になり次の選考に活かせる面接だった。"
サッポロエンジニアリング株式会社,sapporo.eng.228@example.com,S20250498,P20250498,試験_面接,継続（合格）,2035-02-22 14:00,2035-02-22 14:30,オンライン・単独,自宅,2,エンジニア,"チーム開発でのトラブル対応、技術的な興味、ポートフォリオでの挑戦点について聞かれた。終始和やかな雰囲気で、会話形式で進んだ。専門用語を分かりやすく説明する練習が必要だと感じた。選考は次のステップに進むことになり、引き続き準備を進めていく必要があると感じた。"
サッポロエンジニアリング株式会社,sapporo.eng.229@example.com,S20250499,P20250499,試験_面接,継続（合格）,2035-02-25 11:00,2035-02-25 11:40,オンライン・単独,自宅,2,人事・エンジニア,"長所と短所、ガクチカ、会社への貢献意欲について質問された。淡々としていたが、質問は鋭かった。緊張すると早口になるため、落ち着いて話す意識が必要だと感じた。選考は次のステップに進むことになり、引き続き準備を進めていく必要があると感じた。"
サッポロエンジニアリング株式会社,sapporo.eng.230@example.com,S20250500,P20250500,試験_面接,内定,2035-02-28 09:00,2035-02-28 09:30,オンライン・単独,自宅,2,人事,"周囲からの評価、価値観、アルバイト経験について聞かれた。全体的に穏やかな雰囲気で、和やかに進んだ。熱意と一貫性のある回答が評価され、内定となった。"
株式会社ホライズンテック,horizon.tech.221@example.com,S20250501,P20250501,試験_面接,継続（合格）,2035-03-01 14:00,2035-03-01 14:50,オンライン・単独,自宅,2,人事・エンジニア,"技術的な興味、キャリアビジョン、チーム開発での工夫点について質問された。回答の背景や理由を詳しく問われた。技術的な知識の応用力を高める必要性を感じた。選考は次のステップに進むことになり、引き続き準備を進めていく必要があると感じた。"
株式会社ホライズンテック,horizon.tech.222@example.com,S20250502,P20250502,試験_面接,落選,2035-03-04 10:00,2035-03-04 10:30,オンライン・単独,自宅,2,人事,"入社後の目標、価値観、ストレスへの対処方法について深掘りされた。やや厳しめではあったが、誠実に話を聞いてもらえた。自己分析の甘さを痛感した。結果としては不合格だったものの、改善点が明確になり次の選考に活かせる面接だった。"
株式会社ホライズンテック,horizon.tech.223@example.com,S20250503,P20250503,試験_面接,内定,2035-03-07 16:00,2035-03-07 16:20,オンライン・単独,自宅,2,エンジニア,"ポートフォリオの詳細、技術的な課題解決、レビューの受け方について重点的に問われた。淡々としていたが、質問は鋭かった。論理的な思考力と自己成長への意欲が評価され、内定となった。"
株式会社ホライズンテック,horizon.tech.224@example.com,S20250504,P20250504,試験_面接,継続（合格）,2035-03-10 11:00,2035-03-10 11:30,オンライン・単独,自宅,2,人事,"ガクチカ、アルバイト経験、札幌で働く理由について質問された。具体的なエピソードを何度も深掘りされた。話の論理性を高める必要性を感じた。選考は次のステップに進むことになり、引き続き準備を進めていく必要があると感じた。"
株式会社ホライズンテック,horizon.tech.225@example.com,S20250505,P20250505,試験_面接,継続（合格）,2035-03-13 09:00,2035-03-13 09:20,オンライン・単独,自宅,2,人事・エンジニア,"失敗経験から何を学んだか、技術への情熱、学生時代に頑張ったことについて深掘りされた。静かな緊張感はあったものの、こちらの話を真摯に受け止めてくれた。結論ファーストを徹底する訓練が必要だと感じた。選考は次のステップに進むことになり、引き続き準備を進めていく必要があると感じた。"
株式会社ホライズンテック,horizon.tech.226@example.com,S20250506,P20250506,試験_面接,落選,2035-03-16 15:00,2035-03-16 15:40,オンライン・単独,自宅,2,人事,"将来像、チーム開発でのトラブル対応、他社との比較について聞かれた。やや厳しめではあったが、質問の意図は明確だった。企業研究の甘さを痛感した。結果としては不合格だったものの、改善点が明確になり次の選考に活かせる面接だった。"
株式会社ホライズンテック,horizon.tech.227@example.com,S20250507,P20250507,試験_面接,継続（合格）,2035-03-19 10:30,2035-03-19 11:00,オンライン・単独,自宅,2,エンジニア,"Git経験、学校で学んだ専門技術、入社後の貢献について質問された。面接官が明るく、非常に話しやすい雰囲気だった。逆質問のバリエーションを増やすべきだったと反省した。選考は次のステップに進むことになり、引き続き準備を進めていく必要があると感じた。"
株式会社ホライズンテック,horizon.tech.228@example.com,S20250508,P20250508,試験_面接,継続（合格）,2035-03-22 14:00,2035-03-22 14:30,オンライン・単独,自宅,2,人事・エンジニア,"会社の理念に対する共感度、困難を乗り越えた経験、チーム開発での役割について聞かれた。回答の背景や理由を詳しく問われた。自己PRの構成を見直す必要があると感じた。選考は次のステップに進むことになり、引き続き準備を進めていく必要があると感じた。"
株式会社ホライズンテック,horizon.tech.229@example.com,S20250509,P20250509,試験_面接,落選,2035-03-25 11:00,2035-03-25 11:40,オンライン・単独,自宅,2,人事,"長所と短所、周囲からの評価、HCSを選んだ理由について聞かれた。淡々としていたが、質問は鋭かった。技術知識の幅と深さが足りなかったと痛感した。結果としては不合格だったものの、改善点が明確になり次の選考に活かせる面接だった。"
株式会社ホライズンテック,horizon.tech.230@example.com,S20250510,P20250510,試験_面接,内定,2035-03-28 09:00,2035-03-28 09:30,オンライン・単独,自宅,2,人事・エンジニア,"技術への情熱、会社への貢献意欲、学生時代の経験全般について深く問われた。終始和やかな雰囲気で、リラックスして話せた。自己理解の深さとコミュニケーション能力が評価され、内定となった。"
株式会社アルファテック,alfa.tech.231@example.com,S20250511,P20250511,試験_面接,継続（合格）,2035-04-01 14:00,2035-04-01 14:40,オンライン・単独,自宅,2,人事,"企業理念、チームでの協調性、キャリアプランについて問われた。質問の意図は明確で、熱意を重視していると感じた。企業研究の徹底が必要だと感じた。選考は次のステップに進むことになり、引き続き準備を進めていく必要があると感じた。"
株式会社アルファテック,alfa.tech.232@example.com,S20250512,P20250512,試験_面接,落選,2035-04-04 10:00,2035-04-04 10:30,オンライン・単独,自宅,2,エンジニア,"技術的な興味、ポートフォリオでの課題解決、専門知識の応用について深く聞かれた。淡々としていたが、的確に核心を突く質問が多かった。技術的な知識の確認を徹底する必要があると学んだ。結果としては不合格だったものの、改善点が明確になり次の選考に活かせる面接だった。"
株式会社アルファテック,alfa.tech.233@example.com,S20250513,P20250513,試験_面接,継続（合格）,2035-04-07 16:00,2035-04-07 16:20,オンライン・単独,自宅,2,人事・エンジニア,"長所・短所、周囲からの評価、困難を乗り越えた経験について質問された。終始和やかな雰囲気で、リラックスして話せた。自己分析の深堀りが課題だと感じた。選考は次のステップに進むことになり、引き続き準備を進めていく必要があると感じた。"
株式会社アルファテック,alfa.tech.234@example.com,S20250514,P20250514,試験_面接,継続（合格）,2035-04-10 11:00,2035-04-10 11:30,オンライン・単独,自宅,2,人事,"入社意欲、学生時代の専攻、失敗経験から学んだことについて問われた。具体的なエピソードを何度も深掘りされた。話の論理性を高める必要性を感じた。選考は次のステップに進むことになり、引き続き準備を進めていく必要があると感じた。"
株式会社アルファテック,alfa.tech.235@example.com,S20250515,P20250515,試験_面接,内定,2035-04-13 09:00,2035-04-13 09:20,オンライン・単独,自宅,2,エンジニア,"技術選定の理由、Gitでの共同開発経験、入社後の貢献について聞かれた。技術的な深い理解と熱意が評価され内定となった。"
株式会社アルファテック,alfa.tech.236@example.com,S20250516,P20250516,試験_面接,継続（合格）,2035-04-16 15:00,2035-04-16 15:40,オンライン・単独,自宅,2,人事・エンジニア,"札幌で働く理由、他社との比較、ストレスへの対処方法について深く問われた。静かな緊張感はあったものの、話を真摯に受け止めてくれた。逆質問の準備不足を痛感した。選考は次のステップに進むことになり、引き続き準備を進めていく必要があると感じた。"
株式会社アルファテック,alfa.tech.237@example.com,S20250517,P20250517,試験_面接,落選,2035-04-19 10:30,2035-04-19 11:00,オンライン・単独,自宅,2,人事,"価値観、チーム開発でのトラブル対応、会社への貢献意欲について質問された。やや厳しめではあったが、質問の意図は明確だった。自己PRの伝え方を改善する必要がある。結果としては不合格だったものの、改善点が明確になり次の選考に活かせる面接だった。"
株式会社アルファテック,alfa.tech.238@example.com,S20250518,P20250518,試験_面接,継続（合格）,2035-04-22 14:00,2035-04-22 14:30,オンライン・単独,自宅,2,エンジニア,"技術への情熱、レビューの受け方、技術的な応用力について問われた。面接官が明るく、非常に話しやすい雰囲気だった。専門用語を分かりやすく説明する練習が必要だと感じた。選考は次のステップに進むことになり、引き続き準備を進めていく必要があると感じた。"
株式会社アルファテック,alfa.tech.239@example.com,S20250519,P20250519,試験_面接,継続（合格）,2035-04-25 11:00,2035-04-25 11:40,オンライン・単独,自宅,2,人事・エンジニア,"HCSを選んだ理由、将来像、アルバイト経験について聞かれた。回答の背景や理由を詳しく問われた。結論ファーストを意識する必要があると感じた。選考は次のステップに進むことになり、引き続き準備を進めていく必要があると感じた。"
株式会社アルファテック,alfa.tech.240@example.com,S20250520,P20250520,試験_面接,内定,2035-04-28 09:00,2035-04-28 09:30,オンライン・単独,自宅,2,人事,"ガクチカ、困難な状況への対処法、入社後の目標について深く問われた。熱意と論理的な思考力が評価され、内定となった。"
株式会社ビーリンク,be.link.241@example.com,S20250521,P20250521,試験_面接,継続（合格）,2035-05-01 14:00,2035-05-01 14:50,オンライン・単独,自宅,2,人事・エンジニア,"志望動機、学生時代の経験全般、チーム開発での役割について質問された。具体的なエピソードを何度も深掘りされた。企業研究の徹底が必要だと感じた。選考は次のステップに進むことになり、引き続き準備を進めていく必要があると感じた。"
株式会社ビーリンク,be.link.242@example.com,S20250522,P20250522,試験_面接,落選,2035-05-04 10:00,2035-05-04 10:30,オンライン・単独,自宅,2,人事,"長所と短所、価値観、会社への貢献意欲について深掘りされた。淡々としていたが、質問は鋭かった。自己分析の甘さを痛感した。結果としては不合格だったものの、改善点が明確になり次の選考に活かせる面接だった。"
株式会社ビーリンク,be.link.243@example.com,S20250523,P20250523,試験_面接,内定,2035-05-07 16:00,2035-05-07 16:20,オンライン・単独,自宅,2,エンジニア,"技術的な興味、ポートフォリオでの挑戦、専門知識の深さについて重点的に問われた。技術的な深い理解と情熱が評価され、内定となった。"
株式会社ビーリンク,be.link.244@example.com,S20250524,P20250524,試験_面接,継続（合格）,2035-05-10 11:00,2035-05-10 11:30,オンライン・単独,自宅,2,人事,"失敗経験から何を学んだか、周囲からの評価、将来像について聞かれた。やや厳しめではあったが、質問の意図は明確だった。話の論理性を高める必要性を感じた。選考は次のステップに進むことになり、引き続き準備を進めていく必要があると感じた。"
株式会社ビーリンク,be.link.245@example.com,S20250525,P20250525,試験_面接,継続（合格）,2035-05-13 09:00,2035-05-13 09:20,オンライン・単独,自宅,2,人事・エンジニア,"技術選定の理由、レビューの受け方、HCSを選んだ理由について質問された。面接官が明るく、非常に話しやすい雰囲気だった。結論ファーストを徹底する訓練が必要だと感じた。選考は次のステップに進むことになり、引き続き準備を進めていく必要があると感じた。"
株式会社ビーリンク,be.link.246@example.com,S20250526,P20250526,試験_面接,落選,2035-05-16 15:00,2035-05-16 15:40,オンライン・単独,自宅,2,エンジニア,"Git経験、技術的な課題解決、札幌で働く理由について深く問われた。静かな緊張感はあったものの、話を真摯に受け止めてくれた。技術知識の幅と深さが足りなかったと痛感した。結果としては不合格だったものの、改善点が明確になり次の選考に活かせる面接だった。"
株式会社ビーリンク,be.link.247@example.com,S20250527,P20250527,試験_面接,継続（合格）,2035-05-19 10:30,2035-05-19 11:00,オンライン・単独,自宅,2,人事,"入社後の目標、チーム開発でのトラブル対応、他社との比較について質問された。回答の背景や理由を詳しく問われた。専門用語を分かりやすく説明する練習が必要だと感じた。選考は次のステップに進むことになり、引き続き準備を進めていく必要があると感じた。"
株式会社ビーリンク,be.link.248@example.com,S20250528,P20250528,試験_面接,継続（合格）,2035-05-22 14:00,2035-05-22 14:30,オンライン・単独,自宅,2,人事・エンジニア,"キャリアビジョン、アルバイト経験、困難を乗り越えた経験について深掘りされた。やや厳しめではあったが、質問は鋭かった。緊張すると早口になるため、落ち着いて話す意識が必要だと感じた。選考は次のステップに進むことになり、引き続き準備を進めていく必要があると感じた。"
株式会社ビーリンク,be.link.249@example.com,S20250529,P20250529,試験_面接,内定,2035-05-25 11:00,2035-05-25 11:40,オンライン・単独,自宅,2,人事,"会社の理念への共感度、入社意欲、困難な状況への対処法について問われた。自己理解の深さと熱意が評価され、内定となった。"
株式会社ビーリンク,be.link.250@example.com,S20250530,P20250530,試験_面接,継続（合格）,2035-05-28 09:00,2035-05-28 09:30,オンライン・単独,自宅,2,エンジニア,"技術的な深い理解、問題解決能力、長所と短所について聞かれた。終始和やかな雰囲気で、会話形式で進んだ。技術的な知識の応用力を高める必要性を感じた。選考は次のステップに進むことになり、引き続き準備を進めていく必要があると感じた。"
クリエイトソリューションズ株式会社,create.sol.251@example.com,S20250531,P20250531,試験_面接,継続（合格）,2035-06-01 14:00,2035-06-01 14:50,オンライン・単独,自宅,2,人事,"志望動機、長所と短所、ストレスへの対処方法について質問された。淡々としていたが、的確に核心を突く質問が多かった。自己PRの構成を見直す必要があると感じた。選考は次のステップに進むことになり、引き続き準備を進めていく必要があると感じた。"
クリエイトソリューションズ株式会社,create.sol.252@example.com,S20250532,P20250532,試験_面接,落選,2035-06-04 10:00,2035-06-04 10:30,オンライン・単独,自宅,2,エンジニア,"技術への情熱、Git経験、ポートフォリオでの挑戦点について重点的に聞かれた。回答の背景や理由を詳しく問われた。技術的な知識の確認を徹底する必要があると学んだ。結果としては不合格だったものの、改善点が明確になり次の選考に活かせる面接だった。"
クリエイトソリューションズ株式会社,create.sol.253@example.com,S20250533,P20250533,試験_面接,継続（合格）,2035-06-07 16:00,2035-06-07 16:20,オンライン・単独,自宅,2,人事・エンジニア,"キャリアビジョン、チーム開発でのトラブル対応、学生時代の専攻について深く問われた。具体的なエピソードを何度も深掘りされた。企業研究の甘さを痛感した。選考は次のステップに進むことになり、引き続き準備を進めていく必要があると感じた。"
クリエイトソリューションズ株式会社,create.sol.254@example.com,S20250534,P20250534,試験_面接,継続（合格）,2035-06-10 11:00,2035-06-10 11:30,オンライン・単独,自宅,2,人事,"価値観、アルバイト経験、HCSを選んだ理由について質問された。静かな緊張感はあったものの、こちらの話を真摯に受け止めてくれた。逆質問のバリエーションを増やすべきだったと反省した。選考は次のステップに進むことになり、引き続き準備を進めていく必要があると感じた。"
クリエイトソリューションズ株式会社,create.sol.255@example.com,S20250535,P20250535,試験_面接,内定,2035-06-13 09:00,2035-06-13 09:20,オンライン・単独,自宅,2,エンジニア,"技術選定の理由、技術的な課題解決、専門知識の応用について聞かれた。論理的な思考力と技術的な探求心が評価され、内定となった。"
クリエイトソリューションズ株式会社,create.sol.256@example.com,S20250536,P20250536,試験_面接,継続（合格）,2035-06-16 15:00,2035-06-16 15:40,オンライン・単独,自宅,2,人事・エンジニア,"失敗経験から何を学んだか、入社後の貢献、将来像について問われた。やや厳しめではあったが、質問の意図は明確だった。結論ファーストを徹底する訓練が必要だと感じた。選考は次のステップに進むことになり、引き続き準備を進めていく必要があると感じた。"
クリエイトソリューションズ株式会社,create.sol.257@example.com,S20250537,P20250537,試験_面接,落選,2035-06-19 10:30,2035-06-19 11:00,オンライン・単独,自宅,2,人事,"札幌で働く理由、周囲からの評価、他社との比較について深掘りされた。面接官が明るく、非常に話しやすい雰囲気だった。技術知識の幅と深さが足りなかったと痛感した。結果としては不合格だったものの、改善点が明確になり次の選考に活かせる面接だった。"
クリエイトソリューションズ株式会社,create.sol.258@example.com,S20250538,P20250538,試験_面接,継続（合格）,2035-06-22 14:00,2035-06-22 14:30,オンライン・単独,自宅,2,エンジニア,"会社の理念への共感、レビューの受け方、チーム開発での役割について重点的に問われた。淡々としていたが、質問は鋭かった。専門用語を分かりやすく説明する練習が必要だと感じた。選考は次のステップに進むことになり、引き続き準備を進めていく必要があると感じた。"
クリエイトソリューションズ株式会社,create.sol.259@example.com,S20250539,P20250539,試験_面接,内定,2035-06-25 11:00,2035-06-25 11:40,オンライン・単独,自宅,2,人事・エンジニア,"技術的な興味、困難な状況への対処法、会社への貢献意欲について深く問われた。技術的な背景と入社意欲の高さが評価され、内定となった。"
クリエイトソリューションズ株式会社,create.sol.260@example.com,S20250540,P20250540,試験_面接,継続（合格）,2035-06-28 09:00,2035-06-28 09:30,オンライン・単独,自宅,2,人事,"学生時代に頑張ったこと、長所と短所、ストレスへの対処方法について質問された。終始和やかな雰囲気で、会話形式で進んだ。緊張すると早口になるため、落ち着いて話す意識が必要だと感じた。選考は次のステップに進むことになり、引き続き準備を進めていく必要があると感じた。"
株式会社デジタルリンク,digi.link.231@example.com,S20250541,P20250541,試験_面接,継続（合格）,2035-07-01 14:00,2035-07-01 14:50,オンライン・単独,自宅,2,人事・エンジニア,"技術的な興味、チーム開発での工夫点、学校で学んだ専門技術について質問された。回答の背景や理由を詳しく問われた。技術的な知識の応用力を高める必要性を感じた。選考は次のステップに進むことになり、引き続き準備を進めていく必要があると感じた。"
株式会社デジタルリンク,digi.link.232@example.com,S20250542,P20250542,試験_面接,落選,2035-07-04 10:00,2035-07-04 10:30,オンライン・単独,自宅,2,人事,"志望動機、長所と短所、入社後の目標について聞かれた。やや厳しめではあったが、質問は鋭かった。企業研究の甘さを痛感した。結果としては不合格だったものの、改善点が明確になり次の選考に活かせる面接だった。"
株式会社デジタルリンク,digi.link.233@example.com,S20250543,P20250543,試験_面接,継続（合格）,2035-07-07 16:00,2035-07-07 16:20,オンライン・単独,自宅,2,エンジニア,"技術選定の理由、技術的な課題解決、入社後の貢献について重点的に聞かれた。具体的なエピソードを何度も深掘りされた。話の論理性を高める必要性を感じた。選考は次のステップに進むことになり、引き続き準備を進めていく必要があると感じた。"
株式会社デジタルリンク,digi.link.234@example.com,S20250544,P20250544,試験_面接,内定,2035-07-10 11:00,2035-07-10 11:30,オンライン・単独,自宅,2,人事,"価値観、アルバイト経験、将来像について質問された。面接官が明るく、非常に話しやすい雰囲気だった。熱意と将来への展望が評価され、内定となった。"
株式会社デジタルリンク,digi.link.235@example.com,S20250545,P20250545,試験_面接,継続（合格）,2035-07-13 09:00,2035-07-13 09:20,オンライン・単独,自宅,2,人事・エンジニア,"HCSを選んだ理由、レビューの受け方、会社への貢献意欲について質問された。淡々としていたが、質問は鋭かった。自己PRの構成を見直す必要があると感じた。選考は次のステップに進むことになり、引き続き準備を進めていく必要があると感じた。"
株式会社デジタルリンク,digi.link.236@example.com,S20250546,P20250546,試験_面接,落選,2035-07-16 15:00,2035-07-16 15:40,オンライン・単独,自宅,2,人事,"困難を乗り越えた経験、学生時代の経験全般、札幌で働く理由について深掘りされた。静かな緊張感はあったものの、こちらの話を受け止めてくれた。自己分析の甘さを痛感した。結果としては不合格だったものの、改善点が明確になり次の選考に活かせる面接だった。"
株式会社デジタルリンク,digi.link.237@example.com,S20250547,P20250547,試験_面接,継続（合格）,2035-07-19 10:30,2035-07-19 11:00,オンライン・単独,自宅,2,エンジニア,"技術への情熱、Git経験、ポートフォリオでの挑戦点について聞かれた。やや厳しめではあったが、質問の意図は明確だった。専門用語を分かりやすく説明する練習が必要だと感じた。選考は次のステップに進むことになり、引き続き準備を進めていく必要があると感じた。"
株式会社デジタルリンク,digi.link.238@example.com,S20250548,P20250548,試験_面接,内定,2035-07-22 14:00,2035-07-22 14:30,オンライン・単独,自宅,2,人事・エンジニア,"キャリアビジョン、失敗経験から何を学んだか、周囲からの評価について深く問われた。技術的な知識の深さと問題解決能力が評価され、内定となった。"
株式会社デジタルリンク,digi.link.239@example.com,S20250549,P20250549,試験_面接,継続（合格）,2035-07-25 11:00,2035-07-25 11:40,オンライン・単独,自宅,2,人事,"会社の理念への共感度、他社との違い、困難な状況への対処法について聞かれた。終始和やかな雰囲気で、会話形式で進んだ。結論ファーストを徹底する訓練が必要だと感じた。選考は次のステップに進むことになり、引き続き準備を進めていく必要があると感じた。"
株式会社デジタルリンク,digi.link.250@example.com,S20250550,P20250550,試験_面接,継続（合格）,2035-07-28 09:00,2035-07-28 09:30,オンライン・単独,自宅,2,エンジニア,"技術的な興味、入社後の貢献、長所と短所について聞かれた。面接官が明るく、非常に話しやすい雰囲気だった。逆質問のバリエーションを増やすべきだったと反省した。選考は次のステップに進むことになり、引き続き準備を進めていく必要があると感じた。"
株式会社エムライン,m.line.231@example.com,S20250551,P20250551,試験_面接,継続（合格）,2035-08-01 14:00,2035-08-01 14:50,オンライン・単独,自宅,2,人事・エンジニア,"技術的な興味、チーム開発での工夫点、札幌で働く理由について質問された。回答の背景や理由を詳しく問われた。技術的な知識の確認を徹底する必要があると学んだ。選考は次のステップに進むことになり、引き続き準備を進めていく必要があると感じた。"
株式会社エムライン,m.line.232@example.com,S20250552,P20250552,試験_面接,落選,2035-08-04 10:00,2035-08-04 10:30,オンライン・単独,自宅,2,人事,"志望動機、周囲からの評価、ストレスへの対処方法について深掘りされた。淡々としていたが、質問は鋭かった。企業研究の甘さを痛感した。結果としては不合格だったものの、改善点が明確になり次の選考に活かせる面接だった。"
株式会社エムライン,m.line.233@example.com,S20250553,P20250553,試験_面接,継続（合格）,2035-08-07 16:00,2035-08-07 16:20,オンライン・単独,自宅,2,エンジニア,"ポートフォリオでの挑戦点、技術的な失敗とそこからの学び、入社後の貢献について重点的に問われた。やや厳しめではあったが、質問の意図は明確だった。話の論理性を高める必要性を感じた。選考は次のステップに進むことになり、引き続き準備を進めていく必要があると感じた。"
株式会社エムライン,m.line.234@example.com,S20250554,P20250554,試験_面接,継続（合格）,2035-08-10 11:00,2035-08-10 11:30,オンライン・単独,自宅,2,人事,"ガクチカ、価値観、アルバイト経験について質問された。具体的なエピソードを何度も深掘りされた。自己PRの構成を見直す必要があると感じた。選考は次のステップに進むことになり、引き続き準備を進めていく必要があると感じた。"
株式会社エムライン,m.line.235@example.com,S20250555,P20250555,試験_面接,内定,2035-08-13 09:00,2035-08-13 09:20,オンライン・単独,自宅,2,人事・エンジニア,"キャリアビジョン、会社への貢献意欲、HCSを選んだ理由について深掘りされた。自己理解の深さと入社意欲の高さが評価され、内定となった。"
株式会社エムライン,m.line.236@example.com,S20250556,P20250556,試験_面接,継続（合格）,2035-08-16 15:00,2035-08-16 15:40,オンライン・単独,自宅,2,人事,"長所と短所、入社後の目標、他社との比較について聞かれた。静かな緊張感はあったものの、こちらの話を真摯に受け止めてくれた。専門用語を分かりやすく説明する練習が必要だと感じた。選考は次のステップに進むことになり、引き続き準備を進めていく必要があると感じた。"
株式会社エムライン,m.line.237@example.com,S20250557,P20250557,試験_面接,落選,2035-08-19 10:30,2035-08-19 11:00,オンライン・単独,自宅,2,エンジニア,"Gitの具体的な利用経験、技術的な課題解決、レビューの受け方について質問された。面接官が明るく、非常に話しやすい雰囲気だった。技術知識の幅と深さが足りなかったと痛感した。結果としては不合格だったものの、改善点が明確になり次の選考に活かせる面接だった。"
株式会社エムライン,m.line.238@example.com,S20250558,P20250558,試験_面接,継続（合格）,2035-08-22 14:00,2035-08-22 14:30,オンライン・単独,自宅,2,人事・エンジニア,"技術への情熱、会社の理念に対する共感度、チーム開発でのトラブル対応について深く問われた。淡々としていたが、質問は鋭かった。緊張すると早口になるため、落ち着いて話す意識が必要だと感じた。選考は次のステップに進むことになり、引き続き準備を進めていく必要があると感じた。"
株式会社エムライン,m.line.239@example.com,S20250559,P20250559,試験_面接,継続（合格）,2035-08-25 11:00,2035-08-25 11:40,オンライン・単独,自宅,2,人事,"将来像、チーム開発での役割、学生時代の経験全般について聞かれた。やや厳しめではあったが、質問の意図は明確だった。結論ファーストを徹底する訓練が必要だと感じた。選考は次のステップに進むことになり、引き続き準備を進めていく必要があると感じた。"
株式会社エムライン,m.line.260@example.com,S20250560,P20250560,試験_面接,内定,2035-08-28 09:00,2035-08-28 09:30,オンライン・単独,自宅,2,エンジニア,"学校で学んだ専門技術、困難を乗り越えた経験、失敗経験から何を学んだかについて聞かれた。技術的な背景を論理的に説明できた点が評価され、内定となった。"
株式会社フォースウェーブ,force.wave.231@example.com,S20250561,P20250561,試験_面接,継続（合格）,2035-09-01 14:00,2035-09-01 14:50,オンライン・単独,自宅,2,人事,"志望動機、長所と短所、周囲からの評価について質問された。具体的なエピソードを何度も深掘りされた。企業研究の徹底が必要だと感じた。選考は次のステップに進むことになり、引き続き準備を進めていく必要があると感じた。"
株式会社フォースウェーブ,force.wave.232@example.com,S20250562,P20250562,試験_面接,落選,2035-09-04 10:00,2035-09-04 10:30,オンライン・単独,自宅,2,エンジニア,"技術的な興味、ポートフォリオでの挑戦点、技術選定の理由について重点的に聞かれた。終始和やかな雰囲気で、リラックスして話せた。技術的な知識の応用力を高める必要性を感じた。結果としては不合格だったものの、改善点が明確になり次の選考に活かせる面接だった。"
株式会社フォースウェーブ,force.wave.233@example.com,S20250563,P20250563,試験_面接,継続（合格）,2035-09-07 16:00,2035-09-07 16:20,オンライン・単独,自宅,2,人事・エンジニア,"Git経験、レビューの受け方、チーム開発での役割について深掘りされた。静かな緊張感はあったものの、質問の意図は明確だった。話の論理性を高める必要性を感じた。選考は次のステップに進むことになり、引き続き準備を進めていく必要があると感じた。"
株式会社フォースウェーブ,force.wave.234@example.com,S20250564,P20250564,試験_面接,継続（合格）,2035-09-10 11:00,2035-09-10 11:30,オンライン・単独,自宅,2,人事,"キャリアビジョン、会社への貢献意欲、HCSを選んだ理由について問われた。面接官が明るく、非常に話しやすい雰囲気だった。専門用語を分かりやすく説明する練習が必要だと感じた。選考は次のステップに進むことになり、引き続き準備を進めていく必要があると感じた。"
株式会社フォースウェーブ,force.wave.235@example.com,S20250565,P20250565,試験_面接,内定,2035-09-13 09:00,2035-09-13 09:20,オンライン・単独,自宅,2,エンジニア,"技術への情熱、入社後の貢献、技術的な課題解決について深く問われた。技術的な深い理解と問題解決能力が評価され、内定となった。"
株式会社フォースウェーブ,force.wave.236@example.com,S20250566,P20250566,試験_面接,継続（合格）,2035-09-16 15:00,2035-09-16 15:40,オンライン・単独,自宅,2,人事・エンジニア,"入社後の目標、学生時代に頑張ったこと、札幌で働く理由について問われた。回答の背景や理由を詳しく問われた。自己PRの構成を見直す必要があると感じた。選考は次のステップに進むことになり、引き続き準備を進めていく必要があると感じた。"
株式会社フォースウェーブ,force.wave.237@example.com,S20250567,P20250567,試験_面接,落選,2035-09-19 10:30,2035-09-19 11:00,オンライン・単独,自宅,2,人事,"アルバイト経験、将来像、ストレスへの対処方法について質問された。やや厳しめではあったが、質問は鋭かった。自己分析の甘さを痛感した。結果としては不合格だったものの、改善点が明確になり次の選考に活かせる面接だった。"
株式会社フォースウェーブ,force.wave.238@example.com,S20250568,P20250568,試験_面接,継続（合格）,2035-09-22 14:00,2035-09-22 14:30,オンライン・単独,自宅,2,エンジニア,"価値観、会社の理念への共感度、チーム開発でのトラブル対応について質問された。終始和やかな雰囲気で、会話形式で進んだ。結論ファーストを徹底する訓練が必要だと感じた。選考は次のステップに進むことになり、引き続き準備を進めていく必要があると感じた。"
株式会社フォースウェーブ,force.wave.239@example.com,S20250569,P20250569,試験_面接,継続（合格）,2035-09-25 11:00,2035-09-25 11:40,オンライン・単独,自宅,2,人事,"ガクチカ、困難な状況への対処法、他社との比較について聞かれた。淡々としていたが、的確に核心を突く質問が多かった。逆質問のバリエーションを増やすべきだったと反省した。選考は次のステップに進むことになり、引き続き準備を進めていく必要があると感じた。"
株式会社フォースウェーブ,force.wave.240@example.com,S20250570,P20250570,試験_面接,内定,2035-09-28 09:00,2035-09-28 09:30,オンライン・単独,自宅,2,人事・エンジニア,"長所と短所、学生時代の経験全般、失敗経験から何を学んだかについて質問された。熱意と論理的な説明能力が評価され、内定となった。"
ノースシステム株式会社,north.sys.231@example.com,S20250571,P20250571,試験_面接,継続（合格）,2035-10-01 14:00,2035-10-01 14:50,オンライン・単独,自宅,2,人事・エンジニア,"志望動機、キャリアビジョン、技術的な興味について深く聞かれた。静かな緊張感はあったものの、こちらの話を真摯に受け止めてくれた。技術的な知識の確認を徹底する必要があると学んだ。選考は次のステップに進むことになり、引き続き準備を進めていく必要があると感じた。"
ノースシステム株式会社,north.sys.232@example.com,S20250572,P20250572,試験_面接,落選,2035-10-04 10:00,2035-10-04 10:30,オンライン・単独,自宅,2,人事,"長所と短所、価値観、ストレスへの対処方法について質問された。やや厳しめではあったが、質問は鋭かった。話の論理性を高める必要性を感じた。結果としては不合格だったものの、改善点が明確になり次の選考に活かせる面接だった。"
ノースシステム株式会社,north.sys.233@example.com,S20250573,P20250573,試験_面接,継続（合格）,2035-10-07 16:00,2035-10-07 16:20,オンライン・単独,自宅,2,エンジニア,"技術選定の理由、ポートフォリオの詳細、チーム開発での役割について深掘りされた。面接官が明るく、非常に話しやすい雰囲気だった。専門用語を分かりやすく説明する練習が必要だと感じた。選考は次のステップに進むことになり、引き続き準備を進めていく必要があると感じた。"
ノースシステム株式会社,north.sys.234@example.com,S20250574,P20250574,試験_面接,継続（合格）,2035-10-10 11:00,2035-10-10 11:30,オンライン・単独,自宅,2,人事,"周囲からの評価、アルバイト経験、HCSを選んだ理由について聞かれた。回答の背景や理由を詳しく問われた。結論ファーストを徹底する訓練が必要だと感じた。選考は次のステップに進むことになり、引き続き準備を進めていく必要があると感じた。"
ノースシステム株式会社,north.sys.235@example.com,S20250575,P20250575,試験_面接,内定,2035-10-13 09:00,2035-10-13 09:20,オンライン・単独,自宅,2,人事・エンジニア,"困難を乗り越えた経験、レビューの受け方、技術的な課題解決について質問された。論理的な思考力と技術的な背景の説明が評価され、内定となった。"
ノースシステム株式会社,north.sys.236@example.com,S20250576,P20250576,試験_面接,落選,2035-10-16 15:00,2035-10-16 15:40,オンライン・単独,自宅,2,人事,"ガクチカ、将来像、他社との比較について深掘りされた。淡々としていたが、質問は鋭かった。企業研究の甘さを痛感した。結果としては不合格だったものの、改善点が明確になり次の選考に活かせる面接だった。"
ノースシステム株式会社,north.sys.237@example.com,S20250577,P20250577,試験_面接,継続（合格）,2035-10-19 10:30,2035-10-19 11:00,オンライン・単独,自宅,2,エンジニア,"技術への情熱、Git経験、チーム開発でのトラブル対応について質問された。やや厳しめではあったが、質問の意図は明確だった。技術的な知識の応用力を高める必要性を感じた。選考は次のステップに進むことになり、引き続き準備を進めていく必要があると感じた。"
ノースシステム株式会社,north.sys.238@example.com,S20250578,P20250578,試験_面接,継続（合格）,2035-10-22 14:00,2035-10-22 14:30,オンライン・単独,自宅,2,人事・エンジニア,"会社への貢献意欲、札幌で働く理由、学生時代の経験全般について聞かれた。具体的なエピソードを何度も深掘りされた。自己PRの構成を見直す必要があると感じた。選考は次のステップに進むことになり、引き続き準備を進めていく必要があると感じた。"
ノースシステム株式会社,north.sys.239@example.com,S20250579,P20250579,試験_面接,内定,2035-10-25 11:00,2035-10-25 11:40,オンライン・単独,自宅,2,エンジニア,"技術的な興味、入社後の貢献、技術的な課題解決について重点的に問われた。終始和やかな雰囲気で、会話形式で進んだ。技術への深い関心と問題解決能力が評価され、内定となった。"
ノースシステム株式会社,north.sys.240@example.com,S20250580,P20250580,試験_面接,継続（合格）,2035-10-28 09:00,2035-10-28 09:30,オンライン・単独,自宅,2,人事,"入社後の目標、キャリアビジョン、失敗経験から何を学んだかについて深く問われた。静かな緊張感はあったものの、こちらの話を受け止めてくれた。緊張すると早口になるため、落ち着いて話す意識が必要だと感じた。選考は次のステップに進むことになり、引き続き準備を進めていく必要があると感じた。"
株式会社ライフネットワーク,life.net.231@example.com,S20250581,P20250581,試験_面接,継続（合格）,2035-11-01 14:00,2035-11-01 14:50,オンライン・単独,自宅,2,人事・エンジニア,"技術的な興味、ポートフォリオでの挑戦点、Git経験について質問された。面接官が明るく、非常に話しやすい雰囲気だった。専門用語を分かりやすく説明する練習が必要だと感じた。選考は次のステップに進むことになり、引き続き準備を進めていく必要があると感じた。"
株式会社ライフネットワーク,life.net.232@example.com,S20250582,P20250582,試験_面接,落選,2035-11-04 10:00,2035-11-04 10:30,オンライン・単独,自宅,2,人事,"長所と短所、志望動機、価値観について深掘りされた。やや厳しめではあったが、質問は鋭かった。自己分析の甘さを痛感した。結果としては不合格だったものの、改善点が明確になり次の選考に活かせる面接だった。"
株式会社ライフネットワーク,life.net.233@example.com,S20250583,P20250583,試験_面接,継続（合格）,2035-11-07 16:00,2035-11-07 16:20,オンライン・単独,自宅,2,エンジニア,"技術選定の理由、チーム開発での役割、入社後の貢献について重点的に問われた。回答の背景や理由を詳しく問われた。企業研究の徹底が必要だと感じた。選考は次のステップに進むことになり、引き続き準備を進めていく必要があると感じた。"
株式会社ライフネットワーク,life.net.234@example.com,S20250584,P20250584,試験_面接,継続（合格）,2035-11-10 11:00,2035-11-10 11:30,オンライン・単独,自宅,2,人事,"周囲からの評価、ストレスへの対処方法、困難な状況への対処法について聞かれた。淡々としていたが、質問は鋭かった。結論ファーストを徹底する訓練が必要だと感じた。選考は次のステップに進むことになり、引き続き準備を進めていく必要があると感じた。"
株式会社ライフネットワーク,life.net.235@example.com,S20250585,P20250585,試験_面接,内定,2035-11-13 09:00,2035-11-13 09:20,オンライン・単独,自宅,2,人事・エンジニア,"失敗経験から何を学んだか、アルバイト経験、札幌で働く理由について質問された。具体的なエピソードを何度も深掘りされた。熱意と具体的なエピソードが高く評価され内定となった。"
株式会社ライフネットワーク,life.net.236@example.com,S20250586,P20250586,試験_面接,落選,2035-11-16 15:00,2035-11-16 15:40,オンライン・単独,自宅,2,人事,"ガクチカ、会社への貢献意欲、HCSを選んだ理由について深く問われた。終始和やかな雰囲気で、会話形式で進んだ。技術知識の幅と深さが足りなかったと痛感した。結果としては不合格だったものの、改善点が明確になり次の選考に活かせる面接だった。"
株式会社ライフネットワーク,life.net.237@example.com,S20250587,P20250587,試験_面接,継続（合格）,2035-11-19 10:30,2035-11-19 11:00,オンライン・単独,自宅,2,エンジニア,"学校で学んだ専門技術、技術的な課題解決、レビューの受け方について重点的に深掘りされた。静かな緊張感はあったものの、こちらの話を受け止めてくれた。話の論理性を高める必要性を感じた。選考は次のステップに進むことになり、引き続き準備を進めていく必要があると感じた。"
株式会社ライフネットワーク,life.net.238@example.com,S20250588,P20350588,試験_面接,継続（合格）,2035-11-22 14:00,2035-11-22 14:30,オンライン・単独,自宅,2,人事・エンジニア,"会社の理念に対する共感度、将来像、チーム開発でのトラブル対応について質問された。やや厳しめではあったが、質問の意図は明確だった。自己PRの構成を見直す必要があると感じた。選考は次のステップに進むことになり、引き続き準備を進めていく必要があると感じた。"
株式会社ライフネットワーク,life.net.239@example.com,S20250589,P20250589,試験_面接,内定,2035-11-25 11:00,2035-11-25 11:40,オンライン・単独,自宅,2,人事,"入社後の目標、学生時代の経験全般、他社との比較について聞かれた。面接官が明るく、非常に話しやすい雰囲気だった。自己理解の深さとコミュニケーション能力が評価され、内定となった。"
株式会社ライフネットワーク,life.net.240@example.com,S20250590,P20250590,試験_面接,継続（合格）,2035-11-28 09:00,2035-11-28 09:30,オンライン・単独,自宅,2,エンジニア,"技術への情熱、キャリアビジョン、長所と短所について深く問われた。回答の背景や理由を詳しく問われた。逆質問のバリエーションを増やすべきだったと反省した。選考は次のステップに進むことになり、引き続き準備を進めていく必要があると感じた。"
サッポロエンジニアリング株式会社,sapporo.eng.231@example.com,S20250591,P20250591,試験_面接,継続（合格）,2035-12-01 14:00,2035-12-01 14:50,オンライン・単独,自宅,2,人事,"志望動機、周囲からの評価、入社後の目標について深掘りされた。淡々としていたが、質問は鋭かった。技術的な知識の確認を徹底する必要があると学んだ。選考は次のステップに進むことになり、引き続き準備を進めていく必要があると感じた。"
サッポロエンジニアリング株式会社,sapporo.eng.232@example.com,S20250592,P20250592,試験_面接,落選,2035-12-04 10:00,2035-12-04 10:30,オンライン・単独,自宅,2,エンジニア,"ポートフォリオの詳細、技術選定の理由、Git経験について重点的に問われた。やや厳しめではあったが、質問の意図は明確だった。企業研究の甘さを痛感した。結果としては不合格だったものの、改善点が明確になり次の選考に活かせる面接だった。"
サッポロエンジニアリング株式会社,sapporo.eng.233@example.com,S20250593,P20250593,試験_面接,継続（合格）,2035-12-07 16:00,2035-12-07 16:20,オンライン・単独,自宅,2,人事・エンジニア,"技術的な課題解決、入社後の貢献、学校で学んだ専門技術について詳しく聞かれた。具体的なエピソードを何度も深掘りされた。話の論理性を高める必要性を感じた。選考は次のステップに進むことになり、引き続き準備を進めていく必要があると感じた。"
サッポロエンジニアリング株式会社,sapporo.eng.234@example.com,S20250594,P20250594,試験_面接,継続（合格）,2035-12-10 11:00,2035-12-10 11:30,オンライン・単独,自宅,2,人事,"失敗経験から何を学んだか、レビューの受け方、札幌で働く理由について質問された。終始和やかな雰囲気で、リラックスして話せた。専門用語を分かりやすく説明する練習が必要だと感じた。選考は次のステップに進むことになり、引き続き準備を進めていく必要があると感じた。"
サッポロエンジニアリング株式会社,sapporo.eng.235@example.com,S20250595,P20250595,試験_面接,内定,2035-12-13 09:00,2035-12-13 09:20,オンライン・単独,自宅,2,エンジニア,"技術的な興味、キャリアビジョン、チーム開発での役割、困難な状況への対処法について質問された。技術的な知識の深さと自己成長への意欲が評価され、内定となった。"
サッポロエンジニアリング株式会社,sapporo.eng.236@example.com,S20250596,P20250596,試験_面接,落選,2035-12-16 15:00,2035-12-16 15:40,オンライン・単独,自宅,2,人事・エンジニア,"技術への情熱、会社の理念への共感度、他社との比較について深く問われた。静かな緊張感はあったものの、こちらの話を受け止めてくれた。自己PRの構成を見直す必要があると感じた。結果としては不合格だったものの、改善点が明確になり次の選考に活かせる面接だった。"
サッポロエンジニアリング株式会社,sapporo.eng.237@example.com,S20250597,P20250597,試験_面接,継続（合格）,2035-12-19 10:30,2035-12-19 11:00,オンライン・単独,自宅,2,人事,"将来像、学生時代に最も力を入れたこと、ストレスへの対処方法について質問された。面接官が明るく、非常に話しやすい雰囲気だった。結論ファーストを徹底する訓練が必要だと感じた。選考は次のステップに進むことになり、引き続き準備を進めていく必要があると感じた。"
サッポロエンジニアリング株式会社,sapporo.eng.238@example.com,S20250598,P20250598,試験_面接,継続（合格）,2035-12-22 14:00,2035-12-22 14:30,オンライン・単独,自宅,2,エンジニア,"チーム開発でのトラブル対応、技術的な興味、ポートフォリオでの挑戦点について聞かれた。淡々としていたが、的確に核心を突く質問が多かった。緊張すると早口になるため、落ち着いて話す意識が必要だと感じた。選考は次のステップに進むことになり、引き続き準備を進めていく必要があると感じた。"
サッポロエンジニアリング株式会社,sapporo.eng.239@example.com,S20250599,P20250599,試験_面接,内定,2035-12-25 11:00,2035-12-25 11:40,オンライン・単独,自宅,2,人事・エンジニア,"長所と短所、ガクチカ、会社への貢献意欲について質問された。熱意と一貫性のある回答が評価され、内定となった。"
サッポロエンジニアリング株式会社,sapporo.eng.240@example.com,S20250600,P20250600,試験_面接,継続（合格）,2035-12-28 09:00,2035-12-28 09:30,オンライン・単独,自宅,2,人事,"周囲からの評価、価値観、アルバイト経験について聞かれた。回答の背景や理由を詳しく問われた。逆質問のバリエーションを増やすべきだったと反省した。選考は次のステップに進むことになり、引き続き準備を進めていく必要があると感じた。"
株式会社ホライズンテック,horizon.tech.231@example.com,S20250601,P20250601,試験_面接,継続（合格）,2036-01-01 14:00,2036-01-01 14:50,オンライン・単独,自宅,2,人事・エンジニア,"技術的な興味、キャリアビジョン、チーム開発での工夫点について質問された。やや厳しめではあったが、質問の意図は明確だった。企業研究の甘さを痛感した。選考は次のステップに進むことになり、引き続き準備を進めていく必要があると感じた。"
株式会社ホライズンテック,horizon.tech.232@example.com,S20250602,P20250602,試験_面接,落選,2036-01-04 10:00,2036-01-04 10:30,オンライン・単独,自宅,2,人事,"入社後の目標、価値観、ストレスへの対処方法について深掘りされた。具体的なエピソードを何度も深掘りされた。技術知識の幅と深さが足りなかったと痛感した。結果としては不合格だったものの、改善点が明確になり次の選考に活かせる面接だった。"
株式会社ホライズンテック,horizon.tech.233@example.com,S20250603,P20250603,試験_面接,継続（合格）,2036-01-07 16:00,2036-01-07 16:20,オンライン・単独,自宅,2,エンジニア,"ポートフォリオの詳細、技術的な課題解決、レビューの受け方について重点的に問われた。終始和やかな雰囲気で、会話形式で進んだ。話の論理性を高める必要性を感じた。選考は次のステップに進むことになり、引き続き準備を進めていく必要があると感じた。"
株式会社ホライズンテック,horizon.tech.234@example.com,S20250604,P20250604,試験_面接,内定,2036-01-10 11:00,2036-01-10 11:30,オンライン・単独,自宅,2,人事,"ガクチカ、アルバイト経験、札幌で働く理由について質問された。論理的な思考力と自己理解の深さが評価され、内定となった。"
株式会社ホライズンテック,horizon.tech.235@example.com,S20250605,P20250605,試験_面接,継続（合格）,2036-01-13 09:00,2036-01-13 09:20,オンライン・単独,自宅,2,人事・エンジニア,"失敗経験から何を学んだか、技術への情熱、学生時代に頑張ったことについて深掘りされた。面接官が明るく、非常に話しやすい雰囲気だった。専門用語を分かりやすく説明する練習が必要だと感じた。選考は次のステップに進むことになり、引き続き準備を進めていく必要があると感じた。"
株式会社ホライズンテック,horizon.tech.236@example.com,S20250606,P20250606,試験_面接,落選,2036-01-16 15:00,2036-01-16 15:40,オンライン・単独,自宅,2,人事,"将来像、チーム開発でのトラブル対応、他社との比較について聞かれた。淡々としていたが、質問は鋭かった。自己分析の甘さを痛感した。結果としては不合格だったものの、改善点が明確になり次の選考に活かせる面接だった。"
株式会社ホライズンテック,horizon.tech.237@example.com,S20250607,P20250607,試験_面接,継続（合格）,2036-01-19 10:30,2036-01-19 11:00,オンライン・単独,自宅,2,エンジニア,"Git経験、学校で学んだ専門技術、入社後の貢献について質問された。やや厳しめではあったが、質問の意図は明確だった。結論ファーストを徹底する訓練が必要だと感じた。選考は次のステップに進むことになり、引き続き準備を進めていく必要があると感じた。"
株式会社ホライズンテック,horizon.tech.238@example.com,S20250608,P20250608,試験_面接,継続（合格）,2036-01-22 14:00,2036-01-22 14:30,オンライン・単独,自宅,2,人事・エンジニア,"会社の理念に対する共感度、困難を乗り越えた経験、チーム開発での役割について聞かれた。静かな緊張感はあったものの、こちらの話を真摯に受け止めてくれた。自己PRの構成を見直す必要があると感じた。選考は次のステップに進むことになり、引き続き準備を進めていく必要があると感じた。"
株式会社ホライズンテック,horizon.tech.239@example.com,S20250609,P20250609,試験_面接,落選,2036-01-25 11:00,2036-01-25 11:40,オンライン・単独,自宅,2,人事,"長所と短所、周囲からの評価、HCSを選んだ理由について聞かれた。回答の背景や理由を詳しく問われた。技術的な知識の応用力を高める必要性を感じた。結果としては不合格だったものの、改善点が明確になり次の選考に活かせる面接だった。"
株式会社ホライズンテック,horizon.tech.240@example.com,S20250610,P20250610,試験_面接,内定,2036-01-28 09:00,2036-01-28 09:30,オンライン・単独,自宅,2,人事・エンジニア,"技術への情熱、会社への貢献意欲、学生時代の経験全般について深く問われた。技術的な深い理解と入社意欲の高さが評価され、内定となった。"
