user_no,class_no,user_name,start_datetime,end_datetime,company_name,event_kind,result_kind
20194046,r3a208,鈴木太郎,2021-12-06 06:00:00+00,2021-12-06 07:00:00+00,株式会社サンライズ,説明会_単,他
20194073,r3a202,中島悠斗,2022-01-26 04:00:00+00,2022-01-26 05:00:00+00,株式会社スカイ,セミナー,他
20194015,r3a225,阿部拓也,2022-01-28 01:00:00+00,2022-01-28 02:00:00+00,株式会社エコー,説明会_単,他
20194056,r3a113,伊藤葵,2022-01-30 01:00:00+00,2022-01-30 01:45:00+00,株式会社スカイ,試験_面接,不合格
20194055,r3a128,清水美咲,2022-02-02 01:00:00+00,2022-02-02 02:30:00+00,株式会社マーブル,試験_適正,結果待ち
20194013,r3a126,池田健太,2022-02-03 04:00:00+00,2022-02-03 04:45:00+00,株式会社ベータ,試験_面接,不合格
20194073,r3a202,中島悠斗,2022-02-03 04:00:00+00,2022-02-03 04:45:00+00,株式会社グリーン,試験_面接,不合格
20194046,r3a208,鈴木太郎,2022-02-04 01:00:00+00,2022-02-04 02:00:00+00,株式会社ライト,セミナー,他
20194032,r3a232,清水太郎,2022-02-04 01:00:00+00,2022-02-04 02:00:00+00,株式会社ハーモニー,セミナー,他
20194046,r3a208,鈴木太郎,2022-02-04 04:00:00+00,2022-02-04 05:00:00+00,株式会社サンライズ,インターン,他
20194015,r3a225,阿部拓也,2022-02-05 01:00:00+00,2022-02-05 01:45:00+00,株式会社ハーモニー,試験_面接,結果待ち
20203040,s2a106,山口結衣,2022-02-05 04:00:00+00,2022-02-05 05:00:00+00,株式会社ノヴァ,説明会_単,他
20194012,r3a215,木村彩香,2022-02-07 01:00:00+00,2022-02-07 02:00:00+00,株式会社クロス,セミナー,他
20194016,r3a209,田中陽菜,2022-02-07 04:00:00+00,2022-02-07 04:45:00+00,株式会社コア,試験_面接,結果待ち
20194054,r3a206,林結衣,2022-02-07 06:00:00+00,2022-02-07 07:30:00+00,株式会社ライト,試験_適正,辞退
20194063,r3a115,林海斗,2022-02-07 06:00:00+00,2022-02-07 06:45:00+00,株式会社アトラス,試験_面接,結果待ち
20194054,r3a206,林結衣,2022-02-08 01:00:00+00,2022-02-08 02:00:00+00,株式会社ライト,セミナー,他
20194089,r3a210,佐藤凛,2022-02-08 01:00:00+00,2022-02-08 02:00:00+00,株式会社エコー,セミナー,他
20194042,r3a110,石川陸,2022-02-08 04:00:00+00,2022-02-08 05:30:00+00,株式会社ブルーム,試験_適正,結果待ち
20194025,r3a116,小林太郎,2022-02-08 04:00:00+00,2022-02-08 05:00:00+00,株式会社オービット,インターン,他
20194020,r3a228,橋本杏奈,2022-02-09 06:00:00+00,2022-02-09 07:00:00+00,株式会社プライム,説明会_合,他
20194055,r3a128,清水美咲,2022-02-10 04:00:00+00,2022-02-10 05:30:00+00,株式会社ホライズン,試験_適正,辞退
20203053,s2a109,山下直樹,2022-02-11 01:00:00+00,2022-02-11 02:00:00+00,株式会社クレスト,説明会_単,他
20194030,r3a135,伊藤陸,2022-02-11 01:00:00+00,2022-02-11 02:00:00+00,株式会社フォーカス,説明会_単,他
20194077,r3a137,高橋陸,2022-02-12 01:00:00+00,2022-02-12 02:00:00+00,株式会社フォース,説明会_合,他
20194066,r3a125,林遥,2022-02-13 04:00:00+00,2022-02-13 05:30:00+00,株式会社リンク,試験_適正,不合格
20212025,j2a116,橋本大輔,2022-02-13 06:00:00+00,2022-02-13 07:00:00+00,株式会社リーフ,セミナー,他
20203028,s2a411,清水悠斗,2022-02-13 06:00:00+00,2022-02-13 07:00:00+00,株式会社クラフト,説明会_合,他
20194025,r3a116,小林太郎,2022-02-14 06:00:00+00,2022-02-14 07:00:00+00,株式会社ハーモニー,説明会_合,他
20194086,r3a214,池田凛,2022-02-15 01:00:00+00,2022-02-15 01:45:00+00,株式会社エンジン,試験_面接,継続（合格）
20194039,r3a136,鈴木健太,2022-02-15 01:00:00+00,2022-02-15 02:30:00+00,株式会社レイヤー,試験_適正,不合格
20194046,r3a208,鈴木太郎,2022-02-15 04:00:00+00,2022-02-15 04:45:00+00,株式会社サンライズ,試験_面接,継続（合格）
20194035,r3a236,中村翔太,2022-02-15 06:00:00+00,2022-02-15 07:00:00+00,株式会社ガンマ,インターン,他
20194036,r3a205,鈴木杏奈,2022-02-15 06:00:00+00,2022-02-15 07:30:00+00,株式会社ブリッジ,試験_適正,結果待ち
20194012,r3a215,木村彩香,2022-02-16 01:00:00+00,2022-02-16 02:00:00+00,株式会社アトラス,セミナー,他
20212001,j1a104,渡辺優奈,2022-02-16 04:00:00+00,2022-02-16 05:00:00+00,株式会社アーク,セミナー,他
20194048,r3a216,阿部彩香,2022-02-16 04:00:00+00,2022-02-16 05:00:00+00,株式会社イノベーション,セミナー,他
20194077,r3a137,高橋陸,2022-02-16 06:00:00+00,2022-02-16 07:00:00+00,株式会社リーフ,インターン,他
20203018,s2a111,田中海斗,2022-02-16 06:00:00+00,2022-02-16 07:00:00+00,株式会社マーブル,セミナー,他
20212046,j1a112,鈴木美咲,2022-02-17 06:00:00+00,2022-02-17 07:00:00+00,株式会社ミライ,説明会_合,他
20194046,r3a208,鈴木太郎,2022-02-17 06:00:00+00,2022-02-17 07:30:00+00,株式会社リーフ,試験_適正,継続（合格）
20203029,s2a308,伊藤太郎,2022-02-18 01:00:00+00,2022-02-18 02:30:00+00,株式会社クラフト,試験_適正,継続（合格）
20194059,r3a102,小林優樹,2022-02-18 04:00:00+00,2022-02-18 04:45:00+00,株式会社オービット,試験_面接,不合格
20194075,r3a103,加藤彩香,2022-02-18 04:00:00+00,2022-02-18 04:30:00+00,株式会社ネクスト,試験_他,内定
20194008,r3a124,吉田大輔,2022-02-18 04:00:00+00,2022-02-18 04:45:00+00,株式会社エンジン,試験_面接,継続（合格）
20203057,s2a211,鈴木海斗,2022-02-18 04:00:00+00,2022-02-18 05:00:00+00,株式会社モデスト,セミナー,他
20194077,r3a137,高橋陸,2022-02-18 06:00:00+00,2022-02-18 07:30:00+00,株式会社グリーン,試験_適正,継続（合格）
20194089,r3a210,佐藤凛,2022-02-19 01:00:00+00,2022-02-19 01:45:00+00,株式会社エコー,試験_面接,不合格
20194067,r3a220,阿部遥,2022-02-19 01:00:00+00,2022-02-19 02:00:00+00,株式会社ガンマ,説明会_合,他
20194009,r3a230,伊藤花子,2022-02-19 04:00:00+00,2022-02-19 05:00:00+00,株式会社エンジン,説明会_単,他
20203042,s2a212,橋本陽菜,2022-02-19 04:00:00+00,2022-02-19 05:00:00+00,株式会社ユニオン,インターン,他
20203003,s2a311,山下陸,2022-02-19 04:00:00+00,2022-02-19 04:45:00+00,株式会社ミライ,試験_面接,結果待ち
20194088,r3a101,山田大輔,2022-02-20 01:00:00+00,2022-02-20 01:45:00+00,株式会社エコー,試験_面接,結果待ち
20194075,r3a103,加藤彩香,2022-02-20 01:00:00+00,2022-02-20 02:30:00+00,株式会社シード,試験_適正,継続（合格）
20194028,r3a107,高橋陽菜,2022-02-20 01:00:00+00,2022-02-20 02:00:00+00,株式会社テックワークス,説明会_単,他
20194066,r3a125,林遥,2022-02-20 01:00:00+00,2022-02-20 01:45:00+00,株式会社デルタ,試験_面接,不合格
20194077,r3a137,高橋陸,2022-02-20 01:00:00+00,2022-02-20 02:30:00+00,株式会社リーフ,試験_適正,結果待ち
20194040,r3a109,田中直樹,2022-02-20 04:00:00+00,2022-02-20 05:00:00+00,株式会社ミライ,セミナー,他
20194031,r3a122,渡辺結衣,2022-02-20 04:00:00+00,2022-02-20 05:30:00+00,株式会社スカイ,試験_適正,継続（合格）
20194014,r3a106,山田太郎,2022-02-20 06:00:00+00,2022-02-20 07:30:00+00,株式会社アルファ,試験_適正,不合格
20194016,r3a209,田中陽菜,2022-02-20 06:00:00+00,2022-02-20 07:30:00+00,株式会社ユニオン,試験_適正,結果待ち
20194023,r3a221,池田彩香,2022-02-20 06:00:00+00,2022-02-20 06:45:00+00,株式会社ブリッジ,試験_面接,継続（合格）
20194066,r3a125,林遥,2022-02-21 01:00:00+00,2022-02-21 02:00:00+00,株式会社ホライズン,説明会_単,他
20194005,r3a131,池田悠斗,2022-02-21 01:00:00+00,2022-02-21 01:30:00+00,株式会社グロース,試験_他,内定
20203003,s2a311,山下陸,2022-02-21 01:00:00+00,2022-02-21 01:45:00+00,株式会社ミライ,試験_面接,継続（合格）
20194016,r3a209,田中陽菜,2022-02-21 04:00:00+00,2022-02-21 05:00:00+00,株式会社ユニオン,セミナー,他
20194021,r3a237,山口太郎,2022-02-21 04:00:00+00,2022-02-21 04:45:00+00,株式会社グリーン,試験_面接,不合格
20194028,r3a107,高橋陽菜,2022-02-21 06:00:00+00,2022-02-21 06:45:00+00,株式会社フォーカス,試験_面接,継続（合格）
20194030,r3a135,伊藤陸,2022-02-21 06:00:00+00,2022-02-21 06:45:00+00,株式会社ブルーム,試験_面接,結果待ち
20194046,r3a208,鈴木太郎,2022-02-21 06:00:00+00,2022-02-21 07:30:00+00,株式会社アルファ,試験_適正,結果待ち
20212034,j2a115,中島優奈,2022-02-22 01:00:00+00,2022-02-22 02:00:00+00,株式会社イプシロン,説明会_単,他
20194033,r3a138,佐藤陸,2022-02-22 01:00:00+00,2022-02-22 02:00:00+00,株式会社マーブル,説明会_合,他
20203046,s2a209,中島美咲,2022-02-22 01:00:00+00,2022-02-22 02:00:00+00,株式会社ガンマ,説明会_単,他
20194025,r3a116,小林太郎,2022-02-22 04:00:00+00,2022-02-22 05:30:00+00,株式会社パルス,試験_適正,不合格
20194009,r3a230,伊藤花子,2022-02-22 04:00:00+00,2022-02-22 05:30:00+00,株式会社エンジン,試験_適正,継続（合格）
20203015,s2a412,井上海斗,2022-02-22 04:00:00+00,2022-02-22 05:30:00+00,株式会社テックワークス,試験_適正,継続（合格）
20212050,j1a105,林優樹,2022-02-22 06:00:00+00,2022-02-22 07:00:00+00,株式会社ルミナス,インターン,他
20194086,r3a214,池田凛,2022-02-22 06:00:00+00,2022-02-22 07:00:00+00,株式会社アーク,インターン,他
20203051,s2a304,山崎陸,2022-02-23 01:00:00+00,2022-02-23 02:00:00+00,株式会社イプシロン,説明会_単,他
20212044,j1a120,林優樹,2022-02-23 04:00:00+00,2022-02-23 05:00:00+00,株式会社オメガ,説明会_合,他
20212025,j2a116,橋本大輔,2022-02-23 04:00:00+00,2022-02-23 05:00:00+00,株式会社リーフ,説明会_単,他
20203009,s2a313,前田太郎,2022-02-23 04:00:00+00,2022-02-23 05:00:00+00,株式会社アーク,インターン,他
20212026,j1a111,佐藤凛,2022-02-23 06:00:00+00,2022-02-23 07:00:00+00,株式会社レイヤー,インターン,他
20194015,r3a225,阿部拓也,2022-02-23 06:00:00+00,2022-02-23 07:30:00+00,株式会社ミライ,試験_適正,結果待ち
20203001,s2a107,鈴木結衣,2022-02-24 01:00:00+00,2022-02-24 02:00:00+00,株式会社ブルーム,説明会_合,他
20212038,j1a102,高橋健太,2022-02-24 04:00:00+00,2022-02-24 05:00:00+00,株式会社ブリッジ,インターン,他
20194050,r3a204,藤田直樹,2022-02-24 06:00:00+00,2022-02-24 06:45:00+00,株式会社レイヤー,試験_面接,辞退
20194083,r3a213,伊藤葵,2022-02-24 06:00:00+00,2022-02-24 06:45:00+00,株式会社デルタ,試験_面接,継続（合格）
20212042,j2a103,森葵,2022-02-25 01:00:00+00,2022-02-25 02:00:00+00,株式会社ミライ,インターン,他
20194075,r3a103,加藤彩香,2022-02-25 01:00:00+00,2022-02-25 01:45:00+00,株式会社シード,試験_面接,継続（合格）
20203019,s2a105,山崎拓也,2022-02-25 01:00:00+00,2022-02-25 02:00:00+00,株式会社フォース,説明会_合,他
20203015,s2a412,井上海斗,2022-02-25 01:00:00+00,2022-02-25 02:00:00+00,株式会社アーク,説明会_合,他
20194070,r3a104,佐々木直樹,2022-02-25 06:00:00+00,2022-02-25 07:00:00+00,株式会社リンク,説明会_合,他
20194066,r3a125,林遥,2022-02-25 06:00:00+00,2022-02-25 07:00:00+00,株式会社ホライズン,セミナー,他
20194046,r3a208,鈴木太郎,2022-02-25 06:00:00+00,2022-02-25 06:45:00+00,株式会社ライト,試験_面接,不合格
20203049,s2a307,鈴木陸,2022-02-26 01:00:00+00,2022-02-26 01:45:00+00,株式会社フロンティア,試験_面接,結果待ち
20212008,j2a119,山崎陸,2022-02-26 04:00:00+00,2022-02-26 05:00:00+00,株式会社クロス,インターン,他
20212044,j1a120,林優樹,2022-02-27 01:00:00+00,2022-02-27 02:00:00+00,株式会社パルス,セミナー,他
20194047,r3a203,鈴木優奈,2022-02-27 01:00:00+00,2022-02-27 01:45:00+00,株式会社ハーモニー,試験_面接,結果待ち
20194062,r3a207,佐々木海斗,2022-02-27 01:00:00+00,2022-02-27 02:30:00+00,株式会社デルタ,試験_適正,継続（合格）
20194041,r3a226,森花子,2022-02-27 01:00:00+00,2022-02-27 01:45:00+00,株式会社オーシャン,試験_面接,継続（合格）
20194020,r3a228,橋本杏奈,2022-02-27 01:00:00+00,2022-02-27 02:30:00+00,株式会社プライム,試験_適正,不合格
20203014,s2a407,池田優奈,2022-02-27 01:00:00+00,2022-02-27 02:30:00+00,株式会社テックワークス,試験_適正,結果待ち
20194001,r3a123,林健太,2022-02-27 04:00:00+00,2022-02-27 04:45:00+00,株式会社クロス,試験_面接,継続（合格）
20194008,r3a124,吉田大輔,2022-02-27 04:00:00+00,2022-02-27 05:30:00+00,株式会社プライム,試験_適正,結果待ち
20194046,r3a208,鈴木太郎,2022-02-27 04:00:00+00,2022-02-27 04:45:00+00,株式会社サンライズ,試験_面接,結果待ち
20194086,r3a214,池田凛,2022-02-27 06:00:00+00,2022-02-27 06:45:00+00,株式会社アーク,試験_面接,継続（合格）
20194021,r3a237,山口太郎,2022-02-27 06:00:00+00,2022-02-27 07:30:00+00,株式会社グリーン,試験_適正,継続（合格）
20212017,j1a122,木村優樹,2022-02-28 01:00:00+00,2022-02-28 02:00:00+00,株式会社マーブル,セミナー,他
20194003,r3a111,田中優奈,2022-02-28 01:00:00+00,2022-02-28 02:00:00+00,株式会社ライト,説明会_単,他
20194084,r3a233,田中直樹,2022-02-28 01:00:00+00,2022-02-28 02:00:00+00,株式会社ルミナス,セミナー,他
20212021,j1a117,鈴木海斗,2022-02-28 04:00:00+00,2022-02-28 05:00:00+00,株式会社ホライズン,説明会_単,他
20194015,r3a225,阿部拓也,2022-02-28 04:00:00+00,2022-02-28 04:45:00+00,株式会社アビリティ,試験_面接,結果待ち
20194031,r3a122,渡辺結衣,2022-02-28 06:00:00+00,2022-02-28 07:00:00+00,株式会社フォース,インターン,他
20194084,r3a233,田中直樹,2022-02-28 06:00:00+00,2022-02-28 07:00:00+00,株式会社ノヴァ,インターン,他
20194011,r3a108,山田美咲,2022-03-01 01:00:00+00,2022-03-01 02:00:00+00,株式会社クロス,説明会_単,他
20194067,r3a220,阿部遥,2022-03-01 01:00:00+00,2022-03-01 01:45:00+00,株式会社シード,試験_面接,結果待ち
20194085,r3a222,前田拓也,2022-03-01 01:00:00+00,2022-03-01 02:00:00+00,株式会社コア,セミナー,他
20203027,s2a108,佐藤健太,2022-03-01 01:00:00+00,2022-03-01 02:30:00+00,株式会社パルス,試験_適正,結果待ち
20203035,s2a112,山本凛,2022-03-01 01:00:00+00,2022-03-01 02:00:00+00,株式会社シード,インターン,他
20203045,s2a309,加藤海斗,2022-03-01 01:00:00+00,2022-03-01 02:00:00+00,株式会社オメガ,セミナー,他
20194069,r3a134,池田美咲,2022-03-01 04:00:00+00,2022-03-01 05:30:00+00,株式会社イプシロン,試験_適正,結果待ち
20194016,r3a209,田中陽菜,2022-03-01 04:00:00+00,2022-03-01 05:00:00+00,株式会社コア,セミナー,他
20203047,s2a204,小林優奈,2022-03-01 04:00:00+00,2022-03-01 05:30:00+00,株式会社ホライズン,試験_適正,結果待ち
20194040,r3a109,田中直樹,2022-03-01 06:00:00+00,2022-03-01 06:45:00+00,株式会社ブルーム,試験_面接,不合格
20194067,r3a220,阿部遥,2022-03-01 06:00:00+00,2022-03-01 06:45:00+00,株式会社ストリーム,試験_面接,不合格
20194042,r3a110,石川陸,2022-03-02 01:00:00+00,2022-03-02 02:00:00+00,株式会社イプシロン,説明会_合,他
20194031,r3a122,渡辺結衣,2022-03-02 01:00:00+00,2022-03-02 02:30:00+00,株式会社フォース,試験_適正,不合格
20194012,r3a215,木村彩香,2022-03-02 01:00:00+00,2022-03-02 01:45:00+00,株式会社イノベーション,試験_面接,継続（合格）
20194041,r3a226,森花子,2022-03-02 01:00:00+00,2022-03-02 02:30:00+00,株式会社デルタ,試験_適正,結果待ち
20203058,s2a206,井上花子,2022-03-02 01:00:00+00,2022-03-02 01:45:00+00,株式会社ノヴァ,試験_面接,継続（合格）
20203046,s2a209,中島美咲,2022-03-02 01:00:00+00,2022-03-02 02:30:00+00,株式会社フォース,試験_適正,継続（合格）
20203010,s2a402,田中陽菜,2022-03-02 01:00:00+00,2022-03-02 02:30:00+00,株式会社パルス,試験_適正,結果待ち
20203036,s2a403,斎藤凛,2022-03-02 01:00:00+00,2022-03-02 02:30:00+00,株式会社グリーン,試験_適正,結果待ち
20203041,s2a405,中村陸,2022-03-02 01:00:00+00,2022-03-02 02:30:00+00,株式会社ベータ,試験_適正,不合格
20212036,j1a101,池田凛,2022-03-02 04:00:00+00,2022-03-02 05:00:00+00,株式会社ハーモニー,説明会_合,他
20212015,j2a121,木村遥,2022-03-02 04:00:00+00,2022-03-02 05:00:00+00,株式会社ホライズン,セミナー,他
20203043,s2a213,鈴木彩香,2022-03-02 04:00:00+00,2022-03-02 05:00:00+00,株式会社マーブル,説明会_単,他
20212012,j1a119,山口太郎,2022-03-02 06:00:00+00,2022-03-02 07:00:00+00,株式会社パルス,インターン,他
20212004,j2a107,山口優樹,2022-03-02 06:00:00+00,2022-03-02 07:00:00+00,株式会社アトラス,インターン,他
20194001,r3a123,林健太,2022-03-02 06:00:00+00,2022-03-02 06:45:00+00,株式会社クロス,試験_面接,結果待ち
20194069,r3a134,池田美咲,2022-03-02 06:00:00+00,2022-03-02 07:00:00+00,株式会社アセント,セミナー,他
20194002,r3a201,中島凛,2022-03-02 06:00:00+00,2022-03-02 07:30:00+00,株式会社エコー,試験_適正,辞退
20194022,r3a212,加藤悠斗,2022-03-02 06:00:00+00,2022-03-02 06:45:00+00,株式会社モデスト,試験_面接,不合格
20203042,s2a212,橋本陽菜,2022-03-02 06:00:00+00,2022-03-02 07:00:00+00,株式会社ステラ,セミナー,他
20212009,j1a107,渡辺凛,2022-03-03 01:00:00+00,2022-03-03 02:00:00+00,株式会社エンジン,インターン,他
20194011,r3a108,山田美咲,2022-03-03 01:00:00+00,2022-03-03 02:00:00+00,株式会社クロス,説明会_単,他
20194015,r3a225,阿部拓也,2022-03-03 01:00:00+00,2022-03-03 02:30:00+00,株式会社アビリティ,試験_適正,継続（合格）
20203012,s2a301,林太郎,2022-03-03 01:00:00+00,2022-03-03 01:45:00+00,株式会社ハーモニー,試験_面接,結果待ち
20212016,j1a109,清水花子,2022-03-03 04:00:00+00,2022-03-03 05:00:00+00,株式会社クロス,インターン,他
20194013,r3a126,池田健太,2022-03-03 04:00:00+00,2022-03-03 04:45:00+00,株式会社シード,試験_面接,結果待ち
20194049,r3a132,高橋彩香,2022-03-03 04:00:00+00,2022-03-03 05:00:00+00,株式会社ネクスト,説明会_合,他
20194087,r3a141,山崎凛,2022-03-03 04:00:00+00,2022-03-03 05:00:00+00,株式会社クラフト,説明会_単,他
20194047,r3a203,鈴木優奈,2022-03-03 04:00:00+00,2022-03-03 04:45:00+00,株式会社アトラス,試験_面接,継続（合格）
20194016,r3a209,田中陽菜,2022-03-03 04:00:00+00,2022-03-03 05:00:00+00,株式会社テックワークス,説明会_単,他
20203050,s2a103,鈴木直樹,2022-03-03 04:00:00+00,2022-03-03 04:45:00+00,株式会社テックワークス,試験_面接,継続（合格）
20203058,s2a206,井上花子,2022-03-03 04:00:00+00,2022-03-03 05:00:00+00,株式会社リンク,インターン,他
20203013,s2a310,渡辺杏奈,2022-03-03 04:00:00+00,2022-03-03 04:45:00+00,株式会社コア,試験_面接,結果待ち
20212045,j1a118,高橋凛,2022-03-03 06:00:00+00,2022-03-03 07:00:00+00,株式会社リンク,セミナー,他
20194057,r3a121,佐々木健太,2022-03-03 06:00:00+00,2022-03-03 06:45:00+00,株式会社エッジ,試験_面接,継続（合格）
20194005,r3a131,池田悠斗,2022-03-03 06:00:00+00,2022-03-03 07:00:00+00,株式会社グロース,内定後活動,内定
20194022,r3a212,加藤悠斗,2022-03-03 06:00:00+00,2022-03-03 07:30:00+00,株式会社オメガ,試験_適正,辞退
20203030,s2a207,前田美咲,2022-03-03 06:00:00+00,2022-03-03 07:00:00+00,株式会社エンジン,セミナー,他
20212020,j1a115,石川陸,2022-03-04 01:00:00+00,2022-03-04 02:00:00+00,株式会社エコー,インターン,他
20194046,r3a208,鈴木太郎,2022-03-04 01:00:00+00,2022-03-04 02:00:00+00,株式会社ライト,セミナー,他
20203022,s2a203,田中遥,2022-03-04 01:00:00+00,2022-03-04 02:00:00+00,株式会社フォース,説明会_合,他
20203020,s2a305,渡辺太郎,2022-03-04 01:00:00+00,2022-03-04 02:30:00+00,株式会社アーク,試験_適正,結果待ち
20203004,s2a408,山下健太,2022-03-04 01:00:00+00,2022-03-04 02:30:00+00,株式会社フォーカス,試験_適正,不合格
20194005,r3a131,池田悠斗,2022-03-04 04:00:00+00,2022-03-04 05:00:00+00,株式会社グロース,説明会_合,他
20194039,r3a136,鈴木健太,2022-03-04 04:00:00+00,2022-03-04 05:30:00+00,株式会社イプシロン,試験_適正,結果待ち
20194061,r3a239,清水美咲,2022-03-04 04:00:00+00,2022-03-04 05:00:00+00,株式会社サンライズ,説明会_単,他
20203022,s2a203,田中遥,2022-03-04 04:00:00+00,2022-03-04 05:30:00+00,株式会社フロンティア,試験_適正,結果待ち
20212012,j1a119,山口太郎,2022-03-04 06:00:00+00,2022-03-04 06:45:00+00,株式会社ストリーム,試験_面接,不合格
20212048,j2a108,田中凛,2022-03-04 06:00:00+00,2022-03-04 07:00:00+00,株式会社パルス,インターン,他
20212005,j2a122,阿部凛,2022-03-04 06:00:00+00,2022-03-04 07:00:00+00,株式会社プライム,説明会_合,他
20194063,r3a115,林海斗,2022-03-04 06:00:00+00,2022-03-04 06:45:00+00,株式会社ビジョン,試験_面接,結果待ち
20194025,r3a116,小林太郎,2022-03-04 06:00:00+00,2022-03-04 07:30:00+00,株式会社ミライ,試験_適正,継続（合格）
20194069,r3a134,池田美咲,2022-03-04 06:00:00+00,2022-03-04 07:30:00+00,株式会社クレスト,試験_適正,不合格
20194030,r3a135,伊藤陸,2022-03-04 06:00:00+00,2022-03-04 07:00:00+00,株式会社ブルーム,セミナー,他
20194046,r3a208,鈴木太郎,2022-03-04 06:00:00+00,2022-03-04 06:45:00+00,株式会社グリーン,試験_面接,継続（合格）
20203004,s2a408,山下健太,2022-03-04 06:00:00+00,2022-03-04 07:00:00+00,株式会社アビリティ,インターン,他
20194042,r3a110,石川陸,2022-03-05 01:00:00+00,2022-03-05 02:30:00+00,株式会社イプシロン,試験_適正,結果待ち
20194008,r3a124,吉田大輔,2022-03-05 01:00:00+00,2022-03-05 01:45:00+00,株式会社イノベーション,試験_面接,結果待ち
20194039,r3a136,鈴木健太,2022-03-05 01:00:00+00,2022-03-05 02:00:00+00,株式会社レイヤー,説明会_単,他
20203001,s2a107,鈴木結衣,2022-03-05 01:00:00+00,2022-03-05 02:00:00+00,株式会社クラフト,説明会_単,他
20194077,r3a137,高橋陸,2022-03-05 04:00:00+00,2022-03-05 05:00:00+00,株式会社グリーン,インターン,他
20194058,r3a217,田中海斗,2022-03-05 04:00:00+00,2022-03-05 05:00:00+00,株式会社リーフ,説明会_合,他
20194084,r3a233,田中直樹,2022-03-05 04:00:00+00,2022-03-05 04:45:00+00,株式会社ノヴァ,試験_面接,不合格
20194084,r3a233,田中直樹,2022-03-05 04:00:00+00,2022-03-05 05:30:00+00,株式会社エッジ,試験_適正,結果待ち
20194064,r3a234,鈴木優奈,2022-03-05 04:00:00+00,2022-03-05 04:45:00+00,株式会社クロス,試験_面接,結果待ち
20203003,s2a311,山下陸,2022-03-05 04:00:00+00,2022-03-05 05:30:00+00,株式会社ユニオン,試験_適正,継続（合格）
20194011,r3a108,山田美咲,2022-03-05 06:00:00+00,2022-03-05 07:00:00+00,株式会社モデスト,インターン,他
20194003,r3a111,田中優奈,2022-03-05 06:00:00+00,2022-03-05 06:45:00+00,株式会社ライト,試験_面接,継続（合格）
20194084,r3a233,田中直樹,2022-03-05 06:00:00+00,2022-03-05 07:30:00+00,株式会社スカイ,試験_適正,継続（合格）
20194038,r3a238,山崎拓也,2022-03-05 06:00:00+00,2022-03-05 07:00:00+00,株式会社ベータ,説明会_合,他
20194040,r3a109,田中直樹,2022-03-06 01:00:00+00,2022-03-06 01:45:00+00,株式会社ミライ,試験_面接,結果待ち
20194053,r3a112,前田拓也,2022-03-06 01:00:00+00,2022-03-06 01:45:00+00,株式会社ブルーム,試験_面接,結果待ち
20194012,r3a215,木村彩香,2022-03-06 01:00:00+00,2022-03-06 02:30:00+00,株式会社ユニオン,試験_適正,結果待ち
20212024,j2a106,清水拓也,2022-03-06 04:00:00+00,2022-03-06 05:00:00+00,株式会社ルミナス,説明会_単,他
20194031,r3a122,渡辺結衣,2022-03-06 04:00:00+00,2022-03-06 05:30:00+00,株式会社エコー,試験_適正,結果待ち
20194079,r3a133,吉田悠斗,2022-03-06 04:00:00+00,2022-03-06 05:00:00+00,株式会社ホライズン,説明会_合,他
20194087,r3a141,山崎凛,2022-03-06 04:00:00+00,2022-03-06 04:45:00+00,株式会社クラフト,試験_面接,結果待ち
20194036,r3a205,鈴木杏奈,2022-03-06 04:00:00+00,2022-03-06 05:00:00+00,株式会社パルス,説明会_単,他
20194032,r3a232,清水太郎,2022-03-06 04:00:00+00,2022-03-06 04:45:00+00,株式会社ハーモニー,試験_面接,結果待ち
20194021,r3a237,山口太郎,2022-03-06 04:00:00+00,2022-03-06 05:30:00+00,株式会社スカイ,試験_適正,継続（合格）
20203001,s2a107,鈴木結衣,2022-03-06 04:00:00+00,2022-03-06 05:00:00+00,株式会社アビリティ,インターン,他
20203017,s2a113,田中杏奈,2022-03-06 04:00:00+00,2022-03-06 04:45:00+00,株式会社サンライズ,試験_面接,結果待ち
20203047,s2a204,小林優奈,2022-03-06 04:00:00+00,2022-03-06 05:00:00+00,株式会社シード,インターン,他
20212001,j1a104,渡辺優奈,2022-03-06 06:00:00+00,2022-03-06 07:30:00+00,株式会社アーク,試験_適正,不合格
20212025,j2a116,橋本大輔,2022-03-06 06:00:00+00,2022-03-06 07:00:00+00,株式会社ミライ,説明会_単,他
20212008,j2a119,山崎陸,2022-03-06 06:00:00+00,2022-03-06 07:00:00+00,株式会社レイヤー,説明会_単,他
20194025,r3a116,小林太郎,2022-03-06 06:00:00+00,2022-03-06 07:00:00+00,株式会社クラフト,説明会_合,他
20194015,r3a225,阿部拓也,2022-03-06 06:00:00+00,2022-03-06 07:00:00+00,株式会社ガンマ,説明会_合,他
20203049,s2a307,鈴木陸,2022-03-06 06:00:00+00,2022-03-06 07:30:00+00,株式会社クラフト,試験_適正,不合格
20203024,s2a406,加藤直樹,2022-03-06 06:00:00+00,2022-03-06 07:30:00+00,株式会社オービット,試験_適正,辞退
20203015,s2a412,井上海斗,2022-03-06 06:00:00+00,2022-03-06 07:30:00+00,株式会社アーク,試験_適正,継続（合格）
20212009,j1a107,渡辺凛,2022-03-07 01:00:00+00,2022-03-07 02:30:00+00,株式会社リンク,試験_適正,継続（合格）
20194055,r3a128,清水美咲,2022-03-07 01:00:00+00,2022-03-07 02:00:00+00,株式会社マーブル,説明会_合,他
20194061,r3a239,清水美咲,2022-03-07 01:00:00+00,2022-03-07 02:00:00+00,株式会社ベータ,セミナー,他
20203057,s2a211,鈴木海斗,2022-03-07 01:00:00+00,2022-03-07 02:00:00+00,株式会社シグマ,セミナー,他
20203011,s2a302,伊藤彩香,2022-03-07 01:00:00+00,2022-03-07 02:00:00+00,株式会社モデスト,インターン,他
20212049,j1a113,渡辺杏奈,2022-03-07 04:00:00+00,2022-03-07 04:45:00+00,株式会社デルタ,試験_面接,不合格
20212044,j1a120,林優樹,2022-03-07 04:00:00+00,2022-03-07 05:00:00+00,株式会社オメガ,説明会_合,他
20212004,j2a107,山口優樹,2022-03-07 04:00:00+00,2022-03-07 05:30:00+00,株式会社アトラス,試験_適正,結果待ち
20194008,r3a124,吉田大輔,2022-03-07 04:00:00+00,2022-03-07 04:45:00+00,株式会社エンジン,試験_面接,継続（合格）
20194009,r3a230,伊藤花子,2022-03-07 04:00:00+00,2022-03-07 05:00:00+00,株式会社ルミナス,説明会_合,他
20194032,r3a232,清水太郎,2022-03-07 04:00:00+00,2022-03-07 05:00:00+00,株式会社モデスト,説明会_単,他
20203053,s2a109,山下直樹,2022-03-07 04:00:00+00,2022-03-07 05:30:00+00,株式会社クレスト,試験_適正,辞退
20203055,s2a110,中村優樹,2022-03-07 04:00:00+00,2022-03-07 05:30:00+00,株式会社アビリティ,試験_適正,結果待ち
20203028,s2a411,清水悠斗,2022-03-07 04:00:00+00,2022-03-07 05:00:00+00,株式会社クラフト,インターン,他
20203001,s2a107,鈴木結衣,2022-03-07 06:00:00+00,2022-03-07 06:45:00+00,株式会社アビリティ,試験_面接,結果待ち
20203003,s2a311,山下陸,2022-03-07 06:00:00+00,2022-03-07 07:00:00+00,株式会社ユニオン,セミナー,他
20212042,j2a103,森葵,2022-03-08 01:00:00+00,2022-03-08 02:00:00+00,株式会社ミライ,説明会_合,他
20194014,r3a106,山田太郎,2022-03-08 01:00:00+00,2022-03-08 02:00:00+00,株式会社アルファ,インターン,他
20194057,r3a121,佐々木健太,2022-03-08 01:00:00+00,2022-03-08 01:45:00+00,株式会社エッジ,試験_面接,継続（合格）
20194041,r3a226,森花子,2022-03-08 01:00:00+00,2022-03-08 02:00:00+00,株式会社オーシャン,説明会_単,他
20203006,s2a102,池田拓也,2022-03-08 01:00:00+00,2022-03-08 02:00:00+00,株式会社ベータ,インターン,他
20212022,j1a121,小林健太,2022-03-08 04:00:00+00,2022-03-08 05:00:00+00,株式会社レイヤー,説明会_合,他
20212003,j2a102,山本海斗,2022-03-08 04:00:00+00,2022-03-08 04:45:00+00,株式会社シグマ,試験_面接,辞退
20212039,j2a112,山口悠斗,2022-03-08 04:00:00+00,2022-03-08 05:30:00+00,株式会社アルファ,試験_適正,結果待ち
20194011,r3a108,山田美咲,2022-03-08 04:00:00+00,2022-03-08 04:45:00+00,株式会社クロス,試験_面接,不合格
20194007,r3a139,森凛,2022-03-08 04:00:00+00,2022-03-08 04:45:00+00,株式会社エッジ,試験_面接,結果待ち
20212026,j1a111,佐藤凛,2022-03-08 06:00:00+00,2022-03-08 07:30:00+00,株式会社レイヤー,試験_適正,継続（合格）
20212013,j2a117,伊藤拓也,2022-03-08 06:00:00+00,2022-03-08 07:00:00+00,株式会社ブルーム,説明会_合,他
20194008,r3a124,吉田大輔,2022-03-08 06:00:00+00,2022-03-08 07:00:00+00,株式会社イノベーション,インターン,他
20194041,r3a226,森花子,2022-03-08 06:00:00+00,2022-03-08 06:45:00+00,株式会社シグマ,試験_面接,結果待ち
20212036,j1a101,池田凛,2022-03-09 01:00:00+00,2022-03-09 02:00:00+00,株式会社アーク,インターン,他
20212008,j2a119,山崎陸,2022-03-09 01:00:00+00,2022-03-09 01:45:00+00,株式会社ルミナス,試験_面接,結果待ち
20194025,r3a116,小林太郎,2022-03-09 01:00:00+00,2022-03-09 01:45:00+00,株式会社コア,試験_面接,継続（合格）
20194008,r3a124,吉田大輔,2022-03-09 01:00:00+00,2022-03-09 02:30:00+00,株式会社アトラス,試験_適正,継続（合格）
20194084,r3a233,田中直樹,2022-03-09 01:00:00+00,2022-03-09 01:45:00+00,株式会社ルミナス,試験_面接,辞退
20203001,s2a107,鈴木結衣,2022-03-09 01:00:00+00,2022-03-09 02:30:00+00,株式会社リーフ,試験_適正,結果待ち
20203047,s2a204,小林優奈,2022-03-09 01:00:00+00,2022-03-09 02:00:00+00,株式会社オービット,セミナー,他
20203057,s2a211,鈴木海斗,2022-03-09 01:00:00+00,2022-03-09 01:45:00+00,株式会社モデスト,試験_面接,不合格
20203024,s2a406,加藤直樹,2022-03-09 01:00:00+00,2022-03-09 02:30:00+00,株式会社リーフ,試験_適正,継続（合格）
20203004,s2a408,山下健太,2022-03-09 01:00:00+00,2022-03-09 02:00:00+00,株式会社フォーカス,説明会_単,他
20212036,j1a101,池田凛,2022-03-09 04:00:00+00,2022-03-09 05:00:00+00,株式会社ハーモニー,セミナー,他
20212022,j1a121,小林健太,2022-03-09 04:00:00+00,2022-03-09 04:45:00+00,株式会社レイヤー,試験_面接,結果待ち
20212048,j2a108,田中凛,2022-03-09 04:00:00+00,2022-03-09 05:00:00+00,株式会社シード,説明会_単,他
20194051,r3a119,池田陽菜,2022-03-09 04:00:00+00,2022-03-09 04:45:00+00,株式会社アセント,試験_面接,辞退
20194039,r3a136,鈴木健太,2022-03-09 04:00:00+00,2022-03-09 05:00:00+00,株式会社イプシロン,インターン,他
20194087,r3a141,山崎凛,2022-03-09 04:00:00+00,2022-03-09 05:00:00+00,株式会社ノヴァ,説明会_合,他
20203019,s2a105,山崎拓也,2022-03-09 04:00:00+00,2022-03-09 05:00:00+00,株式会社アトラス,セミナー,他
20203030,s2a207,前田美咲,2022-03-09 04:00:00+00,2022-03-09 04:45:00+00,株式会社グロース,試験_面接,辞退
20203041,s2a405,中村陸,2022-03-09 04:00:00+00,2022-03-09 05:00:00+00,株式会社ベータ,セミナー,他
20212016,j1a109,清水花子,2022-03-09 06:00:00+00,2022-03-09 07:00:00+00,株式会社パルス,インターン,他
20212020,j1a115,石川陸,2022-03-09 06:00:00+00,2022-03-09 07:00:00+00,株式会社エコー,インターン,他
20212034,j2a115,中島優奈,2022-03-09 06:00:00+00,2022-03-09 07:00:00+00,株式会社リンク,インターン,他
20194025,r3a116,小林太郎,2022-03-09 06:00:00+00,2022-03-09 07:30:00+00,株式会社クラフト,試験_適正,不合格
20194077,r3a137,高橋陸,2022-03-09 06:00:00+00,2022-03-09 07:00:00+00,株式会社フォース,インターン,他
20194073,r3a202,中島悠斗,2022-03-09 06:00:00+00,2022-03-09 06:45:00+00,株式会社スカイ,試験_面接,結果待ち
20212028,j1a108,伊藤海斗,2022-03-10 01:00:00+00,2022-03-10 01:45:00+00,株式会社パルス,試験_面接,継続（合格）
20212016,j1a109,清水花子,2022-03-10 01:00:00+00,2022-03-10 02:00:00+00,株式会社リーフ,セミナー,他
20212034,j2a115,中島優奈,2022-03-10 01:00:00+00,2022-03-10 02:00:00+00,株式会社イプシロン,インターン,他
20212013,j2a117,伊藤拓也,2022-03-10 01:00:00+00,2022-03-10 02:30:00+00,株式会社ブルーム,試験_適正,継続（合格）
20194075,r3a103,加藤彩香,2022-03-10 01:00:00+00,2022-03-10 02:00:00+00,株式会社ネクスト,セミナー,他
20194051,r3a119,池田陽菜,2022-03-10 01:00:00+00,2022-03-10 02:00:00+00,株式会社リンク,説明会_合,他
20194034,r3a219,斎藤杏奈,2022-03-10 01:00:00+00,2022-03-10 02:00:00+00,株式会社モデスト,インターン,他
20194015,r3a225,阿部拓也,2022-03-10 01:00:00+00,2022-03-10 02:00:00+00,株式会社ミライ,セミナー,他
20194041,r3a226,森花子,2022-03-10 01:00:00+00,2022-03-10 02:00:00+00,株式会社シグマ,セミナー,他
20194064,r3a234,鈴木優奈,2022-03-10 01:00:00+00,2022-03-10 02:00:00+00,株式会社シグマ,説明会_単,他
20203046,s2a209,中島美咲,2022-03-10 01:00:00+00,2022-03-10 02:30:00+00,株式会社ガンマ,試験_適正,継続（合格）
20203013,s2a310,渡辺杏奈,2022-03-10 01:00:00+00,2022-03-10 01:45:00+00,株式会社デルタ,試験_面接,継続（合格）
20212020,j1a115,石川陸,2022-03-10 04:00:00+00,2022-03-10 05:30:00+00,株式会社ハーモニー,試験_適正,結果待ち
20194067,r3a220,阿部遥,2022-03-10 04:00:00+00,2022-03-10 05:30:00+00,株式会社ハーモニー,試験_適正,結果待ち
20203022,s2a203,田中遥,2022-03-10 04:00:00+00,2022-03-10 05:00:00+00,株式会社フロンティア,セミナー,他
20203056,s2a413,林結衣,2022-03-10 04:00:00+00,2022-03-10 05:30:00+00,株式会社ブリッジ,試験_適正,結果待ち
20212046,j1a112,鈴木美咲,2022-03-10 06:00:00+00,2022-03-10 07:00:00+00,株式会社グリーン,インターン,他
20212012,j1a119,山口太郎,2022-03-10 06:00:00+00,2022-03-10 07:00:00+00,株式会社フォーカス,セミナー,他
20194070,r3a104,佐々木直樹,2022-03-10 06:00:00+00,2022-03-10 07:30:00+00,株式会社オービット,試験_適正,結果待ち
20194063,r3a115,林海斗,2022-03-10 06:00:00+00,2022-03-10 07:00:00+00,株式会社アトラス,説明会_単,他
20194009,r3a230,伊藤花子,2022-03-10 06:00:00+00,2022-03-10 06:45:00+00,株式会社ルミナス,試験_面接,継続（合格）
20203042,s2a212,橋本陽菜,2022-03-10 06:00:00+00,2022-03-10 07:00:00+00,株式会社パルス,説明会_合,他
20203011,s2a302,伊藤彩香,2022-03-10 06:00:00+00,2022-03-10 07:00:00+00,株式会社シード,セミナー,他
20212034,j2a115,中島優奈,2022-03-11 01:00:00+00,2022-03-11 02:00:00+00,株式会社シグマ,インターン,他
20194044,r3a114,小林直樹,2022-03-11 01:00:00+00,2022-03-11 02:00:00+00,株式会社ストリーム,説明会_単,他
20194025,r3a116,小林太郎,2022-03-11 01:00:00+00,2022-03-11 02:00:00+00,株式会社ハーモニー,セミナー,他
20194033,r3a138,佐藤陸,2022-03-11 01:00:00+00,2022-03-11 02:30:00+00,株式会社マーブル,試験_適正,結果待ち
20194036,r3a205,鈴木杏奈,2022-03-11 01:00:00+00,2022-03-11 02:30:00+00,株式会社パルス,試験_適正,結果待ち
20194083,r3a213,伊藤葵,2022-03-11 01:00:00+00,2022-03-11 01:45:00+00,株式会社デルタ,試験_面接,継続（合格）
20203019,s2a105,山崎拓也,2022-03-11 01:00:00+00,2022-03-11 02:00:00+00,株式会社ストリーム,説明会_単,他
20212029,j1a103,伊藤優奈,2022-03-11 04:00:00+00,2022-03-11 04:45:00+00,株式会社ブルーム,試験_面接,不合格
20212019,j2a111,山本杏奈,2022-03-11 04:00:00+00,2022-03-11 04:45:00+00,株式会社アビリティ,試験_面接,辞退
20212008,j2a119,山崎陸,2022-03-11 04:00:00+00,2022-03-11 05:00:00+00,株式会社ルミナス,説明会_単,他
20194030,r3a135,伊藤陸,2022-03-11 04:00:00+00,2022-03-11 05:00:00+00,株式会社パルス,セミナー,他
20194077,r3a137,高橋陸,2022-03-11 04:00:00+00,2022-03-11 05:30:00+00,株式会社レイヤー,試験_適正,結果待ち
20194067,r3a220,阿部遥,2022-03-11 04:00:00+00,2022-03-11 04:45:00+00,株式会社パルス,試験_面接,不合格
20194009,r3a230,伊藤花子,2022-03-11 04:00:00+00,2022-03-11 04:45:00+00,株式会社エンジン,試験_面接,結果待ち
20203057,s2a211,鈴木海斗,2022-03-11 04:00:00+00,2022-03-11 05:00:00+00,株式会社ストリーム,説明会_合,他
20203003,s2a311,山下陸,2022-03-11 04:00:00+00,2022-03-11 04:45:00+00,株式会社ライト,試験_面接,継続（合格）
20212049,j1a113,渡辺杏奈,2022-03-11 06:00:00+00,2022-03-11 07:00:00+00,株式会社デルタ,セミナー,他
20212008,j2a119,山崎陸,2022-03-11 06:00:00+00,2022-03-11 07:00:00+00,株式会社ルミナス,インターン,他
20194071,r3a105,吉田陸,2022-03-11 06:00:00+00,2022-03-11 07:00:00+00,株式会社シグマ,説明会_合,他
20194043,r3a130,森太郎,2022-03-11 06:00:00+00,2022-03-11 07:30:00+00,株式会社アセント,試験_適正,結果待ち
20194079,r3a133,吉田悠斗,2022-03-11 06:00:00+00,2022-03-11 06:45:00+00,株式会社クラフト,試験_面接,継続（合格）
20194077,r3a137,高橋陸,2022-03-11 06:00:00+00,2022-03-11 07:00:00+00,株式会社レイヤー,インターン,他
20203040,s2a106,山口結衣,2022-03-11 06:00:00+00,2022-03-11 07:00:00+00,株式会社ノヴァ,インターン,他
20203047,s2a204,小林優奈,2022-03-11 06:00:00+00,2022-03-11 06:45:00+00,株式会社ブルーム,試験_面接,結果待ち
20203030,s2a207,前田美咲,2022-03-11 06:00:00+00,2022-03-11 07:30:00+00,株式会社ルミナス,試験_適正,辞退
20203037,s2a303,斎藤健太,2022-03-11 06:00:00+00,2022-03-11 06:45:00+00,株式会社デルタ,試験_面接,結果待ち
20203008,s2a312,森太郎,2022-03-11 06:00:00+00,2022-03-11 07:00:00+00,株式会社デルタ,説明会_合,他
20194075,r3a103,加藤彩香,2022-03-12 01:00:00+00,2022-03-12 02:00:00+00,株式会社ネクスト,内定後活動,内定
20194028,r3a107,高橋陽菜,2022-03-12 01:00:00+00,2022-03-12 02:30:00+00,株式会社テックワークス,試験_適正,結果待ち
20194066,r3a125,林遥,2022-03-12 01:00:00+00,2022-03-12 02:30:00+00,株式会社ホライズン,試験_適正,不合格
20194050,r3a204,藤田直樹,2022-03-12 01:00:00+00,2022-03-12 01:45:00+00,株式会社ビジョン,試験_面接,結果待ち
20194016,r3a209,田中陽菜,2022-03-12 01:00:00+00,2022-03-12 01:45:00+00,株式会社テックワークス,試験_面接,継続（合格）
20194065,r3a231,松本花子,2022-03-12 01:00:00+00,2022-03-12 02:00:00+00,株式会社ホライズン,説明会_合,他
20203050,s2a103,鈴木直樹,2022-03-12 01:00:00+00,2022-03-12 02:00:00+00,株式会社テックワークス,インターン,他
20203030,s2a207,前田美咲,2022-03-12 01:00:00+00,2022-03-12 02:00:00+00,株式会社ルミナス,セミナー,他
20212001,j1a104,渡辺優奈,2022-03-12 01:00:00+00,2022-03-12 02:00:00+00,株式会社シグマ,セミナー,他
20212034,j2a115,中島優奈,2022-03-12 04:00:00+00,2022-03-12 05:00:00+00,株式会社オメガ,説明会_合,他
20194044,r3a114,小林直樹,2022-03-12 04:00:00+00,2022-03-12 04:45:00+00,株式会社ストリーム,試験_面接,結果待ち
20194008,r3a124,吉田大輔,2022-03-12 04:00:00+00,2022-03-12 04:45:00+00,株式会社エンジン,試験_面接,不合格
20194030,r3a135,伊藤陸,2022-03-12 04:00:00+00,2022-03-12 05:00:00+00,株式会社パルス,セミナー,他
20194067,r3a220,阿部遥,2022-03-12 04:00:00+00,2022-03-12 05:00:00+00,株式会社ハーモニー,説明会_単,他
20194072,r3a223,森健太,2022-03-12 04:00:00+00,2022-03-12 05:00:00+00,株式会社リーフ,インターン,他
20203019,s2a105,山崎拓也,2022-03-12 04:00:00+00,2022-03-12 04:45:00+00,株式会社アトラス,試験_面接,継続（合格）
20203046,s2a209,中島美咲,2022-03-12 04:00:00+00,2022-03-12 05:00:00+00,株式会社フォース,説明会_合,他
20203037,s2a303,斎藤健太,2022-03-12 04:00:00+00,2022-03-12 05:00:00+00,株式会社フォーカス,説明会_単,他
20203048,s2a410,田中悠斗,2022-03-12 04:00:00+00,2022-03-12 04:45:00+00,株式会社ブリッジ,試験_面接,結果待ち
20194075,r3a103,加藤彩香,2022-03-12 06:00:00+00,2022-03-12 06:45:00+00,株式会社ネクスト,試験_面接,継続（合格）
20194078,r3a118,鈴木遥,2022-03-12 06:00:00+00,2022-03-12 06:45:00+00,株式会社イプシロン,試験_面接,結果待ち
20194058,r3a217,田中海斗,2022-03-12 06:00:00+00,2022-03-12 07:00:00+00,株式会社ベータ,インターン,他
20203050,s2a103,鈴木直樹,2022-03-12 06:00:00+00,2022-03-12 07:00:00+00,株式会社アーク,説明会_合,他
20203060,s2a104,中島陸,2022-03-12 06:00:00+00,2022-03-12 07:00:00+00,株式会社アルファ,インターン,他
20203016,s2a210,佐藤結衣,2022-03-12 06:00:00+00,2022-03-12 06:45:00+00,株式会社ホライズン,試験_面接,結果待ち
20212050,j1a105,林優樹,2022-03-13 01:00:00+00,2022-03-13 02:00:00+00,株式会社イプシロン,説明会_単,他
20212021,j1a117,鈴木海斗,2022-03-13 01:00:00+00,2022-03-13 02:00:00+00,株式会社ライト,説明会_合,他
20212034,j2a115,中島優奈,2022-03-13 01:00:00+00,2022-03-13 02:00:00+00,株式会社シグマ,説明会_単,他
20212010,j2a120,池田優奈,2022-03-13 01:00:00+00,2022-03-13 02:00:00+00,株式会社アルファ,インターン,他
20212005,j2a122,阿部凛,2022-03-13 01:00:00+00,2022-03-13 01:45:00+00,株式会社プライム,試験_面接,結果待ち
20194052,r3a140,林翔太,2022-03-13 01:00:00+00,2022-03-13 02:00:00+00,株式会社コア,説明会_合,他
20203058,s2a206,井上花子,2022-03-13 01:00:00+00,2022-03-13 02:00:00+00,株式会社マーブル,説明会_合,他
20203020,s2a305,渡辺太郎,2022-03-13 01:00:00+00,2022-03-13 02:00:00+00,株式会社アーク,説明会_単,他
20203008,s2a312,森太郎,2022-03-13 01:00:00+00,2022-03-13 02:00:00+00,株式会社クレスト,説明会_単,他
20194059,r3a102,小林優樹,2022-03-13 04:00:00+00,2022-03-13 05:30:00+00,株式会社オービット,試験_適正,継続（合格）
20194013,r3a126,池田健太,2022-03-13 04:00:00+00,2022-03-13 05:30:00+00,株式会社ユニオン,試験_適正,結果待ち
20194054,r3a206,林結衣,2022-03-13 04:00:00+00,2022-03-13 05:30:00+00,株式会社イプシロン,試験_適正,結果待ち
20194016,r3a209,田中陽菜,2022-03-13 04:00:00+00,2022-03-13 04:45:00+00,株式会社クロス,試験_面接,継続（合格）
20194012,r3a215,木村彩香,2022-03-13 04:00:00+00,2022-03-13 05:30:00+00,株式会社アトラス,試験_適正,結果待ち
20203006,s2a102,池田拓也,2022-03-13 04:00:00+00,2022-03-13 04:45:00+00,株式会社スカイ,試験_面接,継続（合格）
20203006,s2a102,池田拓也,2022-03-13 04:00:00+00,2022-03-13 05:30:00+00,株式会社ステラ,試験_適正,結果待ち
20203027,s2a108,佐藤健太,2022-03-13 04:00:00+00,2022-03-13 05:00:00+00,株式会社パルス,セミナー,他
20203041,s2a405,中村陸,2022-03-13 04:00:00+00,2022-03-13 05:00:00+00,株式会社マーブル,インターン,他
20203048,s2a410,田中悠斗,2022-03-13 04:00:00+00,2022-03-13 04:45:00+00,株式会社デルタ,試験_面接,結果待ち
20212038,j1a102,高橋健太,2022-03-13 06:00:00+00,2022-03-13 06:45:00+00,株式会社ブリッジ,試験_面接,辞退
20212001,j1a104,渡辺優奈,2022-03-13 06:00:00+00,2022-03-13 07:00:00+00,株式会社マーブル,説明会_合,他
20212039,j2a112,山口悠斗,2022-03-13 06:00:00+00,2022-03-13 07:00:00+00,株式会社ハーモニー,セミナー,他
20194039,r3a136,鈴木健太,2022-03-13 06:00:00+00,2022-03-13 07:00:00+00,株式会社プライム,セミナー,他
20194077,r3a137,高橋陸,2022-03-13 06:00:00+00,2022-03-13 07:30:00+00,株式会社イプシロン,試験_適正,不合格
20194046,r3a208,鈴木太郎,2022-03-13 06:00:00+00,2022-03-13 07:30:00+00,株式会社フロンティア,試験_適正,結果待ち
20203017,s2a113,田中杏奈,2022-03-13 06:00:00+00,2022-03-13 06:45:00+00,株式会社ベータ,試験_面接,結果待ち
20203047,s2a204,小林優奈,2022-03-13 06:00:00+00,2022-03-13 07:00:00+00,株式会社シード,インターン,他
20203016,s2a210,佐藤結衣,2022-03-13 06:00:00+00,2022-03-13 07:00:00+00,株式会社モデスト,説明会_単,他
20212016,j1a109,清水花子,2022-03-14 01:00:00+00,2022-03-14 01:45:00+00,株式会社パルス,試験_面接,結果待ち
20212008,j2a119,山崎陸,2022-03-14 01:00:00+00,2022-03-14 02:00:00+00,株式会社クロス,説明会_単,他
20194066,r3a125,林遥,2022-03-14 01:00:00+00,2022-03-14 01:45:00+00,株式会社ブルーム,試験_面接,継続（合格）
20203022,s2a203,田中遥,2022-03-14 01:00:00+00,2022-03-14 01:45:00+00,株式会社ガンマ,試験_面接,継続（合格）
20203058,s2a206,井上花子,2022-03-14 01:00:00+00,2022-03-14 02:30:00+00,株式会社パルス,試験_適正,継続（合格）
20203046,s2a209,中島美咲,2022-03-14 01:00:00+00,2022-03-14 02:00:00+00,株式会社デルタ,セミナー,他
20203042,s2a212,橋本陽菜,2022-03-14 01:00:00+00,2022-03-14 02:00:00+00,株式会社ステラ,セミナー,他
20203009,s2a313,前田太郎,2022-03-14 01:00:00+00,2022-03-14 02:00:00+00,株式会社アーク,セミナー,他
20203041,s2a405,中村陸,2022-03-14 01:00:00+00,2022-03-14 01:45:00+00,株式会社マーブル,試験_面接,結果待ち
20203024,s2a406,加藤直樹,2022-03-14 01:00:00+00,2022-03-14 02:00:00+00,株式会社エッジ,セミナー,他
20212016,j1a109,清水花子,2022-03-14 04:00:00+00,2022-03-14 05:00:00+00,株式会社リーフ,説明会_合,他
20212016,j1a109,清水花子,2022-03-14 04:00:00+00,2022-03-14 05:30:00+00,株式会社ライト,試験_適正,結果待ち
20212030,j1a110,山口翔太,2022-03-14 04:00:00+00,2022-03-14 04:45:00+00,株式会社ステラ,試験_面接,結果待ち
20194063,r3a115,林海斗,2022-03-14 04:00:00+00,2022-03-14 05:00:00+00,株式会社アトラス,説明会_単,他
20194004,r3a117,清水海斗,2022-03-14 04:00:00+00,2022-03-14 05:00:00+00,株式会社フォーカス,説明会_単,他
20194065,r3a231,松本花子,2022-03-14 04:00:00+00,2022-03-14 05:30:00+00,株式会社ホライズン,試験_適正,継続（合格）
20203020,s2a305,渡辺太郎,2022-03-14 04:00:00+00,2022-03-14 04:45:00+00,株式会社フロンティア,試験_面接,不合格
20203014,s2a407,池田優奈,2022-03-14 04:00:00+00,2022-03-14 05:30:00+00,株式会社イプシロン,試験_適正,結果待ち
20212047,j2a104,加藤葵,2022-03-14 04:00:00+00,2022-03-14 05:00:00+00,株式会社クロス,説明会_単,他
20203015,s2a412,井上海斗,2022-03-14 04:00:00+00,2022-03-14 05:00:00+00,株式会社テックワークス,セミナー,他
20212001,j1a104,渡辺優奈,2022-03-14 06:00:00+00,2022-03-14 07:30:00+00,株式会社マーブル,試験_適正,継続（合格）
20212042,j2a103,森葵,2022-03-14 06:00:00+00,2022-03-14 07:00:00+00,株式会社アビリティ,説明会_合,他
20212031,j2a110,加藤優樹,2022-03-14 06:00:00+00,2022-03-14 07:00:00+00,株式会社クラフト,セミナー,他
20194075,r3a103,加藤彩香,2022-03-14 06:00:00+00,2022-03-14 07:00:00+00,株式会社シード,説明会_合,他
20203018,s2a111,田中海斗,2022-03-14 06:00:00+00,2022-03-14 06:45:00+00,株式会社フロンティア,試験_面接,継続（合格）
20203035,s2a112,山本凛,2022-03-14 06:00:00+00,2022-03-14 07:30:00+00,株式会社オメガ,試験_適正,結果待ち
20203031,s2a114,中島拓也,2022-03-14 06:00:00+00,2022-03-14 07:00:00+00,株式会社アーク,説明会_単,他
20203051,s2a304,山崎陸,2022-03-14 06:00:00+00,2022-03-14 07:30:00+00,株式会社ストリーム,試験_適正,不合格
20212044,j1a120,林優樹,2022-03-15 01:00:00+00,2022-03-15 01:45:00+00,株式会社イプシロン,試験_面接,結果待ち
20212022,j1a121,小林健太,2022-03-15 01:00:00+00,2022-03-15 02:00:00+00,株式会社レイヤー,説明会_単,他
20212011,j2a109,阿部遥,2022-03-15 01:00:00+00,2022-03-15 01:45:00+00,株式会社ネクスト,試験_面接,結果待ち
20194012,r3a215,木村彩香,2022-03-15 01:00:00+00,2022-03-15 02:30:00+00,株式会社クロス,試験_適正,継続（合格）
20203059,s2a205,石川拓也,2022-03-15 01:00:00+00,2022-03-15 02:00:00+00,株式会社エンジン,説明会_単,他
20212018,j1a116,佐藤杏奈,2022-03-15 04:00:00+00,2022-03-15 05:00:00+00,株式会社フォーカス,説明会_合,他
20212042,j2a103,森葵,2022-03-15 04:00:00+00,2022-03-15 05:30:00+00,株式会社ミライ,試験_適正,結果待ち
20212034,j2a115,中島優奈,2022-03-15 04:00:00+00,2022-03-15 05:00:00+00,株式会社オメガ,セミナー,他
20212013,j2a117,伊藤拓也,2022-03-15 04:00:00+00,2022-03-15 05:00:00+00,株式会社ミライ,説明会_合,他
20194088,r3a101,山田大輔,2022-03-15 04:00:00+00,2022-03-15 04:45:00+00,株式会社オーシャン,試験_面接,不合格
20194079,r3a133,吉田悠斗,2022-03-15 04:00:00+00,2022-03-15 04:45:00+00,株式会社デルタ,試験_面接,結果待ち
20194077,r3a137,高橋陸,2022-03-15 04:00:00+00,2022-03-15 05:00:00+00,株式会社グリーン,インターン,他
20194015,r3a225,阿部拓也,2022-03-15 04:00:00+00,2022-03-15 04:45:00+00,株式会社エコー,試験_面接,結果待ち
20203019,s2a105,山崎拓也,2022-03-15 04:00:00+00,2022-03-15 05:00:00+00,株式会社ストリーム,説明会_合,他
20212010,j2a120,池田優奈,2022-03-15 06:00:00+00,2022-03-15 06:45:00+00,株式会社アルファ,試験_面接,結果待ち
20194070,r3a104,佐々木直樹,2022-03-15 06:00:00+00,2022-03-15 06:45:00+00,株式会社パルス,試験_面接,不合格
20194063,r3a115,林海斗,2022-03-15 06:00:00+00,2022-03-15 06:45:00+00,株式会社グリーン,試験_面接,継続（合格）
20194043,r3a130,森太郎,2022-03-15 06:00:00+00,2022-03-15 06:45:00+00,株式会社コア,試験_面接,継続（合格）
20194052,r3a140,林翔太,2022-03-15 06:00:00+00,2022-03-15 06:45:00+00,株式会社コア,試験_面接,結果待ち
20194067,r3a220,阿部遥,2022-03-15 06:00:00+00,2022-03-15 07:30:00+00,株式会社ガンマ,試験_適正,継続（合格）
20203017,s2a113,田中杏奈,2022-03-15 06:00:00+00,2022-03-15 06:45:00+00,株式会社ベータ,試験_面接,継続（合格）
20212008,j2a119,山崎陸,2022-03-16 01:00:00+00,2022-03-16 02:30:00+00,株式会社スカイ,試験_適正,継続（合格）
20212015,j2a121,木村遥,2022-03-16 01:00:00+00,2022-03-16 01:45:00+00,株式会社ホライズン,試験_面接,継続（合格）
20194031,r3a122,渡辺結衣,2022-03-16 01:00:00+00,2022-03-16 01:45:00+00,株式会社アーク,試験_面接,結果待ち
20194008,r3a124,吉田大輔,2022-03-16 01:00:00+00,2022-03-16 02:00:00+00,株式会社エンジン,インターン,他
20194050,r3a204,藤田直樹,2022-03-16 01:00:00+00,2022-03-16 02:00:00+00,株式会社レイヤー,説明会_単,他
20194086,r3a214,池田凛,2022-03-16 01:00:00+00,2022-03-16 01:45:00+00,株式会社アーク,試験_面接,継続（合格）
20203022,s2a203,田中遥,2022-03-16 01:00:00+00,2022-03-16 02:30:00+00,株式会社ガンマ,試験_適正,継続（合格）
20203008,s2a312,森太郎,2022-03-16 01:00:00+00,2022-03-16 02:00:00+00,株式会社ホライズン,説明会_単,他
20203028,s2a411,清水悠斗,2022-03-16 01:00:00+00,2022-03-16 02:00:00+00,株式会社アセント,セミナー,他
20212006,j1a106,橋本陸,2022-03-16 04:00:00+00,2022-03-16 04:45:00+00,株式会社グロース,試験_面接,結果待ち
20212007,j1a114,山田翔太,2022-03-16 04:00:00+00,2022-03-16 04:45:00+00,株式会社ホライズン,試験_面接,不合格
20212017,j1a122,木村優樹,2022-03-16 04:00:00+00,2022-03-16 05:00:00+00,株式会社ルミナス,セミナー,他
20212003,j2a102,山本海斗,2022-03-16 04:00:00+00,2022-03-16 05:00:00+00,株式会社シグマ,インターン,他
20194008,r3a124,吉田大輔,2022-03-16 04:00:00+00,2022-03-16 05:00:00+00,株式会社エンジン,説明会_合,他
20194081,r3a229,佐藤悠斗,2022-03-16 04:00:00+00,2022-03-16 05:00:00+00,株式会社ルミナス,説明会_単,他
20203024,s2a406,加藤直樹,2022-03-16 04:00:00+00,2022-03-16 05:00:00+00,株式会社リーフ,インターン,他
20212007,j1a114,山田翔太,2022-03-16 06:00:00+00,2022-03-16 07:30:00+00,株式会社ホライズン,試験_適正,継続（合格）
20212032,j2a114,吉田大輔,2022-03-16 06:00:00+00,2022-03-16 06:45:00+00,株式会社ライト,試験_面接,結果待ち
20212034,j2a115,中島優奈,2022-03-16 06:00:00+00,2022-03-16 07:30:00+00,株式会社スカイ,試験_適正,継続（合格）
20194003,r3a111,田中優奈,2022-03-16 06:00:00+00,2022-03-16 06:45:00+00,株式会社ライト,試験_面接,結果待ち
20194030,r3a135,伊藤陸,2022-03-16 06:00:00+00,2022-03-16 07:30:00+00,株式会社フォーカス,試験_適正,不合格
20194077,r3a137,高橋陸,2022-03-16 06:00:00+00,2022-03-16 07:00:00+00,株式会社リーフ,説明会_合,他
20194046,r3a208,鈴木太郎,2022-03-16 06:00:00+00,2022-03-16 07:00:00+00,株式会社リーフ,説明会_合,他
20194084,r3a233,田中直樹,2022-03-16 06:00:00+00,2022-03-16 07:00:00+00,株式会社スカイ,セミナー,他
20203046,s2a209,中島美咲,2022-03-16 06:00:00+00,2022-03-16 06:45:00+00,株式会社ガンマ,試験_面接,結果待ち
20212013,j2a117,伊藤拓也,2022-03-17 01:00:00+00,2022-03-17 02:00:00+00,株式会社アルファ,インターン,他
20194071,r3a105,吉田陸,2022-03-17 01:00:00+00,2022-03-17 02:00:00+00,株式会社シグマ,説明会_単,他
20194090,r3a120,井上悠斗,2022-03-17 01:00:00+00,2022-03-17 02:00:00+00,株式会社エッジ,説明会_合,他
20194069,r3a134,池田美咲,2022-03-17 01:00:00+00,2022-03-17 01:45:00+00,株式会社アセント,試験_面接,結果待ち
20194086,r3a214,池田凛,2022-03-17 01:00:00+00,2022-03-17 02:00:00+00,株式会社エンジン,説明会_単,他
20194015,r3a225,阿部拓也,2022-03-17 01:00:00+00,2022-03-17 02:00:00+00,株式会社フォーカス,セミナー,他
20194082,r3a227,石川悠斗,2022-03-17 01:00:00+00,2022-03-17 02:00:00+00,株式会社サンライズ,セミナー,他
20194021,r3a237,山口太郎,2022-03-17 01:00:00+00,2022-03-17 02:00:00+00,株式会社スカイ,説明会_合,他
20203052,s2a101,加藤悠斗,2022-03-17 01:00:00+00,2022-03-17 02:00:00+00,株式会社ノヴァ,説明会_合,他
20203022,s2a203,田中遥,2022-03-17 01:00:00+00,2022-03-17 02:00:00+00,株式会社ミライ,セミナー,他
20203047,s2a204,小林優奈,2022-03-17 01:00:00+00,2022-03-17 01:45:00+00,株式会社オービット,試験_面接,不合格
20203043,s2a213,鈴木彩香,2022-03-17 01:00:00+00,2022-03-17 01:45:00+00,株式会社ブルーム,試験_面接,結果待ち
20203036,s2a403,斎藤凛,2022-03-17 01:00:00+00,2022-03-17 02:00:00+00,株式会社イノベーション,インターン,他
20212050,j1a105,林優樹,2022-03-17 04:00:00+00,2022-03-17 05:00:00+00,株式会社ネクスト,セミナー,他
20212047,j2a104,加藤葵,2022-03-17 04:00:00+00,2022-03-17 05:00:00+00,株式会社ミライ,説明会_合,他
20212024,j2a106,清水拓也,2022-03-17 04:00:00+00,2022-03-17 05:30:00+00,株式会社ネクスト,試験_適正,結果待ち
20194042,r3a110,石川陸,2022-03-17 04:00:00+00,2022-03-17 05:30:00+00,株式会社フロンティア,試験_適正,継続（合格）
20194013,r3a126,池田健太,2022-03-17 04:00:00+00,2022-03-17 05:00:00+00,株式会社シード,説明会_合,他
20194043,r3a130,森太郎,2022-03-17 04:00:00+00,2022-03-17 04:45:00+00,株式会社コア,試験_面接,継続（合格）
20194039,r3a136,鈴木健太,2022-03-17 04:00:00+00,2022-03-17 05:00:00+00,株式会社プライム,説明会_合,他
20194058,r3a217,田中海斗,2022-03-17 04:00:00+00,2022-03-17 04:45:00+00,株式会社アビリティ,試験_面接,結果待ち
20203005,s2a201,井上太郎,2022-03-17 04:00:00+00,2022-03-17 05:00:00+00,株式会社エンジン,説明会_合,他
20203042,s2a212,橋本陽菜,2022-03-17 04:00:00+00,2022-03-17 04:45:00+00,株式会社ステラ,試験_面接,結果待ち
20203015,s2a412,井上海斗,2022-03-17 04:00:00+00,2022-03-17 05:00:00+00,株式会社エッジ,インターン,他
20212009,j1a107,渡辺凛,2022-03-17 06:00:00+00,2022-03-17 07:00:00+00,株式会社エンジン,セミナー,他
20212045,j1a118,高橋凛,2022-03-17 06:00:00+00,2022-03-17 06:45:00+00,株式会社オービット,試験_面接,不合格
20212044,j1a120,林優樹,2022-03-17 06:00:00+00,2022-03-17 07:30:00+00,株式会社グロース,試験_適正,不合格
20212040,j2a101,加藤直樹,2022-03-17 06:00:00+00,2022-03-17 07:30:00+00,株式会社サンライズ,試験_適正,不合格
20212013,j2a117,伊藤拓也,2022-03-17 06:00:00+00,2022-03-17 07:00:00+00,株式会社ミライ,説明会_単,他
20194002,r3a201,中島凛,2022-03-17 06:00:00+00,2022-03-17 06:45:00+00,株式会社オービット,試験_面接,継続（合格）
20194083,r3a213,伊藤葵,2022-03-17 06:00:00+00,2022-03-17 06:45:00+00,株式会社デルタ,試験_面接,結果待ち
20194015,r3a225,阿部拓也,2022-03-17 06:00:00+00,2022-03-17 07:00:00+00,株式会社ハーモニー,説明会_合,他
20203022,s2a203,田中遥,2022-03-17 06:00:00+00,2022-03-17 07:00:00+00,株式会社フォース,説明会_単,他
20203042,s2a212,橋本陽菜,2022-03-17 06:00:00+00,2022-03-17 06:45:00+00,株式会社アビリティ,試験_面接,辞退
20203013,s2a310,渡辺杏奈,2022-03-17 06:00:00+00,2022-03-17 07:00:00+00,株式会社コア,説明会_合,他
20203013,s2a310,渡辺杏奈,2022-03-17 06:00:00+00,2022-03-17 06:45:00+00,株式会社デルタ,試験_面接,結果待ち
20203039,s2a409,清水結衣,2022-03-17 06:00:00+00,2022-03-17 06:45:00+00,株式会社シグマ,試験_面接,継続（合格）
20212001,j1a104,渡辺優奈,2022-03-18 01:00:00+00,2022-03-18 01:45:00+00,株式会社シグマ,試験_面接,結果待ち
20212032,j2a114,吉田大輔,2022-03-18 01:00:00+00,2022-03-18 01:45:00+00,株式会社イノベーション,試験_面接,辞退
20194076,r3a218,松本花子,2022-03-18 01:00:00+00,2022-03-18 02:30:00+00,株式会社アーク,試験_適正,継続（合格）
20203013,s2a310,渡辺杏奈,2022-03-18 01:00:00+00,2022-03-18 02:00:00+00,株式会社ライト,説明会_単,他
20212024,j2a106,清水拓也,2022-03-18 04:00:00+00,2022-03-18 05:00:00+00,株式会社ネクスト,インターン,他
20212034,j2a115,中島優奈,2022-03-18 04:00:00+00,2022-03-18 04:45:00+00,株式会社シグマ,試験_面接,不合格
20212013,j2a117,伊藤拓也,2022-03-18 04:00:00+00,2022-03-18 05:30:00+00,株式会社ミライ,試験_適正,継続（合格）
20194028,r3a107,高橋陽菜,2022-03-18 04:00:00+00,2022-03-18 05:30:00+00,株式会社ノヴァ,試験_適正,継続（合格）
20194004,r3a117,清水海斗,2022-03-18 04:00:00+00,2022-03-18 04:45:00+00,株式会社ステラ,試験_面接,結果待ち
20194078,r3a118,鈴木遥,2022-03-18 04:00:00+00,2022-03-18 05:00:00+00,株式会社イプシロン,インターン,他
20194043,r3a130,森太郎,2022-03-18 04:00:00+00,2022-03-18 05:30:00+00,株式会社コア,試験_適正,継続（合格）
20194039,r3a136,鈴木健太,2022-03-18 04:00:00+00,2022-03-18 05:00:00+00,株式会社イプシロン,説明会_単,他
20194050,r3a204,藤田直樹,2022-03-18 04:00:00+00,2022-03-18 05:00:00+00,株式会社ビジョン,セミナー,他
20194064,r3a234,鈴木優奈,2022-03-18 04:00:00+00,2022-03-18 05:30:00+00,株式会社リーフ,試験_適正,不合格
20194021,r3a237,山口太郎,2022-03-18 04:00:00+00,2022-03-18 04:45:00+00,株式会社スカイ,試験_面接,継続（合格）
20203024,s2a406,加藤直樹,2022-03-18 04:00:00+00,2022-03-18 04:45:00+00,株式会社リーフ,試験_面接,結果待ち
20203015,s2a412,井上海斗,2022-03-18 04:00:00+00,2022-03-18 04:45:00+00,株式会社テックワークス,試験_面接,結果待ち
20212020,j1a115,石川陸,2022-03-18 06:00:00+00,2022-03-18 07:00:00+00,株式会社ハーモニー,セミナー,他
20212017,j1a122,木村優樹,2022-03-18 06:00:00+00,2022-03-18 07:30:00+00,株式会社マーブル,試験_適正,継続（合格）
20194011,r3a108,山田美咲,2022-03-18 06:00:00+00,2022-03-18 07:00:00+00,株式会社モデスト,インターン,他
20203035,s2a112,山本凛,2022-03-18 06:00:00+00,2022-03-18 07:30:00+00,株式会社ユニオン,試験_適正,結果待ち
20203011,s2a302,伊藤彩香,2022-03-18 06:00:00+00,2022-03-18 07:00:00+00,株式会社シード,セミナー,他
20203015,s2a412,井上海斗,2022-03-18 06:00:00+00,2022-03-18 06:45:00+00,株式会社シグマ,試験_面接,結果待ち
20212021,j1a117,鈴木海斗,2022-03-19 01:00:00+00,2022-03-19 02:30:00+00,株式会社ホライズン,試験_適正,継続（合格）
20212003,j2a102,山本海斗,2022-03-19 01:00:00+00,2022-03-19 01:45:00+00,株式会社シグマ,試験_面接,継続（合格）
20212011,j2a109,阿部遥,2022-03-19 01:00:00+00,2022-03-19 02:00:00+00,株式会社ネクスト,説明会_単,他
20212011,j2a109,阿部遥,2022-03-19 01:00:00+00,2022-03-19 02:00:00+00,株式会社サンライズ,説明会_単,他
20212039,j2a112,山口悠斗,2022-03-19 01:00:00+00,2022-03-19 02:00:00+00,株式会社ハーモニー,説明会_単,他
20194014,r3a106,山田太郎,2022-03-19 01:00:00+00,2022-03-19 01:45:00+00,株式会社ストリーム,試験_面接,継続（合格）
20194028,r3a107,高橋陽菜,2022-03-19 01:00:00+00,2022-03-19 02:00:00+00,株式会社テックワークス,インターン,他
20194028,r3a107,高橋陽菜,2022-03-19 01:00:00+00,2022-03-19 02:00:00+00,株式会社ノヴァ,説明会_合,他
20194012,r3a215,木村彩香,2022-03-19 01:00:00+00,2022-03-19 01:45:00+00,株式会社イノベーション,試験_面接,結果待ち
20194067,r3a220,阿部遥,2022-03-19 01:00:00+00,2022-03-19 02:00:00+00,株式会社ハーモニー,説明会_単,他
20203040,s2a106,山口結衣,2022-03-19 01:00:00+00,2022-03-19 01:45:00+00,株式会社リンク,試験_面接,継続（合格）
20212030,j1a110,山口翔太,2022-03-19 04:00:00+00,2022-03-19 04:45:00+00,株式会社ネクスト,試験_面接,継続（合格）
20212003,j2a102,山本海斗,2022-03-19 04:00:00+00,2022-03-19 05:30:00+00,株式会社アルファ,試験_適正,結果待ち
20212024,j2a106,清水拓也,2022-03-19 04:00:00+00,2022-03-19 05:30:00+00,株式会社ミライ,試験_適正,結果待ち
20212041,j2a118,渡辺太郎,2022-03-19 04:00:00+00,2022-03-19 04:45:00+00,株式会社アビリティ,試験_面接,結果待ち
20194088,r3a101,山田大輔,2022-03-19 04:00:00+00,2022-03-19 05:00:00+00,株式会社オーシャン,セミナー,他
20194011,r3a108,山田美咲,2022-03-19 04:00:00+00,2022-03-19 04:45:00+00,株式会社ライト,試験_面接,結果待ち
20194025,r3a116,小林太郎,2022-03-19 04:00:00+00,2022-03-19 04:45:00+00,株式会社オービット,試験_面接,継続（合格）
20194057,r3a121,佐々木健太,2022-03-19 04:00:00+00,2022-03-19 04:30:00+00,株式会社エッジ,試験_他,内定
20194031,r3a122,渡辺結衣,2022-03-19 04:00:00+00,2022-03-19 04:45:00+00,株式会社スカイ,試験_面接,結果待ち
20194087,r3a141,山崎凛,2022-03-19 04:00:00+00,2022-03-19 04:45:00+00,株式会社ノヴァ,試験_面接,結果待ち
20194062,r3a207,佐々木海斗,2022-03-19 04:00:00+00,2022-03-19 04:45:00+00,株式会社デルタ,試験_面接,結果待ち
20194046,r3a208,鈴木太郎,2022-03-19 04:00:00+00,2022-03-19 05:00:00+00,株式会社グリーン,説明会_合,他
20194072,r3a223,森健太,2022-03-19 04:00:00+00,2022-03-19 05:30:00+00,株式会社リーフ,試験_適正,不合格
20203001,s2a107,鈴木結衣,2022-03-19 04:00:00+00,2022-03-19 05:30:00+00,株式会社フォース,試験_適正,結果待ち
20203037,s2a303,斎藤健太,2022-03-19 04:00:00+00,2022-03-19 05:00:00+00,株式会社ベータ,インターン,他
20203049,s2a307,鈴木陸,2022-03-19 04:00:00+00,2022-03-19 05:00:00+00,株式会社クラフト,説明会_単,他
20203013,s2a310,渡辺杏奈,2022-03-19 04:00:00+00,2022-03-19 05:30:00+00,株式会社ベータ,試験_適正,結果待ち
20212044,j1a120,林優樹,2022-03-19 06:00:00+00,2022-03-19 06:45:00+00,株式会社パルス,試験_面接,継続（合格）
20212047,j2a104,加藤葵,2022-03-19 06:00:00+00,2022-03-19 06:45:00+00,株式会社ミライ,試験_面接,結果待ち
20212035,j2a105,中村結衣,2022-03-19 06:00:00+00,2022-03-19 06:45:00+00,株式会社リーフ,試験_面接,結果待ち
20194013,r3a126,池田健太,2022-03-19 06:00:00+00,2022-03-19 06:45:00+00,株式会社ブルーム,試験_面接,結果待ち
20194041,r3a226,森花子,2022-03-19 06:00:00+00,2022-03-19 06:45:00+00,株式会社オーシャン,試験_面接,継続（合格）
20194038,r3a238,山崎拓也,2022-03-19 06:00:00+00,2022-03-19 06:45:00+00,株式会社ベータ,試験_面接,結果待ち
20194061,r3a239,清水美咲,2022-03-19 06:00:00+00,2022-03-19 07:00:00+00,株式会社ベータ,説明会_合,他
20203018,s2a111,田中海斗,2022-03-19 06:00:00+00,2022-03-19 07:30:00+00,株式会社マーブル,試験_適正,結果待ち
20203018,s2a111,田中海斗,2022-03-19 06:00:00+00,2022-03-19 07:00:00+00,株式会社マーブル,インターン,他
20203036,s2a403,斎藤凛,2022-03-19 06:00:00+00,2022-03-19 06:45:00+00,株式会社ネクスト,試験_面接,結果待ち
20203015,s2a412,井上海斗,2022-03-19 06:00:00+00,2022-03-19 07:00:00+00,株式会社シグマ,セミナー,他
20212029,j1a103,伊藤優奈,2022-03-20 01:00:00+00,2022-03-20 02:00:00+00,株式会社ブルーム,セミナー,他
20194018,r3a127,林直樹,2022-03-20 01:00:00+00,2022-03-20 01:45:00+00,株式会社グロース,試験_面接,継続（合格）
20194054,r3a206,林結衣,2022-03-20 01:00:00+00,2022-03-20 02:00:00+00,株式会社イプシロン,インターン,他
20194041,r3a226,森花子,2022-03-20 01:00:00+00,2022-03-20 01:45:00+00,株式会社オーシャン,試験_面接,継続（合格）
20194032,r3a232,清水太郎,2022-03-20 01:00:00+00,2022-03-20 02:00:00+00,株式会社モデスト,インターン,他
20194084,r3a233,田中直樹,2022-03-20 01:00:00+00,2022-03-20 02:00:00+00,株式会社エッジ,インターン,他
20194074,r3a235,井上翔太,2022-03-20 01:00:00+00,2022-03-20 02:00:00+00,株式会社ビジョン,説明会_単,他
20203057,s2a211,鈴木海斗,2022-03-20 01:00:00+00,2022-03-20 02:30:00+00,株式会社ミライ,試験_適正,結果待ち
20203049,s2a307,鈴木陸,2022-03-20 01:00:00+00,2022-03-20 02:00:00+00,株式会社フロンティア,インターン,他
20203015,s2a412,井上海斗,2022-03-20 01:00:00+00,2022-03-20 01:45:00+00,株式会社オメガ,試験_面接,不合格
20212016,j1a109,清水花子,2022-03-20 04:00:00+00,2022-03-20 05:00:00+00,株式会社クロス,説明会_単,他
20212046,j1a112,鈴木美咲,2022-03-20 04:00:00+00,2022-03-20 05:30:00+00,株式会社ブルーム,試験_適正,結果待ち
20212049,j1a113,渡辺杏奈,2022-03-20 04:00:00+00,2022-03-20 04:45:00+00,株式会社デルタ,試験_面接,継続（合格）
20212031,j2a110,加藤優樹,2022-03-20 04:00:00+00,2022-03-20 05:30:00+00,株式会社クラフト,試験_適正,辞退
20194075,r3a103,加藤彩香,2022-03-20 04:00:00+00,2022-03-20 04:45:00+00,株式会社ネクスト,試験_面接,継続（合格）
20194051,r3a119,池田陽菜,2022-03-20 04:00:00+00,2022-03-20 04:45:00+00,株式会社ミライ,試験_面接,結果待ち
20194087,r3a141,山崎凛,2022-03-20 04:00:00+00,2022-03-20 05:30:00+00,株式会社パルス,試験_適正,継続（合格）
20194073,r3a202,中島悠斗,2022-03-20 04:00:00+00,2022-03-20 05:00:00+00,株式会社グリーン,セミナー,他
20194084,r3a233,田中直樹,2022-03-20 04:00:00+00,2022-03-20 04:45:00+00,株式会社グロース,試験_面接,結果待ち
20203006,s2a102,池田拓也,2022-03-20 04:00:00+00,2022-03-20 04:45:00+00,株式会社フォーカス,試験_面接,結果待ち
20203058,s2a206,井上花子,2022-03-20 04:00:00+00,2022-03-20 04:45:00+00,株式会社マーブル,試験_面接,継続（合格）
20203030,s2a207,前田美咲,2022-03-20 04:00:00+00,2022-03-20 05:30:00+00,株式会社エンジン,試験_適正,継続（合格）
20203057,s2a211,鈴木海斗,2022-03-20 04:00:00+00,2022-03-20 05:00:00+00,株式会社ミライ,説明会_単,他
20203042,s2a212,橋本陽菜,2022-03-20 04:00:00+00,2022-03-20 04:45:00+00,株式会社パルス,試験_面接,結果待ち
20203056,s2a413,林結衣,2022-03-20 04:00:00+00,2022-03-20 05:00:00+00,株式会社ブリッジ,説明会_単,他
20212046,j1a112,鈴木美咲,2022-03-20 06:00:00+00,2022-03-20 06:45:00+00,株式会社グリーン,試験_面接,継続（合格）
20212018,j1a116,佐藤杏奈,2022-03-20 06:00:00+00,2022-03-20 07:00:00+00,株式会社イプシロン,説明会_単,他
20212039,j2a112,山口悠斗,2022-03-20 06:00:00+00,2022-03-20 07:00:00+00,株式会社ルミナス,インターン,他
20212025,j2a116,橋本大輔,2022-03-20 06:00:00+00,2022-03-20 07:30:00+00,株式会社ミライ,試験_適正,継続（合格）
20212015,j2a121,木村遥,2022-03-20 06:00:00+00,2022-03-20 07:00:00+00,株式会社ホライズン,説明会_単,他
20194008,r3a124,吉田大輔,2022-03-20 06:00:00+00,2022-03-20 06:45:00+00,株式会社アトラス,試験_面接,継続（合格）
20194087,r3a141,山崎凛,2022-03-20 06:00:00+00,2022-03-20 07:00:00+00,株式会社クラフト,インターン,他
20194062,r3a207,佐々木海斗,2022-03-20 06:00:00+00,2022-03-20 07:00:00+00,株式会社デルタ,説明会_単,他
20194083,r3a213,伊藤葵,2022-03-20 06:00:00+00,2022-03-20 07:30:00+00,株式会社デルタ,試験_適正,継続（合格）
20194086,r3a214,池田凛,2022-03-20 06:00:00+00,2022-03-20 07:00:00+00,株式会社エンジン,説明会_単,他
20194064,r3a234,鈴木優奈,2022-03-20 06:00:00+00,2022-03-20 07:00:00+00,株式会社クロス,セミナー,他
20203019,s2a105,山崎拓也,2022-03-20 06:00:00+00,2022-03-20 07:00:00+00,株式会社シグマ,セミナー,他
20203001,s2a107,鈴木結衣,2022-03-20 06:00:00+00,2022-03-20 06:45:00+00,株式会社クラフト,試験_面接,結果待ち
20194008,r3a124,吉田大輔,2022-03-21 01:00:00+00,2022-03-21 02:00:00+00,株式会社プライム,説明会_合,他
20194049,r3a132,高橋彩香,2022-03-21 01:00:00+00,2022-03-21 01:45:00+00,株式会社ネクスト,試験_面接,結果待ち
20194045,r3a224,藤田直樹,2022-03-21 01:00:00+00,2022-03-21 02:00:00+00,株式会社スカイ,インターン,他
20194015,r3a225,阿部拓也,2022-03-21 01:00:00+00,2022-03-21 02:30:00+00,株式会社ハーモニー,試験_適正,継続（合格）
20203032,s2a208,松本陸,2022-03-21 01:00:00+00,2022-03-21 02:30:00+00,株式会社パルス,試験_適正,継続（合格）
20203043,s2a213,鈴木彩香,2022-03-21 01:00:00+00,2022-03-21 02:00:00+00,株式会社プライム,説明会_合,他
20203024,s2a406,加藤直樹,2022-03-21 01:00:00+00,2022-03-21 01:45:00+00,株式会社アセント,試験_面接,結果待ち
20203015,s2a412,井上海斗,2022-03-21 01:00:00+00,2022-03-21 02:00:00+00,株式会社シグマ,セミナー,他
20212028,j1a108,伊藤海斗,2022-03-21 04:00:00+00,2022-03-21 04:45:00+00,株式会社パルス,試験_面接,不合格
20212046,j1a112,鈴木美咲,2022-03-21 04:00:00+00,2022-03-21 05:30:00+00,株式会社ミライ,試験_適正,継続（合格）
20212047,j2a104,加藤葵,2022-03-21 04:00:00+00,2022-03-21 04:45:00+00,株式会社クロス,試験_面接,継続（合格）
20194003,r3a111,田中優奈,2022-03-21 04:00:00+00,2022-03-21 04:45:00+00,株式会社アルファ,試験_面接,継続（合格）
20194046,r3a208,鈴木太郎,2022-03-21 04:00:00+00,2022-03-21 04:45:00+00,株式会社リーフ,試験_面接,結果待ち
20203046,s2a209,中島美咲,2022-03-21 04:00:00+00,2022-03-21 04:45:00+00,株式会社デルタ,試験_面接,結果待ち
20203043,s2a213,鈴木彩香,2022-03-21 04:00:00+00,2022-03-21 04:45:00+00,株式会社マーブル,試験_面接,継続（合格）
20203008,s2a312,森太郎,2022-03-21 04:00:00+00,2022-03-21 05:30:00+00,株式会社デルタ,試験_適正,結果待ち
20203036,s2a403,斎藤凛,2022-03-21 04:00:00+00,2022-03-21 04:45:00+00,株式会社ライト,試験_面接,不合格
20212044,j1a120,林優樹,2022-03-21 06:00:00+00,2022-03-21 07:00:00+00,株式会社グロース,セミナー,他
20212011,j2a109,阿部遥,2022-03-21 06:00:00+00,2022-03-21 06:45:00+00,株式会社サンライズ,試験_面接,結果待ち
20194028,r3a107,高橋陽菜,2022-03-21 06:00:00+00,2022-03-21 06:45:00+00,株式会社ノヴァ,試験_面接,継続（合格）
20194025,r3a116,小林太郎,2022-03-21 06:00:00+00,2022-03-21 07:00:00+00,株式会社コア,説明会_合,他
20194031,r3a122,渡辺結衣,2022-03-21 06:00:00+00,2022-03-21 07:00:00+00,株式会社スカイ,インターン,他
20194043,r3a130,森太郎,2022-03-21 06:00:00+00,2022-03-21 07:00:00+00,株式会社コア,説明会_単,他
20194050,r3a204,藤田直樹,2022-03-21 06:00:00+00,2022-03-21 07:30:00+00,株式会社ビジョン,試験_適正,継続（合格）
20203031,s2a114,中島拓也,2022-03-21 06:00:00+00,2022-03-21 07:30:00+00,株式会社アーク,試験_適正,結果待ち
20203032,s2a208,松本陸,2022-03-21 06:00:00+00,2022-03-21 07:30:00+00,株式会社ストリーム,試験_適正,結果待ち
20203037,s2a303,斎藤健太,2022-03-21 06:00:00+00,2022-03-21 06:45:00+00,株式会社フォーカス,試験_面接,結果待ち
20203003,s2a311,山下陸,2022-03-21 06:00:00+00,2022-03-21 06:45:00+00,株式会社ユニオン,試験_面接,不合格
20203009,s2a313,前田太郎,2022-03-21 06:00:00+00,2022-03-21 07:30:00+00,株式会社ライト,試験_適正,継続（合格）
20203004,s2a408,山下健太,2022-03-21 06:00:00+00,2022-03-21 06:45:00+00,株式会社アビリティ,試験_面接,継続（合格）
20212018,j1a116,佐藤杏奈,2022-03-22 01:00:00+00,2022-03-22 01:45:00+00,株式会社アビリティ,試験_面接,結果待ち
20212021,j1a117,鈴木海斗,2022-03-22 01:00:00+00,2022-03-22 02:00:00+00,株式会社ネクスト,説明会_単,他
20212024,j2a106,清水拓也,2022-03-22 01:00:00+00,2022-03-22 01:45:00+00,株式会社ステラ,試験_面接,継続（合格）
20212024,j2a106,清水拓也,2022-03-22 01:00:00+00,2022-03-22 02:00:00+00,株式会社ネクスト,セミナー,他
20194001,r3a123,林健太,2022-03-22 01:00:00+00,2022-03-22 02:00:00+00,株式会社クロス,説明会_合,他
20194066,r3a125,林遥,2022-03-22 01:00:00+00,2022-03-22 02:30:00+00,株式会社ブルーム,試験_適正,継続（合格）
20203006,s2a102,池田拓也,2022-03-22 01:00:00+00,2022-03-22 02:30:00+00,株式会社ベータ,試験_適正,結果待ち
20203019,s2a105,山崎拓也,2022-03-22 01:00:00+00,2022-03-22 01:45:00+00,株式会社アトラス,試験_面接,継続（合格）
20203058,s2a206,井上花子,2022-03-22 01:00:00+00,2022-03-22 02:00:00+00,株式会社パルス,説明会_単,他
20203043,s2a213,鈴木彩香,2022-03-22 01:00:00+00,2022-03-22 02:30:00+00,株式会社プライム,試験_適正,結果待ち
20212018,j1a116,佐藤杏奈,2022-03-22 04:00:00+00,2022-03-22 05:30:00+00,株式会社アビリティ,試験_適正,継続（合格）
20212008,j2a119,山崎陸,2022-03-22 04:00:00+00,2022-03-22 05:30:00+00,株式会社クロス,試験_適正,不合格
20194030,r3a135,伊藤陸,2022-03-22 04:00:00+00,2022-03-22 04:45:00+00,株式会社ビジョン,試験_面接,不合格
20194017,r3a211,清水優奈,2022-03-22 04:00:00+00,2022-03-22 05:00:00+00,株式会社レイヤー,説明会_単,他
20194048,r3a216,阿部彩香,2022-03-22 04:00:00+00,2022-03-22 05:00:00+00,株式会社イノベーション,説明会_単,他
20194072,r3a223,森健太,2022-03-22 04:00:00+00,2022-03-22 05:00:00+00,株式会社ブリッジ,説明会_単,他
20203058,s2a206,井上花子,2022-03-22 04:00:00+00,2022-03-22 05:00:00+00,株式会社アセント,説明会_単,他
20203058,s2a206,井上花子,2022-03-22 04:00:00+00,2022-03-22 05:30:00+00,株式会社リンク,試験_適正,不合格
20203049,s2a307,鈴木陸,2022-03-22 04:00:00+00,2022-03-22 05:00:00+00,株式会社フロンティア,セミナー,他
20203029,s2a308,伊藤太郎,2022-03-22 04:00:00+00,2022-03-22 04:45:00+00,株式会社ストリーム,試験_面接,継続（合格）
20203048,s2a410,田中悠斗,2022-03-22 04:00:00+00,2022-03-22 05:00:00+00,株式会社デルタ,説明会_単,他
20212046,j1a112,鈴木美咲,2022-03-22 06:00:00+00,2022-03-22 06:45:00+00,株式会社グリーン,試験_面接,継続（合格）
20212032,j2a114,吉田大輔,2022-03-22 06:00:00+00,2022-03-22 07:00:00+00,株式会社ライト,説明会_単,他
20194025,r3a116,小林太郎,2022-03-22 06:00:00+00,2022-03-22 06:45:00+00,株式会社ミライ,試験_面接,不合格
20194004,r3a117,清水海斗,2022-03-22 06:00:00+00,2022-03-22 06:45:00+00,株式会社ビジョン,試験_面接,継続（合格）
20194058,r3a217,田中海斗,2022-03-22 06:00:00+00,2022-03-22 07:30:00+00,株式会社ベータ,試験_適正,不合格
20194076,r3a218,松本花子,2022-03-22 06:00:00+00,2022-03-22 07:00:00+00,株式会社アーク,説明会_合,他
20194015,r3a225,阿部拓也,2022-03-22 06:00:00+00,2022-03-22 06:45:00+00,株式会社ガンマ,試験_面接,継続（合格）
20194061,r3a239,清水美咲,2022-03-22 06:00:00+00,2022-03-22 07:30:00+00,株式会社サンライズ,試験_適正,結果待ち
20203052,s2a101,加藤悠斗,2022-03-22 06:00:00+00,2022-03-22 07:30:00+00,株式会社ノヴァ,試験_適正,結果待ち
20203058,s2a206,井上花子,2022-03-22 06:00:00+00,2022-03-22 07:00:00+00,株式会社ノヴァ,説明会_合,他
20203058,s2a206,井上花子,2022-03-22 06:00:00+00,2022-03-22 07:00:00+00,株式会社リンク,説明会_合,他
20203032,s2a208,松本陸,2022-03-22 06:00:00+00,2022-03-22 07:00:00+00,株式会社フォース,説明会_合,他
20203057,s2a211,鈴木海斗,2022-03-22 06:00:00+00,2022-03-22 07:30:00+00,株式会社モデスト,試験_適正,継続（合格）
20203042,s2a212,橋本陽菜,2022-03-22 06:00:00+00,2022-03-22 06:45:00+00,株式会社ユニオン,試験_面接,不合格
20203013,s2a310,渡辺杏奈,2022-03-22 06:00:00+00,2022-03-22 07:30:00+00,株式会社ライト,試験_適正,結果待ち
20203014,s2a407,池田優奈,2022-03-22 06:00:00+00,2022-03-22 07:00:00+00,株式会社イプシロン,説明会_単,他
20212012,j1a119,山口太郎,2022-03-23 01:00:00+00,2022-03-23 01:45:00+00,株式会社フォーカス,試験_面接,結果待ち
20194025,r3a116,小林太郎,2022-03-23 01:00:00+00,2022-03-23 01:45:00+00,株式会社ハーモニー,試験_面接,結果待ち
20203047,s2a204,小林優奈,2022-03-23 01:00:00+00,2022-03-23 02:30:00+00,株式会社ブルーム,試験_適正,継続（合格）
20203032,s2a208,松本陸,2022-03-23 01:00:00+00,2022-03-23 02:00:00+00,株式会社ネクスト,セミナー,他
20203016,s2a210,佐藤結衣,2022-03-23 01:00:00+00,2022-03-23 02:00:00+00,株式会社モデスト,説明会_単,他
20203028,s2a411,清水悠斗,2022-03-23 01:00:00+00,2022-03-23 01:45:00+00,株式会社クラフト,試験_面接,不合格
20212036,j1a101,池田凛,2022-03-23 04:00:00+00,2022-03-23 04:45:00+00,株式会社アーク,試験_面接,不合格
20212020,j1a115,石川陸,2022-03-23 04:00:00+00,2022-03-23 04:45:00+00,株式会社エコー,試験_面接,結果待ち
20212024,j2a106,清水拓也,2022-03-23 04:00:00+00,2022-03-23 04:45:00+00,株式会社ルミナス,試験_面接,継続（合格）
20212015,j2a121,木村遥,2022-03-23 04:00:00+00,2022-03-23 05:30:00+00,株式会社エンジン,試験_適正,不合格
20194070,r3a104,佐々木直樹,2022-03-23 04:00:00+00,2022-03-23 04:45:00+00,株式会社リンク,試験_面接,結果待ち
20194008,r3a124,吉田大輔,2022-03-23 04:00:00+00,2022-03-23 04:45:00+00,株式会社テックワークス,試験_面接,辞退
20194022,r3a212,加藤悠斗,2022-03-23 04:00:00+00,2022-03-23 04:45:00+00,株式会社アルファ,試験_面接,結果待ち
20194058,r3a217,田中海斗,2022-03-23 04:00:00+00,2022-03-23 05:00:00+00,株式会社ベータ,インターン,他
20194072,r3a223,森健太,2022-03-23 04:00:00+00,2022-03-23 04:45:00+00,株式会社ブリッジ,試験_面接,不合格
20194084,r3a233,田中直樹,2022-03-23 04:00:00+00,2022-03-23 05:00:00+00,株式会社スカイ,インターン,他
20203017,s2a113,田中杏奈,2022-03-23 04:00:00+00,2022-03-23 05:30:00+00,株式会社オーシャン,試験_適正,結果待ち
20203059,s2a205,石川拓也,2022-03-23 04:00:00+00,2022-03-23 05:30:00+00,株式会社エンジン,試験_適正,結果待ち
20203029,s2a308,伊藤太郎,2022-03-23 04:00:00+00,2022-03-23 04:45:00+00,株式会社クラフト,試験_面接,結果待ち
20212029,j1a103,伊藤優奈,2022-03-23 06:00:00+00,2022-03-23 06:45:00+00,株式会社ブルーム,試験_面接,継続（合格）
20212021,j1a117,鈴木海斗,2022-03-23 06:00:00+00,2022-03-23 06:45:00+00,株式会社ネクスト,試験_面接,不合格
20212012,j1a119,山口太郎,2022-03-23 06:00:00+00,2022-03-23 06:45:00+00,株式会社ストリーム,試験_面接,継続（合格）
20212025,j2a116,橋本大輔,2022-03-23 06:00:00+00,2022-03-23 06:45:00+00,株式会社ミライ,試験_面接,継続（合格）
20194008,r3a124,吉田大輔,2022-03-23 06:00:00+00,2022-03-23 07:30:00+00,株式会社テックワークス,試験_適正,継続（合格）
20194066,r3a125,林遥,2022-03-23 06:00:00+00,2022-03-23 07:00:00+00,株式会社デルタ,説明会_合,他
20194030,r3a135,伊藤陸,2022-03-23 06:00:00+00,2022-03-23 07:00:00+00,株式会社ブルーム,セミナー,他
20203016,s2a210,佐藤結衣,2022-03-23 06:00:00+00,2022-03-23 07:00:00+00,株式会社ホライズン,セミナー,他
20203057,s2a211,鈴木海斗,2022-03-23 06:00:00+00,2022-03-23 06:45:00+00,株式会社サンライズ,試験_面接,結果待ち
20203057,s2a211,鈴木海斗,2022-03-23 06:00:00+00,2022-03-23 07:30:00+00,株式会社シグマ,試験_適正,結果待ち
20203029,s2a308,伊藤太郎,2022-03-23 06:00:00+00,2022-03-23 07:30:00+00,株式会社イプシロン,試験_適正,継続（合格）
20203048,s2a410,田中悠斗,2022-03-23 06:00:00+00,2022-03-23 06:45:00+00,株式会社デルタ,試験_面接,継続（合格）
20212009,j1a107,渡辺凛,2022-03-24 01:00:00+00,2022-03-24 02:30:00+00,株式会社エンジン,試験_適正,不合格
20212024,j2a106,清水拓也,2022-03-24 01:00:00+00,2022-03-24 01:45:00+00,株式会社ステラ,試験_面接,結果待ち
20194070,r3a104,佐々木直樹,2022-03-24 01:00:00+00,2022-03-24 02:30:00+00,株式会社シグマ,試験_適正,不合格
20194052,r3a140,林翔太,2022-03-24 01:00:00+00,2022-03-24 01:45:00+00,株式会社コア,試験_面接,継続（合格）
20194048,r3a216,阿部彩香,2022-03-24 01:00:00+00,2022-03-24 01:45:00+00,株式会社イノベーション,試験_面接,継続（合格）
20194067,r3a220,阿部遥,2022-03-24 01:00:00+00,2022-03-24 02:00:00+00,株式会社パルス,説明会_単,他
20194061,r3a239,清水美咲,2022-03-24 01:00:00+00,2022-03-24 02:00:00+00,株式会社サンライズ,説明会_合,他
20194080,r3a240,加藤海斗,2022-03-24 01:00:00+00,2022-03-24 02:00:00+00,株式会社ブリッジ,説明会_合,他
20203019,s2a105,山崎拓也,2022-03-24 01:00:00+00,2022-03-24 02:00:00+00,株式会社シグマ,説明会_合,他
20203001,s2a107,鈴木結衣,2022-03-24 01:00:00+00,2022-03-24 02:30:00+00,株式会社クラフト,試験_適正,継続（合格）
20203022,s2a203,田中遥,2022-03-24 01:00:00+00,2022-03-24 01:45:00+00,株式会社ミライ,試験_面接,不合格
20203047,s2a204,小林優奈,2022-03-24 01:00:00+00,2022-03-24 01:30:00+00,株式会社シード,試験_他,内定
20203030,s2a207,前田美咲,2022-03-24 01:00:00+00,2022-03-24 01:30:00+00,株式会社エンジン,試験_他,内定
20203042,s2a212,橋本陽菜,2022-03-24 01:00:00+00,2022-03-24 01:45:00+00,株式会社シード,試験_面接,結果待ち
20203045,s2a309,加藤海斗,2022-03-24 01:00:00+00,2022-03-24 01:45:00+00,株式会社ハーモニー,試験_面接,結果待ち
20203039,s2a409,清水結衣,2022-03-24 01:00:00+00,2022-03-24 02:00:00+00,株式会社シグマ,説明会_単,他
20212036,j1a101,池田凛,2022-03-24 04:00:00+00,2022-03-24 05:30:00+00,株式会社ハーモニー,試験_適正,結果待ち
20212009,j1a107,渡辺凛,2022-03-24 04:00:00+00,2022-03-24 04:45:00+00,株式会社リンク,試験_面接,不合格
20212021,j1a117,鈴木海斗,2022-03-24 04:00:00+00,2022-03-24 05:30:00+00,株式会社ルミナス,試験_適正,結果待ち
20212013,j2a117,伊藤拓也,2022-03-24 04:00:00+00,2022-03-24 04:45:00+00,株式会社ブルーム,試験_面接,辞退
20194070,r3a104,佐々木直樹,2022-03-24 04:00:00+00,2022-03-24 05:00:00+00,株式会社リンク,インターン,他
20194003,r3a111,田中優奈,2022-03-24 04:00:00+00,2022-03-24 04:45:00+00,株式会社アルファ,試験_面接,継続（合格）
20194044,r3a114,小林直樹,2022-03-24 04:00:00+00,2022-03-24 04:45:00+00,株式会社ルミナス,試験_面接,結果待ち
20194066,r3a125,林遥,2022-03-24 04:00:00+00,2022-03-24 05:00:00+00,株式会社リンク,説明会_単,他
20194046,r3a208,鈴木太郎,2022-03-24 04:00:00+00,2022-03-24 04:45:00+00,株式会社グリーン,試験_面接,不合格
20194067,r3a220,阿部遥,2022-03-24 04:00:00+00,2022-03-24 05:30:00+00,株式会社ストリーム,試験_適正,継続（合格）
20194067,r3a220,阿部遥,2022-03-24 04:00:00+00,2022-03-24 04:45:00+00,株式会社ガンマ,試験_面接,結果待ち
20203001,s2a107,鈴木結衣,2022-03-24 04:00:00+00,2022-03-24 04:45:00+00,株式会社テックワークス,試験_面接,辞退
20203027,s2a108,佐藤健太,2022-03-24 04:00:00+00,2022-03-24 05:30:00+00,株式会社アビリティ,試験_適正,不合格
20203058,s2a206,井上花子,2022-03-24 04:00:00+00,2022-03-24 04:45:00+00,株式会社パルス,試験_面接,結果待ち
20203011,s2a302,伊藤彩香,2022-03-24 04:00:00+00,2022-03-24 05:30:00+00,株式会社シード,試験_適正,不合格
20203029,s2a308,伊藤太郎,2022-03-24 04:00:00+00,2022-03-24 04:45:00+00,株式会社マーブル,試験_面接,結果待ち
20212021,j1a117,鈴木海斗,2022-03-24 06:00:00+00,2022-03-24 07:00:00+00,株式会社ホライズン,説明会_合,他
20212042,j2a103,森葵,2022-03-24 06:00:00+00,2022-03-24 06:45:00+00,株式会社アビリティ,試験_面接,不合格
20212039,j2a112,山口悠斗,2022-03-24 06:00:00+00,2022-03-24 07:30:00+00,株式会社ハーモニー,試験_適正,結果待ち
20212034,j2a115,中島優奈,2022-03-24 06:00:00+00,2022-03-24 07:30:00+00,株式会社イプシロン,試験_適正,不合格
20212008,j2a119,山崎陸,2022-03-24 06:00:00+00,2022-03-24 06:45:00+00,株式会社スカイ,試験_面接,結果待ち
20194047,r3a203,鈴木優奈,2022-03-24 06:00:00+00,2022-03-24 07:30:00+00,株式会社ライト,試験_適正,不合格
20194016,r3a209,田中陽菜,2022-03-24 06:00:00+00,2022-03-24 06:45:00+00,株式会社クロス,試験_面接,結果待ち
20194058,r3a217,田中海斗,2022-03-24 06:00:00+00,2022-03-24 07:00:00+00,株式会社リーフ,説明会_単,他
20194015,r3a225,阿部拓也,2022-03-24 06:00:00+00,2022-03-24 07:30:00+00,株式会社ガンマ,試験_適正,継続（合格）
20194032,r3a232,清水太郎,2022-03-24 06:00:00+00,2022-03-24 06:45:00+00,株式会社モデスト,試験_面接,結果待ち
20194061,r3a239,清水美咲,2022-03-24 06:00:00+00,2022-03-24 06:30:00+00,株式会社ベータ,試験_他,内定
20203026,s2a401,小林優奈,2022-03-24 06:00:00+00,2022-03-24 07:00:00+00,株式会社エコー,セミナー,他
20203036,s2a403,斎藤凛,2022-03-24 06:00:00+00,2022-03-24 07:00:00+00,株式会社ネクスト,セミナー,他
20203028,s2a411,清水悠斗,2022-03-24 06:00:00+00,2022-03-24 06:45:00+00,株式会社アセント,試験_面接,継続（合格）
20203056,s2a413,林結衣,2022-03-24 06:00:00+00,2022-03-24 07:30:00+00,株式会社デルタ,試験_適正,結果待ち
20212017,j1a122,木村優樹,2022-03-25 01:00:00+00,2022-03-25 01:45:00+00,株式会社マーブル,試験_面接,継続（合格）
20212024,j2a106,清水拓也,2022-03-25 01:00:00+00,2022-03-25 01:45:00+00,株式会社ルミナス,試験_面接,不合格
20212032,j2a114,吉田大輔,2022-03-25 01:00:00+00,2022-03-25 02:00:00+00,株式会社ライト,セミナー,他
20212013,j2a117,伊藤拓也,2022-03-25 01:00:00+00,2022-03-25 01:45:00+00,株式会社アルファ,試験_面接,結果待ち
20194050,r3a204,藤田直樹,2022-03-25 01:00:00+00,2022-03-25 01:45:00+00,株式会社レイヤー,試験_面接,継続（合格）
20194065,r3a231,松本花子,2022-03-25 01:00:00+00,2022-03-25 02:00:00+00,株式会社ホライズン,説明会_単,他
20194084,r3a233,田中直樹,2022-03-25 01:00:00+00,2022-03-25 02:00:00+00,株式会社ルミナス,インターン,他
20203050,s2a103,鈴木直樹,2022-03-25 01:00:00+00,2022-03-25 01:45:00+00,株式会社アーク,試験_面接,不合格
20203032,s2a208,松本陸,2022-03-25 01:00:00+00,2022-03-25 01:45:00+00,株式会社パルス,試験_面接,結果待ち
20203057,s2a211,鈴木海斗,2022-03-25 01:00:00+00,2022-03-25 01:45:00+00,株式会社クロス,試験_面接,結果待ち
20203057,s2a211,鈴木海斗,2022-03-25 01:00:00+00,2022-03-25 02:00:00+00,株式会社モデスト,インターン,他
20203012,s2a301,林太郎,2022-03-25 01:00:00+00,2022-03-25 02:00:00+00,株式会社ハーモニー,説明会_合,他
20203036,s2a403,斎藤凛,2022-03-25 01:00:00+00,2022-03-25 01:45:00+00,株式会社イノベーション,試験_面接,結果待ち
20212020,j1a115,石川陸,2022-03-25 04:00:00+00,2022-03-25 05:30:00+00,株式会社クレスト,試験_適正,結果待ち
20212020,j1a115,石川陸,2022-03-25 04:00:00+00,2022-03-25 04:45:00+00,株式会社マーブル,試験_面接,辞退
20212021,j1a117,鈴木海斗,2022-03-25 04:00:00+00,2022-03-25 04:45:00+00,株式会社ライト,試験_面接,結果待ち
20212039,j2a112,山口悠斗,2022-03-25 04:00:00+00,2022-03-25 04:45:00+00,株式会社ルミナス,試験_面接,不合格
20194003,r3a111,田中優奈,2022-03-25 04:00:00+00,2022-03-25 04:45:00+00,株式会社ライト,試験_面接,継続（合格）
20194051,r3a119,池田陽菜,2022-03-25 04:00:00+00,2022-03-25 05:00:00+00,株式会社アセント,説明会_合,他
20194087,r3a141,山崎凛,2022-03-25 04:00:00+00,2022-03-25 04:45:00+00,株式会社パルス,試験_面接,結果待ち
20194023,r3a221,池田彩香,2022-03-25 04:00:00+00,2022-03-25 04:45:00+00,株式会社ブリッジ,試験_面接,継続（合格）
20194041,r3a226,森花子,2022-03-25 04:00:00+00,2022-03-25 05:00:00+00,株式会社オーシャン,セミナー,他
20203005,s2a201,井上太郎,2022-03-25 04:00:00+00,2022-03-25 05:00:00+00,株式会社コア,説明会_単,他
20203021,s2a306,阿部陸,2022-03-25 04:00:00+00,2022-03-25 04:45:00+00,株式会社パルス,試験_面接,結果待ち
20203015,s2a412,井上海斗,2022-03-25 04:00:00+00,2022-03-25 04:45:00+00,株式会社アーク,試験_面接,結果待ち
20203015,s2a412,井上海斗,2022-03-25 04:00:00+00,2022-03-25 05:00:00+00,株式会社アーク,説明会_合,他
20212006,j1a106,橋本陸,2022-03-25 06:00:00+00,2022-03-25 07:00:00+00,株式会社グロース,インターン,他
20212016,j1a109,清水花子,2022-03-25 06:00:00+00,2022-03-25 06:45:00+00,株式会社パルス,試験_面接,継続（合格）
20212034,j2a115,中島優奈,2022-03-25 06:00:00+00,2022-03-25 07:00:00+00,株式会社スカイ,説明会_単,他
20194051,r3a119,池田陽菜,2022-03-25 06:00:00+00,2022-03-25 07:00:00+00,株式会社ミライ,セミナー,他
20194039,r3a136,鈴木健太,2022-03-25 06:00:00+00,2022-03-25 07:00:00+00,株式会社レイヤー,説明会_単,他
20194067,r3a220,阿部遥,2022-03-25 06:00:00+00,2022-03-25 06:45:00+00,株式会社ガンマ,試験_面接,継続（合格）
20194023,r3a221,池田彩香,2022-03-25 06:00:00+00,2022-03-25 06:30:00+00,株式会社ブリッジ,試験_他,内定
20194064,r3a234,鈴木優奈,2022-03-25 06:00:00+00,2022-03-25 06:45:00+00,株式会社クロス,試験_面接,継続（合格）
20203006,s2a102,池田拓也,2022-03-25 06:00:00+00,2022-03-25 07:30:00+00,株式会社ユニオン,試験_適正,結果待ち
20203030,s2a207,前田美咲,2022-03-25 06:00:00+00,2022-03-25 07:30:00+00,株式会社グロース,試験_適正,継続（合格）
20203042,s2a212,橋本陽菜,2022-03-25 06:00:00+00,2022-03-25 07:00:00+00,株式会社アセント,インターン,他
20203045,s2a309,加藤海斗,2022-03-25 06:00:00+00,2022-03-25 07:30:00+00,株式会社ベータ,試験_適正,結果待ち
20212035,j2a105,中村結衣,2022-03-26 01:00:00+00,2022-03-26 02:30:00+00,株式会社リーフ,試験_適正,継続（合格）
20212008,j2a119,山崎陸,2022-03-26 01:00:00+00,2022-03-26 02:30:00+00,株式会社レイヤー,試験_適正,結果待ち
20194071,r3a105,吉田陸,2022-03-26 01:00:00+00,2022-03-26 01:45:00+00,株式会社シグマ,試験_面接,不合格
20194028,r3a107,高橋陽菜,2022-03-26 01:00:00+00,2022-03-26 02:00:00+00,株式会社ノヴァ,インターン,他
20194055,r3a128,清水美咲,2022-03-26 01:00:00+00,2022-03-26 02:30:00+00,株式会社モデスト,試験_適正,結果待ち
20194029,r3a129,佐藤優奈,2022-03-26 01:00:00+00,2022-03-26 02:30:00+00,株式会社ガンマ,試験_適正,不合格
20194077,r3a137,高橋陸,2022-03-26 01:00:00+00,2022-03-26 02:30:00+00,株式会社フォース,試験_適正,結果待ち
20194047,r3a203,鈴木優奈,2022-03-26 01:00:00+00,2022-03-26 02:00:00+00,株式会社ハーモニー,インターン,他
20194084,r3a233,田中直樹,2022-03-26 01:00:00+00,2022-03-26 02:00:00+00,株式会社グロース,インターン,他
20203058,s2a206,井上花子,2022-03-26 01:00:00+00,2022-03-26 02:30:00+00,株式会社アセント,試験_適正,結果待ち
20203029,s2a308,伊藤太郎,2022-03-26 01:00:00+00,2022-03-26 02:00:00+00,株式会社イプシロン,インターン,他
20203036,s2a403,斎藤凛,2022-03-26 01:00:00+00,2022-03-26 02:30:00+00,株式会社オメガ,試験_適正,継続（合格）
20212018,j1a116,佐藤杏奈,2022-03-26 04:00:00+00,2022-03-26 05:00:00+00,株式会社フォーカス,セミナー,他
20212025,j2a116,橋本大輔,2022-03-26 04:00:00+00,2022-03-26 05:30:00+00,株式会社リーフ,試験_適正,不合格
20194004,r3a117,清水海斗,2022-03-26 04:00:00+00,2022-03-26 04:45:00+00,株式会社フォーカス,試験_面接,結果待ち
20194047,r3a203,鈴木優奈,2022-03-26 04:00:00+00,2022-03-26 05:00:00+00,株式会社アトラス,説明会_合,他
20194083,r3a213,伊藤葵,2022-03-26 04:00:00+00,2022-03-26 04:45:00+00,株式会社グロース,試験_面接,辞退
20194080,r3a240,加藤海斗,2022-03-26 04:00:00+00,2022-03-26 05:00:00+00,株式会社アルファ,説明会_合,他
20194010,r3a241,前田悠斗,2022-03-26 04:00:00+00,2022-03-26 04:45:00+00,株式会社グロース,試験_面接,不合格
20203019,s2a105,山崎拓也,2022-03-26 04:00:00+00,2022-03-26 05:30:00+00,株式会社フォース,試験_適正,不合格
20203040,s2a106,山口結衣,2022-03-26 04:00:00+00,2022-03-26 05:30:00+00,株式会社ノヴァ,試験_適正,結果待ち
20203040,s2a106,山口結衣,2022-03-26 04:00:00+00,2022-03-26 04:45:00+00,株式会社エッジ,試験_面接,継続（合格）
20203005,s2a201,井上太郎,2022-03-26 04:00:00+00,2022-03-26 04:45:00+00,株式会社エンジン,試験_面接,不合格
20203042,s2a212,橋本陽菜,2022-03-26 04:00:00+00,2022-03-26 05:00:00+00,株式会社シード,インターン,他
20203041,s2a405,中村陸,2022-03-26 04:00:00+00,2022-03-26 05:30:00+00,株式会社マーブル,試験_適正,継続（合格）
20212004,j2a107,山口優樹,2022-03-26 06:00:00+00,2022-03-26 07:00:00+00,株式会社レイヤー,セミナー,他
20212034,j2a115,中島優奈,2022-03-26 06:00:00+00,2022-03-26 06:45:00+00,株式会社プライム,試験_面接,結果待ち
20194025,r3a116,小林太郎,2022-03-26 06:00:00+00,2022-03-26 07:00:00+00,株式会社オービット,インターン,他
20194078,r3a118,鈴木遥,2022-03-26 06:00:00+00,2022-03-26 06:45:00+00,株式会社シグマ,試験_面接,不合格
20194008,r3a124,吉田大輔,2022-03-26 06:00:00+00,2022-03-26 07:00:00+00,株式会社テックワークス,説明会_単,他
20194079,r3a133,吉田悠斗,2022-03-26 06:00:00+00,2022-03-26 06:45:00+00,株式会社ホライズン,試験_面接,結果待ち
20194046,r3a208,鈴木太郎,2022-03-26 06:00:00+00,2022-03-26 07:00:00+00,株式会社アルファ,インターン,他
20194012,r3a215,木村彩香,2022-03-26 06:00:00+00,2022-03-26 07:00:00+00,株式会社クロス,セミナー,他
20194067,r3a220,阿部遥,2022-03-26 06:00:00+00,2022-03-26 07:00:00+00,株式会社ガンマ,説明会_合,他
20194041,r3a226,森花子,2022-03-26 06:00:00+00,2022-03-26 06:30:00+00,株式会社オーシャン,試験_他,内定
20194080,r3a240,加藤海斗,2022-03-26 06:00:00+00,2022-03-26 06:45:00+00,株式会社アルファ,試験_面接,不合格
20203019,s2a105,山崎拓也,2022-03-26 06:00:00+00,2022-03-26 06:45:00+00,株式会社シグマ,試験_面接,結果待ち
20203046,s2a209,中島美咲,2022-03-26 06:00:00+00,2022-03-26 07:00:00+00,株式会社デルタ,セミナー,他
20203011,s2a302,伊藤彩香,2022-03-26 06:00:00+00,2022-03-26 06:45:00+00,株式会社グロース,試験_面接,結果待ち
20203056,s2a413,林結衣,2022-03-26 06:00:00+00,2022-03-26 07:00:00+00,株式会社ブリッジ,説明会_合,他
20212021,j1a117,鈴木海斗,2022-03-27 01:00:00+00,2022-03-27 02:00:00+00,株式会社ライト,セミナー,他
20212044,j1a120,林優樹,2022-03-27 01:00:00+00,2022-03-27 02:30:00+00,株式会社オメガ,試験_適正,不合格
20212005,j2a122,阿部凛,2022-03-27 01:00:00+00,2022-03-27 01:45:00+00,株式会社ガンマ,試験_面接,継続（合格）
20194070,r3a104,佐々木直樹,2022-03-27 01:00:00+00,2022-03-27 02:30:00+00,株式会社ストリーム,試験_適正,結果待ち
20194043,r3a130,森太郎,2022-03-27 01:00:00+00,2022-03-27 02:00:00+00,株式会社アセント,インターン,他
20194015,r3a225,阿部拓也,2022-03-27 01:00:00+00,2022-03-27 02:30:00+00,株式会社フォーカス,試験_適正,結果待ち
20194084,r3a233,田中直樹,2022-03-27 01:00:00+00,2022-03-27 01:45:00+00,株式会社スカイ,試験_面接,不合格
20203019,s2a105,山崎拓也,2022-03-27 01:00:00+00,2022-03-27 01:45:00+00,株式会社ストリーム,試験_面接,結果待ち
20203001,s2a107,鈴木結衣,2022-03-27 01:00:00+00,2022-03-27 02:30:00+00,株式会社ブルーム,試験_適正,結果待ち
20203017,s2a113,田中杏奈,2022-03-27 01:00:00+00,2022-03-27 02:00:00+00,株式会社オーシャン,説明会_単,他
20203031,s2a114,中島拓也,2022-03-27 01:00:00+00,2022-03-27 02:30:00+00,株式会社スカイ,試験_適正,結果待ち
20203007,s2a202,山田悠斗,2022-03-27 01:00:00+00,2022-03-27 02:30:00+00,株式会社プライム,試験_適正,結果待ち
20203022,s2a203,田中遥,2022-03-27 01:00:00+00,2022-03-27 02:00:00+00,株式会社ガンマ,インターン,他
20203016,s2a210,佐藤結衣,2022-03-27 01:00:00+00,2022-03-27 02:30:00+00,株式会社モデスト,試験_適正,結果待ち
20212001,j1a104,渡辺優奈,2022-03-27 04:00:00+00,2022-03-27 04:45:00+00,株式会社マーブル,試験_面接,不合格
20212016,j1a109,清水花子,2022-03-27 04:00:00+00,2022-03-27 05:30:00+00,株式会社リーフ,試験_適正,結果待ち
20212011,j2a109,阿部遥,2022-03-27 04:00:00+00,2022-03-27 05:00:00+00,株式会社ネクスト,説明会_単,他
20194003,r3a111,田中優奈,2022-03-27 04:00:00+00,2022-03-27 04:45:00+00,株式会社シード,試験_面接,辞退
20194078,r3a118,鈴木遥,2022-03-27 04:00:00+00,2022-03-27 05:30:00+00,株式会社イプシロン,試験_適正,継続（合格）
20194018,r3a127,林直樹,2022-03-27 04:00:00+00,2022-03-27 04:30:00+00,株式会社グロース,試験_他,内定
20194002,r3a201,中島凛,2022-03-27 04:00:00+00,2022-03-27 04:45:00+00,株式会社オービット,試験_面接,不合格
20194036,r3a205,鈴木杏奈,2022-03-27 04:00:00+00,2022-03-27 04:45:00+00,株式会社スカイ,試験_面接,結果待ち
20194015,r3a225,阿部拓也,2022-03-27 04:00:00+00,2022-03-27 04:45:00+00,株式会社アビリティ,試験_面接,継続（合格）
20194082,r3a227,石川悠斗,2022-03-27 04:00:00+00,2022-03-27 04:45:00+00,株式会社サンライズ,試験_面接,辞退
20194084,r3a233,田中直樹,2022-03-27 04:00:00+00,2022-03-27 05:00:00+00,株式会社ノヴァ,セミナー,他
20194064,r3a234,鈴木優奈,2022-03-27 04:00:00+00,2022-03-27 04:45:00+00,株式会社クロス,試験_面接,継続（合格）
20203006,s2a102,池田拓也,2022-03-27 04:00:00+00,2022-03-27 05:00:00+00,株式会社ステラ,セミナー,他
20203001,s2a107,鈴木結衣,2022-03-27 04:00:00+00,2022-03-27 05:00:00+00,株式会社フォース,インターン,他
20203047,s2a204,小林優奈,2022-03-27 04:00:00+00,2022-03-27 04:45:00+00,株式会社ブルーム,試験_面接,継続（合格）
20203011,s2a302,伊藤彩香,2022-03-27 04:00:00+00,2022-03-27 05:00:00+00,株式会社グロース,説明会_合,他
20203045,s2a309,加藤海斗,2022-03-27 04:00:00+00,2022-03-27 04:45:00+00,株式会社オメガ,試験_面接,結果待ち
20203036,s2a403,斎藤凛,2022-03-27 04:00:00+00,2022-03-27 04:45:00+00,株式会社オメガ,試験_面接,結果待ち
20203024,s2a406,加藤直樹,2022-03-27 04:00:00+00,2022-03-27 04:45:00+00,株式会社スカイ,試験_面接,結果待ち
20203024,s2a406,加藤直樹,2022-03-27 04:00:00+00,2022-03-27 05:30:00+00,株式会社アトラス,試験_適正,結果待ち
20194044,r3a114,小林直樹,2022-03-27 06:00:00+00,2022-03-27 07:30:00+00,株式会社サンライズ,試験_適正,不合格
20194058,r3a217,田中海斗,2022-03-27 06:00:00+00,2022-03-27 06:45:00+00,株式会社リーフ,試験_面接,結果待ち
20194085,r3a222,前田拓也,2022-03-27 06:00:00+00,2022-03-27 06:45:00+00,株式会社エンジン,試験_面接,不合格
20203037,s2a303,斎藤健太,2022-03-27 06:00:00+00,2022-03-27 07:30:00+00,株式会社ベータ,試験_適正,結果待ち
20203051,s2a304,山崎陸,2022-03-27 06:00:00+00,2022-03-27 06:45:00+00,株式会社イプシロン,試験_面接,結果待ち
20203020,s2a305,渡辺太郎,2022-03-27 06:00:00+00,2022-03-27 07:30:00+00,株式会社フロンティア,試験_適正,継続（合格）
20203045,s2a309,加藤海斗,2022-03-27 06:00:00+00,2022-03-27 07:00:00+00,株式会社オメガ,インターン,他
20203036,s2a403,斎藤凛,2022-03-27 06:00:00+00,2022-03-27 07:00:00+00,株式会社グリーン,説明会_合,他
20203039,s2a409,清水結衣,2022-03-27 06:00:00+00,2022-03-27 06:45:00+00,株式会社シグマ,試験_面接,継続（合格）
20212050,j1a105,林優樹,2022-03-28 01:00:00+00,2022-03-28 02:30:00+00,株式会社イプシロン,試験_適正,結果待ち
20212030,j1a110,山口翔太,2022-03-28 01:00:00+00,2022-03-28 02:00:00+00,株式会社ステラ,説明会_単,他
20212017,j1a122,木村優樹,2022-03-28 01:00:00+00,2022-03-28 01:45:00+00,株式会社エンジン,試験_面接,結果待ち
20212035,j2a105,中村結衣,2022-03-28 01:00:00+00,2022-03-28 02:30:00+00,株式会社ルミナス,試験_適正,不合格
20212034,j2a115,中島優奈,2022-03-28 01:00:00+00,2022-03-28 02:00:00+00,株式会社プライム,説明会_単,他
20194031,r3a122,渡辺結衣,2022-03-28 01:00:00+00,2022-03-28 02:00:00+00,株式会社エコー,セミナー,他
20194089,r3a210,佐藤凛,2022-03-28 01:00:00+00,2022-03-28 01:45:00+00,株式会社エコー,試験_面接,継続（合格）
20194012,r3a215,木村彩香,2022-03-28 01:00:00+00,2022-03-28 02:00:00+00,株式会社イノベーション,説明会_合,他
20194084,r3a233,田中直樹,2022-03-28 01:00:00+00,2022-03-28 02:30:00+00,株式会社ルミナス,試験_適正,継続（合格）
20203004,s2a408,山下健太,2022-03-28 01:00:00+00,2022-03-28 01:30:00+00,株式会社アビリティ,試験_他,内定
20212026,j1a111,佐藤凛,2022-03-28 04:00:00+00,2022-03-28 04:45:00+00,株式会社レイヤー,試験_面接,結果待ち
20212018,j1a116,佐藤杏奈,2022-03-28 04:00:00+00,2022-03-28 04:45:00+00,株式会社フォーカス,試験_面接,結果待ち
20212045,j1a118,高橋凛,2022-03-28 04:00:00+00,2022-03-28 04:45:00+00,株式会社リンク,試験_面接,結果待ち
20212034,j2a115,中島優奈,2022-03-28 04:00:00+00,2022-03-28 04:45:00+00,株式会社オメガ,試験_面接,結果待ち
20194063,r3a115,林海斗,2022-03-28 04:00:00+00,2022-03-28 05:30:00+00,株式会社アセント,試験_適正,結果待ち
20194051,r3a119,池田陽菜,2022-03-28 04:00:00+00,2022-03-28 05:30:00+00,株式会社リンク,試験_適正,不合格
20194090,r3a120,井上悠斗,2022-03-28 04:00:00+00,2022-03-28 04:45:00+00,株式会社エッジ,試験_面接,結果待ち
20194008,r3a124,吉田大輔,2022-03-28 04:00:00+00,2022-03-28 04:45:00+00,株式会社アトラス,試験_面接,結果待ち
20194013,r3a126,池田健太,2022-03-28 04:00:00+00,2022-03-28 05:30:00+00,株式会社リーフ,試験_適正,結果待ち
20194077,r3a137,高橋陸,2022-03-28 04:00:00+00,2022-03-28 04:45:00+00,株式会社グリーン,試験_面接,結果待ち
20194012,r3a215,木村彩香,2022-03-28 04:00:00+00,2022-03-28 04:45:00+00,株式会社クロス,試験_面接,不合格
20194061,r3a239,清水美咲,2022-03-28 04:00:00+00,2022-03-28 04:45:00+00,株式会社ベータ,試験_面接,継続（合格）
20203019,s2a105,山崎拓也,2022-03-28 04:00:00+00,2022-03-28 04:45:00+00,株式会社シグマ,試験_面接,継続（合格）
20203018,s2a111,田中海斗,2022-03-28 04:00:00+00,2022-03-28 04:45:00+00,株式会社ユニオン,試験_面接,結果待ち
20203022,s2a203,田中遥,2022-03-28 04:00:00+00,2022-03-28 05:30:00+00,株式会社ミライ,試験_適正,継続（合格）
20203047,s2a204,小林優奈,2022-03-28 04:00:00+00,2022-03-28 05:00:00+00,株式会社ホライズン,インターン,他
20203042,s2a212,橋本陽菜,2022-03-28 04:00:00+00,2022-03-28 04:45:00+00,株式会社アビリティ,試験_面接,継続（合格）
20203021,s2a306,阿部陸,2022-03-28 04:00:00+00,2022-03-28 05:00:00+00,株式会社パルス,セミナー,他
20203024,s2a406,加藤直樹,2022-03-28 04:00:00+00,2022-03-28 04:45:00+00,株式会社エッジ,試験_面接,不合格
20203039,s2a409,清水結衣,2022-03-28 04:00:00+00,2022-03-28 05:00:00+00,株式会社シグマ,説明会_合,他
20203048,s2a410,田中悠斗,2022-03-28 04:00:00+00,2022-03-28 05:30:00+00,株式会社ブルーム,試験_適正,継続（合格）
20212044,j1a120,林優樹,2022-03-28 06:00:00+00,2022-03-28 06:45:00+00,株式会社パルス,試験_面接,不合格
20212017,j1a122,木村優樹,2022-03-28 06:00:00+00,2022-03-28 07:30:00+00,株式会社ルミナス,試験_適正,結果待ち
20212047,j2a104,加藤葵,2022-03-28 06:00:00+00,2022-03-28 07:30:00+00,株式会社ユニオン,試験_適正,不合格
20212011,j2a109,阿部遥,2022-03-28 06:00:00+00,2022-03-28 06:45:00+00,株式会社ネクスト,試験_面接,継続（合格）
20194013,r3a126,池田健太,2022-03-28 06:00:00+00,2022-03-28 07:00:00+00,株式会社ベータ,説明会_合,他
20194085,r3a222,前田拓也,2022-03-28 06:00:00+00,2022-03-28 07:00:00+00,株式会社エンジン,説明会_合,他
20194045,r3a224,藤田直樹,2022-03-28 06:00:00+00,2022-03-28 06:45:00+00,株式会社スカイ,試験_面接,不合格
20194041,r3a226,森花子,2022-03-28 06:00:00+00,2022-03-28 07:00:00+00,株式会社シグマ,インターン,他
20194064,r3a234,鈴木優奈,2022-03-28 06:00:00+00,2022-03-28 07:30:00+00,株式会社リンク,試験_適正,不合格
20203031,s2a114,中島拓也,2022-03-28 06:00:00+00,2022-03-28 07:00:00+00,株式会社アーク,説明会_単,他
20203030,s2a207,前田美咲,2022-03-28 06:00:00+00,2022-03-28 07:00:00+00,株式会社グロース,インターン,他
20203032,s2a208,松本陸,2022-03-28 06:00:00+00,2022-03-28 07:00:00+00,株式会社ストリーム,説明会_合,他
20212012,j1a119,山口太郎,2022-03-29 01:00:00+00,2022-03-29 02:30:00+00,株式会社パルス,試験_適正,結果待ち
20212034,j2a115,中島優奈,2022-03-29 01:00:00+00,2022-03-29 01:45:00+00,株式会社リンク,試験_面接,結果待ち
20212005,j2a122,阿部凛,2022-03-29 01:00:00+00,2022-03-29 01:45:00+00,株式会社ガンマ,試験_面接,継続（合格）
20194075,r3a103,加藤彩香,2022-03-29 01:00:00+00,2022-03-29 01:45:00+00,株式会社シード,試験_面接,不合格
20194070,r3a104,佐々木直樹,2022-03-29 01:00:00+00,2022-03-29 02:00:00+00,株式会社パルス,説明会_単,他
20194028,r3a107,高橋陽菜,2022-03-29 01:00:00+00,2022-03-29 01:45:00+00,株式会社フォーカス,試験_面接,結果待ち
20194011,r3a108,山田美咲,2022-03-29 01:00:00+00,2022-03-29 01:45:00+00,株式会社モデスト,試験_面接,継続（合格）
20194013,r3a126,池田健太,2022-03-29 01:00:00+00,2022-03-29 02:00:00+00,株式会社シード,説明会_合,他
20194005,r3a131,池田悠斗,2022-03-29 01:00:00+00,2022-03-29 01:45:00+00,株式会社グロース,試験_面接,継続（合格）
20194017,r3a211,清水優奈,2022-03-29 01:00:00+00,2022-03-29 01:45:00+00,株式会社レイヤー,試験_面接,辞退
20203040,s2a106,山口結衣,2022-03-29 01:00:00+00,2022-03-29 01:45:00+00,株式会社フォース,試験_面接,結果待ち
20203017,s2a113,田中杏奈,2022-03-29 01:00:00+00,2022-03-29 02:30:00+00,株式会社パルス,試験_適正,結果待ち
20203047,s2a204,小林優奈,2022-03-29 01:00:00+00,2022-03-29 01:45:00+00,株式会社シード,試験_面接,継続（合格）
20203030,s2a207,前田美咲,2022-03-29 01:00:00+00,2022-03-29 01:45:00+00,株式会社エンジン,試験_面接,継続（合格）
20203032,s2a208,松本陸,2022-03-29 01:00:00+00,2022-03-29 01:45:00+00,株式会社ネクスト,試験_面接,結果待ち
20203011,s2a302,伊藤彩香,2022-03-29 01:00:00+00,2022-03-29 01:45:00+00,株式会社モデスト,試験_面接,結果待ち
20203026,s2a401,小林優奈,2022-03-29 01:00:00+00,2022-03-29 02:30:00+00,株式会社エコー,試験_適正,結果待ち
20203010,s2a402,田中陽菜,2022-03-29 01:00:00+00,2022-03-29 01:45:00+00,株式会社ベータ,試験_面接,結果待ち
20203048,s2a410,田中悠斗,2022-03-29 01:00:00+00,2022-03-29 01:45:00+00,株式会社ブルーム,試験_面接,結果待ち
20203015,s2a412,井上海斗,2022-03-29 01:00:00+00,2022-03-29 01:45:00+00,株式会社オメガ,試験_面接,継続（合格）
20212046,j1a112,鈴木美咲,2022-03-29 04:00:00+00,2022-03-29 05:30:00+00,株式会社ブリッジ,試験_適正,辞退
20194087,r3a141,山崎凛,2022-03-29 04:00:00+00,2022-03-29 04:45:00+00,株式会社パルス,試験_面接,継続（合格）
20194076,r3a218,松本花子,2022-03-29 04:00:00+00,2022-03-29 04:45:00+00,株式会社アーク,試験_面接,結果待ち
20194081,r3a229,佐藤悠斗,2022-03-29 04:00:00+00,2022-03-29 04:45:00+00,株式会社ルミナス,試験_面接,結果待ち
20203040,s2a106,山口結衣,2022-03-29 04:00:00+00,2022-03-29 04:45:00+00,株式会社リンク,試験_面接,不合格
20203018,s2a111,田中海斗,2022-03-29 04:00:00+00,2022-03-29 05:00:00+00,株式会社ユニオン,説明会_合,他
20203022,s2a203,田中遥,2022-03-29 04:00:00+00,2022-03-29 04:45:00+00,株式会社フォース,試験_面接,不合格
20203008,s2a312,森太郎,2022-03-29 04:00:00+00,2022-03-29 05:30:00+00,株式会社ホライズン,試験_適正,辞退
20212028,j1a108,伊藤海斗,2022-03-29 06:00:00+00,2022-03-29 06:45:00+00,株式会社アトラス,試験_面接,結果待ち
20212016,j1a109,清水花子,2022-03-29 06:00:00+00,2022-03-29 07:30:00+00,株式会社クロス,試験_適正,結果待ち
20212021,j1a117,鈴木海斗,2022-03-29 06:00:00+00,2022-03-29 06:45:00+00,株式会社ホライズン,試験_面接,辞退
20212023,j2a113,木村杏奈,2022-03-29 06:00:00+00,2022-03-29 07:30:00+00,株式会社ミライ,試験_適正,辞退
20212005,j2a122,阿部凛,2022-03-29 06:00:00+00,2022-03-29 06:45:00+00,株式会社ガンマ,試験_面接,結果待ち
20194087,r3a141,山崎凛,2022-03-29 06:00:00+00,2022-03-29 07:30:00+00,株式会社ノヴァ,試験_適正,継続（合格）
20194036,r3a205,鈴木杏奈,2022-03-29 06:00:00+00,2022-03-29 07:00:00+00,株式会社パルス,インターン,他
20203035,s2a112,山本凛,2022-03-29 06:00:00+00,2022-03-29 07:30:00+00,株式会社シード,試験_適正,結果待ち
20203022,s2a203,田中遥,2022-03-29 06:00:00+00,2022-03-29 06:45:00+00,株式会社ガンマ,試験_面接,結果待ち
20203030,s2a207,前田美咲,2022-03-29 06:00:00+00,2022-03-29 06:45:00+00,株式会社エンジン,試験_面接,継続（合格）
20203008,s2a312,森太郎,2022-03-29 06:00:00+00,2022-03-29 06:45:00+00,株式会社ストリーム,試験_面接,不合格
20203008,s2a312,森太郎,2022-03-29 06:00:00+00,2022-03-29 07:00:00+00,株式会社デルタ,インターン,他
20203009,s2a313,前田太郎,2022-03-29 06:00:00+00,2022-03-29 06:45:00+00,株式会社ライト,試験_面接,辞退
20212050,j1a105,林優樹,2022-03-30 01:00:00+00,2022-03-30 01:45:00+00,株式会社ルミナス,試験_面接,結果待ち
20212030,j1a110,山口翔太,2022-03-30 01:00:00+00,2022-03-30 01:45:00+00,株式会社ネクスト,試験_面接,結果待ち
20212026,j1a111,佐藤凛,2022-03-30 01:00:00+00,2022-03-30 01:45:00+00,株式会社シグマ,試験_面接,結果待ち
20212044,j1a120,林優樹,2022-03-30 01:00:00+00,2022-03-30 02:00:00+00,株式会社グロース,説明会_単,他
20212008,j2a119,山崎陸,2022-03-30 01:00:00+00,2022-03-30 01:45:00+00,株式会社ベータ,試験_面接,不合格
20194042,r3a110,石川陸,2022-03-30 01:00:00+00,2022-03-30 01:45:00+00,株式会社フロンティア,試験_面接,結果待ち
20194055,r3a128,清水美咲,2022-03-30 01:00:00+00,2022-03-30 02:00:00+00,株式会社モデスト,インターン,他
20194065,r3a231,松本花子,2022-03-30 01:00:00+00,2022-03-30 02:30:00+00,株式会社レイヤー,試験_適正,結果待ち
20194064,r3a234,鈴木優奈,2022-03-30 01:00:00+00,2022-03-30 01:45:00+00,株式会社シグマ,試験_面接,辞退
20203006,s2a102,池田拓也,2022-03-30 01:00:00+00,2022-03-30 02:00:00+00,株式会社フォーカス,説明会_合,他
20203046,s2a209,中島美咲,2022-03-30 01:00:00+00,2022-03-30 01:45:00+00,株式会社フォース,試験_面接,不合格
20203012,s2a301,林太郎,2022-03-30 01:00:00+00,2022-03-30 02:00:00+00,株式会社クラフト,インターン,他
20212004,j2a107,山口優樹,2022-03-30 04:00:00+00,2022-03-30 04:45:00+00,株式会社レイヤー,試験_面接,結果待ち
20212019,j2a111,山本杏奈,2022-03-30 04:00:00+00,2022-03-30 04:45:00+00,株式会社アトラス,試験_面接,結果待ち
20212034,j2a115,中島優奈,2022-03-30 04:00:00+00,2022-03-30 05:30:00+00,株式会社シグマ,試験_適正,継続（合格）
20212010,j2a120,池田優奈,2022-03-30 04:00:00+00,2022-03-30 05:00:00+00,株式会社アルファ,説明会_合,他
20194014,r3a106,山田太郎,2022-03-30 04:00:00+00,2022-03-30 04:45:00+00,株式会社ストリーム,試験_面接,辞退
20194079,r3a133,吉田悠斗,2022-03-30 04:00:00+00,2022-03-30 05:30:00+00,株式会社クラフト,試験_適正,継続（合格）
20194039,r3a136,鈴木健太,2022-03-30 04:00:00+00,2022-03-30 04:45:00+00,株式会社プライム,試験_面接,継続（合格）
20194072,r3a223,森健太,2022-03-30 04:00:00+00,2022-03-30 05:00:00+00,株式会社リーフ,セミナー,他
20194021,r3a237,山口太郎,2022-03-30 04:00:00+00,2022-03-30 04:45:00+00,株式会社スカイ,試験_面接,結果待ち
20203009,s2a313,前田太郎,2022-03-30 04:00:00+00,2022-03-30 05:30:00+00,株式会社アーク,試験_適正,結果待ち
20203010,s2a402,田中陽菜,2022-03-30 04:00:00+00,2022-03-30 05:00:00+00,株式会社ベータ,説明会_合,他
20203041,s2a405,中村陸,2022-03-30 04:00:00+00,2022-03-30 05:30:00+00,株式会社ホライズン,試験_適正,不合格
20212046,j1a112,鈴木美咲,2022-03-30 06:00:00+00,2022-03-30 06:45:00+00,株式会社ミライ,試験_面接,結果待ち
20212047,j2a104,加藤葵,2022-03-30 06:00:00+00,2022-03-30 06:45:00+00,株式会社クロス,試験_面接,不合格
20194003,r3a111,田中優奈,2022-03-30 06:00:00+00,2022-03-30 06:45:00+00,株式会社アルファ,試験_面接,結果待ち
20194055,r3a128,清水美咲,2022-03-30 06:00:00+00,2022-03-30 07:00:00+00,株式会社ホライズン,インターン,他
20194030,r3a135,伊藤陸,2022-03-30 06:00:00+00,2022-03-30 07:00:00+00,株式会社ビジョン,インターン,他
20194085,r3a222,前田拓也,2022-03-30 06:00:00+00,2022-03-30 07:30:00+00,株式会社コア,試験_適正,結果待ち
20194015,r3a225,阿部拓也,2022-03-30 06:00:00+00,2022-03-30 06:45:00+00,株式会社ガンマ,試験_面接,結果待ち
20194010,r3a241,前田悠斗,2022-03-30 06:00:00+00,2022-03-30 06:45:00+00,株式会社ステラ,試験_面接,結果待ち
20203050,s2a103,鈴木直樹,2022-03-30 06:00:00+00,2022-03-30 07:30:00+00,株式会社テックワークス,試験_適正,継続（合格）
20203018,s2a111,田中海斗,2022-03-30 06:00:00+00,2022-03-30 07:30:00+00,株式会社フロンティア,試験_適正,継続（合格）
20203017,s2a113,田中杏奈,2022-03-30 06:00:00+00,2022-03-30 07:30:00+00,株式会社ホライズン,試験_適正,結果待ち
20203005,s2a201,井上太郎,2022-03-30 06:00:00+00,2022-03-30 07:00:00+00,株式会社エンジン,インターン,他
20203043,s2a213,鈴木彩香,2022-03-30 06:00:00+00,2022-03-30 07:30:00+00,株式会社ユニオン,試験_適正,結果待ち
20203008,s2a312,森太郎,2022-03-30 06:00:00+00,2022-03-30 07:30:00+00,株式会社クレスト,試験_適正,不合格
20203036,s2a403,斎藤凛,2022-03-30 06:00:00+00,2022-03-30 07:00:00+00,株式会社ライト,説明会_単,他
20203034,s2a404,橋本優奈,2022-03-30 06:00:00+00,2022-03-30 06:45:00+00,株式会社レイヤー,試験_面接,不合格
20203015,s2a412,井上海斗,2022-03-30 06:00:00+00,2022-03-30 06:45:00+00,株式会社エッジ,試験_面接,結果待ち
20212034,j2a115,中島優奈,2022-03-31 01:00:00+00,2022-03-31 01:45:00+00,株式会社スカイ,試験_面接,辞退
20194044,r3a114,小林直樹,2022-03-31 01:00:00+00,2022-03-31 02:30:00+00,株式会社マーブル,試験_適正,不合格
20194043,r3a130,森太郎,2022-03-31 01:00:00+00,2022-03-31 02:00:00+00,株式会社コア,説明会_合,他
20194030,r3a135,伊藤陸,2022-03-31 01:00:00+00,2022-03-31 02:30:00+00,株式会社パルス,試験_適正,結果待ち
20194048,r3a216,阿部彩香,2022-03-31 01:00:00+00,2022-03-31 01:45:00+00,株式会社スカイ,試験_面接,不合格
20194065,r3a231,松本花子,2022-03-31 01:00:00+00,2022-03-31 01:45:00+00,株式会社ホライズン,試験_面接,結果待ち
20194064,r3a234,鈴木優奈,2022-03-31 01:00:00+00,2022-03-31 02:00:00+00,株式会社クロス,説明会_合,他
20203052,s2a101,加藤悠斗,2022-03-31 01:00:00+00,2022-03-31 02:00:00+00,株式会社ノヴァ,説明会_合,他
20203042,s2a212,橋本陽菜,2022-03-31 01:00:00+00,2022-03-31 02:30:00+00,株式会社パルス,試験_適正,継続（合格）
20203029,s2a308,伊藤太郎,2022-03-31 01:00:00+00,2022-03-31 01:45:00+00,株式会社イプシロン,試験_面接,継続（合格）
20203041,s2a405,中村陸,2022-03-31 01:00:00+00,2022-03-31 02:00:00+00,株式会社マーブル,説明会_単,他
20212013,j2a117,伊藤拓也,2022-03-31 04:00:00+00,2022-03-31 04:45:00+00,株式会社ミライ,試験_面接,結果待ち
20194088,r3a101,山田大輔,2022-03-31 04:00:00+00,2022-03-31 05:30:00+00,株式会社オーシャン,試験_適正,継続（合格）
20194011,r3a108,山田美咲,2022-03-31 04:00:00+00,2022-03-31 05:00:00+00,株式会社ライト,説明会_単,他
20194025,r3a116,小林太郎,2022-03-31 04:00:00+00,2022-03-31 05:00:00+00,株式会社パルス,インターン,他
20194079,r3a133,吉田悠斗,2022-03-31 04:00:00+00,2022-03-31 04:45:00+00,株式会社クラフト,試験_面接,結果待ち
20194048,r3a216,阿部彩香,2022-03-31 04:00:00+00,2022-03-31 04:45:00+00,株式会社ミライ,試験_面接,不合格
20203050,s2a103,鈴木直樹,2022-03-31 04:00:00+00,2022-03-31 04:45:00+00,株式会社テックワークス,試験_面接,結果待ち
20203019,s2a105,山崎拓也,2022-03-31 04:00:00+00,2022-03-31 04:45:00+00,株式会社アトラス,試験_面接,結果待ち
20203019,s2a105,山崎拓也,2022-03-31 04:00:00+00,2022-03-31 05:00:00+00,株式会社フォース,インターン,他
20203058,s2a206,井上花子,2022-03-31 04:00:00+00,2022-03-31 04:45:00+00,株式会社ユニオン,試験_面接,結果待ち
20203032,s2a208,松本陸,2022-03-31 04:00:00+00,2022-03-31 05:00:00+00,株式会社パルス,説明会_単,他
20203057,s2a211,鈴木海斗,2022-03-31 04:00:00+00,2022-03-31 04:45:00+00,株式会社クロス,試験_面接,継続（合格）
20203043,s2a213,鈴木彩香,2022-03-31 04:00:00+00,2022-03-31 04:45:00+00,株式会社マーブル,試験_面接,継続（合格）
20203012,s2a301,林太郎,2022-03-31 04:00:00+00,2022-03-31 04:45:00+00,株式会社クラフト,試験_面接,結果待ち
20203029,s2a308,伊藤太郎,2022-03-31 04:00:00+00,2022-03-31 04:30:00+00,株式会社ストリーム,試験_他,内定
20212050,j1a105,林優樹,2022-03-31 06:00:00+00,2022-03-31 06:45:00+00,株式会社ネクスト,試験_面接,辞退
20212018,j1a116,佐藤杏奈,2022-03-31 06:00:00+00,2022-03-31 06:45:00+00,株式会社イプシロン,試験_面接,結果待ち
20194011,r3a108,山田美咲,2022-03-31 06:00:00+00,2022-03-31 07:00:00+00,株式会社ライト,説明会_合,他
20194066,r3a125,林遥,2022-03-31 06:00:00+00,2022-03-31 06:45:00+00,株式会社ブルーム,試験_面接,継続（合格）
20194046,r3a208,鈴木太郎,2022-03-31 06:00:00+00,2022-03-31 07:30:00+00,株式会社グリーン,試験_適正,継続（合格）
20194016,r3a209,田中陽菜,2022-03-31 06:00:00+00,2022-03-31 06:45:00+00,株式会社テックワークス,試験_面接,不合格
20194041,r3a226,森花子,2022-03-31 06:00:00+00,2022-03-31 07:30:00+00,株式会社オーシャン,試験_適正,継続（合格）
20194041,r3a226,森花子,2022-03-31 06:00:00+00,2022-03-31 06:45:00+00,株式会社マーブル,試験_面接,不合格
20194021,r3a237,山口太郎,2022-03-31 06:00:00+00,2022-03-31 07:00:00+00,株式会社グリーン,インターン,他
20203050,s2a103,鈴木直樹,2022-03-31 06:00:00+00,2022-03-31 07:00:00+00,株式会社テックワークス,説明会_合,他
20203001,s2a107,鈴木結衣,2022-03-31 06:00:00+00,2022-03-31 06:45:00+00,株式会社アビリティ,試験_面接,継続（合格）
20203027,s2a108,佐藤健太,2022-03-31 06:00:00+00,2022-03-31 06:45:00+00,株式会社グリーン,試験_面接,結果待ち
20203005,s2a201,井上太郎,2022-03-31 06:00:00+00,2022-03-31 06:45:00+00,株式会社コア,試験_面接,結果待ち
20203058,s2a206,井上花子,2022-03-31 06:00:00+00,2022-03-31 06:45:00+00,株式会社パルス,試験_面接,継続（合格）
20203032,s2a208,松本陸,2022-03-31 06:00:00+00,2022-03-31 07:30:00+00,株式会社フォース,試験_適正,結果待ち
20203016,s2a210,佐藤結衣,2022-03-31 06:00:00+00,2022-03-31 06:45:00+00,株式会社ホライズン,試験_面接,継続（合格）
20203057,s2a211,鈴木海斗,2022-03-31 06:00:00+00,2022-03-31 07:00:00+00,株式会社サンライズ,説明会_合,他
20203057,s2a211,鈴木海斗,2022-03-31 06:00:00+00,2022-03-31 07:00:00+00,株式会社クロス,インターン,他
20203057,s2a211,鈴木海斗,2022-03-31 06:00:00+00,2022-03-31 06:45:00+00,株式会社ストリーム,試験_面接,辞退
20203042,s2a212,橋本陽菜,2022-03-31 06:00:00+00,2022-03-31 07:30:00+00,株式会社アセント,試験_適正,不合格
20203037,s2a303,斎藤健太,2022-03-31 06:00:00+00,2022-03-31 06:45:00+00,株式会社デルタ,試験_面接,継続（合格）
20203003,s2a311,山下陸,2022-03-31 06:00:00+00,2022-03-31 06:45:00+00,株式会社ミライ,試験_面接,継続（合格）
20203024,s2a406,加藤直樹,2022-03-31 06:00:00+00,2022-03-31 06:45:00+00,株式会社エッジ,試験_面接,継続（合格）
20204069,r3a112,森結衣,2023-01-24 01:00:00+00,2023-01-24 02:30:00+00,株式会社オーシャン,試験_適正,不合格
20204083,r3a127,吉田悠斗,2023-01-26 04:00:00+00,2023-01-26 05:00:00+00,株式会社オメガ,インターン,他
20204027,r3a202,山本海斗,2023-01-27 04:00:00+00,2023-01-27 04:45:00+00,株式会社グリーン,試験_面接,不合格
20204048,r3a131,佐々木美咲,2023-01-28 01:00:00+00,2023-01-28 01:45:00+00,株式会社ビジョン,試験_面接,継続（合格）
20204077,r3a138,清水翔太,2023-01-29 01:00:00+00,2023-01-29 02:00:00+00,株式会社グリーン,セミナー,他
20204014,r3a203,佐々木直樹,2023-01-30 06:00:00+00,2023-01-30 07:00:00+00,株式会社エッジ,説明会_単,他
20204027,r3a202,山本海斗,2023-02-04 04:00:00+00,2023-02-04 04:45:00+00,株式会社モデスト,試験_面接,結果待ち
20204080,r3a206,中村彩香,2023-02-05 01:00:00+00,2023-02-05 02:00:00+00,株式会社パルス,インターン,他
20204084,r3a214,石川美咲,2023-02-05 06:00:00+00,2023-02-05 07:30:00+00,株式会社エッジ,試験_適正,不合格
20204021,r3a113,池田凛,2023-02-06 04:00:00+00,2023-02-06 05:30:00+00,株式会社ビジョン,試験_適正,結果待ち
20204026,r3a232,小林結衣,2023-02-06 04:00:00+00,2023-02-06 05:00:00+00,株式会社ネクスト,説明会_合,他
20204063,r3a118,山口陽菜,2023-02-06 06:00:00+00,2023-02-06 07:00:00+00,株式会社エコー,説明会_合,他
20204084,r3a214,石川美咲,2023-02-07 01:00:00+00,2023-02-07 02:00:00+00,株式会社エコー,セミナー,他
20204025,r3a236,吉田優奈,2023-02-07 04:00:00+00,2023-02-07 05:00:00+00,株式会社シグマ,インターン,他
20204016,r3a217,山本凛,2023-02-07 06:00:00+00,2023-02-07 07:00:00+00,株式会社アセント,説明会_単,他
20204022,r3a125,佐々木優樹,2023-02-08 01:00:00+00,2023-02-08 02:00:00+00,株式会社ストリーム,インターン,他
20204090,r3a204,田中翔太,2023-02-08 06:00:00+00,2023-02-08 07:00:00+00,株式会社ミライ,説明会_合,他
20204054,r3a208,伊藤大輔,2023-02-09 01:00:00+00,2023-02-09 02:00:00+00,株式会社アセント,説明会_合,他
20204089,r3a137,山下彩香,2023-02-09 04:00:00+00,2023-02-09 04:45:00+00,株式会社フォーカス,試験_面接,継続（合格）
20222049,j2a103,山田優樹,2023-02-09 06:00:00+00,2023-02-09 07:00:00+00,株式会社ステラ,説明会_単,他
20204001,r3a108,渡辺海斗,2023-02-09 06:00:00+00,2023-02-09 07:00:00+00,株式会社フォーカス,インターン,他
20213012,s2a303,鈴木遥,2023-02-09 06:00:00+00,2023-02-09 07:00:00+00,株式会社リーフ,説明会_合,他
20204009,r3a224,鈴木大輔,2023-02-10 01:00:00+00,2023-02-10 02:00:00+00,株式会社イノベーション,インターン,他
20204063,r3a118,山口陽菜,2023-02-11 01:00:00+00,2023-02-11 01:45:00+00,株式会社エコー,試験_面接,継続（合格）
20204087,r3a233,鈴木彩香,2023-02-11 04:00:00+00,2023-02-11 05:30:00+00,株式会社オメガ,試験_適正,不合格
20204033,r3a115,鈴木太郎,2023-02-12 06:00:00+00,2023-02-12 07:30:00+00,株式会社ブリッジ,試験_適正,結果待ち
20204068,r3a105,石川彩香,2023-02-13 01:00:00+00,2023-02-13 02:00:00+00,株式会社ホライズン,説明会_単,他
20204082,r3a201,山崎直樹,2023-02-13 01:00:00+00,2023-02-13 02:30:00+00,株式会社グリーン,試験_適正,結果待ち
20204090,r3a204,田中翔太,2023-02-13 01:00:00+00,2023-02-13 02:00:00+00,株式会社ストリーム,説明会_単,他
20204025,r3a236,吉田優奈,2023-02-13 01:00:00+00,2023-02-13 02:00:00+00,株式会社ステラ,説明会_単,他
20204013,r3a207,山崎陸,2023-02-13 06:00:00+00,2023-02-13 06:45:00+00,株式会社ガンマ,試験_面接,結果待ち
20204027,r3a202,山本海斗,2023-02-14 06:00:00+00,2023-02-14 07:00:00+00,株式会社モデスト,説明会_単,他
20213006,s2a308,中村結衣,2023-02-15 04:00:00+00,2023-02-15 05:00:00+00,株式会社モデスト,説明会_合,他
20204040,r3a106,佐藤拓也,2023-02-16 01:00:00+00,2023-02-16 02:30:00+00,株式会社ルミナス,試験_適正,継続（合格）
20204012,r3a216,藤田大輔,2023-02-16 01:00:00+00,2023-02-16 02:00:00+00,株式会社スカイ,説明会_合,他
20204019,r3a219,中島葵,2023-02-16 06:00:00+00,2023-02-16 07:00:00+00,株式会社リンク,説明会_単,他
20204043,r3a114,佐藤拓也,2023-02-17 04:00:00+00,2023-02-17 05:00:00+00,株式会社シグマ,説明会_合,他
20204042,r3a218,林彩香,2023-02-17 06:00:00+00,2023-02-17 07:00:00+00,株式会社アーク,説明会_単,他
20204019,r3a219,中島葵,2023-02-17 06:00:00+00,2023-02-17 07:00:00+00,株式会社サンライズ,説明会_単,他
20204009,r3a224,鈴木大輔,2023-02-17 06:00:00+00,2023-02-17 07:00:00+00,株式会社ベータ,インターン,他
20213034,s2a105,前田悠斗,2023-02-17 06:00:00+00,2023-02-17 07:00:00+00,株式会社アビリティ,説明会_合,他
20213053,s2a405,木村優奈,2023-02-17 06:00:00+00,2023-02-17 07:00:00+00,株式会社アルファ,説明会_合,他
20204027,r3a202,山本海斗,2023-02-18 04:00:00+00,2023-02-18 04:45:00+00,株式会社フロンティア,試験_面接,継続（合格）
20213014,s2a401,山本海斗,2023-02-18 04:00:00+00,2023-02-18 05:00:00+00,株式会社アルファ,説明会_合,他
20204069,r3a112,森結衣,2023-02-18 06:00:00+00,2023-02-18 07:00:00+00,株式会社オーシャン,セミナー,他
20204037,r3a135,山本健太,2023-02-18 06:00:00+00,2023-02-18 06:45:00+00,株式会社デルタ,試験_面接,結果待ち
20204054,r3a208,伊藤大輔,2023-02-18 06:00:00+00,2023-02-18 07:00:00+00,株式会社アセント,インターン,他
20204074,r3a228,池田花子,2023-02-19 01:00:00+00,2023-02-19 02:00:00+00,株式会社グリーン,セミナー,他
20204066,r3a132,林健太,2023-02-19 06:00:00+00,2023-02-19 07:00:00+00,株式会社ストリーム,説明会_合,他
20204067,r3a226,小林大輔,2023-02-19 06:00:00+00,2023-02-19 07:30:00+00,株式会社ハーモニー,試験_適正,結果待ち
20213031,s2a101,井上遥,2023-02-19 06:00:00+00,2023-02-19 07:30:00+00,株式会社コア,試験_適正,継続（合格）
20204068,r3a105,石川彩香,2023-02-20 01:00:00+00,2023-02-20 02:30:00+00,株式会社ホライズン,試験_適正,継続（合格）
20213047,s2a302,山田結衣,2023-02-20 01:00:00+00,2023-02-20 01:45:00+00,株式会社マーブル,試験_面接,結果待ち
20213040,s2a406,吉田陽菜,2023-02-20 01:00:00+00,2023-02-20 02:30:00+00,株式会社イプシロン,試験_適正,継続（合格）
20204086,r3a109,鈴木翔太,2023-02-20 06:00:00+00,2023-02-20 06:45:00+00,株式会社ベータ,試験_面接,不合格
20204027,r3a202,山本海斗,2023-02-20 06:00:00+00,2023-02-20 06:45:00+00,株式会社フロンティア,試験_面接,結果待ち
20204006,r3a229,山崎優奈,2023-02-20 06:00:00+00,2023-02-20 07:00:00+00,株式会社オービット,インターン,他
20213013,s2a408,前田葵,2023-02-21 01:00:00+00,2023-02-21 02:00:00+00,株式会社ホライズン,インターン,他
20204012,r3a216,藤田大輔,2023-02-21 04:00:00+00,2023-02-21 04:45:00+00,株式会社ルミナス,試験_面接,結果待ち
20204019,r3a219,中島葵,2023-02-21 04:00:00+00,2023-02-21 05:00:00+00,株式会社ステラ,インターン,他
20222025,j2a117,中村花子,2023-02-22 01:00:00+00,2023-02-22 02:00:00+00,株式会社オメガ,セミナー,他
20204004,r3a237,前田陽菜,2023-02-22 01:00:00+00,2023-02-22 02:00:00+00,株式会社レイヤー,インターン,他
20213034,s2a105,前田悠斗,2023-02-22 01:00:00+00,2023-02-22 02:00:00+00,株式会社デルタ,セミナー,他
20204010,r3a102,森葵,2023-02-22 06:00:00+00,2023-02-22 07:00:00+00,株式会社ルミナス,説明会_単,他
20204034,r3a121,井上拓也,2023-02-23 01:00:00+00,2023-02-23 02:30:00+00,株式会社エンジン,試験_適正,結果待ち
20204057,r3a134,中村花子,2023-02-23 06:00:00+00,2023-02-23 06:45:00+00,株式会社リーフ,試験_面接,継続（合格）
20204014,r3a203,佐々木直樹,2023-02-23 06:00:00+00,2023-02-23 07:00:00+00,株式会社エッジ,セミナー,他
20213045,s2a409,山田葵,2023-02-23 06:00:00+00,2023-02-23 07:30:00+00,株式会社テックワークス,試験_適正,継続（合格）
20204090,r3a204,田中翔太,2023-02-24 01:00:00+00,2023-02-24 02:00:00+00,株式会社ライト,セミナー,他
20213053,s2a405,木村優奈,2023-02-24 01:00:00+00,2023-02-24 01:45:00+00,株式会社アルファ,試験_面接,継続（合格）
20222007,j1a108,佐々木大輔,2023-02-24 06:00:00+00,2023-02-24 07:00:00+00,株式会社アルファ,インターン,他
20204033,r3a115,鈴木太郎,2023-02-24 06:00:00+00,2023-02-24 06:45:00+00,株式会社デルタ,試験_面接,継続（合格）
20204001,r3a108,渡辺海斗,2023-02-25 01:00:00+00,2023-02-25 02:30:00+00,株式会社モデスト,試験_適正,結果待ち
20204078,r3a124,高橋凛,2023-02-25 01:00:00+00,2023-02-25 02:00:00+00,株式会社ユニオン,説明会_合,他
20204057,r3a134,中村花子,2023-02-25 01:00:00+00,2023-02-25 01:45:00+00,株式会社ブリッジ,試験_面接,結果待ち
20204019,r3a219,中島葵,2023-02-25 01:00:00+00,2023-02-25 01:45:00+00,株式会社サンライズ,試験_面接,不合格
20204013,r3a207,山崎陸,2023-02-25 04:00:00+00,2023-02-25 04:45:00+00,株式会社エンジン,試験_面接,結果待ち
20204009,r3a224,鈴木大輔,2023-02-25 04:00:00+00,2023-02-25 04:45:00+00,株式会社ベータ,試験_面接,結果待ち
20204059,r3a122,林陸,2023-02-25 06:00:00+00,2023-02-25 06:45:00+00,株式会社ブリッジ,試験_面接,継続（合格）
20204055,r3a129,高橋陸,2023-02-25 06:00:00+00,2023-02-25 07:00:00+00,株式会社モデスト,セミナー,他
20204004,r3a237,前田陽菜,2023-02-25 06:00:00+00,2023-02-25 07:30:00+00,株式会社レイヤー,試験_適正,結果待ち
20213042,s2a111,山口結衣,2023-02-25 06:00:00+00,2023-02-25 07:00:00+00,株式会社ミライ,説明会_合,他
20204080,r3a206,中村彩香,2023-02-26 01:00:00+00,2023-02-26 02:00:00+00,株式会社ブルーム,説明会_合,他
20204065,r3a225,中島拓也,2023-02-26 01:00:00+00,2023-02-26 02:30:00+00,株式会社ステラ,試験_適正,結果待ち
20213052,s2a203,清水優奈,2023-02-26 01:00:00+00,2023-02-26 02:30:00+00,株式会社ルミナス,試験_適正,結果待ち
20204090,r3a204,田中翔太,2023-02-26 04:00:00+00,2023-02-26 05:00:00+00,株式会社プライム,インターン,他
20204006,r3a229,山崎優奈,2023-02-26 04:00:00+00,2023-02-26 04:45:00+00,株式会社シード,試験_面接,結果待ち
20204087,r3a233,鈴木彩香,2023-02-26 04:00:00+00,2023-02-26 05:00:00+00,株式会社オメガ,セミナー,他
20213046,s2a212,田中翔太,2023-02-26 04:00:00+00,2023-02-26 04:45:00+00,株式会社フォース,試験_面接,結果待ち
20222002,j1a104,山下大輔,2023-02-26 06:00:00+00,2023-02-26 07:00:00+00,株式会社イノベーション,インターン,他
20204083,r3a127,吉田悠斗,2023-02-26 06:00:00+00,2023-02-26 06:45:00+00,株式会社オメガ,試験_面接,継続（合格）
20213059,s2a312,小林優樹,2023-02-26 06:00:00+00,2023-02-26 07:00:00+00,株式会社アルファ,説明会_単,他
20222032,j1a102,山下拓也,2023-02-27 01:00:00+00,2023-02-27 02:00:00+00,株式会社クロス,説明会_単,他
20204090,r3a204,田中翔太,2023-02-27 04:00:00+00,2023-02-27 05:00:00+00,株式会社ライト,説明会_単,他
20204035,r3a209,山田翔太,2023-02-27 04:00:00+00,2023-02-27 05:00:00+00,株式会社ストリーム,セミナー,他
20213033,s2a103,井上彩香,2023-02-27 04:00:00+00,2023-02-27 05:00:00+00,株式会社フォーカス,インターン,他
20204002,r3a107,前田太郎,2023-02-27 06:00:00+00,2023-02-27 07:30:00+00,株式会社モデスト,試験_適正,不合格
20204004,r3a237,前田陽菜,2023-02-27 06:00:00+00,2023-02-27 07:00:00+00,株式会社ガンマ,説明会_合,他
20222021,j2a109,木村優樹,2023-02-28 01:00:00+00,2023-02-28 02:00:00+00,株式会社レイヤー,説明会_合,他
20204057,r3a134,中村花子,2023-02-28 01:00:00+00,2023-02-28 02:00:00+00,株式会社ブリッジ,セミナー,他
20204037,r3a135,山本健太,2023-02-28 01:00:00+00,2023-02-28 01:45:00+00,株式会社リーフ,試験_面接,結果待ち
20204014,r3a203,佐々木直樹,2023-02-28 01:00:00+00,2023-02-28 02:00:00+00,株式会社イノベーション,インターン,他
20213031,s2a101,井上遥,2023-02-28 01:00:00+00,2023-02-28 02:30:00+00,株式会社ガンマ,試験_適正,継続（合格）
20213030,s2a202,清水花子,2023-02-28 01:00:00+00,2023-02-28 01:45:00+00,株式会社エコー,試験_面接,結果待ち
20213028,s2a410,山下海斗,2023-02-28 01:00:00+00,2023-02-28 02:30:00+00,株式会社プライム,試験_適正,不合格
20204002,r3a107,前田太郎,2023-02-28 04:00:00+00,2023-02-28 05:00:00+00,株式会社モデスト,説明会_単,他
20204079,r3a104,佐々木直樹,2023-02-28 06:00:00+00,2023-02-28 07:30:00+00,株式会社グロース,試験_適正,結果待ち
20204001,r3a108,渡辺海斗,2023-02-28 06:00:00+00,2023-02-28 07:30:00+00,株式会社フォーカス,試験_適正,継続（合格）
20204086,r3a109,鈴木翔太,2023-02-28 06:00:00+00,2023-02-28 07:00:00+00,株式会社ベータ,インターン,他
20204015,r3a111,松本翔太,2023-02-28 06:00:00+00,2023-02-28 07:00:00+00,株式会社ビジョン,インターン,他
20213047,s2a302,山田結衣,2023-02-28 06:00:00+00,2023-02-28 06:45:00+00,株式会社ベータ,試験_面接,継続（合格）
20204082,r3a201,山崎直樹,2023-03-01 01:00:00+00,2023-03-01 02:00:00+00,株式会社グリーン,説明会_単,他
20204019,r3a219,中島葵,2023-03-01 01:00:00+00,2023-03-01 01:45:00+00,株式会社クラフト,試験_面接,不合格
20213016,s2a407,渡辺彩香,2023-03-01 01:00:00+00,2023-03-01 02:00:00+00,株式会社ブリッジ,説明会_合,他
20213016,s2a407,渡辺彩香,2023-03-01 01:00:00+00,2023-03-01 02:30:00+00,株式会社ベータ,試験_適正,継続（合格）
20204016,r3a217,山本凛,2023-03-01 04:00:00+00,2023-03-01 05:30:00+00,株式会社オービット,試験_適正,継続（合格）
20213046,s2a212,田中翔太,2023-03-01 04:00:00+00,2023-03-01 05:00:00+00,株式会社グリーン,説明会_単,他
20213013,s2a408,前田葵,2023-03-01 04:00:00+00,2023-03-01 05:00:00+00,株式会社グリーン,説明会_単,他
20204001,r3a108,渡辺海斗,2023-03-01 06:00:00+00,2023-03-01 07:00:00+00,株式会社モデスト,インターン,他
20204026,r3a232,小林結衣,2023-03-01 06:00:00+00,2023-03-01 07:30:00+00,株式会社ネクスト,試験_適正,継続（合格）
20204051,r3a123,中島健太,2023-03-02 01:00:00+00,2023-03-02 02:00:00+00,株式会社オメガ,インターン,他
20204080,r3a206,中村彩香,2023-03-02 01:00:00+00,2023-03-02 02:30:00+00,株式会社ブルーム,試験_適正,結果待ち
20204073,r3a210,山口花子,2023-03-02 01:00:00+00,2023-03-02 01:45:00+00,株式会社クラフト,試験_面接,継続（合格）
20204018,r3a223,池田拓也,2023-03-02 01:00:00+00,2023-03-02 02:00:00+00,株式会社クレスト,インターン,他
20213004,s2a109,清水遥,2023-03-02 01:00:00+00,2023-03-02 02:00:00+00,株式会社アビリティ,セミナー,他
20213046,s2a212,田中翔太,2023-03-02 01:00:00+00,2023-03-02 02:00:00+00,株式会社フォース,セミナー,他
20213013,s2a408,前田葵,2023-03-02 01:00:00+00,2023-03-02 02:30:00+00,株式会社グリーン,試験_適正,継続（合格）
20222038,j2a106,木村花子,2023-03-02 04:00:00+00,2023-03-02 05:00:00+00,株式会社ライト,セミナー,他
20222039,j2a116,高橋拓也,2023-03-02 04:00:00+00,2023-03-02 05:00:00+00,株式会社オービット,インターン,他
20204063,r3a118,山口陽菜,2023-03-02 04:00:00+00,2023-03-02 04:45:00+00,株式会社パルス,試験_面接,結果待ち
20204041,r3a133,渡辺美咲,2023-03-02 04:00:00+00,2023-03-02 05:30:00+00,株式会社エコー,試験_適正,結果待ち
20213027,s2a107,森太郎,2023-03-02 04:00:00+00,2023-03-02 05:30:00+00,株式会社ネクスト,試験_適正,継続（合格）
20222041,j1a112,吉田優樹,2023-03-02 06:00:00+00,2023-03-02 07:00:00+00,株式会社アビリティ,説明会_単,他
20222033,j2a108,渡辺杏奈,2023-03-02 06:00:00+00,2023-03-02 07:00:00+00,株式会社エッジ,セミナー,他
20204008,r3a103,高橋太郎,2023-03-02 06:00:00+00,2023-03-02 06:45:00+00,株式会社ミライ,試験_面接,継続（合格）
20204040,r3a106,佐藤拓也,2023-03-02 06:00:00+00,2023-03-02 06:45:00+00,株式会社ルミナス,試験_面接,結果待ち
20204027,r3a202,山本海斗,2023-03-02 06:00:00+00,2023-03-02 07:30:00+00,株式会社フロンティア,試験_適正,継続（合格）
20204058,r3a205,木村直樹,2023-03-02 06:00:00+00,2023-03-02 06:45:00+00,株式会社デルタ,試験_面接,継続（合格）
20204065,r3a225,中島拓也,2023-03-02 06:00:00+00,2023-03-02 06:45:00+00,株式会社ネクスト,試験_面接,結果待ち
20222041,j1a112,吉田優樹,2023-03-03 01:00:00+00,2023-03-03 02:00:00+00,株式会社リンク,インターン,他
20204029,r3a101,木村優奈,2023-03-03 01:00:00+00,2023-03-03 02:30:00+00,株式会社ストリーム,試験_適正,不合格
20204067,r3a226,小林大輔,2023-03-03 01:00:00+00,2023-03-03 02:00:00+00,株式会社ストリーム,セミナー,他
20213016,s2a407,渡辺彩香,2023-03-03 01:00:00+00,2023-03-03 02:00:00+00,株式会社ベータ,説明会_単,他
20204059,r3a122,林陸,2023-03-03 04:00:00+00,2023-03-03 04:30:00+00,株式会社ブリッジ,試験_他,内定
20204089,r3a137,山下彩香,2023-03-03 04:00:00+00,2023-03-03 05:00:00+00,株式会社アビリティ,インターン,他
20204038,r3a221,前田美咲,2023-03-03 04:00:00+00,2023-03-03 05:30:00+00,株式会社クラフト,試験_適正,継続（合格）
20204067,r3a226,小林大輔,2023-03-03 04:00:00+00,2023-03-03 05:00:00+00,株式会社オーシャン,説明会_合,他
20204029,r3a101,木村優奈,2023-03-03 06:00:00+00,2023-03-03 07:30:00+00,株式会社ライト,試験_適正,結果待ち
20204047,r3a128,森凛,2023-03-03 06:00:00+00,2023-03-03 06:45:00+00,株式会社ステラ,試験_面接,辞退
20213046,s2a212,田中翔太,2023-03-03 06:00:00+00,2023-03-03 07:30:00+00,株式会社ミライ,試験_適正,結果待ち
20222050,j2a110,藤田海斗,2023-03-04 01:00:00+00,2023-03-04 02:30:00+00,株式会社アビリティ,試験_適正,不合格
20204022,r3a125,佐々木優樹,2023-03-04 01:00:00+00,2023-03-04 01:45:00+00,株式会社アーク,試験_面接,辞退
20204014,r3a203,佐々木直樹,2023-03-04 01:00:00+00,2023-03-04 01:45:00+00,株式会社イノベーション,試験_面接,結果待ち
20204020,r3a230,松本健太,2023-03-04 01:00:00+00,2023-03-04 01:45:00+00,株式会社イノベーション,試験_面接,継続（合格）
20222038,j2a106,木村花子,2023-03-04 04:00:00+00,2023-03-04 05:00:00+00,株式会社ライト,インターン,他
20204061,r3a117,佐藤直樹,2023-03-04 04:00:00+00,2023-03-04 05:30:00+00,株式会社アビリティ,試験_適正,不合格
20204042,r3a218,林彩香,2023-03-04 04:00:00+00,2023-03-04 05:00:00+00,株式会社アーク,インターン,他
20204026,r3a232,小林結衣,2023-03-04 04:00:00+00,2023-03-04 05:30:00+00,株式会社オーシャン,試験_適正,結果待ち
20222048,j1a117,石川優奈,2023-03-04 06:00:00+00,2023-03-04 07:00:00+00,株式会社デルタ,説明会_単,他
20222042,j2a122,前田直樹,2023-03-04 06:00:00+00,2023-03-04 07:00:00+00,株式会社フロンティア,セミナー,他
20204017,r3a213,渡辺健太,2023-03-04 06:00:00+00,2023-03-04 07:30:00+00,株式会社クラフト,試験_適正,継続（合格）
20222037,j2a121,木村結衣,2023-03-05 01:00:00+00,2023-03-05 02:00:00+00,株式会社テックワークス,インターン,他
20204040,r3a106,佐藤拓也,2023-03-05 01:00:00+00,2023-03-05 02:00:00+00,株式会社リーフ,セミナー,他
20204014,r3a203,佐々木直樹,2023-03-05 01:00:00+00,2023-03-05 02:30:00+00,株式会社テックワークス,試験_適正,継続（合格）
20213024,s2a204,中村優奈,2023-03-05 01:00:00+00,2023-03-05 02:30:00+00,株式会社ストリーム,試験_適正,結果待ち
20213024,s2a204,中村優奈,2023-03-05 01:00:00+00,2023-03-05 01:45:00+00,株式会社ノヴァ,試験_面接,結果待ち
20222013,j2a115,阿部美咲,2023-03-05 04:00:00+00,2023-03-05 05:00:00+00,株式会社フォーカス,説明会_合,他
20204080,r3a206,中村彩香,2023-03-05 04:00:00+00,2023-03-05 04:45:00+00,株式会社パルス,試験_面接,不合格
20204065,r3a225,中島拓也,2023-03-05 04:00:00+00,2023-03-05 05:30:00+00,株式会社モデスト,試験_適正,結果待ち
20213039,s2a309,山下海斗,2023-03-05 04:00:00+00,2023-03-05 04:45:00+00,株式会社コア,試験_面接,結果待ち
20222037,j2a121,木村結衣,2023-03-05 06:00:00+00,2023-03-05 07:30:00+00,株式会社テックワークス,試験_適正,継続（合格）
20222007,j1a108,佐々木大輔,2023-03-06 01:00:00+00,2023-03-06 02:30:00+00,株式会社ホライズン,試験_適正,結果待ち
20204063,r3a118,山口陽菜,2023-03-06 01:00:00+00,2023-03-06 02:00:00+00,株式会社パルス,インターン,他
20204037,r3a135,山本健太,2023-03-06 01:00:00+00,2023-03-06 02:00:00+00,株式会社ガンマ,説明会_合,他
20204037,r3a135,山本健太,2023-03-06 01:00:00+00,2023-03-06 02:00:00+00,株式会社リーフ,インターン,他
20204012,r3a216,藤田大輔,2023-03-06 01:00:00+00,2023-03-06 02:30:00+00,株式会社シグマ,試験_適正,不合格
20204018,r3a223,池田拓也,2023-03-06 01:00:00+00,2023-03-06 01:45:00+00,株式会社クレスト,試験_面接,結果待ち
20222042,j2a122,前田直樹,2023-03-06 04:00:00+00,2023-03-06 05:00:00+00,株式会社オメガ,セミナー,他
20204058,r3a205,木村直樹,2023-03-06 04:00:00+00,2023-03-06 04:45:00+00,株式会社アトラス,試験_面接,結果待ち
20204065,r3a225,中島拓也,2023-03-06 04:00:00+00,2023-03-06 05:00:00+00,株式会社ネクスト,セミナー,他
20213003,s2a106,鈴木凛,2023-03-06 04:00:00+00,2023-03-06 04:45:00+00,株式会社ミライ,試験_面接,結果待ち
20213026,s2a403,前田結衣,2023-03-06 04:00:00+00,2023-03-06 05:00:00+00,株式会社ベータ,インターン,他
20213045,s2a409,山田葵,2023-03-06 04:00:00+00,2023-03-06 05:00:00+00,株式会社クレスト,セミナー,他
20222033,j2a108,渡辺杏奈,2023-03-06 06:00:00+00,2023-03-06 06:45:00+00,株式会社ストリーム,試験_面接,結果待ち
20204017,r3a213,渡辺健太,2023-03-06 06:00:00+00,2023-03-06 06:45:00+00,株式会社クラフト,試験_面接,不合格
20204016,r3a217,山本凛,2023-03-06 06:00:00+00,2023-03-06 07:00:00+00,株式会社ガンマ,セミナー,他
20213016,s2a407,渡辺彩香,2023-03-06 06:00:00+00,2023-03-06 07:30:00+00,株式会社オービット,試験_適正,継続（合格）
20222008,j1a101,加藤陸,2023-03-07 01:00:00+00,2023-03-07 01:45:00+00,株式会社レイヤー,試験_面接,辞退
20222050,j2a110,藤田海斗,2023-03-07 01:00:00+00,2023-03-07 02:00:00+00,株式会社アビリティ,インターン,他
20213042,s2a111,山口結衣,2023-03-07 01:00:00+00,2023-03-07 02:30:00+00,株式会社シグマ,試験_適正,継続（合格）
20222040,j2a101,佐々木直樹,2023-03-07 04:00:00+00,2023-03-07 05:00:00+00,株式会社マーブル,説明会_合,他
20204001,r3a108,渡辺海斗,2023-03-07 04:00:00+00,2023-03-07 04:45:00+00,株式会社フォーカス,試験_面接,結果待ち
20204070,r3a116,松本優樹,2023-03-07 04:00:00+00,2023-03-07 05:30:00+00,株式会社ネクスト,試験_適正,不合格
20204051,r3a123,中島健太,2023-03-07 04:00:00+00,2023-03-07 04:45:00+00,株式会社オメガ,試験_面接,不合格
20204011,r3a211,松本花子,2023-03-07 04:00:00+00,2023-03-07 05:00:00+00,株式会社エンジン,説明会_単,他
20213059,s2a312,小林優樹,2023-03-07 04:00:00+00,2023-03-07 05:30:00+00,株式会社アルファ,試験_適正,結果待ち
20222021,j2a109,木村優樹,2023-03-07 06:00:00+00,2023-03-07 07:00:00+00,株式会社リーフ,セミナー,他
20204038,r3a221,前田美咲,2023-03-07 06:00:00+00,2023-03-07 06:45:00+00,株式会社コア,試験_面接,結果待ち
20222030,j1a107,小林遥,2023-03-08 01:00:00+00,2023-03-08 02:00:00+00,株式会社アセント,説明会_単,他
20222050,j2a110,藤田海斗,2023-03-08 01:00:00+00,2023-03-08 02:30:00+00,株式会社エコー,試験_適正,辞退
20204089,r3a137,山下彩香,2023-03-08 01:00:00+00,2023-03-08 02:00:00+00,株式会社アビリティ,インターン,他
20204014,r3a203,佐々木直樹,2023-03-08 01:00:00+00,2023-03-08 01:45:00+00,株式会社テックワークス,試験_面接,結果待ち
20204067,r3a226,小林大輔,2023-03-08 01:00:00+00,2023-03-08 02:00:00+00,株式会社グロース,説明会_単,他
20213042,s2a111,山口結衣,2023-03-08 01:00:00+00,2023-03-08 02:00:00+00,株式会社ユニオン,セミナー,他
20222009,j1a110,山下太郎,2023-03-08 04:00:00+00,2023-03-08 05:00:00+00,株式会社ルミナス,説明会_単,他
20222046,j2a107,中村健太,2023-03-08 04:00:00+00,2023-03-08 05:00:00+00,株式会社シグマ,セミナー,他
20204021,r3a113,池田凛,2023-03-08 04:00:00+00,2023-03-08 04:45:00+00,株式会社クラフト,試験_面接,結果待ち
20204059,r3a122,林陸,2023-03-08 04:00:00+00,2023-03-08 04:45:00+00,株式会社ブリッジ,試験_面接,継続（合格）
20204083,r3a127,吉田悠斗,2023-03-08 04:00:00+00,2023-03-08 05:30:00+00,株式会社オメガ,試験_適正,継続（合格）
20204006,r3a229,山崎優奈,2023-03-08 04:00:00+00,2023-03-08 04:45:00+00,株式会社グロース,試験_面接,結果待ち
20213013,s2a408,前田葵,2023-03-08 04:00:00+00,2023-03-08 05:00:00+00,株式会社クロス,説明会_単,他
20222048,j1a117,石川優奈,2023-03-08 06:00:00+00,2023-03-08 07:00:00+00,株式会社クラフト,インターン,他
20222047,j2a104,山本陽菜,2023-03-08 06:00:00+00,2023-03-08 07:00:00+00,株式会社アセント,インターン,他
20204008,r3a103,高橋太郎,2023-03-08 06:00:00+00,2023-03-08 07:00:00+00,株式会社ミライ,セミナー,他
20204019,r3a219,中島葵,2023-03-08 06:00:00+00,2023-03-08 07:00:00+00,株式会社サンライズ,説明会_合,他
20213032,s2a208,渡辺杏奈,2023-03-08 06:00:00+00,2023-03-08 07:00:00+00,株式会社フォーカス,説明会_単,他
20213041,s2a404,鈴木太郎,2023-03-08 06:00:00+00,2023-03-08 07:00:00+00,株式会社グリーン,説明会_単,他
20213003,s2a106,鈴木凛,2023-03-09 01:00:00+00,2023-03-09 01:45:00+00,株式会社ハーモニー,試験_面接,継続（合格）
20222044,j2a113,木村優奈,2023-03-09 04:00:00+00,2023-03-09 04:45:00+00,株式会社シグマ,試験_面接,結果待ち
20204017,r3a213,渡辺健太,2023-03-09 04:00:00+00,2023-03-09 04:45:00+00,株式会社アビリティ,試験_面接,結果待ち
20213052,s2a203,清水優奈,2023-03-09 04:00:00+00,2023-03-09 05:00:00+00,株式会社シグマ,説明会_単,他
20204033,r3a115,鈴木太郎,2023-03-09 06:00:00+00,2023-03-09 07:00:00+00,株式会社デルタ,説明会_単,他
20204051,r3a123,中島健太,2023-03-09 06:00:00+00,2023-03-09 06:45:00+00,株式会社アルファ,試験_面接,結果待ち
20204038,r3a221,前田美咲,2023-03-09 06:00:00+00,2023-03-09 06:45:00+00,株式会社コア,試験_面接,継続（合格）
20204006,r3a229,山崎優奈,2023-03-09 06:00:00+00,2023-03-09 07:00:00+00,株式会社グロース,インターン,他
20213047,s2a302,山田結衣,2023-03-09 06:00:00+00,2023-03-09 07:00:00+00,株式会社エッジ,説明会_合,他
20204013,r3a207,山崎陸,2023-03-10 01:00:00+00,2023-03-10 02:30:00+00,株式会社エンジン,試験_適正,継続（合格）
20204016,r3a217,山本凛,2023-03-10 01:00:00+00,2023-03-10 02:30:00+00,株式会社デルタ,試験_適正,不合格
20204009,r3a224,鈴木大輔,2023-03-10 01:00:00+00,2023-03-10 02:30:00+00,株式会社ミライ,試験_適正,結果待ち
20204026,r3a232,小林結衣,2023-03-10 01:00:00+00,2023-03-10 01:45:00+00,株式会社ネクスト,試験_面接,結果待ち
20204004,r3a237,前田陽菜,2023-03-10 01:00:00+00,2023-03-10 01:45:00+00,株式会社ガンマ,試験_面接,結果待ち
20213034,s2a105,前田悠斗,2023-03-10 01:00:00+00,2023-03-10 02:00:00+00,株式会社ユニオン,説明会_単,他
20213026,s2a403,前田結衣,2023-03-10 01:00:00+00,2023-03-10 02:00:00+00,株式会社テックワークス,インターン,他
20204070,r3a116,松本優樹,2023-03-10 04:00:00+00,2023-03-10 05:00:00+00,株式会社リンク,説明会_合,他
20204011,r3a211,松本花子,2023-03-10 04:00:00+00,2023-03-10 05:00:00+00,株式会社フロンティア,インターン,他
20204017,r3a213,渡辺健太,2023-03-10 04:00:00+00,2023-03-10 04:45:00+00,株式会社プライム,試験_面接,結果待ち
20204087,r3a233,鈴木彩香,2023-03-10 04:00:00+00,2023-03-10 05:00:00+00,株式会社マーブル,インターン,他
20213004,s2a109,清水遥,2023-03-10 04:00:00+00,2023-03-10 05:00:00+00,株式会社アビリティ,セミナー,他
20213024,s2a204,中村優奈,2023-03-10 04:00:00+00,2023-03-10 04:45:00+00,株式会社ガンマ,試験_面接,継続（合格）
20213037,s2a209,鈴木優奈,2023-03-10 04:00:00+00,2023-03-10 04:45:00+00,株式会社ハーモニー,試験_面接,結果待ち
20213002,s2a306,阿部悠斗,2023-03-10 04:00:00+00,2023-03-10 05:30:00+00,株式会社フォース,試験_適正,継続（合格）
20213005,s2a311,松本直樹,2023-03-10 04:00:00+00,2023-03-10 05:00:00+00,株式会社ハーモニー,説明会_単,他
20222042,j2a122,前田直樹,2023-03-10 06:00:00+00,2023-03-10 07:30:00+00,株式会社フロンティア,試験_適正,結果待ち
20204083,r3a127,吉田悠斗,2023-03-10 06:00:00+00,2023-03-10 06:45:00+00,株式会社オメガ,試験_面接,結果待ち
20204047,r3a128,森凛,2023-03-10 06:00:00+00,2023-03-10 07:00:00+00,株式会社レイヤー,インターン,他
20204066,r3a132,林健太,2023-03-10 06:00:00+00,2023-03-10 07:30:00+00,株式会社パルス,試験_適正,結果待ち
20204011,r3a211,松本花子,2023-03-10 06:00:00+00,2023-03-10 06:45:00+00,株式会社フロンティア,試験_面接,結果待ち
20213058,s2a104,山崎太郎,2023-03-10 06:00:00+00,2023-03-10 07:00:00+00,株式会社リンク,説明会_合,他
20213016,s2a407,渡辺彩香,2023-03-10 06:00:00+00,2023-03-10 06:45:00+00,株式会社ブリッジ,試験_面接,不合格
20222014,j1a122,藤田健太,2023-03-11 01:00:00+00,2023-03-11 02:30:00+00,株式会社アセント,試験_適正,不合格
20204069,r3a112,森結衣,2023-03-11 01:00:00+00,2023-03-11 01:45:00+00,株式会社エッジ,試験_面接,継続（合格）
20204027,r3a202,山本海斗,2023-03-11 01:00:00+00,2023-03-11 01:45:00+00,株式会社グリーン,試験_面接,継続（合格）
20204038,r3a221,前田美咲,2023-03-11 01:00:00+00,2023-03-11 02:00:00+00,株式会社クラフト,説明会_合,他
20204006,r3a229,山崎優奈,2023-03-11 01:00:00+00,2023-03-11 02:00:00+00,株式会社オービット,説明会_合,他
20213031,s2a101,井上遥,2023-03-11 01:00:00+00,2023-03-11 02:30:00+00,株式会社クロス,試験_適正,継続（合格）
20213042,s2a111,山口結衣,2023-03-11 01:00:00+00,2023-03-11 02:30:00+00,株式会社コア,試験_適正,辞退
20213040,s2a406,吉田陽菜,2023-03-11 01:00:00+00,2023-03-11 02:00:00+00,株式会社イプシロン,説明会_合,他
20213016,s2a407,渡辺彩香,2023-03-11 01:00:00+00,2023-03-11 01:45:00+00,株式会社ベータ,試験_面接,結果待ち
20204001,r3a108,渡辺海斗,2023-03-11 04:00:00+00,2023-03-11 05:30:00+00,株式会社オービット,試験_適正,結果待ち
20204035,r3a209,山田翔太,2023-03-11 04:00:00+00,2023-03-11 05:00:00+00,株式会社ミライ,セミナー,他
20204071,r3a222,石川悠斗,2023-03-11 04:00:00+00,2023-03-11 04:45:00+00,株式会社サンライズ,試験_面接,結果待ち
20213023,s2a207,小林彩香,2023-03-11 04:00:00+00,2023-03-11 05:30:00+00,株式会社リンク,試験_適正,結果待ち
20213005,s2a311,松本直樹,2023-03-11 04:00:00+00,2023-03-11 04:45:00+00,株式会社エコー,試験_面接,結果待ち
20213041,s2a404,鈴木太郎,2023-03-11 04:00:00+00,2023-03-11 05:00:00+00,株式会社ルミナス,説明会_単,他
20222026,j1a103,鈴木遥,2023-03-11 06:00:00+00,2023-03-11 07:30:00+00,株式会社エンジン,試験_適正,結果待ち
20222012,j1a119,山田陸,2023-03-11 06:00:00+00,2023-03-11 07:00:00+00,株式会社オーシャン,説明会_単,他
20222046,j2a107,中村健太,2023-03-11 06:00:00+00,2023-03-11 07:00:00+00,株式会社アトラス,インターン,他
20222018,j2a114,山田美咲,2023-03-11 06:00:00+00,2023-03-11 06:45:00+00,株式会社パルス,試験_面接,辞退
20204029,r3a101,木村優奈,2023-03-11 06:00:00+00,2023-03-11 07:00:00+00,株式会社リーフ,説明会_単,他
20204022,r3a125,佐々木優樹,2023-03-11 06:00:00+00,2023-03-11 07:30:00+00,株式会社アセント,試験_適正,継続（合格）
20204042,r3a218,林彩香,2023-03-11 06:00:00+00,2023-03-11 06:45:00+00,株式会社アーク,試験_面接,継続（合格）
20213025,s2a211,伊藤美咲,2023-03-11 06:00:00+00,2023-03-11 07:00:00+00,株式会社ビジョン,セミナー,他
20222038,j2a106,木村花子,2023-03-12 01:00:00+00,2023-03-12 02:00:00+00,株式会社ベータ,セミナー,他
20204022,r3a125,佐々木優樹,2023-03-12 01:00:00+00,2023-03-12 02:30:00+00,株式会社アルファ,試験_適正,不合格
20204035,r3a209,山田翔太,2023-03-12 01:00:00+00,2023-03-12 02:00:00+00,株式会社リーフ,インターン,他
20204030,r3a215,池田太郎,2023-03-12 01:00:00+00,2023-03-12 02:00:00+00,株式会社クラフト,説明会_合,他
20204016,r3a217,山本凛,2023-03-12 01:00:00+00,2023-03-12 02:00:00+00,株式会社デルタ,説明会_単,他
20213052,s2a203,清水優奈,2023-03-12 01:00:00+00,2023-03-12 01:45:00+00,株式会社シグマ,試験_面接,結果待ち
20213041,s2a404,鈴木太郎,2023-03-12 01:00:00+00,2023-03-12 01:45:00+00,株式会社グリーン,試験_面接,不合格
20222032,j1a102,山下拓也,2023-03-12 04:00:00+00,2023-03-12 05:00:00+00,株式会社クラフト,セミナー,他
20204037,r3a135,山本健太,2023-03-12 04:00:00+00,2023-03-12 04:45:00+00,株式会社コア,試験_面接,結果待ち
20204089,r3a137,山下彩香,2023-03-12 04:00:00+00,2023-03-12 05:00:00+00,株式会社フォーカス,説明会_合,他
20204006,r3a229,山崎優奈,2023-03-12 04:00:00+00,2023-03-12 05:30:00+00,株式会社オービット,試験_適正,辞退
20213015,s2a201,池田大輔,2023-03-12 04:00:00+00,2023-03-12 05:30:00+00,株式会社クレスト,試験_適正,結果待ち
20213013,s2a408,前田葵,2023-03-12 04:00:00+00,2023-03-12 05:30:00+00,株式会社クロス,試験_適正,結果待ち
20222012,j1a119,山田陸,2023-03-12 06:00:00+00,2023-03-12 07:00:00+00,株式会社ライト,説明会_合,他
20222045,j1a120,鈴木海斗,2023-03-12 06:00:00+00,2023-03-12 07:30:00+00,株式会社マーブル,試験_適正,継続（合格）
20222037,j2a121,木村結衣,2023-03-12 06:00:00+00,2023-03-12 07:00:00+00,株式会社ハーモニー,インターン,他
20204010,r3a102,森葵,2023-03-12 06:00:00+00,2023-03-12 06:45:00+00,株式会社ルミナス,試験_面接,辞退
20204017,r3a213,渡辺健太,2023-03-12 06:00:00+00,2023-03-12 07:00:00+00,株式会社アビリティ,インターン,他
20204017,r3a213,渡辺健太,2023-03-12 06:00:00+00,2023-03-12 06:45:00+00,株式会社ストリーム,試験_面接,結果待ち
20213013,s2a408,前田葵,2023-03-12 06:00:00+00,2023-03-12 06:45:00+00,株式会社グリーン,試験_面接,結果待ち
20222044,j2a113,木村優奈,2023-03-13 01:00:00+00,2023-03-13 02:30:00+00,株式会社ハーモニー,試験_適正,結果待ち
20204069,r3a112,森結衣,2023-03-13 01:00:00+00,2023-03-13 02:00:00+00,株式会社エッジ,インターン,他
20204037,r3a135,山本健太,2023-03-13 01:00:00+00,2023-03-13 02:00:00+00,株式会社リーフ,インターン,他
20204067,r3a226,小林大輔,2023-03-13 01:00:00+00,2023-03-13 02:30:00+00,株式会社オーシャン,試験_適正,結果待ち
20204049,r3a227,中村花子,2023-03-13 01:00:00+00,2023-03-13 01:45:00+00,株式会社サンライズ,試験_面接,結果待ち
20213042,s2a111,山口結衣,2023-03-13 01:00:00+00,2023-03-13 02:00:00+00,株式会社シグマ,セミナー,他
20213018,s2a305,山田太郎,2023-03-13 01:00:00+00,2023-03-13 01:45:00+00,株式会社ホライズン,試験_面接,継続（合格）
20222041,j1a112,吉田優樹,2023-03-13 04:00:00+00,2023-03-13 05:30:00+00,株式会社ブリッジ,試験_適正,継続（合格）
20204008,r3a103,高橋太郎,2023-03-13 04:00:00+00,2023-03-13 04:45:00+00,株式会社ミライ,試験_面接,継続（合格）
20204015,r3a111,松本翔太,2023-03-13 04:00:00+00,2023-03-13 05:30:00+00,株式会社アルファ,試験_適正,継続（合格）
20204073,r3a210,山口花子,2023-03-13 04:00:00+00,2023-03-13 05:00:00+00,株式会社クラフト,説明会_合,他
20204011,r3a211,松本花子,2023-03-13 04:00:00+00,2023-03-13 05:30:00+00,株式会社エンジン,試験_適正,結果待ち
20213027,s2a107,森太郎,2023-03-13 04:00:00+00,2023-03-13 05:00:00+00,株式会社リーフ,セミナー,他
20213047,s2a302,山田結衣,2023-03-13 04:00:00+00,2023-03-13 05:00:00+00,株式会社ベータ,セミナー,他
20213018,s2a305,山田太郎,2023-03-13 04:00:00+00,2023-03-13 05:00:00+00,株式会社リンク,説明会_単,他
20213041,s2a404,鈴木太郎,2023-03-13 04:00:00+00,2023-03-13 05:30:00+00,株式会社ルミナス,試験_適正,不合格
20213013,s2a408,前田葵,2023-03-13 04:00:00+00,2023-03-13 05:00:00+00,株式会社モデスト,説明会_合,他
20222012,j1a119,山田陸,2023-03-13 06:00:00+00,2023-03-13 07:30:00+00,株式会社サンライズ,試験_適正,継続（合格）
20204029,r3a101,木村優奈,2023-03-13 06:00:00+00,2023-03-13 07:00:00+00,株式会社ステラ,インターン,他
20204016,r3a217,山本凛,2023-03-13 06:00:00+00,2023-03-13 06:45:00+00,株式会社ライト,試験_面接,継続（合格）
20204049,r3a227,中村花子,2023-03-13 06:00:00+00,2023-03-13 07:00:00+00,株式会社サンライズ,説明会_合,他
20213027,s2a107,森太郎,2023-03-13 06:00:00+00,2023-03-13 06:45:00+00,株式会社テックワークス,試験_面接,結果待ち
20213037,s2a209,鈴木優奈,2023-03-13 06:00:00+00,2023-03-13 07:30:00+00,株式会社ユニオン,試験_適正,不合格
20213025,s2a211,伊藤美咲,2023-03-13 06:00:00+00,2023-03-13 07:30:00+00,株式会社ビジョン,試験_適正,結果待ち
20222002,j1a104,山下大輔,2023-03-14 01:00:00+00,2023-03-14 01:45:00+00,株式会社イノベーション,試験_面接,結果待ち
20222036,j1a113,小林陽菜,2023-03-14 01:00:00+00,2023-03-14 02:00:00+00,株式会社シード,セミナー,他
20222010,j1a115,山口翔太,2023-03-14 01:00:00+00,2023-03-14 02:00:00+00,株式会社オービット,インターン,他
20222045,j1a120,鈴木海斗,2023-03-14 01:00:00+00,2023-03-14 02:00:00+00,株式会社マーブル,セミナー,他
20222040,j2a101,佐々木直樹,2023-03-14 01:00:00+00,2023-03-14 02:30:00+00,株式会社ライト,試験_適正,継続（合格）
20222040,j2a101,佐々木直樹,2023-03-14 01:00:00+00,2023-03-14 02:00:00+00,株式会社ブルーム,セミナー,他
20222050,j2a110,藤田海斗,2023-03-14 01:00:00+00,2023-03-14 02:00:00+00,株式会社クロス,説明会_単,他
20222018,j2a114,山田美咲,2023-03-14 01:00:00+00,2023-03-14 02:00:00+00,株式会社ステラ,インターン,他
20204040,r3a106,佐藤拓也,2023-03-14 01:00:00+00,2023-03-14 02:00:00+00,株式会社ユニオン,説明会_単,他
20204016,r3a217,山本凛,2023-03-14 01:00:00+00,2023-03-14 01:45:00+00,株式会社オービット,試験_面接,結果待ち
20204065,r3a225,中島拓也,2023-03-14 01:00:00+00,2023-03-14 02:00:00+00,株式会社ステラ,セミナー,他
20213039,s2a309,山下海斗,2023-03-14 01:00:00+00,2023-03-14 02:00:00+00,株式会社コア,説明会_単,他
20222010,j1a115,山口翔太,2023-03-14 04:00:00+00,2023-03-14 05:00:00+00,株式会社オービット,セミナー,他
20222037,j2a121,木村結衣,2023-03-14 04:00:00+00,2023-03-14 04:45:00+00,株式会社テックワークス,試験_面接,結果待ち
20204059,r3a122,林陸,2023-03-14 04:00:00+00,2023-03-14 05:00:00+00,株式会社ブリッジ,内定後活動,内定
20204076,r3a126,山口翔太,2023-03-14 04:00:00+00,2023-03-14 04:30:00+00,株式会社リンク,試験_他,内定
20204057,r3a134,中村花子,2023-03-14 04:00:00+00,2023-03-14 05:00:00+00,株式会社フォース,セミナー,他
20204027,r3a202,山本海斗,2023-03-14 04:00:00+00,2023-03-14 05:00:00+00,株式会社フロンティア,説明会_単,他
20204090,r3a204,田中翔太,2023-03-14 04:00:00+00,2023-03-14 05:30:00+00,株式会社ミライ,試験_適正,結果待ち
20204074,r3a228,池田花子,2023-03-14 04:00:00+00,2023-03-14 05:00:00+00,株式会社レイヤー,セミナー,他
20204052,r3a234,中島優樹,2023-03-14 04:00:00+00,2023-03-14 04:45:00+00,株式会社クラフト,試験_面接,継続（合格）
20204052,r3a234,中島優樹,2023-03-14 04:00:00+00,2023-03-14 05:30:00+00,株式会社ブリッジ,試験_適正,継続（合格）
20204086,r3a109,鈴木翔太,2023-03-14 06:00:00+00,2023-03-14 07:00:00+00,株式会社テックワークス,説明会_単,他
20204083,r3a127,吉田悠斗,2023-03-14 06:00:00+00,2023-03-14 07:30:00+00,株式会社レイヤー,試験_適正,継続（合格）
20204080,r3a206,中村彩香,2023-03-14 06:00:00+00,2023-03-14 07:30:00+00,株式会社クラフト,試験_適正,辞退
20204018,r3a223,池田拓也,2023-03-14 06:00:00+00,2023-03-14 07:30:00+00,株式会社リンク,試験_適正,結果待ち
20213027,s2a107,森太郎,2023-03-14 06:00:00+00,2023-03-14 07:00:00+00,株式会社テックワークス,セミナー,他
20213004,s2a109,清水遥,2023-03-14 06:00:00+00,2023-03-14 07:00:00+00,株式会社ガンマ,説明会_合,他
20213048,s2a210,吉田優樹,2023-03-14 06:00:00+00,2023-03-14 07:00:00+00,株式会社イプシロン,インターン,他
20213028,s2a410,山下海斗,2023-03-14 06:00:00+00,2023-03-14 06:45:00+00,株式会社ブルーム,試験_面接,結果待ち
20222026,j1a103,鈴木遥,2023-03-15 01:00:00+00,2023-03-15 02:30:00+00,株式会社ベータ,試験_適正,結果待ち
20222029,j1a114,阿部太郎,2023-03-15 01:00:00+00,2023-03-15 02:00:00+00,株式会社エッジ,説明会_単,他
20222010,j1a115,山口翔太,2023-03-15 01:00:00+00,2023-03-15 02:00:00+00,株式会社アルファ,セミナー,他
20222033,j2a108,渡辺杏奈,2023-03-15 01:00:00+00,2023-03-15 02:30:00+00,株式会社ストリーム,試験_適正,継続（合格）
20204008,r3a103,高橋太郎,2023-03-15 01:00:00+00,2023-03-15 01:45:00+00,株式会社ミライ,試験_面接,継続（合格）
20204022,r3a125,佐々木優樹,2023-03-15 01:00:00+00,2023-03-15 02:00:00+00,株式会社アーク,説明会_合,他
20204017,r3a213,渡辺健太,2023-03-15 01:00:00+00,2023-03-15 02:00:00+00,株式会社マーブル,インターン,他
20213031,s2a101,井上遥,2023-03-15 01:00:00+00,2023-03-15 02:00:00+00,株式会社コア,インターン,他
20213058,s2a104,山崎太郎,2023-03-15 01:00:00+00,2023-03-15 02:00:00+00,株式会社イノベーション,説明会_合,他
20213018,s2a305,山田太郎,2023-03-15 01:00:00+00,2023-03-15 02:00:00+00,株式会社イプシロン,説明会_単,他
20213035,s2a310,斎藤健太,2023-03-15 01:00:00+00,2023-03-15 02:00:00+00,株式会社フロンティア,セミナー,他
20222014,j1a122,藤田健太,2023-03-15 04:00:00+00,2023-03-15 05:00:00+00,株式会社アセント,説明会_単,他
20222043,j2a118,田中拓也,2023-03-15 04:00:00+00,2023-03-15 05:00:00+00,株式会社アーク,インターン,他
20204063,r3a118,山口陽菜,2023-03-15 04:00:00+00,2023-03-15 05:30:00+00,株式会社エコー,試験_適正,継続（合格）
20204055,r3a129,高橋陸,2023-03-15 04:00:00+00,2023-03-15 05:30:00+00,株式会社サンライズ,試験_適正,継続（合格）
20204017,r3a213,渡辺健太,2023-03-15 04:00:00+00,2023-03-15 05:00:00+00,株式会社クラフト,インターン,他
20204018,r3a223,池田拓也,2023-03-15 04:00:00+00,2023-03-15 04:45:00+00,株式会社ネクスト,試験_面接,結果待ち
20213034,s2a105,前田悠斗,2023-03-15 04:00:00+00,2023-03-15 05:00:00+00,株式会社デルタ,説明会_合,他
20213024,s2a204,中村優奈,2023-03-15 04:00:00+00,2023-03-15 05:30:00+00,株式会社イプシロン,試験_適正,継続（合格）
20213046,s2a212,田中翔太,2023-03-15 04:00:00+00,2023-03-15 05:30:00+00,株式会社グリーン,試験_適正,結果待ち
20213018,s2a305,山田太郎,2023-03-15 04:00:00+00,2023-03-15 04:45:00+00,株式会社エコー,試験_面接,結果待ち
20204021,r3a113,池田凛,2023-03-15 06:00:00+00,2023-03-15 06:45:00+00,株式会社デルタ,試験_面接,不合格
20204033,r3a115,鈴木太郎,2023-03-15 06:00:00+00,2023-03-15 06:45:00+00,株式会社ホライズン,試験_面接,継続（合格）
20204020,r3a230,松本健太,2023-03-15 06:00:00+00,2023-03-15 06:45:00+00,株式会社イノベーション,試験_面接,継続（合格）
20213034,s2a105,前田悠斗,2023-03-15 06:00:00+00,2023-03-15 06:45:00+00,株式会社デルタ,試験_面接,不合格
20213034,s2a105,前田悠斗,2023-03-15 06:00:00+00,2023-03-15 06:45:00+00,株式会社ユニオン,試験_面接,結果待ち
20213004,s2a109,清水遥,2023-03-15 06:00:00+00,2023-03-15 06:45:00+00,株式会社ガンマ,試験_面接,結果待ち
20213032,s2a208,渡辺杏奈,2023-03-15 06:00:00+00,2023-03-15 07:00:00+00,株式会社ガンマ,インターン,他
20213007,s2a301,佐々木悠斗,2023-03-15 06:00:00+00,2023-03-15 07:00:00+00,株式会社アーク,説明会_単,他
20213010,s2a304,田中直樹,2023-03-15 06:00:00+00,2023-03-15 07:00:00+00,株式会社シグマ,セミナー,他
20213005,s2a311,松本直樹,2023-03-15 06:00:00+00,2023-03-15 07:30:00+00,株式会社ハーモニー,試験_適正,結果待ち
20213028,s2a410,山下海斗,2023-03-15 06:00:00+00,2023-03-15 07:00:00+00,株式会社ブルーム,説明会_合,他
20222008,j1a101,加藤陸,2023-03-16 01:00:00+00,2023-03-16 02:00:00+00,株式会社ライト,セミナー,他
20222007,j1a108,佐々木大輔,2023-03-16 01:00:00+00,2023-03-16 02:30:00+00,株式会社マーブル,試験_適正,結果待ち
20222038,j2a106,木村花子,2023-03-16 01:00:00+00,2023-03-16 02:00:00+00,株式会社ベータ,説明会_合,他
20213032,s2a208,渡辺杏奈,2023-03-16 01:00:00+00,2023-03-16 02:00:00+00,株式会社フォーカス,セミナー,他
20213037,s2a209,鈴木優奈,2023-03-16 01:00:00+00,2023-03-16 02:00:00+00,株式会社ユニオン,インターン,他
20213009,s2a411,阿部陽菜,2023-03-16 01:00:00+00,2023-03-16 01:45:00+00,株式会社ネクスト,試験_面接,結果待ち
20222012,j1a119,山田陸,2023-03-16 04:00:00+00,2023-03-16 05:00:00+00,株式会社オーシャン,インターン,他
20222042,j2a122,前田直樹,2023-03-16 04:00:00+00,2023-03-16 05:00:00+00,株式会社ユニオン,説明会_単,他
20222042,j2a122,前田直樹,2023-03-16 06:00:00+00,2023-03-16 06:45:00+00,株式会社オメガ,試験_面接,結果待ち
20204022,r3a125,佐々木優樹,2023-03-16 06:00:00+00,2023-03-16 07:00:00+00,株式会社アルファ,インターン,他
20204083,r3a127,吉田悠斗,2023-03-16 06:00:00+00,2023-03-16 07:00:00+00,株式会社レイヤー,説明会_合,他
20204035,r3a209,山田翔太,2023-03-16 06:00:00+00,2023-03-16 06:45:00+00,株式会社ミライ,試験_面接,結果待ち
20204030,r3a215,池田太郎,2023-03-16 06:00:00+00,2023-03-16 07:00:00+00,株式会社ビジョン,セミナー,他
20204052,r3a234,中島優樹,2023-03-16 06:00:00+00,2023-03-16 07:00:00+00,株式会社サンライズ,インターン,他
20213027,s2a107,森太郎,2023-03-16 06:00:00+00,2023-03-16 06:45:00+00,株式会社ネクスト,試験_面接,結果待ち
20213023,s2a207,小林彩香,2023-03-16 06:00:00+00,2023-03-16 06:45:00+00,株式会社イノベーション,試験_面接,辞退
20213023,s2a207,小林彩香,2023-03-16 06:00:00+00,2023-03-16 07:30:00+00,株式会社ストリーム,試験_適正,継続（合格）
20222028,j1a116,松本陸,2023-03-17 01:00:00+00,2023-03-17 02:00:00+00,株式会社サンライズ,インターン,他
20222035,j2a105,中島優奈,2023-03-17 01:00:00+00,2023-03-17 02:00:00+00,株式会社リンク,セミナー,他
20222025,j2a117,中村花子,2023-03-17 01:00:00+00,2023-03-17 01:45:00+00,株式会社オメガ,試験_面接,結果待ち
20204033,r3a115,鈴木太郎,2023-03-17 01:00:00+00,2023-03-17 01:45:00+00,株式会社ライト,試験_面接,辞退
20204089,r3a137,山下彩香,2023-03-17 01:00:00+00,2023-03-17 01:30:00+00,株式会社フォーカス,試験_他,内定
20204014,r3a203,佐々木直樹,2023-03-17 01:00:00+00,2023-03-17 02:00:00+00,株式会社テックワークス,インターン,他
20213027,s2a107,森太郎,2023-03-17 01:00:00+00,2023-03-17 02:30:00+00,株式会社リーフ,試験_適正,結果待ち
20222041,j1a112,吉田優樹,2023-03-17 04:00:00+00,2023-03-17 04:45:00+00,株式会社リンク,試験_面接,不合格
20222039,j2a116,高橋拓也,2023-03-17 04:00:00+00,2023-03-17 05:30:00+00,株式会社ホライズン,試験_適正,結果待ち
20204068,r3a105,石川彩香,2023-03-17 04:00:00+00,2023-03-17 05:00:00+00,株式会社ビジョン,説明会_単,他
20204040,r3a106,佐藤拓也,2023-03-17 04:00:00+00,2023-03-17 04:45:00+00,株式会社リーフ,試験_面接,結果待ち
20204076,r3a126,山口翔太,2023-03-17 04:00:00+00,2023-03-17 05:30:00+00,株式会社リンク,試験_適正,継続（合格）
20204057,r3a134,中村花子,2023-03-17 04:00:00+00,2023-03-17 05:30:00+00,株式会社フォース,試験_適正,継続（合格）
20204035,r3a209,山田翔太,2023-03-17 04:00:00+00,2023-03-17 05:30:00+00,株式会社オーシャン,試験_適正,継続（合格）
20204017,r3a213,渡辺健太,2023-03-17 04:00:00+00,2023-03-17 04:45:00+00,株式会社アビリティ,試験_面接,継続（合格）
20204045,r3a231,山本結衣,2023-03-17 04:00:00+00,2023-03-17 05:00:00+00,株式会社ノヴァ,説明会_単,他
20204003,r3a235,松本直樹,2023-03-17 04:00:00+00,2023-03-17 05:00:00+00,株式会社リーフ,セミナー,他
20213051,s2a206,前田翔太,2023-03-17 04:00:00+00,2023-03-17 05:00:00+00,株式会社ベータ,セミナー,他
20213029,s2a307,加藤直樹,2023-03-17 04:00:00+00,2023-03-17 04:45:00+00,株式会社ビジョン,試験_面接,結果待ち
20213005,s2a311,松本直樹,2023-03-17 04:00:00+00,2023-03-17 05:00:00+00,株式会社フロンティア,説明会_合,他
20213045,s2a409,山田葵,2023-03-17 04:00:00+00,2023-03-17 04:45:00+00,株式会社ネクスト,試験_面接,継続（合格）
20222048,j1a117,石川優奈,2023-03-17 06:00:00+00,2023-03-17 06:45:00+00,株式会社クラフト,試験_面接,継続（合格）
20222042,j2a122,前田直樹,2023-03-17 06:00:00+00,2023-03-17 07:30:00+00,株式会社ユニオン,試験_適正,結果待ち
20204034,r3a121,井上拓也,2023-03-17 06:00:00+00,2023-03-17 07:00:00+00,株式会社エンジン,セミナー,他
20204012,r3a216,藤田大輔,2023-03-17 06:00:00+00,2023-03-17 06:45:00+00,株式会社スカイ,試験_面接,継続（合格）
20213024,s2a204,中村優奈,2023-03-17 06:00:00+00,2023-03-17 06:45:00+00,株式会社ガンマ,試験_面接,結果待ち
20213023,s2a207,小林彩香,2023-03-17 06:00:00+00,2023-03-17 07:00:00+00,株式会社イノベーション,セミナー,他
20213012,s2a303,鈴木遥,2023-03-17 06:00:00+00,2023-03-17 07:00:00+00,株式会社リーフ,説明会_合,他
20213018,s2a305,山田太郎,2023-03-17 06:00:00+00,2023-03-17 07:00:00+00,株式会社リンク,説明会_合,他
20213045,s2a409,山田葵,2023-03-17 06:00:00+00,2023-03-17 07:00:00+00,株式会社コア,説明会_単,他
20222032,j1a102,山下拓也,2023-03-18 01:00:00+00,2023-03-18 02:00:00+00,株式会社ブルーム,説明会_単,他
20222033,j2a108,渡辺杏奈,2023-03-18 01:00:00+00,2023-03-18 01:45:00+00,株式会社エンジン,試験_面接,結果待ち
20222050,j2a110,藤田海斗,2023-03-18 01:00:00+00,2023-03-18 02:00:00+00,株式会社クロス,インターン,他
20204060,r3a136,山本凛,2023-03-18 01:00:00+00,2023-03-18 02:00:00+00,株式会社レイヤー,インターン,他
20204014,r3a203,佐々木直樹,2023-03-18 01:00:00+00,2023-03-18 02:30:00+00,株式会社ライト,試験_適正,結果待ち
20204087,r3a233,鈴木彩香,2023-03-18 01:00:00+00,2023-03-18 02:00:00+00,株式会社グリーン,インターン,他
20204052,r3a234,中島優樹,2023-03-18 01:00:00+00,2023-03-18 01:45:00+00,株式会社クラフト,試験_面接,不合格
20213005,s2a311,松本直樹,2023-03-18 01:00:00+00,2023-03-18 01:45:00+00,株式会社フロンティア,試験_面接,結果待ち
20222023,j1a111,加藤太郎,2023-03-18 04:00:00+00,2023-03-18 05:00:00+00,株式会社シグマ,セミナー,他
20222048,j1a117,石川優奈,2023-03-18 04:00:00+00,2023-03-18 05:30:00+00,株式会社デルタ,試験_適正,結果待ち
20222021,j2a109,木村優樹,2023-03-18 04:00:00+00,2023-03-18 05:30:00+00,株式会社クレスト,試験_適正,不合格
20222013,j2a115,阿部美咲,2023-03-18 04:00:00+00,2023-03-18 04:45:00+00,株式会社フォーカス,試験_面接,結果待ち
20222039,j2a116,高橋拓也,2023-03-18 04:00:00+00,2023-03-18 05:30:00+00,株式会社オービット,試験_適正,不合格
20222025,j2a117,中村花子,2023-03-18 04:00:00+00,2023-03-18 05:00:00+00,株式会社エコー,説明会_合,他
20222042,j2a122,前田直樹,2023-03-18 04:00:00+00,2023-03-18 05:00:00+00,株式会社シード,説明会_単,他
20204090,r3a204,田中翔太,2023-03-18 04:00:00+00,2023-03-18 04:45:00+00,株式会社ストリーム,試験_面接,結果待ち
20204056,r3a238,木村悠斗,2023-03-18 04:00:00+00,2023-03-18 05:30:00+00,株式会社イノベーション,試験_適正,不合格
20213006,s2a308,中村結衣,2023-03-18 04:00:00+00,2023-03-18 05:00:00+00,株式会社イノベーション,説明会_単,他
20213040,s2a406,吉田陽菜,2023-03-18 04:00:00+00,2023-03-18 05:00:00+00,株式会社ルミナス,説明会_単,他
20222040,j2a101,佐々木直樹,2023-03-18 06:00:00+00,2023-03-18 06:45:00+00,株式会社マーブル,試験_面接,結果待ち
20222044,j2a113,木村優奈,2023-03-18 06:00:00+00,2023-03-18 07:00:00+00,株式会社アルファ,セミナー,他
20222024,j2a119,吉田遥,2023-03-18 06:00:00+00,2023-03-18 07:00:00+00,株式会社マーブル,セミナー,他
20204063,r3a118,山口陽菜,2023-03-18 06:00:00+00,2023-03-18 07:30:00+00,株式会社パルス,試験_適正,継続（合格）
20204022,r3a125,佐々木優樹,2023-03-18 06:00:00+00,2023-03-18 07:00:00+00,株式会社アセント,説明会_単,他
20204090,r3a204,田中翔太,2023-03-18 06:00:00+00,2023-03-18 07:00:00+00,株式会社ミライ,セミナー,他
20204090,r3a204,田中翔太,2023-03-18 06:00:00+00,2023-03-18 07:00:00+00,株式会社ストリーム,インターン,他
20204016,r3a217,山本凛,2023-03-18 06:00:00+00,2023-03-18 06:45:00+00,株式会社ライト,試験_面接,継続（合格）
20204025,r3a236,吉田優奈,2023-03-18 06:00:00+00,2023-03-18 07:00:00+00,株式会社ステラ,説明会_単,他
20213004,s2a109,清水遥,2023-03-18 06:00:00+00,2023-03-18 06:45:00+00,株式会社グロース,試験_面接,結果待ち
20213037,s2a209,鈴木優奈,2023-03-18 06:00:00+00,2023-03-18 07:00:00+00,株式会社シード,説明会_単,他
20213035,s2a310,斎藤健太,2023-03-18 06:00:00+00,2023-03-18 07:00:00+00,株式会社ステラ,説明会_合,他
20222021,j2a109,木村優樹,2023-03-19 01:00:00+00,2023-03-19 02:00:00+00,株式会社プライム,説明会_合,他
20222025,j2a117,中村花子,2023-03-19 01:00:00+00,2023-03-19 01:45:00+00,株式会社オメガ,試験_面接,継続（合格）
20222043,j2a118,田中拓也,2023-03-19 01:00:00+00,2023-03-19 02:30:00+00,株式会社パルス,試験_適正,辞退
20204043,r3a114,佐藤拓也,2023-03-19 01:00:00+00,2023-03-19 01:45:00+00,株式会社シグマ,試験_面接,結果待ち
20204037,r3a135,山本健太,2023-03-19 01:00:00+00,2023-03-19 01:45:00+00,株式会社ガンマ,試験_面接,不合格
20204090,r3a204,田中翔太,2023-03-19 01:00:00+00,2023-03-19 02:00:00+00,株式会社ノヴァ,説明会_単,他
20213012,s2a303,鈴木遥,2023-03-19 01:00:00+00,2023-03-19 02:30:00+00,株式会社ブリッジ,試験_適正,不合格
20213006,s2a308,中村結衣,2023-03-19 01:00:00+00,2023-03-19 01:45:00+00,株式会社イノベーション,試験_面接,結果待ち
20213053,s2a405,木村優奈,2023-03-19 01:00:00+00,2023-03-19 01:45:00+00,株式会社アルファ,試験_面接,継続（合格）
20222045,j1a120,鈴木海斗,2023-03-19 04:00:00+00,2023-03-19 04:45:00+00,株式会社マーブル,試験_面接,不合格
20222025,j2a117,中村花子,2023-03-19 04:00:00+00,2023-03-19 05:00:00+00,株式会社ライト,インターン,他
20204019,r3a219,中島葵,2023-03-19 04:00:00+00,2023-03-19 05:00:00+00,株式会社クラフト,説明会_単,他
20213033,s2a103,井上彩香,2023-03-19 04:00:00+00,2023-03-19 05:00:00+00,株式会社エコー,セミナー,他
20213033,s2a103,井上彩香,2023-03-19 04:00:00+00,2023-03-19 05:00:00+00,株式会社シード,セミナー,他
20213024,s2a204,中村優奈,2023-03-19 04:00:00+00,2023-03-19 05:30:00+00,株式会社ノヴァ,試験_適正,継続（合格）
20213005,s2a311,松本直樹,2023-03-19 04:00:00+00,2023-03-19 05:00:00+00,株式会社ルミナス,説明会_単,他
20213045,s2a409,山田葵,2023-03-19 04:00:00+00,2023-03-19 04:45:00+00,株式会社コア,試験_面接,結果待ち
20222028,j1a116,松本陸,2023-03-19 06:00:00+00,2023-03-19 07:00:00+00,株式会社ベータ,セミナー,他
20204002,r3a107,前田太郎,2023-03-19 06:00:00+00,2023-03-19 07:00:00+00,株式会社モデスト,セミナー,他
20204035,r3a209,山田翔太,2023-03-19 06:00:00+00,2023-03-19 06:45:00+00,株式会社オーシャン,試験_面接,結果待ち
20204073,r3a210,山口花子,2023-03-19 06:00:00+00,2023-03-19 07:00:00+00,株式会社クラフト,説明会_単,他
20204017,r3a213,渡辺健太,2023-03-19 06:00:00+00,2023-03-19 07:00:00+00,株式会社ストリーム,インターン,他
20213050,s2a102,田中優奈,2023-03-19 06:00:00+00,2023-03-19 07:30:00+00,株式会社ユニオン,試験_適正,結果待ち
20213026,s2a403,前田結衣,2023-03-19 06:00:00+00,2023-03-19 07:30:00+00,株式会社テックワークス,試験_適正,結果待ち
20213045,s2a409,山田葵,2023-03-19 06:00:00+00,2023-03-19 07:00:00+00,株式会社ブリッジ,説明会_単,他
20222034,j1a109,渡辺拓也,2023-03-20 01:00:00+00,2023-03-20 02:00:00+00,株式会社ユニオン,セミナー,他
20222012,j1a119,山田陸,2023-03-20 01:00:00+00,2023-03-20 01:45:00+00,株式会社サンライズ,試験_面接,継続（合格）
20204021,r3a113,池田凛,2023-03-20 01:00:00+00,2023-03-20 02:00:00+00,株式会社クラフト,セミナー,他
20204066,r3a132,林健太,2023-03-20 01:00:00+00,2023-03-20 01:30:00+00,株式会社ストリーム,試験_他,内定
20204019,r3a219,中島葵,2023-03-20 01:00:00+00,2023-03-20 01:45:00+00,株式会社ネクスト,試験_面接,不合格
20213047,s2a302,山田結衣,2023-03-20 01:00:00+00,2023-03-20 01:45:00+00,株式会社エッジ,試験_面接,結果待ち
20213029,s2a307,加藤直樹,2023-03-20 01:00:00+00,2023-03-20 02:00:00+00,株式会社ビジョン,説明会_合,他
20222008,j1a101,加藤陸,2023-03-20 04:00:00+00,2023-03-20 05:00:00+00,株式会社ハーモニー,インターン,他
20222048,j1a117,石川優奈,2023-03-20 04:00:00+00,2023-03-20 04:45:00+00,株式会社クラフト,試験_面接,継続（合格）
20204068,r3a105,石川彩香,2023-03-20 04:00:00+00,2023-03-20 04:45:00+00,株式会社ビジョン,試験_面接,結果待ち
20204055,r3a129,高橋陸,2023-03-20 04:00:00+00,2023-03-20 05:00:00+00,株式会社サンライズ,インターン,他
20204090,r3a204,田中翔太,2023-03-20 04:00:00+00,2023-03-20 05:30:00+00,株式会社プライム,試験_適正,辞退
20204052,r3a234,中島優樹,2023-03-20 04:00:00+00,2023-03-20 04:45:00+00,株式会社ブリッジ,試験_面接,不合格
20213015,s2a201,池田大輔,2023-03-20 04:00:00+00,2023-03-20 05:00:00+00,株式会社クレスト,インターン,他
20213018,s2a305,山田太郎,2023-03-20 04:00:00+00,2023-03-20 05:30:00+00,株式会社リンク,試験_適正,結果待ち
20213045,s2a409,山田葵,2023-03-20 04:00:00+00,2023-03-20 05:00:00+00,株式会社クレスト,説明会_単,他
20222016,j2a102,山本拓也,2023-03-20 06:00:00+00,2023-03-20 07:00:00+00,株式会社スカイ,説明会_合,他
20222044,j2a113,木村優奈,2023-03-20 06:00:00+00,2023-03-20 06:45:00+00,株式会社シグマ,試験_面接,継続（合格）
20222037,j2a121,木村結衣,2023-03-20 06:00:00+00,2023-03-20 06:45:00+00,株式会社ハーモニー,試験_面接,結果待ち
20204043,r3a114,佐藤拓也,2023-03-20 06:00:00+00,2023-03-20 07:00:00+00,株式会社シグマ,説明会_単,他
20204065,r3a225,中島拓也,2023-03-20 06:00:00+00,2023-03-20 06:45:00+00,株式会社クロス,試験_面接,継続（合格）
20213004,s2a109,清水遥,2023-03-20 06:00:00+00,2023-03-20 06:45:00+00,株式会社アビリティ,試験_面接,不合格
20213001,s2a112,橋本陽菜,2023-03-20 06:00:00+00,2023-03-20 07:00:00+00,株式会社ノヴァ,インターン,他
20213035,s2a310,斎藤健太,2023-03-20 06:00:00+00,2023-03-20 06:45:00+00,株式会社フロンティア,試験_面接,不合格
20213036,s2a402,斎藤大輔,2023-03-20 06:00:00+00,2023-03-20 06:45:00+00,株式会社ビジョン,試験_面接,辞退
20222041,j1a112,吉田優樹,2023-03-21 01:00:00+00,2023-03-21 01:45:00+00,株式会社ブリッジ,試験_面接,結果待ち
20222044,j2a113,木村優奈,2023-03-21 01:00:00+00,2023-03-21 02:00:00+00,株式会社ハーモニー,説明会_合,他
20222043,j2a118,田中拓也,2023-03-21 01:00:00+00,2023-03-21 01:45:00+00,株式会社アーク,試験_面接,継続（合格）
20204061,r3a117,佐藤直樹,2023-03-21 01:00:00+00,2023-03-21 02:00:00+00,株式会社アビリティ,説明会_単,他
20204047,r3a128,森凛,2023-03-21 01:00:00+00,2023-03-21 01:45:00+00,株式会社レイヤー,試験_面接,不合格
20204065,r3a225,中島拓也,2023-03-21 01:00:00+00,2023-03-21 02:30:00+00,株式会社フォース,試験_適正,不合格
20204067,r3a226,小林大輔,2023-03-21 01:00:00+00,2023-03-21 02:30:00+00,株式会社ストリーム,試験_適正,継続（合格）
20204087,r3a233,鈴木彩香,2023-03-21 01:00:00+00,2023-03-21 02:00:00+00,株式会社ベータ,セミナー,他
20213031,s2a101,井上遥,2023-03-21 01:00:00+00,2023-03-21 02:00:00+00,株式会社コア,セミナー,他
20213003,s2a106,鈴木凛,2023-03-21 01:00:00+00,2023-03-21 01:45:00+00,株式会社テックワークス,試験_面接,結果待ち
20213060,s2a110,石川陽菜,2023-03-21 01:00:00+00,2023-03-21 01:45:00+00,株式会社クロス,試験_面接,継続（合格）
20213014,s2a401,山本海斗,2023-03-21 01:00:00+00,2023-03-21 01:45:00+00,株式会社オーシャン,試験_面接,不合格
20222014,j1a122,藤田健太,2023-03-21 04:00:00+00,2023-03-21 05:30:00+00,株式会社ビジョン,試験_適正,不合格
20222021,j2a109,木村優樹,2023-03-21 04:00:00+00,2023-03-21 05:00:00+00,株式会社クレスト,説明会_合,他
20222025,j2a117,中村花子,2023-03-21 04:00:00+00,2023-03-21 04:45:00+00,株式会社コア,試験_面接,継続（合格）
20204085,r3a119,石川優樹,2023-03-21 04:00:00+00,2023-03-21 04:45:00+00,株式会社グロース,試験_面接,不合格
20204055,r3a129,高橋陸,2023-03-21 04:00:00+00,2023-03-21 04:45:00+00,株式会社サンライズ,試験_面接,継続（合格）
20204035,r3a209,山田翔太,2023-03-21 04:00:00+00,2023-03-21 05:00:00+00,株式会社エコー,インターン,他
20204035,r3a209,山田翔太,2023-03-21 04:00:00+00,2023-03-21 04:45:00+00,株式会社リーフ,試験_面接,結果待ち
20204012,r3a216,藤田大輔,2023-03-21 04:00:00+00,2023-03-21 05:00:00+00,株式会社シグマ,説明会_単,他
20204016,r3a217,山本凛,2023-03-21 04:00:00+00,2023-03-21 04:45:00+00,株式会社アセント,試験_面接,結果待ち
20204016,r3a217,山本凛,2023-03-21 04:00:00+00,2023-03-21 05:30:00+00,株式会社ガンマ,試験_適正,結果待ち
20204087,r3a233,鈴木彩香,2023-03-21 04:00:00+00,2023-03-21 05:30:00+00,株式会社グリーン,試験_適正,継続（合格）
20213033,s2a103,井上彩香,2023-03-21 04:00:00+00,2023-03-21 05:00:00+00,株式会社シード,説明会_単,他
20213046,s2a212,田中翔太,2023-03-21 04:00:00+00,2023-03-21 04:45:00+00,株式会社プライム,試験_面接,結果待ち
20213047,s2a302,山田結衣,2023-03-21 04:00:00+00,2023-03-21 05:30:00+00,株式会社マーブル,試験_適正,継続（合格）
20222010,j1a115,山口翔太,2023-03-21 06:00:00+00,2023-03-21 07:00:00+00,株式会社イノベーション,セミナー,他
20222012,j1a119,山田陸,2023-03-21 06:00:00+00,2023-03-21 06:45:00+00,株式会社オーシャン,試験_面接,結果待ち
20222012,j1a119,山田陸,2023-03-21 06:00:00+00,2023-03-21 07:30:00+00,株式会社オーシャン,試験_適正,継続（合格）
20222033,j2a108,渡辺杏奈,2023-03-21 06:00:00+00,2023-03-21 07:00:00+00,株式会社ミライ,セミナー,他
20222027,j2a112,前田健太,2023-03-21 06:00:00+00,2023-03-21 06:45:00+00,株式会社ライト,試験_面接,不合格
20222044,j2a113,木村優奈,2023-03-21 06:00:00+00,2023-03-21 07:00:00+00,株式会社アルファ,セミナー,他
20204060,r3a136,山本凛,2023-03-21 06:00:00+00,2023-03-21 07:30:00+00,株式会社マーブル,試験_適正,結果待ち
20204035,r3a209,山田翔太,2023-03-21 06:00:00+00,2023-03-21 06:45:00+00,株式会社エコー,試験_面接,結果待ち
20204067,r3a226,小林大輔,2023-03-21 06:00:00+00,2023-03-21 07:00:00+00,株式会社ストリーム,説明会_単,他
20204067,r3a226,小林大輔,2023-03-21 06:00:00+00,2023-03-21 06:45:00+00,株式会社グロース,試験_面接,不合格
20213003,s2a106,鈴木凛,2023-03-21 06:00:00+00,2023-03-21 07:00:00+00,株式会社テックワークス,説明会_合,他
20213001,s2a112,橋本陽菜,2023-03-21 06:00:00+00,2023-03-21 06:45:00+00,株式会社ノヴァ,試験_面接,結果待ち
20213002,s2a306,阿部悠斗,2023-03-21 06:00:00+00,2023-03-21 07:00:00+00,株式会社フォース,セミナー,他
20222023,j1a111,加藤太郎,2023-03-22 01:00:00+00,2023-03-22 01:45:00+00,株式会社シグマ,試験_面接,継続（合格）
20222050,j2a110,藤田海斗,2023-03-22 01:00:00+00,2023-03-22 02:30:00+00,株式会社サンライズ,試験_適正,継続（合格）
20204008,r3a103,高橋太郎,2023-03-22 01:00:00+00,2023-03-22 02:30:00+00,株式会社ガンマ,試験_適正,不合格
20204066,r3a132,林健太,2023-03-22 01:00:00+00,2023-03-22 01:45:00+00,株式会社ストリーム,試験_面接,継続（合格）
20204090,r3a204,田中翔太,2023-03-22 01:00:00+00,2023-03-22 02:00:00+00,株式会社ノヴァ,説明会_合,他
20204080,r3a206,中村彩香,2023-03-22 01:00:00+00,2023-03-22 02:00:00+00,株式会社クラフト,説明会_合,他
20204065,r3a225,中島拓也,2023-03-22 01:00:00+00,2023-03-22 02:00:00+00,株式会社クロス,インターン,他
20204026,r3a232,小林結衣,2023-03-22 01:00:00+00,2023-03-22 01:45:00+00,株式会社アセント,試験_面接,不合格
20213033,s2a103,井上彩香,2023-03-22 01:00:00+00,2023-03-22 01:45:00+00,株式会社シード,試験_面接,継続（合格）
20213051,s2a206,前田翔太,2023-03-22 01:00:00+00,2023-03-22 01:45:00+00,株式会社ベータ,試験_面接,継続（合格）
20213018,s2a305,山田太郎,2023-03-22 01:00:00+00,2023-03-22 01:45:00+00,株式会社モデスト,試験_面接,不合格
20213029,s2a307,加藤直樹,2023-03-22 01:00:00+00,2023-03-22 01:45:00+00,株式会社クラフト,試験_面接,結果待ち
20213026,s2a403,前田結衣,2023-03-22 01:00:00+00,2023-03-22 02:00:00+00,株式会社テックワークス,説明会_単,他
20213040,s2a406,吉田陽菜,2023-03-22 01:00:00+00,2023-03-22 01:45:00+00,株式会社イプシロン,試験_面接,結果待ち
20213045,s2a409,山田葵,2023-03-22 01:00:00+00,2023-03-22 01:45:00+00,株式会社クレスト,試験_面接,不合格
20222002,j1a104,山下大輔,2023-03-22 04:00:00+00,2023-03-22 04:45:00+00,株式会社エコー,試験_面接,不合格
20222027,j2a112,前田健太,2023-03-22 04:00:00+00,2023-03-22 05:00:00+00,株式会社スカイ,インターン,他
20204040,r3a106,佐藤拓也,2023-03-22 04:00:00+00,2023-03-22 05:00:00+00,株式会社ユニオン,セミナー,他
20204001,r3a108,渡辺海斗,2023-03-22 04:00:00+00,2023-03-22 05:00:00+00,株式会社モデスト,インターン,他
20204015,r3a111,松本翔太,2023-03-22 04:00:00+00,2023-03-22 04:45:00+00,株式会社ビジョン,試験_面接,辞退
20204048,r3a131,佐々木美咲,2023-03-22 04:00:00+00,2023-03-22 04:45:00+00,株式会社ビジョン,試験_面接,結果待ち
20213027,s2a107,森太郎,2023-03-22 04:00:00+00,2023-03-22 05:00:00+00,株式会社リーフ,セミナー,他
20213042,s2a111,山口結衣,2023-03-22 04:00:00+00,2023-03-22 04:45:00+00,株式会社シグマ,試験_面接,不合格
20213032,s2a208,渡辺杏奈,2023-03-22 04:00:00+00,2023-03-22 05:00:00+00,株式会社ホライズン,説明会_合,他
20213035,s2a310,斎藤健太,2023-03-22 04:00:00+00,2023-03-22 05:30:00+00,株式会社ステラ,試験_適正,結果待ち
20213028,s2a410,山下海斗,2023-03-22 04:00:00+00,2023-03-22 05:00:00+00,株式会社プライム,セミナー,他
20222048,j1a117,石川優奈,2023-03-22 06:00:00+00,2023-03-22 07:00:00+00,株式会社レイヤー,セミナー,他
20222025,j2a117,中村花子,2023-03-22 06:00:00+00,2023-03-22 07:00:00+00,株式会社オメガ,セミナー,他
20204029,r3a101,木村優奈,2023-03-22 06:00:00+00,2023-03-22 07:30:00+00,株式会社ステラ,試験_適正,結果待ち
20204040,r3a106,佐藤拓也,2023-03-22 06:00:00+00,2023-03-22 07:00:00+00,株式会社リーフ,説明会_合,他
20204015,r3a111,松本翔太,2023-03-22 06:00:00+00,2023-03-22 07:00:00+00,株式会社アルファ,インターン,他
20204033,r3a115,鈴木太郎,2023-03-22 06:00:00+00,2023-03-22 07:00:00+00,株式会社オメガ,セミナー,他
20204073,r3a210,山口花子,2023-03-22 06:00:00+00,2023-03-22 07:30:00+00,株式会社パルス,試験_適正,結果待ち
20204017,r3a213,渡辺健太,2023-03-22 06:00:00+00,2023-03-22 06:45:00+00,株式会社ストリーム,試験_面接,継続（合格）
20213034,s2a105,前田悠斗,2023-03-22 06:00:00+00,2023-03-22 06:45:00+00,株式会社アビリティ,試験_面接,結果待ち
20213060,s2a110,石川陽菜,2023-03-22 06:00:00+00,2023-03-22 06:30:00+00,株式会社クロス,試験_他,内定
20213042,s2a111,山口結衣,2023-03-22 06:00:00+00,2023-03-22 07:30:00+00,株式会社ユニオン,試験_適正,結果待ち
20222023,j1a111,加藤太郎,2023-03-23 01:00:00+00,2023-03-23 02:00:00+00,株式会社シグマ,セミナー,他
20222005,j1a118,田中翔太,2023-03-23 01:00:00+00,2023-03-23 02:30:00+00,株式会社ガンマ,試験_適正,結果待ち
20222013,j2a115,阿部美咲,2023-03-23 01:00:00+00,2023-03-23 02:00:00+00,株式会社フォーカス,セミナー,他
20222013,j2a115,阿部美咲,2023-03-23 01:00:00+00,2023-03-23 02:30:00+00,株式会社リンク,試験_適正,継続（合格）
20222037,j2a121,木村結衣,2023-03-23 01:00:00+00,2023-03-23 01:45:00+00,株式会社ハーモニー,試験_面接,継続（合格）
20204029,r3a101,木村優奈,2023-03-23 01:00:00+00,2023-03-23 02:30:00+00,株式会社モデスト,試験_適正,結果待ち
20204033,r3a115,鈴木太郎,2023-03-23 01:00:00+00,2023-03-23 01:45:00+00,株式会社ホライズン,試験_面接,結果待ち
20204070,r3a116,松本優樹,2023-03-23 01:00:00+00,2023-03-23 01:45:00+00,株式会社ホライズン,試験_面接,結果待ち
20204024,r3a120,池田海斗,2023-03-23 01:00:00+00,2023-03-23 01:45:00+00,株式会社クロス,試験_面接,不合格
20204089,r3a137,山下彩香,2023-03-23 01:00:00+00,2023-03-23 01:45:00+00,株式会社フォーカス,試験_面接,継続（合格）
20204054,r3a208,伊藤大輔,2023-03-23 01:00:00+00,2023-03-23 02:30:00+00,株式会社アセント,試験_適正,結果待ち
20204074,r3a228,池田花子,2023-03-23 01:00:00+00,2023-03-23 01:45:00+00,株式会社グリーン,試験_面接,継続（合格）
20213050,s2a102,田中優奈,2023-03-23 01:00:00+00,2023-03-23 02:30:00+00,株式会社テックワークス,試験_適正,不合格
20213034,s2a105,前田悠斗,2023-03-23 01:00:00+00,2023-03-23 02:00:00+00,株式会社ユニオン,説明会_単,他
20213003,s2a106,鈴木凛,2023-03-23 01:00:00+00,2023-03-23 01:45:00+00,株式会社ハーモニー,試験_面接,継続（合格）
20213032,s2a208,渡辺杏奈,2023-03-23 01:00:00+00,2023-03-23 01:45:00+00,株式会社フォーカス,試験_面接,結果待ち
20213036,s2a402,斎藤大輔,2023-03-23 01:00:00+00,2023-03-23 02:00:00+00,株式会社ビジョン,説明会_単,他
20213045,s2a409,山田葵,2023-03-23 01:00:00+00,2023-03-23 01:45:00+00,株式会社ビジョン,試験_面接,結果待ち
20222010,j1a115,山口翔太,2023-03-23 04:00:00+00,2023-03-23 04:45:00+00,株式会社エンジン,試験_面接,継続（合格）
20222012,j1a119,山田陸,2023-03-23 04:00:00+00,2023-03-23 04:45:00+00,株式会社ライト,試験_面接,結果待ち
20222050,j2a110,藤田海斗,2023-03-23 04:00:00+00,2023-03-23 05:00:00+00,株式会社エコー,説明会_合,他
20204029,r3a101,木村優奈,2023-03-23 04:00:00+00,2023-03-23 04:45:00+00,株式会社リーフ,試験_面接,不合格
20204062,r3a130,佐藤結衣,2023-03-23 04:00:00+00,2023-03-23 05:00:00+00,株式会社デルタ,説明会_合,他
20204090,r3a204,田中翔太,2023-03-23 04:00:00+00,2023-03-23 05:30:00+00,株式会社ノヴァ,試験_適正,結果待ち
20204019,r3a219,中島葵,2023-03-23 04:00:00+00,2023-03-23 04:45:00+00,株式会社ステラ,試験_面接,結果待ち
20213033,s2a103,井上彩香,2023-03-23 04:00:00+00,2023-03-23 05:30:00+00,株式会社エコー,試験_適正,不合格
20213010,s2a304,田中直樹,2023-03-23 04:00:00+00,2023-03-23 05:00:00+00,株式会社シグマ,説明会_合,他
20222003,j1a105,井上太郎,2023-03-23 06:00:00+00,2023-03-23 07:30:00+00,株式会社コア,試験_適正,結果待ち
20222007,j1a108,佐々木大輔,2023-03-23 06:00:00+00,2023-03-23 07:00:00+00,株式会社アルファ,インターン,他
20222036,j1a113,小林陽菜,2023-03-23 06:00:00+00,2023-03-23 06:45:00+00,株式会社シード,試験_面接,継続（合格）
20222049,j2a103,山田優樹,2023-03-23 06:00:00+00,2023-03-23 07:30:00+00,株式会社ステラ,試験_適正,継続（合格）
20204069,r3a112,森結衣,2023-03-23 06:00:00+00,2023-03-23 07:30:00+00,株式会社ノヴァ,試験_適正,不合格
20204070,r3a116,松本優樹,2023-03-23 06:00:00+00,2023-03-23 06:45:00+00,株式会社リンク,試験_面接,結果待ち
20204061,r3a117,佐藤直樹,2023-03-23 06:00:00+00,2023-03-23 07:00:00+00,株式会社アビリティ,説明会_単,他
20204051,r3a123,中島健太,2023-03-23 06:00:00+00,2023-03-23 06:45:00+00,株式会社イノベーション,試験_面接,不合格
20204089,r3a137,山下彩香,2023-03-23 06:00:00+00,2023-03-23 06:45:00+00,株式会社アビリティ,試験_面接,辞退
20204003,r3a235,松本直樹,2023-03-23 06:00:00+00,2023-03-23 06:45:00+00,株式会社テックワークス,試験_面接,辞退
20213054,s2a108,井上結衣,2023-03-23 06:00:00+00,2023-03-23 06:30:00+00,株式会社オーシャン,試験_他,内定
20213023,s2a207,小林彩香,2023-03-23 06:00:00+00,2023-03-23 07:00:00+00,株式会社ミライ,説明会_単,他
20213046,s2a212,田中翔太,2023-03-23 06:00:00+00,2023-03-23 07:00:00+00,株式会社ストリーム,セミナー,他
20213047,s2a302,山田結衣,2023-03-23 06:00:00+00,2023-03-23 07:30:00+00,株式会社ベータ,試験_適正,継続（合格）
20213012,s2a303,鈴木遥,2023-03-23 06:00:00+00,2023-03-23 06:45:00+00,株式会社リーフ,試験_面接,継続（合格）
20213012,s2a303,鈴木遥,2023-03-23 06:00:00+00,2023-03-23 06:45:00+00,株式会社リンク,試験_面接,結果待ち
20213041,s2a404,鈴木太郎,2023-03-23 06:00:00+00,2023-03-23 07:30:00+00,株式会社ライト,試験_適正,結果待ち
20222010,j1a115,山口翔太,2023-03-24 01:00:00+00,2023-03-24 01:45:00+00,株式会社イノベーション,試験_面接,結果待ち
20222020,j1a121,田中健太,2023-03-24 01:00:00+00,2023-03-24 02:30:00+00,株式会社マーブル,試験_適正,継続（合格）
20222013,j2a115,阿部美咲,2023-03-24 01:00:00+00,2023-03-24 01:45:00+00,株式会社シグマ,試験_面接,不合格
20204055,r3a129,高橋陸,2023-03-24 01:00:00+00,2023-03-24 01:45:00+00,株式会社モデスト,試験_面接,不合格
20204084,r3a214,石川美咲,2023-03-24 01:00:00+00,2023-03-24 01:45:00+00,株式会社エコー,試験_面接,不合格
20213040,s2a406,吉田陽菜,2023-03-24 01:00:00+00,2023-03-24 02:30:00+00,株式会社ルミナス,試験_適正,結果待ち
20213016,s2a407,渡辺彩香,2023-03-24 01:00:00+00,2023-03-24 02:00:00+00,株式会社ブリッジ,説明会_単,他
20222029,j1a114,阿部太郎,2023-03-24 04:00:00+00,2023-03-24 05:00:00+00,株式会社ライト,セミナー,他
20222029,j1a114,阿部太郎,2023-03-24 04:00:00+00,2023-03-24 05:30:00+00,株式会社ブルーム,試験_適正,結果待ち
20222010,j1a115,山口翔太,2023-03-24 04:00:00+00,2023-03-24 04:45:00+00,株式会社オービット,試験_面接,継続（合格）
20222046,j2a107,中村健太,2023-03-24 04:00:00+00,2023-03-24 05:30:00+00,株式会社シグマ,試験_適正,結果待ち
20222050,j2a110,藤田海斗,2023-03-24 04:00:00+00,2023-03-24 04:45:00+00,株式会社サンライズ,試験_面接,辞退
20222024,j2a119,吉田遥,2023-03-24 04:00:00+00,2023-03-24 04:45:00+00,株式会社アーク,試験_面接,不合格
20204033,r3a115,鈴木太郎,2023-03-24 04:00:00+00,2023-03-24 04:45:00+00,株式会社デルタ,試験_面接,継続（合格）
20204058,r3a205,木村直樹,2023-03-24 04:00:00+00,2023-03-24 05:00:00+00,株式会社デルタ,インターン,他
20213016,s2a407,渡辺彩香,2023-03-24 04:00:00+00,2023-03-24 04:45:00+00,株式会社オービット,試験_面接,結果待ち
20213045,s2a409,山田葵,2023-03-24 04:00:00+00,2023-03-24 05:00:00+00,株式会社ネクスト,説明会_合,他
20222026,j1a103,鈴木遥,2023-03-24 06:00:00+00,2023-03-24 07:00:00+00,株式会社ベータ,説明会_合,他
20222049,j2a103,山田優樹,2023-03-24 06:00:00+00,2023-03-24 06:45:00+00,株式会社ステラ,試験_面接,結果待ち
20222035,j2a105,中島優奈,2023-03-24 06:00:00+00,2023-03-24 06:45:00+00,株式会社リンク,試験_面接,結果待ち
20222044,j2a113,木村優奈,2023-03-24 06:00:00+00,2023-03-24 07:30:00+00,株式会社デルタ,試験_適正,不合格
20204029,r3a101,木村優奈,2023-03-24 06:00:00+00,2023-03-24 07:00:00+00,株式会社リーフ,インターン,他
20204066,r3a132,林健太,2023-03-24 06:00:00+00,2023-03-24 06:45:00+00,株式会社ストリーム,試験_面接,継続（合格）
20204057,r3a134,中村花子,2023-03-24 06:00:00+00,2023-03-24 06:45:00+00,株式会社フォース,試験_面接,結果待ち
20204038,r3a221,前田美咲,2023-03-24 06:00:00+00,2023-03-24 06:45:00+00,株式会社コア,試験_面接,継続（合格）
20204065,r3a225,中島拓也,2023-03-24 06:00:00+00,2023-03-24 06:45:00+00,株式会社ネクスト,試験_面接,継続（合格）
20213058,s2a104,山崎太郎,2023-03-24 06:00:00+00,2023-03-24 06:45:00+00,株式会社リンク,試験_面接,辞退
20213037,s2a209,鈴木優奈,2023-03-24 06:00:00+00,2023-03-24 07:30:00+00,株式会社シード,試験_適正,不合格
20213059,s2a312,小林優樹,2023-03-24 06:00:00+00,2023-03-24 07:30:00+00,株式会社パルス,試験_適正,不合格
20222010,j1a115,山口翔太,2023-03-25 01:00:00+00,2023-03-25 01:45:00+00,株式会社アルファ,試験_面接,結果待ち
20222027,j2a112,前田健太,2023-03-25 01:00:00+00,2023-03-25 02:00:00+00,株式会社ライト,説明会_単,他
20222027,j2a112,前田健太,2023-03-25 01:00:00+00,2023-03-25 02:00:00+00,株式会社スカイ,セミナー,他
20204069,r3a112,森結衣,2023-03-25 01:00:00+00,2023-03-25 02:00:00+00,株式会社エッジ,説明会_単,他
20204030,r3a215,池田太郎,2023-03-25 01:00:00+00,2023-03-25 02:00:00+00,株式会社クラフト,セミナー,他
20204003,r3a235,松本直樹,2023-03-25 01:00:00+00,2023-03-25 02:30:00+00,株式会社リーフ,試験_適正,不合格
20213033,s2a103,井上彩香,2023-03-25 01:00:00+00,2023-03-25 02:30:00+00,株式会社フォーカス,試験_適正,継続（合格）
20213003,s2a106,鈴木凛,2023-03-25 01:00:00+00,2023-03-25 01:45:00+00,株式会社テックワークス,試験_面接,継続（合格）
20213004,s2a109,清水遥,2023-03-25 01:00:00+00,2023-03-25 01:45:00+00,株式会社ブルーム,試験_面接,継続（合格）
20213048,s2a210,吉田優樹,2023-03-25 01:00:00+00,2023-03-25 02:30:00+00,株式会社イプシロン,試験_適正,結果待ち
20213046,s2a212,田中翔太,2023-03-25 01:00:00+00,2023-03-25 02:30:00+00,株式会社ストリーム,試験_適正,不合格
20213039,s2a309,山下海斗,2023-03-25 01:00:00+00,2023-03-25 01:45:00+00,株式会社フロンティア,試験_面接,結果待ち
20213053,s2a405,木村優奈,2023-03-25 01:00:00+00,2023-03-25 01:45:00+00,株式会社アルファ,試験_面接,継続（合格）
20222002,j1a104,山下大輔,2023-03-25 04:00:00+00,2023-03-25 04:45:00+00,株式会社イノベーション,試験_面接,継続（合格）
20222020,j1a121,田中健太,2023-03-25 04:00:00+00,2023-03-25 04:45:00+00,株式会社リーフ,試験_面接,継続（合格）
20222016,j2a102,山本拓也,2023-03-25 04:00:00+00,2023-03-25 04:45:00+00,株式会社スカイ,試験_面接,結果待ち
20222038,j2a106,木村花子,2023-03-25 04:00:00+00,2023-03-25 04:45:00+00,株式会社ベータ,試験_面接,結果待ち
20222037,j2a121,木村結衣,2023-03-25 04:00:00+00,2023-03-25 05:30:00+00,株式会社ハーモニー,試験_適正,継続（合格）
20204001,r3a108,渡辺海斗,2023-03-25 04:00:00+00,2023-03-25 05:30:00+00,株式会社クレスト,試験_適正,結果待ち
20204039,r3a110,藤田遥,2023-03-25 04:00:00+00,2023-03-25 05:30:00+00,株式会社アトラス,試験_適正,不合格
20204070,r3a116,松本優樹,2023-03-25 04:00:00+00,2023-03-25 05:00:00+00,株式会社ネクスト,説明会_合,他
20204061,r3a117,佐藤直樹,2023-03-25 04:00:00+00,2023-03-25 05:30:00+00,株式会社アトラス,試験_適正,結果待ち
20204060,r3a136,山本凛,2023-03-25 04:00:00+00,2023-03-25 05:30:00+00,株式会社レイヤー,試験_適正,結果待ち
20204020,r3a230,松本健太,2023-03-25 04:00:00+00,2023-03-25 04:30:00+00,株式会社イノベーション,試験_他,内定
20204087,r3a233,鈴木彩香,2023-03-25 04:00:00+00,2023-03-25 04:45:00+00,株式会社マーブル,試験_面接,結果待ち
20204004,r3a237,前田陽菜,2023-03-25 04:00:00+00,2023-03-25 05:30:00+00,株式会社フォース,試験_適正,不合格
20213018,s2a305,山田太郎,2023-03-25 04:00:00+00,2023-03-25 04:45:00+00,株式会社イプシロン,試験_面接,結果待ち
20213002,s2a306,阿部悠斗,2023-03-25 04:00:00+00,2023-03-25 04:45:00+00,株式会社フォース,試験_面接,結果待ち
20213029,s2a307,加藤直樹,2023-03-25 04:00:00+00,2023-03-25 05:30:00+00,株式会社ステラ,試験_適正,辞退
20222008,j1a101,加藤陸,2023-03-25 06:00:00+00,2023-03-25 06:45:00+00,株式会社フォース,試験_面接,不合格
20222021,j2a109,木村優樹,2023-03-25 06:00:00+00,2023-03-25 06:45:00+00,株式会社プライム,試験_面接,不合格
20222025,j2a117,中村花子,2023-03-25 06:00:00+00,2023-03-25 06:45:00+00,株式会社コア,試験_面接,結果待ち
20204040,r3a106,佐藤拓也,2023-03-25 06:00:00+00,2023-03-25 06:45:00+00,株式会社アビリティ,試験_面接,辞退
20204025,r3a236,吉田優奈,2023-03-25 06:00:00+00,2023-03-25 06:45:00+00,株式会社アーク,試験_面接,結果待ち
20204020,r3a230,松本健太,2023-03-25 06:00:00+00,2023-03-25 07:30:00+00,株式会社イノベーション,試験_適正,継続（合格）
20204052,r3a234,中島優樹,2023-03-25 06:00:00+00,2023-03-25 07:30:00+00,株式会社フロンティア,試験_適正,結果待ち
20213001,s2a112,橋本陽菜,2023-03-25 06:00:00+00,2023-03-25 06:45:00+00,株式会社ネクスト,試験_面接,継続（合格）
20213046,s2a212,田中翔太,2023-03-25 06:00:00+00,2023-03-25 07:00:00+00,株式会社ミライ,説明会_合,他
20213018,s2a305,山田太郎,2023-03-25 06:00:00+00,2023-03-25 07:00:00+00,株式会社モデスト,説明会_合,他
20213018,s2a305,山田太郎,2023-03-25 06:00:00+00,2023-03-25 06:45:00+00,株式会社ホライズン,試験_面接,結果待ち
20222032,j1a102,山下拓也,2023-03-26 01:00:00+00,2023-03-26 01:45:00+00,株式会社クロス,試験_面接,不合格
20222036,j1a113,小林陽菜,2023-03-26 01:00:00+00,2023-03-26 01:45:00+00,株式会社シード,試験_面接,不合格
20222028,j1a116,松本陸,2023-03-26 01:00:00+00,2023-03-26 01:45:00+00,株式会社サンライズ,試験_面接,結果待ち
20222040,j2a101,佐々木直樹,2023-03-26 01:00:00+00,2023-03-26 01:45:00+00,株式会社ブルーム,試験_面接,結果待ち
20222033,j2a108,渡辺杏奈,2023-03-26 01:00:00+00,2023-03-26 01:45:00+00,株式会社アトラス,試験_面接,結果待ち
20222033,j2a108,渡辺杏奈,2023-03-26 01:00:00+00,2023-03-26 01:45:00+00,株式会社ミライ,試験_面接,結果待ち
20222006,j2a111,山田健太,2023-03-26 01:00:00+00,2023-03-26 02:30:00+00,株式会社ブリッジ,試験_適正,継続（合格）
20204040,r3a106,佐藤拓也,2023-03-26 01:00:00+00,2023-03-26 01:45:00+00,株式会社ユニオン,試験_面接,結果待ち
20204039,r3a110,藤田遥,2023-03-26 01:00:00+00,2023-03-26 02:00:00+00,株式会社アトラス,説明会_単,他
20204069,r3a112,森結衣,2023-03-26 01:00:00+00,2023-03-26 01:30:00+00,株式会社エッジ,試験_他,内定
20204059,r3a122,林陸,2023-03-26 01:00:00+00,2023-03-26 01:45:00+00,株式会社シード,試験_面接,不合格
20204047,r3a128,森凛,2023-03-26 01:00:00+00,2023-03-26 02:30:00+00,株式会社レイヤー,試験_適正,継続（合格）
20204023,r3a220,井上杏奈,2023-03-26 01:00:00+00,2023-03-26 02:30:00+00,株式会社クレスト,試験_適正,結果待ち
20204045,r3a231,山本結衣,2023-03-26 01:00:00+00,2023-03-26 01:45:00+00,株式会社ノヴァ,試験_面接,継続（合格）
20213050,s2a102,田中優奈,2023-03-26 01:00:00+00,2023-03-26 02:00:00+00,株式会社テックワークス,説明会_合,他
20213034,s2a105,前田悠斗,2023-03-26 01:00:00+00,2023-03-26 02:30:00+00,株式会社オービット,試験_適正,結果待ち
20213034,s2a105,前田悠斗,2023-03-26 01:00:00+00,2023-03-26 01:45:00+00,株式会社ユニオン,試験_面接,継続（合格）
20213024,s2a204,中村優奈,2023-03-26 01:00:00+00,2023-03-26 01:45:00+00,株式会社イプシロン,試験_面接,結果待ち
20213010,s2a304,田中直樹,2023-03-26 01:00:00+00,2023-03-26 02:30:00+00,株式会社シード,試験_適正,不合格
20213028,s2a410,山下海斗,2023-03-26 01:00:00+00,2023-03-26 02:30:00+00,株式会社クレスト,試験_適正,不合格
20213028,s2a410,山下海斗,2023-03-26 01:00:00+00,2023-03-26 02:00:00+00,株式会社クレスト,インターン,他
20222008,j1a101,加藤陸,2023-03-26 04:00:00+00,2023-03-26 05:00:00+00,株式会社ハーモニー,説明会_単,他
20222015,j1a106,小林遥,2023-03-26 04:00:00+00,2023-03-26 05:00:00+00,株式会社ルミナス,説明会_単,他
20222010,j1a115,山口翔太,2023-03-26 04:00:00+00,2023-03-26 04:45:00+00,株式会社ネクスト,試験_面接,不合格
20222033,j2a108,渡辺杏奈,2023-03-26 04:00:00+00,2023-03-26 05:30:00+00,株式会社エッジ,試験_適正,結果待ち
20222044,j2a113,木村優奈,2023-03-26 04:00:00+00,2023-03-26 05:00:00+00,株式会社シグマ,説明会_合,他
20204008,r3a103,高橋太郎,2023-03-26 04:00:00+00,2023-03-26 05:30:00+00,株式会社ミライ,試験_適正,継続（合格）
20204037,r3a135,山本健太,2023-03-26 04:00:00+00,2023-03-26 05:00:00+00,株式会社コア,インターン,他
20213003,s2a106,鈴木凛,2023-03-26 04:00:00+00,2023-03-26 05:00:00+00,株式会社ハーモニー,説明会_単,他
20213052,s2a203,清水優奈,2023-03-26 04:00:00+00,2023-03-26 05:00:00+00,株式会社シグマ,インターン,他
20213018,s2a305,山田太郎,2023-03-26 04:00:00+00,2023-03-26 05:00:00+00,株式会社モデスト,説明会_単,他
20222008,j1a101,加藤陸,2023-03-26 06:00:00+00,2023-03-26 06:45:00+00,株式会社ライト,試験_面接,継続（合格）
20222023,j1a111,加藤太郎,2023-03-26 06:00:00+00,2023-03-26 06:45:00+00,株式会社シグマ,試験_面接,不合格
20222041,j1a112,吉田優樹,2023-03-26 06:00:00+00,2023-03-26 06:45:00+00,株式会社アビリティ,試験_面接,継続（合格）
20222038,j2a106,木村花子,2023-03-26 06:00:00+00,2023-03-26 07:30:00+00,株式会社ライト,試験_適正,結果待ち
20222021,j2a109,木村優樹,2023-03-26 06:00:00+00,2023-03-26 06:45:00+00,株式会社アーク,試験_面接,結果待ち
20204050,r3a212,池田陽菜,2023-03-26 06:00:00+00,2023-03-26 07:30:00+00,株式会社ステラ,試験_適正,不合格
20204017,r3a213,渡辺健太,2023-03-26 06:00:00+00,2023-03-26 07:00:00+00,株式会社ストリーム,インターン,他
20204042,r3a218,林彩香,2023-03-26 06:00:00+00,2023-03-26 06:30:00+00,株式会社アーク,試験_他,内定
20204087,r3a233,鈴木彩香,2023-03-26 06:00:00+00,2023-03-26 07:00:00+00,株式会社ルミナス,説明会_単,他
20204025,r3a236,吉田優奈,2023-03-26 06:00:00+00,2023-03-26 06:45:00+00,株式会社シグマ,試験_面接,結果待ち
20213054,s2a108,井上結衣,2023-03-26 06:00:00+00,2023-03-26 06:45:00+00,株式会社オーシャン,試験_面接,継続（合格）
20213004,s2a109,清水遥,2023-03-26 06:00:00+00,2023-03-26 06:45:00+00,株式会社フロンティア,試験_面接,結果待ち
20213046,s2a212,田中翔太,2023-03-26 06:00:00+00,2023-03-26 07:00:00+00,株式会社ネクスト,説明会_単,他
20213005,s2a311,松本直樹,2023-03-26 06:00:00+00,2023-03-26 07:30:00+00,株式会社オメガ,試験_適正,不合格
20213045,s2a409,山田葵,2023-03-26 06:00:00+00,2023-03-26 06:45:00+00,株式会社ネクスト,試験_面接,継続（合格）
20222008,j1a101,加藤陸,2023-03-27 01:00:00+00,2023-03-27 01:45:00+00,株式会社ハーモニー,試験_面接,結果待ち
20222032,j1a102,山下拓也,2023-03-27 01:00:00+00,2023-03-27 02:30:00+00,株式会社ブルーム,試験_適正,結果待ち
20222026,j1a103,鈴木遥,2023-03-27 01:00:00+00,2023-03-27 01:45:00+00,株式会社エッジ,試験_面接,結果待ち
20222007,j1a108,佐々木大輔,2023-03-27 01:00:00+00,2023-03-27 02:00:00+00,株式会社ホライズン,説明会_単,他
20222041,j1a112,吉田優樹,2023-03-27 01:00:00+00,2023-03-27 01:45:00+00,株式会社アビリティ,試験_面接,継続（合格）
20222010,j1a115,山口翔太,2023-03-27 01:00:00+00,2023-03-27 01:45:00+00,株式会社ネクスト,試験_面接,継続（合格）
20222020,j1a121,田中健太,2023-03-27 01:00:00+00,2023-03-27 01:45:00+00,株式会社マーブル,試験_面接,結果待ち
20222020,j1a121,田中健太,2023-03-27 01:00:00+00,2023-03-27 02:00:00+00,株式会社リーフ,インターン,他
20222038,j2a106,木村花子,2023-03-27 01:00:00+00,2023-03-27 02:30:00+00,株式会社ブルーム,試験_適正,不合格
20222021,j2a109,木村優樹,2023-03-27 01:00:00+00,2023-03-27 02:00:00+00,株式会社リーフ,説明会_単,他
20222044,j2a113,木村優奈,2023-03-27 01:00:00+00,2023-03-27 02:00:00+00,株式会社デルタ,インターン,他
20222013,j2a115,阿部美咲,2023-03-27 01:00:00+00,2023-03-27 02:30:00+00,株式会社アーク,試験_適正,辞退
20204029,r3a101,木村優奈,2023-03-27 01:00:00+00,2023-03-27 02:00:00+00,株式会社ライト,セミナー,他
20204029,r3a101,木村優奈,2023-03-27 01:00:00+00,2023-03-27 02:00:00+00,株式会社ステラ,説明会_単,他
20204022,r3a125,佐々木優樹,2023-03-27 01:00:00+00,2023-03-27 02:30:00+00,株式会社ストリーム,試験_適正,結果待ち
20204066,r3a132,林健太,2023-03-27 01:00:00+00,2023-03-27 02:00:00+00,株式会社ストリーム,内定後活動,内定
20204060,r3a136,山本凛,2023-03-27 01:00:00+00,2023-03-27 02:00:00+00,株式会社レイヤー,説明会_単,他
20204014,r3a203,佐々木直樹,2023-03-27 01:00:00+00,2023-03-27 02:00:00+00,株式会社パルス,インターン,他
20204050,r3a212,池田陽菜,2023-03-27 01:00:00+00,2023-03-27 01:45:00+00,株式会社サンライズ,試験_面接,不合格
20204052,r3a234,中島優樹,2023-03-27 01:00:00+00,2023-03-27 02:00:00+00,株式会社フロンティア,説明会_単,他
20213031,s2a101,井上遥,2023-03-27 01:00:00+00,2023-03-27 01:45:00+00,株式会社ガンマ,試験_面接,結果待ち
20213055,s2a205,田中大輔,2023-03-27 01:00:00+00,2023-03-27 02:00:00+00,株式会社ノヴァ,説明会_合,他
20213012,s2a303,鈴木遥,2023-03-27 01:00:00+00,2023-03-27 02:30:00+00,株式会社ハーモニー,試験_適正,結果待ち
20213039,s2a309,山下海斗,2023-03-27 01:00:00+00,2023-03-27 01:45:00+00,株式会社クロス,試験_面接,結果待ち
20213005,s2a311,松本直樹,2023-03-27 01:00:00+00,2023-03-27 02:30:00+00,株式会社ルミナス,試験_適正,結果待ち
20213028,s2a410,山下海斗,2023-03-27 01:00:00+00,2023-03-27 01:45:00+00,株式会社リンク,試験_面接,結果待ち
20213009,s2a411,阿部陽菜,2023-03-27 01:00:00+00,2023-03-27 02:30:00+00,株式会社ネクスト,試験_適正,継続（合格）
20222008,j1a101,加藤陸,2023-03-27 04:00:00+00,2023-03-27 04:45:00+00,株式会社リーフ,試験_面接,辞退
20222033,j2a108,渡辺杏奈,2023-03-27 04:00:00+00,2023-03-27 04:45:00+00,株式会社ミライ,試験_面接,継続（合格）
20222021,j2a109,木村優樹,2023-03-27 04:00:00+00,2023-03-27 05:00:00+00,株式会社アーク,説明会_合,他
20204019,r3a219,中島葵,2023-03-27 04:00:00+00,2023-03-27 04:45:00+00,株式会社リンク,試験_面接,不合格
20204019,r3a219,中島葵,2023-03-27 04:00:00+00,2023-03-27 05:00:00+00,株式会社ネクスト,インターン,他
20213058,s2a104,山崎太郎,2023-03-27 04:00:00+00,2023-03-27 04:45:00+00,株式会社イノベーション,試験_面接,結果待ち
20213027,s2a107,森太郎,2023-03-27 04:00:00+00,2023-03-27 04:45:00+00,株式会社テックワークス,試験_面接,継続（合格）
20213027,s2a107,森太郎,2023-03-27 04:00:00+00,2023-03-27 05:30:00+00,株式会社テックワークス,試験_適正,継続（合格）
20213045,s2a409,山田葵,2023-03-27 04:00:00+00,2023-03-27 04:45:00+00,株式会社テックワークス,試験_面接,結果待ち
20213045,s2a409,山田葵,2023-03-27 04:00:00+00,2023-03-27 05:30:00+00,株式会社ブリッジ,試験_適正,結果待ち
20222007,j1a108,佐々木大輔,2023-03-27 06:00:00+00,2023-03-27 06:45:00+00,株式会社アルファ,試験_面接,継続（合格）
20222029,j1a114,阿部太郎,2023-03-27 06:00:00+00,2023-03-27 07:00:00+00,株式会社ブルーム,インターン,他
20222029,j1a114,阿部太郎,2023-03-27 06:00:00+00,2023-03-27 07:30:00+00,株式会社エッジ,試験_適正,結果待ち
20222045,j1a120,鈴木海斗,2023-03-27 06:00:00+00,2023-03-27 07:30:00+00,株式会社フォース,試験_適正,結果待ち
20222046,j2a107,中村健太,2023-03-27 06:00:00+00,2023-03-27 07:00:00+00,株式会社アトラス,セミナー,他
20222021,j2a109,木村優樹,2023-03-27 06:00:00+00,2023-03-27 06:45:00+00,株式会社レイヤー,試験_面接,不合格
20222018,j2a114,山田美咲,2023-03-27 06:00:00+00,2023-03-27 06:45:00+00,株式会社ステラ,試験_面接,結果待ち
20222025,j2a117,中村花子,2023-03-27 06:00:00+00,2023-03-27 06:45:00+00,株式会社エコー,試験_面接,結果待ち
20222025,j2a117,中村花子,2023-03-27 06:00:00+00,2023-03-27 07:30:00+00,株式会社オメガ,試験_適正,継続（合格）
20222043,j2a118,田中拓也,2023-03-27 06:00:00+00,2023-03-27 06:45:00+00,株式会社アーク,試験_面接,結果待ち
20204068,r3a105,石川彩香,2023-03-27 06:00:00+00,2023-03-27 07:00:00+00,株式会社ビジョン,インターン,他
20204039,r3a110,藤田遥,2023-03-27 06:00:00+00,2023-03-27 06:45:00+00,株式会社ビジョン,試験_面接,結果待ち
20204078,r3a124,高橋凛,2023-03-27 06:00:00+00,2023-03-27 07:30:00+00,株式会社ユニオン,試験_適正,不合格
20204077,r3a138,清水翔太,2023-03-27 06:00:00+00,2023-03-27 06:45:00+00,株式会社グリーン,試験_面接,継続（合格）
20204082,r3a201,山崎直樹,2023-03-27 06:00:00+00,2023-03-27 07:00:00+00,株式会社ベータ,セミナー,他
20204009,r3a224,鈴木大輔,2023-03-27 06:00:00+00,2023-03-27 07:30:00+00,株式会社オーシャン,試験_適正,結果待ち
20204009,r3a224,鈴木大輔,2023-03-27 06:00:00+00,2023-03-27 07:30:00+00,株式会社イノベーション,試験_適正,辞退
20204052,r3a234,中島優樹,2023-03-27 06:00:00+00,2023-03-27 06:45:00+00,株式会社サンライズ,試験_面接,結果待ち
20213001,s2a112,橋本陽菜,2023-03-27 06:00:00+00,2023-03-27 06:45:00+00,株式会社クラフト,試験_面接,不合格
20213030,s2a202,清水花子,2023-03-27 06:00:00+00,2023-03-27 06:45:00+00,株式会社エコー,試験_面接,継続（合格）
20213023,s2a207,小林彩香,2023-03-27 06:00:00+00,2023-03-27 06:45:00+00,株式会社ストリーム,試験_面接,不合格
20213026,s2a403,前田結衣,2023-03-27 06:00:00+00,2023-03-27 07:30:00+00,株式会社ベータ,試験_適正,不合格
20213028,s2a410,山下海斗,2023-03-27 06:00:00+00,2023-03-27 07:00:00+00,株式会社リンク,インターン,他
20222033,j2a108,渡辺杏奈,2023-03-28 01:00:00+00,2023-03-28 02:00:00+00,株式会社ブリッジ,インターン,他
20222021,j2a109,木村優樹,2023-03-28 01:00:00+00,2023-03-28 01:45:00+00,株式会社プライム,試験_面接,継続（合格）
20222044,j2a113,木村優奈,2023-03-28 01:00:00+00,2023-03-28 01:45:00+00,株式会社アルファ,試験_面接,不合格
20204085,r3a119,石川優樹,2023-03-28 01:00:00+00,2023-03-28 01:45:00+00,株式会社フロンティア,試験_面接,結果待ち
20204082,r3a201,山崎直樹,2023-03-28 01:00:00+00,2023-03-28 01:45:00+00,株式会社ベータ,試験_面接,結果待ち
20204035,r3a209,山田翔太,2023-03-28 01:00:00+00,2023-03-28 01:45:00+00,株式会社ストリーム,試験_面接,継続（合格）
20204009,r3a224,鈴木大輔,2023-03-28 01:00:00+00,2023-03-28 02:00:00+00,株式会社ビジョン,説明会_単,他
20204074,r3a228,池田花子,2023-03-28 01:00:00+00,2023-03-28 02:00:00+00,株式会社グリーン,インターン,他
20204045,r3a231,山本結衣,2023-03-28 01:00:00+00,2023-03-28 01:45:00+00,株式会社ノヴァ,試験_面接,結果待ち
20204087,r3a233,鈴木彩香,2023-03-28 01:00:00+00,2023-03-28 01:45:00+00,株式会社ルミナス,試験_面接,結果待ち
20204052,r3a234,中島優樹,2023-03-28 01:00:00+00,2023-03-28 02:30:00+00,株式会社スカイ,試験_適正,結果待ち
20213023,s2a207,小林彩香,2023-03-28 01:00:00+00,2023-03-28 02:00:00+00,株式会社ミライ,セミナー,他
20213018,s2a305,山田太郎,2023-03-28 01:00:00+00,2023-03-28 02:00:00+00,株式会社エコー,インターン,他
20213006,s2a308,中村結衣,2023-03-28 01:00:00+00,2023-03-28 02:30:00+00,株式会社イプシロン,試験_適正,結果待ち
20222009,j1a110,山下太郎,2023-03-28 04:00:00+00,2023-03-28 05:30:00+00,株式会社ルミナス,試験_適正,不合格
20222016,j2a102,山本拓也,2023-03-28 04:00:00+00,2023-03-28 05:00:00+00,株式会社スカイ,説明会_合,他
20222024,j2a119,吉田遥,2023-03-28 04:00:00+00,2023-03-28 04:45:00+00,株式会社コア,試験_面接,結果待ち
20204063,r3a118,山口陽菜,2023-03-28 04:00:00+00,2023-03-28 04:45:00+00,株式会社エコー,試験_面接,継続（合格）
20204085,r3a119,石川優樹,2023-03-28 04:00:00+00,2023-03-28 05:00:00+00,株式会社フロンティア,セミナー,他
20204062,r3a130,佐藤結衣,2023-03-28 04:00:00+00,2023-03-28 04:45:00+00,株式会社デルタ,試験_面接,結果待ち
20204067,r3a226,小林大輔,2023-03-28 04:00:00+00,2023-03-28 04:45:00+00,株式会社ストリーム,試験_面接,継続（合格）
20213003,s2a106,鈴木凛,2023-03-28 04:00:00+00,2023-03-28 05:30:00+00,株式会社テックワークス,試験_適正,継続（合格）
20213055,s2a205,田中大輔,2023-03-28 04:00:00+00,2023-03-28 05:00:00+00,株式会社ノヴァ,インターン,他
20213007,s2a301,佐々木悠斗,2023-03-28 04:00:00+00,2023-03-28 04:30:00+00,株式会社アーク,試験_他,内定
20213016,s2a407,渡辺彩香,2023-03-28 04:00:00+00,2023-03-28 05:00:00+00,株式会社オービット,説明会_合,他
20213013,s2a408,前田葵,2023-03-28 04:00:00+00,2023-03-28 05:30:00+00,株式会社ホライズン,試験_適正,結果待ち
20222015,j1a106,小林遥,2023-03-28 06:00:00+00,2023-03-28 07:00:00+00,株式会社ルミナス,セミナー,他
20222048,j1a117,石川優奈,2023-03-28 06:00:00+00,2023-03-28 06:45:00+00,株式会社ストリーム,試験_面接,不合格
20222020,j1a121,田中健太,2023-03-28 06:00:00+00,2023-03-28 06:45:00+00,株式会社リーフ,試験_面接,継続（合格）
20222014,j1a122,藤田健太,2023-03-28 06:00:00+00,2023-03-28 07:00:00+00,株式会社ビジョン,セミナー,他
20222040,j2a101,佐々木直樹,2023-03-28 06:00:00+00,2023-03-28 06:45:00+00,株式会社ライト,試験_面接,結果待ち
20222033,j2a108,渡辺杏奈,2023-03-28 06:00:00+00,2023-03-28 07:30:00+00,株式会社ブリッジ,試験_適正,結果待ち
20204059,r3a122,林陸,2023-03-28 06:00:00+00,2023-03-28 06:45:00+00,株式会社シード,試験_面接,継続（合格）
20204025,r3a236,吉田優奈,2023-03-28 06:00:00+00,2023-03-28 06:45:00+00,株式会社ステラ,試験_面接,不合格
20213042,s2a111,山口結衣,2023-03-28 06:00:00+00,2023-03-28 07:00:00+00,株式会社ユニオン,説明会_単,他
20213055,s2a205,田中大輔,2023-03-28 06:00:00+00,2023-03-28 06:45:00+00,株式会社ノヴァ,試験_面接,結果待ち
20213051,s2a206,前田翔太,2023-03-28 06:00:00+00,2023-03-28 06:45:00+00,株式会社ベータ,試験_面接,不合格
20213023,s2a207,小林彩香,2023-03-28 06:00:00+00,2023-03-28 07:00:00+00,株式会社ストリーム,説明会_単,他
20213047,s2a302,山田結衣,2023-03-28 06:00:00+00,2023-03-28 07:00:00+00,株式会社マーブル,説明会_合,他
20222015,j1a106,小林遥,2023-03-29 01:00:00+00,2023-03-29 01:45:00+00,株式会社エンジン,試験_面接,結果待ち
20222030,j1a107,小林遥,2023-03-29 01:00:00+00,2023-03-29 02:30:00+00,株式会社アセント,試験_適正,結果待ち
20222007,j1a108,佐々木大輔,2023-03-29 01:00:00+00,2023-03-29 01:45:00+00,株式会社アルファ,試験_面接,継続（合格）
20222041,j1a112,吉田優樹,2023-03-29 01:00:00+00,2023-03-29 02:30:00+00,株式会社パルス,試験_適正,辞退
20222020,j1a121,田中健太,2023-03-29 01:00:00+00,2023-03-29 02:00:00+00,株式会社リーフ,説明会_合,他
20222020,j1a121,田中健太,2023-03-29 01:00:00+00,2023-03-29 01:45:00+00,株式会社レイヤー,試験_面接,結果待ち
20222016,j2a102,山本拓也,2023-03-29 01:00:00+00,2023-03-29 01:45:00+00,株式会社スカイ,試験_面接,継続（合格）
20222050,j2a110,藤田海斗,2023-03-29 01:00:00+00,2023-03-29 01:45:00+00,株式会社クロス,試験_面接,結果待ち
20222050,j2a110,藤田海斗,2023-03-29 01:00:00+00,2023-03-29 02:00:00+00,株式会社エコー,インターン,他
20222044,j2a113,木村優奈,2023-03-29 01:00:00+00,2023-03-29 02:00:00+00,株式会社ハーモニー,説明会_単,他
20222018,j2a114,山田美咲,2023-03-29 01:00:00+00,2023-03-29 02:00:00+00,株式会社ステラ,説明会_単,他
20204033,r3a115,鈴木太郎,2023-03-29 01:00:00+00,2023-03-29 01:45:00+00,株式会社オメガ,試験_面接,結果待ち
20204017,r3a213,渡辺健太,2023-03-29 01:00:00+00,2023-03-29 02:30:00+00,株式会社マーブル,試験_適正,不合格
20204049,r3a227,中村花子,2023-03-29 01:00:00+00,2023-03-29 02:30:00+00,株式会社サンライズ,試験_適正,継続（合格）
20213004,s2a109,清水遥,2023-03-29 01:00:00+00,2023-03-29 01:45:00+00,株式会社ブルーム,試験_面接,結果待ち
20213023,s2a207,小林彩香,2023-03-29 01:00:00+00,2023-03-29 01:45:00+00,株式会社ミライ,試験_面接,結果待ち
20213006,s2a308,中村結衣,2023-03-29 01:00:00+00,2023-03-29 02:00:00+00,株式会社イノベーション,インターン,他
20213013,s2a408,前田葵,2023-03-29 01:00:00+00,2023-03-29 01:45:00+00,株式会社グリーン,試験_面接,継続（合格）
20222041,j1a112,吉田優樹,2023-03-29 04:00:00+00,2023-03-29 05:30:00+00,株式会社アビリティ,試験_適正,継続（合格）
20222036,j1a113,小林陽菜,2023-03-29 04:00:00+00,2023-03-29 05:30:00+00,株式会社プライム,試験_適正,不合格
20222031,j2a120,松本悠斗,2023-03-29 04:00:00+00,2023-03-29 04:45:00+00,株式会社コア,試験_面接,結果待ち
20204001,r3a108,渡辺海斗,2023-03-29 04:00:00+00,2023-03-29 04:45:00+00,株式会社フォーカス,試験_面接,継続（合格）
20204058,r3a205,木村直樹,2023-03-29 04:00:00+00,2023-03-29 04:45:00+00,株式会社デルタ,試験_面接,結果待ち
20204038,r3a221,前田美咲,2023-03-29 04:00:00+00,2023-03-29 05:00:00+00,株式会社コア,説明会_合,他
20213024,s2a204,中村優奈,2023-03-29 04:00:00+00,2023-03-29 05:00:00+00,株式会社ガンマ,説明会_単,他
20213032,s2a208,渡辺杏奈,2023-03-29 04:00:00+00,2023-03-29 05:30:00+00,株式会社ホライズン,試験_適正,不合格
20213029,s2a307,加藤直樹,2023-03-29 04:00:00+00,2023-03-29 05:00:00+00,株式会社クラフト,インターン,他
20213059,s2a312,小林優樹,2023-03-29 04:00:00+00,2023-03-29 05:00:00+00,株式会社パルス,セミナー,他
20213014,s2a401,山本海斗,2023-03-29 04:00:00+00,2023-03-29 04:45:00+00,株式会社アルファ,試験_面接,結果待ち
20213041,s2a404,鈴木太郎,2023-03-29 04:00:00+00,2023-03-29 05:00:00+00,株式会社ルミナス,説明会_単,他
20213028,s2a410,山下海斗,2023-03-29 04:00:00+00,2023-03-29 04:45:00+00,株式会社ブルーム,試験_面接,継続（合格）
20222008,j1a101,加藤陸,2023-03-29 06:00:00+00,2023-03-29 07:30:00+00,株式会社フォース,試験_適正,継続（合格）
20222026,j1a103,鈴木遥,2023-03-29 06:00:00+00,2023-03-29 07:00:00+00,株式会社エッジ,説明会_合,他
20222007,j1a108,佐々木大輔,2023-03-29 06:00:00+00,2023-03-29 06:45:00+00,株式会社アルファ,試験_面接,結果待ち
20222044,j2a113,木村優奈,2023-03-29 06:00:00+00,2023-03-29 06:45:00+00,株式会社シグマ,試験_面接,継続（合格）
20222025,j2a117,中村花子,2023-03-29 06:00:00+00,2023-03-29 06:45:00+00,株式会社オメガ,試験_面接,継続（合格）
20222025,j2a117,中村花子,2023-03-29 06:00:00+00,2023-03-29 07:30:00+00,株式会社ベータ,試験_適正,結果待ち
20222025,j2a117,中村花子,2023-03-29 06:00:00+00,2023-03-29 07:00:00+00,株式会社ライト,説明会_単,他
20204086,r3a109,鈴木翔太,2023-03-29 06:00:00+00,2023-03-29 07:30:00+00,株式会社テックワークス,試験_適正,結果待ち
20204076,r3a126,山口翔太,2023-03-29 06:00:00+00,2023-03-29 06:45:00+00,株式会社リンク,試験_面接,継続（合格）
20204048,r3a131,佐々木美咲,2023-03-29 06:00:00+00,2023-03-29 06:45:00+00,株式会社アセント,試験_面接,結果待ち
20213031,s2a101,井上遥,2023-03-29 06:00:00+00,2023-03-29 06:45:00+00,株式会社クロス,試験_面接,不合格
20213026,s2a403,前田結衣,2023-03-29 06:00:00+00,2023-03-29 06:45:00+00,株式会社イノベーション,試験_面接,辞退
20222048,j1a117,石川優奈,2023-03-30 01:00:00+00,2023-03-30 01:45:00+00,株式会社レイヤー,試験_面接,結果待ち
20222046,j2a107,中村健太,2023-03-30 01:00:00+00,2023-03-30 01:45:00+00,株式会社アトラス,試験_面接,継続（合格）
20222021,j2a109,木村優樹,2023-03-30 01:00:00+00,2023-03-30 01:45:00+00,株式会社リーフ,試験_面接,結果待ち
20222006,j2a111,山田健太,2023-03-30 01:00:00+00,2023-03-30 01:45:00+00,株式会社ブリッジ,試験_面接,結果待ち
20222025,j2a117,中村花子,2023-03-30 01:00:00+00,2023-03-30 01:45:00+00,株式会社コア,試験_面接,継続（合格）
20204076,r3a126,山口翔太,2023-03-30 01:00:00+00,2023-03-30 02:00:00+00,株式会社リンク,インターン,他
20204055,r3a129,高橋陸,2023-03-30 01:00:00+00,2023-03-30 01:45:00+00,株式会社サンライズ,試験_面接,結果待ち
20204018,r3a223,池田拓也,2023-03-30 01:00:00+00,2023-03-30 02:00:00+00,株式会社リンク,セミナー,他
20204087,r3a233,鈴木彩香,2023-03-30 01:00:00+00,2023-03-30 01:45:00+00,株式会社ベータ,試験_面接,結果待ち
20204087,r3a233,鈴木彩香,2023-03-30 01:00:00+00,2023-03-30 01:45:00+00,株式会社グリーン,試験_面接,不合格
20213031,s2a101,井上遥,2023-03-30 01:00:00+00,2023-03-30 01:45:00+00,株式会社コア,試験_面接,不合格
20213042,s2a111,山口結衣,2023-03-30 01:00:00+00,2023-03-30 01:45:00+00,株式会社ミライ,試験_面接,結果待ち
20213032,s2a208,渡辺杏奈,2023-03-30 01:00:00+00,2023-03-30 01:45:00+00,株式会社ガンマ,試験_面接,継続（合格）
20213012,s2a303,鈴木遥,2023-03-30 01:00:00+00,2023-03-30 01:45:00+00,株式会社リーフ,試験_面接,継続（合格）
20222008,j1a101,加藤陸,2023-03-30 04:00:00+00,2023-03-30 04:45:00+00,株式会社ライト,試験_面接,結果待ち
20222013,j2a115,阿部美咲,2023-03-30 04:00:00+00,2023-03-30 04:45:00+00,株式会社リンク,試験_面接,継続（合格）
20222024,j2a119,吉田遥,2023-03-30 04:00:00+00,2023-03-30 04:45:00+00,株式会社マーブル,試験_面接,結果待ち
20204083,r3a127,吉田悠斗,2023-03-30 04:00:00+00,2023-03-30 04:45:00+00,株式会社レイヤー,試験_面接,不合格
20204027,r3a202,山本海斗,2023-03-30 04:00:00+00,2023-03-30 05:00:00+00,株式会社グリーン,説明会_単,他
20204014,r3a203,佐々木直樹,2023-03-30 04:00:00+00,2023-03-30 05:30:00+00,株式会社ベータ,試験_適正,結果待ち
20204017,r3a213,渡辺健太,2023-03-30 04:00:00+00,2023-03-30 05:00:00+00,株式会社プライム,説明会_単,他
20204012,r3a216,藤田大輔,2023-03-30 04:00:00+00,2023-03-30 04:45:00+00,株式会社スカイ,試験_面接,継続（合格）
20204009,r3a224,鈴木大輔,2023-03-30 04:00:00+00,2023-03-30 04:45:00+00,株式会社ビジョン,試験_面接,結果待ち
20213033,s2a103,井上彩香,2023-03-30 04:00:00+00,2023-03-30 04:45:00+00,株式会社シード,試験_面接,結果待ち
20213003,s2a106,鈴木凛,2023-03-30 04:00:00+00,2023-03-30 05:00:00+00,株式会社ハーモニー,インターン,他
20213060,s2a110,石川陽菜,2023-03-30 04:00:00+00,2023-03-30 05:00:00+00,株式会社クロス,説明会_合,他
20213010,s2a304,田中直樹,2023-03-30 04:00:00+00,2023-03-30 05:30:00+00,株式会社シグマ,試験_適正,結果待ち
20213026,s2a403,前田結衣,2023-03-30 04:00:00+00,2023-03-30 04:45:00+00,株式会社アセント,試験_面接,不合格
20222033,j2a108,渡辺杏奈,2023-03-30 06:00:00+00,2023-03-30 07:00:00+00,株式会社ストリーム,セミナー,他
20222025,j2a117,中村花子,2023-03-30 06:00:00+00,2023-03-30 07:30:00+00,株式会社コア,試験_適正,継続（合格）
20222042,j2a122,前田直樹,2023-03-30 06:00:00+00,2023-03-30 07:30:00+00,株式会社シード,試験_適正,辞退
20204008,r3a103,高橋太郎,2023-03-30 06:00:00+00,2023-03-30 06:30:00+00,株式会社ミライ,試験_他,内定
20204079,r3a104,佐々木直樹,2023-03-30 06:00:00+00,2023-03-30 07:30:00+00,株式会社サンライズ,試験_適正,結果待ち
20204015,r3a111,松本翔太,2023-03-30 06:00:00+00,2023-03-30 06:45:00+00,株式会社アルファ,試験_面接,不合格
20204090,r3a204,田中翔太,2023-03-30 06:00:00+00,2023-03-30 06:45:00+00,株式会社ライト,試験_面接,結果待ち
20213046,s2a212,田中翔太,2023-03-30 06:00:00+00,2023-03-30 07:00:00+00,株式会社ストリーム,セミナー,他
20213005,s2a311,松本直樹,2023-03-30 06:00:00+00,2023-03-30 07:00:00+00,株式会社エコー,説明会_合,他
20222002,j1a104,山下大輔,2023-03-31 01:00:00+00,2023-03-31 01:45:00+00,株式会社シグマ,試験_面接,継続（合格）
20222029,j1a114,阿部太郎,2023-03-31 01:00:00+00,2023-03-31 01:45:00+00,株式会社ライト,試験_面接,不合格
20222010,j1a115,山口翔太,2023-03-31 01:00:00+00,2023-03-31 02:00:00+00,株式会社エッジ,説明会_単,他
20222028,j1a116,松本陸,2023-03-31 01:00:00+00,2023-03-31 01:45:00+00,株式会社ベータ,試験_面接,結果待ち
20222048,j1a117,石川優奈,2023-03-31 01:00:00+00,2023-03-31 02:30:00+00,株式会社ストリーム,試験_適正,継続（合格）
20222005,j1a118,田中翔太,2023-03-31 01:00:00+00,2023-03-31 01:45:00+00,株式会社シード,試験_面接,結果待ち
20222025,j2a117,中村花子,2023-03-31 01:00:00+00,2023-03-31 01:45:00+00,株式会社ライト,試験_面接,不合格
20204027,r3a202,山本海斗,2023-03-31 01:00:00+00,2023-03-31 02:30:00+00,株式会社ルミナス,試験_適正,結果待ち
20204038,r3a221,前田美咲,2023-03-31 01:00:00+00,2023-03-31 01:45:00+00,株式会社クラフト,試験_面接,不合格
20204065,r3a225,中島拓也,2023-03-31 01:00:00+00,2023-03-31 02:00:00+00,株式会社フォース,説明会_単,他
20204074,r3a228,池田花子,2023-03-31 01:00:00+00,2023-03-31 01:45:00+00,株式会社レイヤー,試験_面接,結果待ち
20213006,s2a308,中村結衣,2023-03-31 01:00:00+00,2023-03-31 02:30:00+00,株式会社モデスト,試験_適正,結果待ち
20213035,s2a310,斎藤健太,2023-03-31 01:00:00+00,2023-03-31 01:45:00+00,株式会社コア,試験_面接,継続（合格）
20213045,s2a409,山田葵,2023-03-31 01:00:00+00,2023-03-31 02:00:00+00,株式会社ビジョン,セミナー,他
20222032,j1a102,山下拓也,2023-03-31 04:00:00+00,2023-03-31 04:45:00+00,株式会社クラフト,試験_面接,結果待ち
20222048,j1a117,石川優奈,2023-03-31 04:00:00+00,2023-03-31 04:45:00+00,株式会社クラフト,試験_面接,継続（合格）
20222046,j2a107,中村健太,2023-03-31 04:00:00+00,2023-03-31 04:45:00+00,株式会社アトラス,試験_面接,継続（合格）
20222027,j2a112,前田健太,2023-03-31 04:00:00+00,2023-03-31 04:45:00+00,株式会社スカイ,試験_面接,結果待ち
20204008,r3a103,高橋太郎,2023-03-31 04:00:00+00,2023-03-31 05:00:00+00,株式会社ミライ,インターン,他
20204043,r3a114,佐藤拓也,2023-03-31 04:00:00+00,2023-03-31 04:45:00+00,株式会社シグマ,試験_面接,継続（合格）
20204057,r3a134,中村花子,2023-03-31 04:00:00+00,2023-03-31 05:00:00+00,株式会社リーフ,説明会_単,他
20204014,r3a203,佐々木直樹,2023-03-31 04:00:00+00,2023-03-31 04:45:00+00,株式会社エッジ,試験_面接,辞退
20204003,r3a235,松本直樹,2023-03-31 04:00:00+00,2023-03-31 04:45:00+00,株式会社ユニオン,試験_面接,不合格
20213034,s2a105,前田悠斗,2023-03-31 04:00:00+00,2023-03-31 04:45:00+00,株式会社デルタ,試験_面接,継続（合格）
20213003,s2a106,鈴木凛,2023-03-31 04:00:00+00,2023-03-31 04:45:00+00,株式会社エッジ,試験_面接,不合格
20213001,s2a112,橋本陽菜,2023-03-31 04:00:00+00,2023-03-31 04:45:00+00,株式会社ネクスト,試験_面接,結果待ち
20213046,s2a212,田中翔太,2023-03-31 04:00:00+00,2023-03-31 05:30:00+00,株式会社ネクスト,試験_適正,辞退
20213007,s2a301,佐々木悠斗,2023-03-31 04:00:00+00,2023-03-31 04:45:00+00,株式会社アーク,試験_面接,継続（合格）
20213047,s2a302,山田結衣,2023-03-31 04:00:00+00,2023-03-31 04:45:00+00,株式会社ベータ,試験_面接,結果待ち
20213018,s2a305,山田太郎,2023-03-31 04:00:00+00,2023-03-31 04:45:00+00,株式会社ホライズン,試験_面接,継続（合格）
20222007,j1a108,佐々木大輔,2023-03-31 06:00:00+00,2023-03-31 07:00:00+00,株式会社マーブル,説明会_合,他
20222010,j1a115,山口翔太,2023-03-31 06:00:00+00,2023-03-31 06:45:00+00,株式会社エッジ,試験_面接,結果待ち
20204068,r3a105,石川彩香,2023-03-31 06:00:00+00,2023-03-31 06:45:00+00,株式会社ホライズン,試験_面接,結果待ち
20204021,r3a113,池田凛,2023-03-31 06:00:00+00,2023-03-31 07:00:00+00,株式会社ビジョン,説明会_単,他
20204022,r3a125,佐々木優樹,2023-03-31 06:00:00+00,2023-03-31 06:45:00+00,株式会社アセント,試験_面接,辞退
20204048,r3a131,佐々木美咲,2023-03-31 06:00:00+00,2023-03-31 07:00:00+00,株式会社アセント,セミナー,他
20204037,r3a135,山本健太,2023-03-31 06:00:00+00,2023-03-31 07:00:00+00,株式会社デルタ,説明会_単,他
20204014,r3a203,佐々木直樹,2023-03-31 06:00:00+00,2023-03-31 07:30:00+00,株式会社パルス,試験_適正,結果待ち
20204012,r3a216,藤田大輔,2023-03-31 06:00:00+00,2023-03-31 07:00:00+00,株式会社ルミナス,説明会_合,他
20204087,r3a233,鈴木彩香,2023-03-31 06:00:00+00,2023-03-31 07:30:00+00,株式会社ルミナス,試験_適正,継続（合格）
20213033,s2a103,井上彩香,2023-03-31 06:00:00+00,2023-03-31 06:45:00+00,株式会社フォーカス,試験_面接,結果待ち
20213003,s2a106,鈴木凛,2023-03-31 06:00:00+00,2023-03-31 06:45:00+00,株式会社エッジ,試験_面接,継続（合格）
20213004,s2a109,清水遥,2023-03-31 06:00:00+00,2023-03-31 07:00:00+00,株式会社ブルーム,インターン,他
20213048,s2a210,吉田優樹,2023-03-31 06:00:00+00,2023-03-31 07:00:00+00,株式会社イプシロン,説明会_合,他
20213035,s2a310,斎藤健太,2023-03-31 06:00:00+00,2023-03-31 06:45:00+00,株式会社コア,試験_面接,不合格
20213013,s2a408,前田葵,2023-03-31 06:00:00+00,2023-03-31 06:45:00+00,株式会社モデスト,試験_面接,不合格
20214049,r3a236,伊藤健太,2024-01-07 04:00:00+00,2024-01-07 05:00:00+00,株式会社ステラ,説明会_単,他
20214067,r3a126,斎藤大輔,2024-01-22 01:00:00+00,2024-01-22 02:00:00+00,株式会社ストリーム,インターン,他
20214003,r3a105,木村凛,2024-01-23 04:00:00+00,2024-01-23 05:30:00+00,株式会社アビリティ,試験_適正,結果待ち
20214027,r3a219,山田杏奈,2024-01-25 01:00:00+00,2024-01-25 01:45:00+00,株式会社コア,試験_面接,継続（合格）
20214017,r3a220,山田花子,2024-01-25 01:00:00+00,2024-01-25 02:00:00+00,株式会社オービット,説明会_単,他
20214065,r3a108,斎藤葵,2024-01-27 01:00:00+00,2024-01-27 01:45:00+00,株式会社クロス,試験_面接,継続（合格）
20214039,r3a114,高橋拓也,2024-01-27 06:00:00+00,2024-01-27 07:00:00+00,株式会社クラフト,説明会_合,他
20214009,r3a101,山口葵,2024-01-28 06:00:00+00,2024-01-28 07:00:00+00,株式会社シグマ,インターン,他
20223016,s2a411,前田優樹,2024-01-28 06:00:00+00,2024-01-28 07:00:00+00,株式会社レイヤー,インターン,他
20214006,r3a116,木村杏奈,2024-01-29 04:00:00+00,2024-01-29 05:00:00+00,株式会社ビジョン,説明会_単,他
20214022,r3a130,佐々木美咲,2024-01-30 01:00:00+00,2024-01-30 02:30:00+00,株式会社ハーモニー,試験_適正,結果待ち
20214051,r3a117,山口陸,2024-01-30 06:00:00+00,2024-01-30 07:30:00+00,株式会社ライト,試験_適正,不合格
20214056,r3a141,渡辺陸,2024-02-01 01:00:00+00,2024-02-01 02:30:00+00,株式会社アルファ,試験_適正,結果待ち
20214040,r3a113,森優樹,2024-02-01 04:00:00+00,2024-02-01 04:45:00+00,株式会社ホライズン,試験_面接,不合格
20214037,r3a136,斎藤凛,2024-02-02 01:00:00+00,2024-02-02 02:00:00+00,株式会社エコー,インターン,他
20223059,s2a111,山田葵,2024-02-02 01:00:00+00,2024-02-02 02:00:00+00,株式会社クレスト,インターン,他
20214036,r3a112,阿部翔太,2024-02-03 01:00:00+00,2024-02-03 02:00:00+00,株式会社サンライズ,セミナー,他
20214028,r3a237,吉田優奈,2024-02-03 01:00:00+00,2024-02-03 02:00:00+00,株式会社プライム,セミナー,他
20214078,r3a140,山本悠斗,2024-02-03 06:00:00+00,2024-02-03 07:30:00+00,株式会社デルタ,試験_適正,辞退
20223048,s2a104,田中翔太,2024-02-05 06:00:00+00,2024-02-05 07:00:00+00,株式会社マーブル,説明会_単,他
20214087,r3a104,高橋陸,2024-02-06 01:00:00+00,2024-02-06 02:30:00+00,株式会社ホライズン,試験_適正,結果待ち
20214048,r3a226,加藤直樹,2024-02-06 01:00:00+00,2024-02-06 02:30:00+00,株式会社シグマ,試験_適正,継続（合格）
20214080,r3a207,中島大輔,2024-02-06 04:00:00+00,2024-02-06 05:30:00+00,株式会社コア,試験_適正,結果待ち
20214087,r3a104,高橋陸,2024-02-07 01:00:00+00,2024-02-07 02:00:00+00,株式会社ベータ,インターン,他
20214067,r3a126,斎藤大輔,2024-02-07 01:00:00+00,2024-02-07 02:30:00+00,株式会社ブルーム,試験_適正,継続（合格）
20214033,r3a233,山本健太,2024-02-07 04:00:00+00,2024-02-07 04:30:00+00,株式会社ストリーム,試験_他,内定
20223026,s2a311,中村大輔,2024-02-07 04:00:00+00,2024-02-07 05:00:00+00,株式会社アセント,セミナー,他
20214037,r3a136,斎藤凛,2024-02-08 01:00:00+00,2024-02-08 02:30:00+00,株式会社パルス,試験_適正,辞退
20214005,r3a230,鈴木凛,2024-02-09 01:00:00+00,2024-02-09 02:30:00+00,株式会社ステラ,試験_適正,継続（合格）
20214079,r3a121,林海斗,2024-02-09 06:00:00+00,2024-02-09 07:30:00+00,株式会社ノヴァ,試験_適正,結果待ち
20223020,s2a308,山本遥,2024-02-09 06:00:00+00,2024-02-09 07:00:00+00,株式会社グリーン,説明会_合,他
20214012,r3a127,渡辺結衣,2024-02-11 06:00:00+00,2024-02-11 07:00:00+00,株式会社フロンティア,説明会_単,他
20214053,r3a201,池田翔太,2024-02-11 06:00:00+00,2024-02-11 06:45:00+00,株式会社ストリーム,試験_面接,結果待ち
20214072,r3a225,高橋陽菜,2024-02-12 01:00:00+00,2024-02-12 01:45:00+00,株式会社イノベーション,試験_面接,結果待ち
20214058,r3a234,森優奈,2024-02-12 01:00:00+00,2024-02-12 01:45:00+00,株式会社マーブル,試験_面接,継続（合格）
20223025,s2a108,高橋海斗,2024-02-12 04:00:00+00,2024-02-12 05:00:00+00,株式会社コア,インターン,他
20214081,r3a102,吉田遥,2024-02-12 06:00:00+00,2024-02-12 07:00:00+00,株式会社ライト,インターン,他
20214053,r3a201,池田翔太,2024-02-12 06:00:00+00,2024-02-12 07:00:00+00,株式会社ベータ,セミナー,他
20214036,r3a112,阿部翔太,2024-02-13 01:00:00+00,2024-02-13 02:00:00+00,株式会社フォーカス,インターン,他
20223031,s2a409,佐藤凛,2024-02-13 01:00:00+00,2024-02-13 02:30:00+00,株式会社オービット,試験_適正,継続（合格）
20214025,r3a111,山本悠斗,2024-02-13 04:00:00+00,2024-02-13 05:00:00+00,株式会社グリーン,セミナー,他
20214072,r3a225,高橋陽菜,2024-02-13 04:00:00+00,2024-02-13 05:00:00+00,株式会社ステラ,説明会_合,他
20214004,r3a224,阿部杏奈,2024-02-13 06:00:00+00,2024-02-13 06:45:00+00,株式会社シグマ,試験_面接,結果待ち
20214013,r3a109,田中陸,2024-02-14 04:00:00+00,2024-02-14 05:00:00+00,株式会社スカイ,インターン,他
20214027,r3a219,山田杏奈,2024-02-14 04:00:00+00,2024-02-14 05:00:00+00,株式会社コア,インターン,他
20223023,s2a412,林杏奈,2024-02-14 06:00:00+00,2024-02-14 07:00:00+00,株式会社レイヤー,説明会_単,他
20214022,r3a130,佐々木美咲,2024-02-15 06:00:00+00,2024-02-15 07:00:00+00,株式会社ネクスト,セミナー,他
20214072,r3a225,高橋陽菜,2024-02-15 06:00:00+00,2024-02-15 07:00:00+00,株式会社グロース,インターン,他
20214010,r3a133,森遥,2024-02-16 01:00:00+00,2024-02-16 02:30:00+00,株式会社ブリッジ,試験_適正,結果待ち
20223051,s2a401,山下花子,2024-02-16 01:00:00+00,2024-02-16 02:30:00+00,株式会社フォーカス,試験_適正,結果待ち
20214006,r3a116,木村杏奈,2024-02-16 04:00:00+00,2024-02-16 05:30:00+00,株式会社デルタ,試験_適正,結果待ち
20214077,r3a120,山本健太,2024-02-16 06:00:00+00,2024-02-16 07:30:00+00,株式会社フロンティア,試験_適正,結果待ち
20223003,s2a103,加藤翔太,2024-02-17 01:00:00+00,2024-02-17 02:00:00+00,株式会社クロス,説明会_合,他
20214084,r3a123,斎藤美咲,2024-02-17 04:00:00+00,2024-02-17 05:00:00+00,株式会社グロース,セミナー,他
20214061,r3a202,藤田直樹,2024-02-17 04:00:00+00,2024-02-17 05:30:00+00,株式会社アビリティ,試験_適正,不合格
20214027,r3a219,山田杏奈,2024-02-17 04:00:00+00,2024-02-17 05:00:00+00,株式会社ストリーム,インターン,他
20214081,r3a102,吉田遥,2024-02-17 06:00:00+00,2024-02-17 06:45:00+00,株式会社ライト,試験_面接,結果待ち
20214067,r3a126,斎藤大輔,2024-02-17 06:00:00+00,2024-02-17 07:00:00+00,株式会社アーク,説明会_単,他
20214034,r3a132,田中翔太,2024-02-17 06:00:00+00,2024-02-17 07:00:00+00,株式会社アトラス,説明会_単,他
20214073,r3a139,加藤遥,2024-02-17 06:00:00+00,2024-02-17 07:30:00+00,株式会社アーク,試験_適正,不合格
20214072,r3a225,高橋陽菜,2024-02-17 06:00:00+00,2024-02-17 06:45:00+00,株式会社グロース,試験_面接,継続（合格）
20214060,r3a110,小林翔太,2024-02-18 01:00:00+00,2024-02-18 01:45:00+00,株式会社エコー,試験_面接,継続（合格）
20214024,r3a215,佐々木杏奈,2024-02-18 04:00:00+00,2024-02-18 05:00:00+00,株式会社マーブル,セミナー,他
20214027,r3a219,山田杏奈,2024-02-18 06:00:00+00,2024-02-18 06:45:00+00,株式会社エコー,試験_面接,結果待ち
20214065,r3a108,斎藤葵,2024-02-19 01:00:00+00,2024-02-19 01:45:00+00,株式会社コア,試験_面接,不合格
20214090,r3a239,斎藤悠斗,2024-02-19 01:00:00+00,2024-02-19 02:00:00+00,株式会社ネクスト,セミナー,他
20223049,s2a210,山田優奈,2024-02-19 01:00:00+00,2024-02-19 02:00:00+00,株式会社グリーン,説明会_単,他
20232046,j1a105,中島花子,2024-02-19 04:00:00+00,2024-02-19 05:00:00+00,株式会社クロス,説明会_合,他
20214059,r3a106,山下陽菜,2024-02-19 04:00:00+00,2024-02-19 04:45:00+00,株式会社マーブル,試験_面接,不合格
20214060,r3a110,小林翔太,2024-02-19 04:00:00+00,2024-02-19 04:30:00+00,株式会社エコー,試験_他,内定
20214075,r3a135,前田優樹,2024-02-19 04:00:00+00,2024-02-19 05:00:00+00,株式会社エンジン,説明会_合,他
20214065,r3a108,斎藤葵,2024-02-20 01:00:00+00,2024-02-20 02:30:00+00,株式会社ミライ,試験_適正,不合格
20214086,r3a138,井上結衣,2024-02-20 01:00:00+00,2024-02-20 02:30:00+00,株式会社デルタ,試験_適正,結果待ち
20214053,r3a201,池田翔太,2024-02-20 01:00:00+00,2024-02-20 02:00:00+00,株式会社ストリーム,インターン,他
20214028,r3a237,吉田優奈,2024-02-20 01:00:00+00,2024-02-20 02:00:00+00,株式会社エコー,説明会_合,他
20214071,r3a128,斎藤優樹,2024-02-20 04:00:00+00,2024-02-20 05:30:00+00,株式会社プライム,試験_適正,不合格
20214046,r3a118,田中優樹,2024-02-20 06:00:00+00,2024-02-20 07:00:00+00,株式会社イプシロン,説明会_単,他
20214053,r3a201,池田翔太,2024-02-20 06:00:00+00,2024-02-20 07:00:00+00,株式会社オーシャン,説明会_単,他
20214039,r3a114,高橋拓也,2024-02-21 01:00:00+00,2024-02-21 01:45:00+00,株式会社クラフト,試験_面接,不合格
20214004,r3a224,阿部杏奈,2024-02-21 01:00:00+00,2024-02-21 02:00:00+00,株式会社オービット,説明会_単,他
20232048,j2a107,山口海斗,2024-02-21 04:00:00+00,2024-02-21 05:00:00+00,株式会社クレスト,説明会_単,他
20214031,r3a119,伊藤海斗,2024-02-21 04:00:00+00,2024-02-21 05:00:00+00,株式会社ホライズン,セミナー,他
20214003,r3a105,木村凛,2024-02-21 06:00:00+00,2024-02-21 07:00:00+00,株式会社デルタ,説明会_合,他
20223060,s2a201,渡辺翔太,2024-02-21 06:00:00+00,2024-02-21 07:30:00+00,株式会社フロンティア,試験_適正,結果待ち
20214033,r3a233,山本健太,2024-02-22 01:00:00+00,2024-02-22 02:00:00+00,株式会社ストリーム,セミナー,他
20214085,r3a240,鈴木悠斗,2024-02-22 01:00:00+00,2024-02-22 01:45:00+00,株式会社ミライ,試験_面接,結果待ち
20223050,s2a203,佐々木結衣,2024-02-22 01:00:00+00,2024-02-22 02:00:00+00,株式会社ネクスト,セミナー,他
20223023,s2a412,林杏奈,2024-02-22 01:00:00+00,2024-02-22 02:00:00+00,株式会社イノベーション,説明会_合,他
20214051,r3a117,山口陸,2024-02-22 04:00:00+00,2024-02-22 04:45:00+00,株式会社クロス,試験_面接,結果待ち
20214020,r3a125,高橋凛,2024-02-22 04:00:00+00,2024-02-22 05:30:00+00,株式会社クレスト,試験_適正,結果待ち
20214067,r3a126,斎藤大輔,2024-02-22 04:00:00+00,2024-02-22 05:00:00+00,株式会社クレスト,セミナー,他
20214037,r3a136,斎藤凛,2024-02-22 06:00:00+00,2024-02-22 06:45:00+00,株式会社ミライ,試験_面接,結果待ち
20214016,r3a208,加藤葵,2024-02-22 06:00:00+00,2024-02-22 07:30:00+00,株式会社フロンティア,試験_適正,不合格
20214033,r3a233,山本健太,2024-02-22 06:00:00+00,2024-02-22 07:00:00+00,株式会社ストリーム,内定後活動,内定
20214075,r3a135,前田優樹,2024-02-23 01:00:00+00,2024-02-23 02:30:00+00,株式会社アビリティ,試験_適正,不合格
20214075,r3a135,前田優樹,2024-02-23 01:00:00+00,2024-02-23 02:00:00+00,株式会社ブリッジ,説明会_合,他
20223041,s2a106,藤田海斗,2024-02-23 01:00:00+00,2024-02-23 01:45:00+00,株式会社ネクスト,試験_面接,結果待ち
20223001,s2a113,中島結衣,2024-02-23 01:00:00+00,2024-02-23 02:00:00+00,株式会社オメガ,説明会_単,他
20223049,s2a210,山田優奈,2024-02-23 01:00:00+00,2024-02-23 02:30:00+00,株式会社グリーン,試験_適正,結果待ち
20223015,s2a302,加藤翔太,2024-02-23 01:00:00+00,2024-02-23 02:00:00+00,株式会社ブリッジ,説明会_合,他
20214008,r3a213,山崎葵,2024-02-23 04:00:00+00,2024-02-23 04:45:00+00,株式会社イプシロン,試験_面接,継続（合格）
20214038,r3a216,池田拓也,2024-02-23 04:00:00+00,2024-02-23 05:30:00+00,株式会社ストリーム,試験_適正,結果待ち
20214014,r3a228,山下翔太,2024-02-23 06:00:00+00,2024-02-23 06:45:00+00,株式会社エンジン,試験_面接,不合格
20232015,j1a101,加藤花子,2024-02-24 01:00:00+00,2024-02-24 02:00:00+00,株式会社アトラス,インターン,他
20214073,r3a139,加藤遥,2024-02-24 01:00:00+00,2024-02-24 02:00:00+00,株式会社アビリティ,説明会_単,他
20214080,r3a207,中島大輔,2024-02-24 01:00:00+00,2024-02-24 02:30:00+00,株式会社クロス,試験_適正,結果待ち
20214010,r3a133,森遥,2024-02-24 04:00:00+00,2024-02-24 04:45:00+00,株式会社フォーカス,試験_面接,結果待ち
20214087,r3a104,高橋陸,2024-02-24 06:00:00+00,2024-02-24 07:00:00+00,株式会社エコー,セミナー,他
20214075,r3a135,前田優樹,2024-02-24 06:00:00+00,2024-02-24 07:00:00+00,株式会社アーク,説明会_単,他
20214024,r3a215,佐々木杏奈,2024-02-24 06:00:00+00,2024-02-24 07:00:00+00,株式会社マーブル,インターン,他
20223059,s2a111,山田葵,2024-02-24 06:00:00+00,2024-02-24 06:45:00+00,株式会社クレスト,試験_面接,継続（合格）
20223008,s2a405,前田杏奈,2024-02-24 06:00:00+00,2024-02-24 07:00:00+00,株式会社レイヤー,説明会_合,他
20232019,j2a105,清水優樹,2024-02-25 01:00:00+00,2024-02-25 02:00:00+00,株式会社テックワークス,インターン,他
20214020,r3a125,高橋凛,2024-02-25 01:00:00+00,2024-02-25 02:00:00+00,株式会社ベータ,インターン,他
20214037,r3a136,斎藤凛,2024-02-25 01:00:00+00,2024-02-25 02:00:00+00,株式会社エコー,説明会_単,他
20214016,r3a208,加藤葵,2024-02-25 01:00:00+00,2024-02-25 02:00:00+00,株式会社フロンティア,セミナー,他
20223025,s2a108,高橋海斗,2024-02-25 01:00:00+00,2024-02-25 01:45:00+00,株式会社ユニオン,試験_面接,継続（合格）
20223023,s2a412,林杏奈,2024-02-25 01:00:00+00,2024-02-25 02:30:00+00,株式会社レイヤー,試験_適正,継続（合格）
20214075,r3a135,前田優樹,2024-02-25 04:00:00+00,2024-02-25 05:00:00+00,株式会社ライト,セミナー,他
20223059,s2a111,山田葵,2024-02-25 04:00:00+00,2024-02-25 05:00:00+00,株式会社ガンマ,説明会_単,他
20223008,s2a405,前田杏奈,2024-02-25 04:00:00+00,2024-02-25 05:00:00+00,株式会社オメガ,説明会_単,他
20223016,s2a411,前田優樹,2024-02-25 04:00:00+00,2024-02-25 05:00:00+00,株式会社レイヤー,インターン,他
20214003,r3a105,木村凛,2024-02-26 01:00:00+00,2024-02-26 01:45:00+00,株式会社クロス,試験_面接,不合格
20214039,r3a114,高橋拓也,2024-02-26 01:00:00+00,2024-02-26 01:45:00+00,株式会社ブルーム,試験_面接,継続（合格）
20214014,r3a228,山下翔太,2024-02-26 01:00:00+00,2024-02-26 02:00:00+00,株式会社エンジン,セミナー,他
20223010,s2a309,井上海斗,2024-02-26 01:00:00+00,2024-02-26 02:00:00+00,株式会社パルス,説明会_単,他
20214036,r3a112,阿部翔太,2024-02-26 04:00:00+00,2024-02-26 04:45:00+00,株式会社グリーン,試験_面接,継続（合格）
20214067,r3a126,斎藤大輔,2024-02-26 04:00:00+00,2024-02-26 05:00:00+00,株式会社クレスト,説明会_合,他
20214058,r3a234,森優奈,2024-02-26 04:00:00+00,2024-02-26 05:00:00+00,株式会社ホライズン,説明会_合,他
20214026,r3a235,田中陸,2024-02-26 04:00:00+00,2024-02-26 05:30:00+00,株式会社スカイ,試験_適正,結果待ち
20214028,r3a237,吉田優奈,2024-02-26 04:00:00+00,2024-02-26 05:00:00+00,株式会社エンジン,セミナー,他
20223045,s2a406,渡辺翔太,2024-02-26 04:00:00+00,2024-02-26 04:45:00+00,株式会社コア,試験_面接,継続（合格）
20214019,r3a204,高橋杏奈,2024-02-26 06:00:00+00,2024-02-26 06:45:00+00,株式会社ブリッジ,試験_面接,不合格
20214011,r3a209,清水凛,2024-02-26 06:00:00+00,2024-02-26 06:45:00+00,株式会社グリーン,試験_面接,結果待ち
20214076,r3a212,前田結衣,2024-02-26 06:00:00+00,2024-02-26 06:45:00+00,株式会社エッジ,試験_面接,不合格
20214012,r3a127,渡辺結衣,2024-02-27 01:00:00+00,2024-02-27 02:30:00+00,株式会社シグマ,試験_適正,継続（合格）
20214048,r3a226,加藤直樹,2024-02-27 01:00:00+00,2024-02-27 02:00:00+00,株式会社シグマ,インターン,他
20223009,s2a209,山本優樹,2024-02-27 01:00:00+00,2024-02-27 02:00:00+00,株式会社ミライ,説明会_合,他
20214087,r3a104,高橋陸,2024-02-27 04:00:00+00,2024-02-27 05:00:00+00,株式会社デルタ,説明会_単,他
20214082,r3a203,前田凛,2024-02-27 04:00:00+00,2024-02-27 05:00:00+00,株式会社ガンマ,セミナー,他
20214075,r3a135,前田優樹,2024-02-28 01:00:00+00,2024-02-28 02:00:00+00,株式会社アビリティ,インターン,他
20214076,r3a212,前田結衣,2024-02-28 01:00:00+00,2024-02-28 02:30:00+00,株式会社リンク,試験_適正,結果待ち
20223048,s2a104,田中翔太,2024-02-28 01:00:00+00,2024-02-28 02:30:00+00,株式会社エンジン,試験_適正,結果待ち
20214021,r3a206,石川優樹,2024-02-28 04:00:00+00,2024-02-28 05:30:00+00,株式会社ガンマ,試験_適正,不合格
20214066,r3a214,池田優樹,2024-02-28 04:00:00+00,2024-02-28 05:00:00+00,株式会社シグマ,セミナー,他
20232012,j1a106,林結衣,2024-02-28 06:00:00+00,2024-02-28 07:00:00+00,株式会社ベータ,説明会_単,他
20214009,r3a101,山口葵,2024-02-28 06:00:00+00,2024-02-28 07:30:00+00,株式会社アーク,試験_適正,継続（合格）
20214034,r3a132,田中翔太,2024-02-28 06:00:00+00,2024-02-28 07:00:00+00,株式会社スカイ,セミナー,他
20214011,r3a209,清水凛,2024-02-28 06:00:00+00,2024-02-28 07:00:00+00,株式会社エッジ,説明会_単,他
20223001,s2a113,中島結衣,2024-02-28 06:00:00+00,2024-02-28 07:00:00+00,株式会社ブリッジ,セミナー,他
20232001,j1a119,田中海斗,2024-02-29 01:00:00+00,2024-02-29 02:00:00+00,株式会社クラフト,インターン,他
20214063,r3a134,田中太郎,2024-02-29 01:00:00+00,2024-02-29 02:00:00+00,株式会社オーシャン,セミナー,他
20223010,s2a309,井上海斗,2024-02-29 01:00:00+00,2024-02-29 01:45:00+00,株式会社パルス,試験_面接,結果待ち
20214037,r3a136,斎藤凛,2024-02-29 04:00:00+00,2024-02-29 05:30:00+00,株式会社ルミナス,試験_適正,結果待ち
20214053,r3a201,池田翔太,2024-02-29 04:00:00+00,2024-02-29 05:30:00+00,株式会社アルファ,試験_適正,結果待ち
20214017,r3a220,山田花子,2024-02-29 04:00:00+00,2024-02-29 05:00:00+00,株式会社ステラ,セミナー,他
20214048,r3a226,加藤直樹,2024-02-29 04:00:00+00,2024-02-29 05:00:00+00,株式会社スカイ,説明会_合,他
20223025,s2a108,高橋海斗,2024-02-29 04:00:00+00,2024-02-29 04:45:00+00,株式会社イプシロン,試験_面接,結果待ち
20214065,r3a108,斎藤葵,2024-02-29 06:00:00+00,2024-02-29 07:00:00+00,株式会社クロス,インターン,他
20214075,r3a135,前田優樹,2024-02-29 06:00:00+00,2024-02-29 07:00:00+00,株式会社エンジン,説明会_単,他
20223022,s2a112,山口葵,2024-02-29 06:00:00+00,2024-02-29 07:00:00+00,株式会社クレスト,インターン,他
20223004,s2a304,林優樹,2024-02-29 06:00:00+00,2024-02-29 07:00:00+00,株式会社ブルーム,セミナー,他
20214013,r3a109,田中陸,2024-03-01 04:00:00+00,2024-03-01 05:00:00+00,株式会社スカイ,説明会_合,他
20214048,r3a226,加藤直樹,2024-03-01 04:00:00+00,2024-03-01 05:00:00+00,株式会社アルファ,説明会_合,他
20232030,j2a117,鈴木直樹,2024-03-01 06:00:00+00,2024-03-01 07:00:00+00,株式会社エコー,説明会_単,他
20214060,r3a110,小林翔太,2024-03-01 06:00:00+00,2024-03-01 07:00:00+00,株式会社エコー,説明会_単,他
20214086,r3a138,井上結衣,2024-03-01 06:00:00+00,2024-03-01 07:00:00+00,株式会社アトラス,説明会_単,他
20214015,r3a241,中島凛,2024-03-01 06:00:00+00,2024-03-01 07:30:00+00,株式会社アルファ,試験_適正,不合格
20223048,s2a104,田中翔太,2024-03-01 06:00:00+00,2024-03-01 06:45:00+00,株式会社マーブル,試験_面接,結果待ち
20223015,s2a302,加藤翔太,2024-03-01 06:00:00+00,2024-03-01 07:00:00+00,株式会社グロース,説明会_単,他
20232014,j1a115,山田拓也,2024-03-02 01:00:00+00,2024-03-02 02:00:00+00,株式会社エコー,説明会_合,他
20232003,j1a116,山本遥,2024-03-02 01:00:00+00,2024-03-02 02:00:00+00,株式会社フォース,説明会_単,他
20214060,r3a110,小林翔太,2024-03-02 01:00:00+00,2024-03-02 02:00:00+00,株式会社エコー,セミナー,他
20214006,r3a116,木村杏奈,2024-03-02 01:00:00+00,2024-03-02 02:30:00+00,株式会社クレスト,試験_適正,継続（合格）
20214070,r3a211,木村結衣,2024-03-02 01:00:00+00,2024-03-02 02:30:00+00,株式会社ステラ,試験_適正,結果待ち
20223050,s2a203,佐々木結衣,2024-03-02 01:00:00+00,2024-03-02 01:45:00+00,株式会社マーブル,試験_面接,結果待ち
20232038,j2a113,前田直樹,2024-03-02 04:00:00+00,2024-03-02 05:00:00+00,株式会社クロス,説明会_単,他
20214045,r3a205,池田優奈,2024-03-02 04:00:00+00,2024-03-02 05:30:00+00,株式会社アルファ,試験_適正,結果待ち
20214072,r3a225,高橋陽菜,2024-03-02 04:00:00+00,2024-03-02 04:45:00+00,株式会社ハーモニー,試験_面接,継続（合格）
20214005,r3a230,鈴木凛,2024-03-02 04:00:00+00,2024-03-02 04:45:00+00,株式会社ステラ,試験_面接,継続（合格）
20223020,s2a308,山本遥,2024-03-02 04:00:00+00,2024-03-02 04:30:00+00,株式会社リーフ,試験_他,内定
20232004,j1a113,山田結衣,2024-03-02 06:00:00+00,2024-03-02 06:45:00+00,株式会社グリーン,試験_面接,継続（合格）
20232017,j2a108,渡辺結衣,2024-03-02 06:00:00+00,2024-03-02 07:00:00+00,株式会社ハーモニー,インターン,他
20232043,j2a112,渡辺太郎,2024-03-02 06:00:00+00,2024-03-02 07:00:00+00,株式会社ライト,説明会_合,他
20232038,j2a113,前田直樹,2024-03-02 06:00:00+00,2024-03-02 07:00:00+00,株式会社ハーモニー,説明会_単,他
20214087,r3a104,高橋陸,2024-03-02 06:00:00+00,2024-03-02 07:30:00+00,株式会社オメガ,試験_適正,継続（合格）
20214067,r3a126,斎藤大輔,2024-03-02 06:00:00+00,2024-03-02 06:45:00+00,株式会社アーク,試験_面接,不合格
20214056,r3a141,渡辺陸,2024-03-02 06:00:00+00,2024-03-02 07:00:00+00,株式会社ユニオン,インターン,他
20214014,r3a228,山下翔太,2024-03-02 06:00:00+00,2024-03-02 07:00:00+00,株式会社シード,説明会_単,他
20223060,s2a201,渡辺翔太,2024-03-02 06:00:00+00,2024-03-02 07:00:00+00,株式会社サンライズ,セミナー,他
20223024,s2a208,佐藤翔太,2024-03-02 06:00:00+00,2024-03-02 06:45:00+00,株式会社オーシャン,試験_面接,結果待ち
20223019,s2a306,吉田優樹,2024-03-02 06:00:00+00,2024-03-02 07:00:00+00,株式会社ビジョン,インターン,他
20223031,s2a409,佐藤凛,2024-03-02 06:00:00+00,2024-03-02 07:30:00+00,株式会社ストリーム,試験_適正,継続（合格）
20223040,s2a205,橋本健太,2024-03-03 01:00:00+00,2024-03-03 01:45:00+00,株式会社クレスト,試験_面接,継続（合格）
20232005,j1a108,林優奈,2024-03-03 04:00:00+00,2024-03-03 05:00:00+00,株式会社モデスト,セミナー,他
20214025,r3a111,山本悠斗,2024-03-03 06:00:00+00,2024-03-03 06:45:00+00,株式会社グリーン,試験_面接,結果待ち
20214006,r3a116,木村杏奈,2024-03-03 06:00:00+00,2024-03-03 06:45:00+00,株式会社クレスト,試験_面接,継続（合格）
20214033,r3a233,山本健太,2024-03-03 06:00:00+00,2024-03-03 07:00:00+00,株式会社ストリーム,説明会_単,他
20223048,s2a104,田中翔太,2024-03-03 06:00:00+00,2024-03-03 07:00:00+00,株式会社エンジン,説明会_合,他
20223028,s2a105,佐々木太郎,2024-03-03 06:00:00+00,2024-03-03 07:30:00+00,株式会社エッジ,試験_適正,結果待ち
20223001,s2a113,中島結衣,2024-03-03 06:00:00+00,2024-03-03 06:45:00+00,株式会社アトラス,試験_面接,結果待ち
20232016,j1a111,高橋結衣,2024-03-04 01:00:00+00,2024-03-04 02:00:00+00,株式会社フォース,インターン,他
20214082,r3a203,前田凛,2024-03-04 01:00:00+00,2024-03-04 02:00:00+00,株式会社リーフ,説明会_単,他
20223058,s2a305,藤田海斗,2024-03-04 01:00:00+00,2024-03-04 02:00:00+00,株式会社シグマ,インターン,他
20232049,j2a102,鈴木凛,2024-03-04 04:00:00+00,2024-03-04 05:00:00+00,株式会社プライム,説明会_単,他
20214003,r3a105,木村凛,2024-03-04 04:00:00+00,2024-03-04 04:45:00+00,株式会社デルタ,試験_面接,結果待ち
20214067,r3a126,斎藤大輔,2024-03-04 04:00:00+00,2024-03-04 05:00:00+00,株式会社ブルーム,インターン,他
20214056,r3a141,渡辺陸,2024-03-04 04:00:00+00,2024-03-04 04:45:00+00,株式会社ストリーム,試験_面接,不合格
20214028,r3a237,吉田優奈,2024-03-04 04:00:00+00,2024-03-04 05:30:00+00,株式会社エコー,試験_適正,不合格
20223033,s2a212,山口悠斗,2024-03-04 04:00:00+00,2024-03-04 05:00:00+00,株式会社フォース,説明会_合,他
20223013,s2a312,清水杏奈,2024-03-04 04:00:00+00,2024-03-04 05:00:00+00,株式会社クレスト,説明会_単,他
20223032,s2a403,前田陸,2024-03-04 04:00:00+00,2024-03-04 05:00:00+00,株式会社モデスト,インターン,他
20232049,j2a102,鈴木凛,2024-03-04 06:00:00+00,2024-03-04 07:00:00+00,株式会社コア,セミナー,他
20223049,s2a210,山田優奈,2024-03-04 06:00:00+00,2024-03-04 07:00:00+00,株式会社クラフト,説明会_単,他
20232037,j2a104,小林健太,2024-03-05 01:00:00+00,2024-03-05 01:45:00+00,株式会社ルミナス,試験_面接,結果待ち
20214081,r3a102,吉田遥,2024-03-05 01:00:00+00,2024-03-05 02:00:00+00,株式会社シグマ,セミナー,他
20214029,r3a115,橋本拓也,2024-03-05 01:00:00+00,2024-03-05 02:30:00+00,株式会社リンク,試験_適正,不合格
20214012,r3a127,渡辺結衣,2024-03-05 01:00:00+00,2024-03-05 02:30:00+00,株式会社ステラ,試験_適正,結果待ち
20214062,r3a129,松本翔太,2024-03-05 01:00:00+00,2024-03-05 01:45:00+00,株式会社ライト,試験_面接,不合格
20214062,r3a129,松本翔太,2024-03-05 01:00:00+00,2024-03-05 02:00:00+00,株式会社ライト,インターン,他
20214032,r3a131,山田結衣,2024-03-05 01:00:00+00,2024-03-05 01:45:00+00,株式会社シグマ,試験_面接,結果待ち
20223052,s2a211,山下美咲,2024-03-05 01:00:00+00,2024-03-05 02:00:00+00,株式会社テックワークス,説明会_合,他
20223056,s2a303,小林直樹,2024-03-05 01:00:00+00,2024-03-05 02:00:00+00,株式会社テックワークス,セミナー,他
20232028,j2a106,山口優奈,2024-03-05 04:00:00+00,2024-03-05 05:30:00+00,株式会社ストリーム,試験_適正,辞退
20214009,r3a101,山口葵,2024-03-05 04:00:00+00,2024-03-05 05:30:00+00,株式会社スカイ,試験_適正,継続（合格）
20223057,s2a110,松本翔太,2024-03-05 04:00:00+00,2024-03-05 04:45:00+00,株式会社シグマ,試験_面接,不合格
20223045,s2a406,渡辺翔太,2024-03-05 04:00:00+00,2024-03-05 04:45:00+00,株式会社コア,試験_面接,結果待ち
20232039,j1a103,林優樹,2024-03-05 06:00:00+00,2024-03-05 07:00:00+00,株式会社オービット,説明会_単,他
20232036,j2a110,林拓也,2024-03-05 06:00:00+00,2024-03-05 07:00:00+00,株式会社アーク,インターン,他
20214051,r3a117,山口陸,2024-03-05 06:00:00+00,2024-03-05 07:00:00+00,株式会社クロス,インターン,他
20214061,r3a202,藤田直樹,2024-03-05 06:00:00+00,2024-03-05 07:30:00+00,株式会社レイヤー,試験_適正,結果待ち
20214058,r3a234,森優奈,2024-03-05 06:00:00+00,2024-03-05 07:00:00+00,株式会社マーブル,インターン,他
20214049,r3a236,伊藤健太,2024-03-05 06:00:00+00,2024-03-05 07:30:00+00,株式会社ステラ,試験_適正,継続（合格）
20214057,r3a238,加藤杏奈,2024-03-05 06:00:00+00,2024-03-05 07:30:00+00,株式会社リーフ,試験_適正,結果待ち
20232040,j1a104,松本優奈,2024-03-06 01:00:00+00,2024-03-06 02:30:00+00,株式会社フォーカス,試験_適正,継続（合格）
20232048,j2a107,山口海斗,2024-03-06 04:00:00+00,2024-03-06 05:00:00+00,株式会社ライト,セミナー,他
20214012,r3a127,渡辺結衣,2024-03-06 04:00:00+00,2024-03-06 05:00:00+00,株式会社シグマ,インターン,他
20214062,r3a129,松本翔太,2024-03-06 04:00:00+00,2024-03-06 05:00:00+00,株式会社ノヴァ,説明会_合,他
20214010,r3a133,森遥,2024-03-06 04:00:00+00,2024-03-06 05:00:00+00,株式会社グロース,説明会_合,他
20214008,r3a213,山崎葵,2024-03-06 04:00:00+00,2024-03-06 05:00:00+00,株式会社グリーン,説明会_単,他
20214048,r3a226,加藤直樹,2024-03-06 04:00:00+00,2024-03-06 05:00:00+00,株式会社コア,説明会_単,他
20214057,r3a238,加藤杏奈,2024-03-06 04:00:00+00,2024-03-06 05:00:00+00,株式会社ブリッジ,インターン,他
20223033,s2a212,山口悠斗,2024-03-06 04:00:00+00,2024-03-06 05:00:00+00,株式会社クロス,インターン,他
20232046,j1a105,中島花子,2024-03-06 06:00:00+00,2024-03-06 07:00:00+00,株式会社アーク,説明会_合,他
20232001,j1a119,田中海斗,2024-03-06 06:00:00+00,2024-03-06 07:00:00+00,株式会社リンク,説明会_合,他
20232001,j1a119,田中海斗,2024-03-06 06:00:00+00,2024-03-06 07:00:00+00,株式会社アビリティ,説明会_合,他
20214021,r3a206,石川優樹,2024-03-06 06:00:00+00,2024-03-06 07:00:00+00,株式会社フォーカス,インターン,他
20214002,r3a231,中島海斗,2024-03-06 06:00:00+00,2024-03-06 07:30:00+00,株式会社フォーカス,試験_適正,継続（合格）
20223033,s2a212,山口悠斗,2024-03-06 06:00:00+00,2024-03-06 07:00:00+00,株式会社シード,インターン,他
20223056,s2a303,小林直樹,2024-03-06 06:00:00+00,2024-03-06 07:00:00+00,株式会社オーシャン,説明会_単,他
20223020,s2a308,山本遥,2024-03-06 06:00:00+00,2024-03-06 07:00:00+00,株式会社リーフ,説明会_合,他
20223032,s2a403,前田陸,2024-03-06 06:00:00+00,2024-03-06 07:00:00+00,株式会社フォース,セミナー,他
20214009,r3a101,山口葵,2024-03-07 01:00:00+00,2024-03-07 02:00:00+00,株式会社リーフ,説明会_単,他
20214006,r3a116,木村杏奈,2024-03-07 01:00:00+00,2024-03-07 01:45:00+00,株式会社ビジョン,試験_面接,結果待ち
20214075,r3a135,前田優樹,2024-03-07 01:00:00+00,2024-03-07 02:30:00+00,株式会社アーク,試験_適正,結果待ち
20214056,r3a141,渡辺陸,2024-03-07 01:00:00+00,2024-03-07 01:45:00+00,株式会社グリーン,試験_面接,辞退
20214027,r3a219,山田杏奈,2024-03-07 01:00:00+00,2024-03-07 02:00:00+00,株式会社アビリティ,インターン,他
20223029,s2a101,山口花子,2024-03-07 01:00:00+00,2024-03-07 02:00:00+00,株式会社ノヴァ,説明会_合,他
20223058,s2a305,藤田海斗,2024-03-07 01:00:00+00,2024-03-07 02:00:00+00,株式会社ライト,インターン,他
20223035,s2a310,斎藤悠斗,2024-03-07 01:00:00+00,2024-03-07 02:00:00+00,株式会社アトラス,説明会_単,他
20232044,j1a114,池田陽菜,2024-03-07 04:00:00+00,2024-03-07 05:00:00+00,株式会社ビジョン,説明会_合,他
20214036,r3a112,阿部翔太,2024-03-07 04:00:00+00,2024-03-07 05:30:00+00,株式会社フォーカス,試験_適正,結果待ち
20214014,r3a228,山下翔太,2024-03-07 04:00:00+00,2024-03-07 05:30:00+00,株式会社ビジョン,試験_適正,不合格
20223011,s2a107,小林結衣,2024-03-07 04:00:00+00,2024-03-07 05:00:00+00,株式会社フロンティア,説明会_単,他
20223015,s2a302,加藤翔太,2024-03-07 04:00:00+00,2024-03-07 04:45:00+00,株式会社ブリッジ,試験_面接,継続（合格）
20223031,s2a409,佐藤凛,2024-03-07 04:00:00+00,2024-03-07 05:00:00+00,株式会社エコー,説明会_単,他
20214025,r3a111,山本悠斗,2024-03-07 06:00:00+00,2024-03-07 07:30:00+00,株式会社ブリッジ,試験_適正,結果待ち
20214075,r3a135,前田優樹,2024-03-07 06:00:00+00,2024-03-07 07:30:00+00,株式会社エンジン,試験_適正,継続（合格）
20214075,r3a135,前田優樹,2024-03-07 06:00:00+00,2024-03-07 07:30:00+00,株式会社ネクスト,試験_適正,不合格
20214061,r3a202,藤田直樹,2024-03-07 06:00:00+00,2024-03-07 06:45:00+00,株式会社テックワークス,試験_面接,継続（合格）
20223001,s2a113,中島結衣,2024-03-07 06:00:00+00,2024-03-07 07:30:00+00,株式会社オメガ,試験_適正,不合格
20214039,r3a114,高橋拓也,2024-03-08 01:00:00+00,2024-03-08 01:45:00+00,株式会社ブルーム,試験_面接,継続（合格）
20232040,j1a104,松本優奈,2024-03-08 04:00:00+00,2024-03-08 05:00:00+00,株式会社ガンマ,セミナー,他
20214065,r3a108,斎藤葵,2024-03-08 04:00:00+00,2024-03-08 05:30:00+00,株式会社クレスト,試験_適正,不合格
20214064,r3a124,松本美咲,2024-03-08 04:00:00+00,2024-03-08 05:30:00+00,株式会社ノヴァ,試験_適正,結果待ち
20214067,r3a126,斎藤大輔,2024-03-08 04:00:00+00,2024-03-08 04:45:00+00,株式会社ブルーム,試験_面接,結果待ち
20223027,s2a402,斎藤花子,2024-03-08 04:00:00+00,2024-03-08 04:45:00+00,株式会社スカイ,試験_面接,結果待ち
20214049,r3a236,伊藤健太,2024-03-08 06:00:00+00,2024-03-08 06:45:00+00,株式会社オメガ,試験_面接,結果待ち
20232026,j2a109,山本美咲,2024-03-09 01:00:00+00,2024-03-09 02:00:00+00,株式会社ストリーム,説明会_合,他
20232030,j2a117,鈴木直樹,2024-03-09 01:00:00+00,2024-03-09 02:00:00+00,株式会社エンジン,セミナー,他
20214003,r3a105,木村凛,2024-03-09 01:00:00+00,2024-03-09 02:00:00+00,株式会社リンク,インターン,他
20214062,r3a129,松本翔太,2024-03-09 01:00:00+00,2024-03-09 01:45:00+00,株式会社ライト,試験_面接,継続（合格）
20214086,r3a138,井上結衣,2024-03-09 01:00:00+00,2024-03-09 02:30:00+00,株式会社シグマ,試験_適正,結果待ち
20214047,r3a210,加藤翔太,2024-03-09 01:00:00+00,2024-03-09 02:30:00+00,株式会社アビリティ,試験_適正,結果待ち
20214027,r3a219,山田杏奈,2024-03-09 01:00:00+00,2024-03-09 02:00:00+00,株式会社エコー,インターン,他
20214014,r3a228,山下翔太,2024-03-09 01:00:00+00,2024-03-09 02:00:00+00,株式会社ビジョン,説明会_単,他
20214085,r3a240,鈴木悠斗,2024-03-09 01:00:00+00,2024-03-09 02:00:00+00,株式会社パルス,セミナー,他
20223029,s2a101,山口花子,2024-03-09 01:00:00+00,2024-03-09 02:30:00+00,株式会社モデスト,試験_適正,継続（合格）
20223060,s2a201,渡辺翔太,2024-03-09 01:00:00+00,2024-03-09 02:00:00+00,株式会社フロンティア,説明会_合,他
20232039,j1a103,林優樹,2024-03-09 04:00:00+00,2024-03-09 05:00:00+00,株式会社ビジョン,説明会_合,他
20232046,j1a105,中島花子,2024-03-09 04:00:00+00,2024-03-09 05:00:00+00,株式会社フォーカス,インターン,他
20232031,j2a116,佐藤大輔,2024-03-09 04:00:00+00,2024-03-09 05:00:00+00,株式会社クラフト,説明会_合,他
20214062,r3a129,松本翔太,2024-03-09 04:00:00+00,2024-03-09 05:00:00+00,株式会社ノヴァ,インターン,他
20223040,s2a205,橋本健太,2024-03-09 04:00:00+00,2024-03-09 05:30:00+00,株式会社アビリティ,試験_適正,結果待ち
20214059,r3a106,山下陽菜,2024-03-09 06:00:00+00,2024-03-09 07:00:00+00,株式会社アセント,説明会_合,他
20214062,r3a129,松本翔太,2024-03-09 06:00:00+00,2024-03-09 06:45:00+00,株式会社ノヴァ,試験_面接,結果待ち
20214061,r3a202,藤田直樹,2024-03-09 06:00:00+00,2024-03-09 07:00:00+00,株式会社テックワークス,セミナー,他
20214048,r3a226,加藤直樹,2024-03-09 06:00:00+00,2024-03-09 06:45:00+00,株式会社コア,試験_面接,継続（合格）
20214010,r3a133,森遥,2024-03-10 01:00:00+00,2024-03-10 02:00:00+00,株式会社クロス,説明会_合,他
20214017,r3a220,山田花子,2024-03-10 01:00:00+00,2024-03-10 02:30:00+00,株式会社ブリッジ,試験_適正,結果待ち
20214072,r3a225,高橋陽菜,2024-03-10 01:00:00+00,2024-03-10 02:00:00+00,株式会社ノヴァ,インターン,他
20214090,r3a239,斎藤悠斗,2024-03-10 01:00:00+00,2024-03-10 01:45:00+00,株式会社ネクスト,試験_面接,結果待ち
20223003,s2a103,加藤翔太,2024-03-10 01:00:00+00,2024-03-10 01:45:00+00,株式会社クロス,試験_面接,辞退
20223050,s2a203,佐々木結衣,2024-03-10 01:00:00+00,2024-03-10 02:00:00+00,株式会社マーブル,セミナー,他
20223047,s2a213,伊藤彩香,2024-03-10 01:00:00+00,2024-03-10 02:00:00+00,株式会社ベータ,セミナー,他
20223056,s2a303,小林直樹,2024-03-10 01:00:00+00,2024-03-10 01:45:00+00,株式会社テックワークス,試験_面接,不合格
20232001,j1a119,田中海斗,2024-03-10 04:00:00+00,2024-03-10 05:00:00+00,株式会社デルタ,説明会_合,他
20232001,j1a119,田中海斗,2024-03-10 04:00:00+00,2024-03-10 05:00:00+00,株式会社ホライズン,インターン,他
20214065,r3a108,斎藤葵,2024-03-10 04:00:00+00,2024-03-10 05:00:00+00,株式会社コア,説明会_合,他
20214017,r3a220,山田花子,2024-03-10 04:00:00+00,2024-03-10 04:45:00+00,株式会社オービット,試験_面接,結果待ち
20223011,s2a107,小林結衣,2024-03-10 04:00:00+00,2024-03-10 05:00:00+00,株式会社レイヤー,説明会_合,他
20223049,s2a210,山田優奈,2024-03-10 04:00:00+00,2024-03-10 05:00:00+00,株式会社サンライズ,インターン,他
20223004,s2a304,林優樹,2024-03-10 04:00:00+00,2024-03-10 04:45:00+00,株式会社ブルーム,試験_面接,辞退
20223012,s2a410,加藤健太,2024-03-10 04:00:00+00,2024-03-10 04:45:00+00,株式会社スカイ,試験_面接,結果待ち
20223023,s2a412,林杏奈,2024-03-10 04:00:00+00,2024-03-10 05:00:00+00,株式会社ネクスト,セミナー,他
20214009,r3a101,山口葵,2024-03-10 06:00:00+00,2024-03-10 06:45:00+00,株式会社シグマ,試験_面接,結果待ち
20214003,r3a105,木村凛,2024-03-10 06:00:00+00,2024-03-10 07:00:00+00,株式会社アビリティ,説明会_合,他
20214075,r3a135,前田優樹,2024-03-10 06:00:00+00,2024-03-10 06:45:00+00,株式会社エンジン,試験_面接,結果待ち
20214078,r3a140,山本悠斗,2024-03-10 06:00:00+00,2024-03-10 07:30:00+00,株式会社フォース,試験_適正,継続（合格）
20214011,r3a209,清水凛,2024-03-10 06:00:00+00,2024-03-10 07:30:00+00,株式会社エッジ,試験_適正,辞退
20214085,r3a240,鈴木悠斗,2024-03-10 06:00:00+00,2024-03-10 07:00:00+00,株式会社クロス,セミナー,他
20232011,j2a103,吉田彩香,2024-03-11 01:00:00+00,2024-03-11 02:00:00+00,株式会社ルミナス,セミナー,他
20232031,j2a116,佐藤大輔,2024-03-11 01:00:00+00,2024-03-11 02:00:00+00,株式会社イプシロン,インターン,他
20232024,j2a118,藤田美咲,2024-03-11 01:00:00+00,2024-03-11 02:00:00+00,株式会社オービット,インターン,他
20214065,r3a108,斎藤葵,2024-03-11 01:00:00+00,2024-03-11 01:45:00+00,株式会社クロス,試験_面接,結果待ち
20214051,r3a117,山口陸,2024-03-11 01:00:00+00,2024-03-11 02:30:00+00,株式会社マーブル,試験_適正,不合格
20214027,r3a219,山田杏奈,2024-03-11 01:00:00+00,2024-03-11 02:00:00+00,株式会社エコー,説明会_合,他
20223053,s2a206,吉田健太,2024-03-11 01:00:00+00,2024-03-11 02:00:00+00,株式会社ハーモニー,インターン,他
20214036,r3a112,阿部翔太,2024-03-11 04:00:00+00,2024-03-11 05:30:00+00,株式会社サンライズ,試験_適正,結果待ち
20214077,r3a120,山本健太,2024-03-11 04:00:00+00,2024-03-11 05:00:00+00,株式会社ストリーム,セミナー,他
20214034,r3a132,田中翔太,2024-03-11 04:00:00+00,2024-03-11 04:45:00+00,株式会社テックワークス,試験_面接,継続（合格）
20214047,r3a210,加藤翔太,2024-03-11 04:00:00+00,2024-03-11 05:00:00+00,株式会社アビリティ,説明会_合,他
20223026,s2a311,中村大輔,2024-03-11 04:00:00+00,2024-03-11 04:45:00+00,株式会社リーフ,試験_面接,不合格
20223032,s2a403,前田陸,2024-03-11 04:00:00+00,2024-03-11 04:45:00+00,株式会社クラフト,試験_面接,結果待ち
20232001,j1a119,田中海斗,2024-03-11 06:00:00+00,2024-03-11 07:00:00+00,株式会社シード,説明会_単,他
20214003,r3a105,木村凛,2024-03-11 06:00:00+00,2024-03-11 07:00:00+00,株式会社リンク,説明会_単,他
20214084,r3a123,斎藤美咲,2024-03-11 06:00:00+00,2024-03-11 06:45:00+00,株式会社イノベーション,試験_面接,結果待ち
20214010,r3a133,森遥,2024-03-11 06:00:00+00,2024-03-11 06:45:00+00,株式会社コア,試験_面接,辞退
20214023,r3a137,中島葵,2024-03-11 06:00:00+00,2024-03-11 07:00:00+00,株式会社プライム,インターン,他
20214073,r3a139,加藤遥,2024-03-11 06:00:00+00,2024-03-11 07:00:00+00,株式会社アーク,説明会_単,他
20214085,r3a240,鈴木悠斗,2024-03-11 06:00:00+00,2024-03-11 07:00:00+00,株式会社シード,インターン,他
20223031,s2a409,佐藤凛,2024-03-11 06:00:00+00,2024-03-11 07:00:00+00,株式会社ルミナス,セミナー,他
20232034,j1a120,木村優奈,2024-03-12 01:00:00+00,2024-03-12 01:45:00+00,株式会社ホライズン,試験_面接,結果待ち
20214003,r3a105,木村凛,2024-03-12 01:00:00+00,2024-03-12 02:00:00+00,株式会社クロス,説明会_合,他
20214003,r3a105,木村凛,2024-03-12 01:00:00+00,2024-03-12 02:00:00+00,株式会社デルタ,インターン,他
20214036,r3a112,阿部翔太,2024-03-12 01:00:00+00,2024-03-12 01:45:00+00,株式会社グリーン,試験_面接,結果待ち
20214071,r3a128,斎藤優樹,2024-03-12 01:00:00+00,2024-03-12 01:45:00+00,株式会社デルタ,試験_面接,辞退
20223048,s2a104,田中翔太,2024-03-12 01:00:00+00,2024-03-12 02:00:00+00,株式会社パルス,インターン,他
20223028,s2a105,佐々木太郎,2024-03-12 01:00:00+00,2024-03-12 02:00:00+00,株式会社ミライ,インターン,他
20232049,j2a102,鈴木凛,2024-03-12 04:00:00+00,2024-03-12 05:00:00+00,株式会社フォース,インターン,他
20232036,j2a110,林拓也,2024-03-12 04:00:00+00,2024-03-12 05:00:00+00,株式会社オメガ,説明会_合,他
20214084,r3a123,斎藤美咲,2024-03-12 04:00:00+00,2024-03-12 04:45:00+00,株式会社グロース,試験_面接,不合格
20214015,r3a241,中島凛,2024-03-12 04:00:00+00,2024-03-12 05:00:00+00,株式会社ハーモニー,説明会_単,他
20223057,s2a110,松本翔太,2024-03-12 04:00:00+00,2024-03-12 05:30:00+00,株式会社シグマ,試験_適正,継続（合格）
20223019,s2a306,吉田優樹,2024-03-12 04:00:00+00,2024-03-12 04:45:00+00,株式会社シード,試験_面接,不合格
20232015,j1a101,加藤花子,2024-03-12 06:00:00+00,2024-03-12 07:00:00+00,株式会社サンライズ,セミナー,他
20214086,r3a138,井上結衣,2024-03-12 06:00:00+00,2024-03-12 06:45:00+00,株式会社アトラス,試験_面接,辞退
20214053,r3a201,池田翔太,2024-03-12 06:00:00+00,2024-03-12 06:45:00+00,株式会社オーシャン,試験_面接,結果待ち
20214007,r3a218,吉田葵,2024-03-12 06:00:00+00,2024-03-12 07:00:00+00,株式会社エコー,説明会_合,他
20232046,j1a105,中島花子,2024-03-13 01:00:00+00,2024-03-13 02:00:00+00,株式会社グロース,説明会_合,他
20232012,j1a106,林結衣,2024-03-13 01:00:00+00,2024-03-13 02:00:00+00,株式会社ベータ,説明会_合,他
20214056,r3a141,渡辺陸,2024-03-13 01:00:00+00,2024-03-13 01:45:00+00,株式会社ユニオン,試験_面接,結果待ち
20214004,r3a224,阿部杏奈,2024-03-13 01:00:00+00,2024-03-13 02:00:00+00,株式会社オービット,説明会_合,他
20214042,r3a227,林陽菜,2024-03-13 01:00:00+00,2024-03-13 01:45:00+00,株式会社ノヴァ,試験_面接,不合格
20223046,s2a102,山崎杏奈,2024-03-13 01:00:00+00,2024-03-13 01:45:00+00,株式会社アルファ,試験_面接,不合格
20232034,j1a120,木村優奈,2024-03-13 04:00:00+00,2024-03-13 05:00:00+00,株式会社ホライズン,インターン,他
20232026,j2a109,山本美咲,2024-03-13 04:00:00+00,2024-03-13 04:45:00+00,株式会社ブリッジ,試験_面接,結果待ち
20214061,r3a202,藤田直樹,2024-03-13 04:00:00+00,2024-03-13 05:00:00+00,株式会社レイヤー,説明会_合,他
20223001,s2a113,中島結衣,2024-03-13 04:00:00+00,2024-03-13 05:00:00+00,株式会社ブリッジ,説明会_合,他
20223015,s2a302,加藤翔太,2024-03-13 04:00:00+00,2024-03-13 05:30:00+00,株式会社グロース,試験_適正,結果待ち
20223056,s2a303,小林直樹,2024-03-13 04:00:00+00,2024-03-13 04:45:00+00,株式会社オーシャン,試験_面接,継続（合格）
20223008,s2a405,前田杏奈,2024-03-13 04:00:00+00,2024-03-13 05:30:00+00,株式会社ホライズン,試験_適正,不合格
20232040,j1a104,松本優奈,2024-03-13 06:00:00+00,2024-03-13 07:00:00+00,株式会社フォーカス,説明会_合,他
20232026,j2a109,山本美咲,2024-03-13 06:00:00+00,2024-03-13 06:45:00+00,株式会社ストリーム,試験_面接,不合格
20214071,r3a128,斎藤優樹,2024-03-13 06:00:00+00,2024-03-13 06:45:00+00,株式会社ネクスト,試験_面接,結果待ち
20214071,r3a128,斎藤優樹,2024-03-13 06:00:00+00,2024-03-13 06:45:00+00,株式会社レイヤー,試験_面接,結果待ち
20214080,r3a207,中島大輔,2024-03-13 06:00:00+00,2024-03-13 07:00:00+00,株式会社クロス,説明会_単,他
20214080,r3a207,中島大輔,2024-03-13 06:00:00+00,2024-03-13 07:00:00+00,株式会社コア,説明会_単,他
20214090,r3a239,斎藤悠斗,2024-03-13 06:00:00+00,2024-03-13 07:00:00+00,株式会社ネクスト,セミナー,他
20223011,s2a107,小林結衣,2024-03-13 06:00:00+00,2024-03-13 07:30:00+00,株式会社アルファ,試験_適正,結果待ち
20223011,s2a107,小林結衣,2024-03-13 06:00:00+00,2024-03-13 07:00:00+00,株式会社フロンティア,インターン,他
20223050,s2a203,佐々木結衣,2024-03-13 06:00:00+00,2024-03-13 07:00:00+00,株式会社ユニオン,セミナー,他
20223023,s2a412,林杏奈,2024-03-13 06:00:00+00,2024-03-13 07:00:00+00,株式会社レイヤー,セミナー,他
20232015,j1a101,加藤花子,2024-03-14 01:00:00+00,2024-03-14 02:00:00+00,株式会社サンライズ,インターン,他
20232046,j1a105,中島花子,2024-03-14 01:00:00+00,2024-03-14 02:00:00+00,株式会社エンジン,セミナー,他
20232046,j1a105,中島花子,2024-03-14 01:00:00+00,2024-03-14 02:00:00+00,株式会社フォーカス,セミナー,他
20232012,j1a106,林結衣,2024-03-14 01:00:00+00,2024-03-14 02:30:00+00,株式会社アルファ,試験_適正,結果待ち
20232010,j1a109,山田直樹,2024-03-14 01:00:00+00,2024-03-14 02:00:00+00,株式会社オーシャン,セミナー,他
20232026,j2a109,山本美咲,2024-03-14 01:00:00+00,2024-03-14 02:30:00+00,株式会社ユニオン,試験_適正,不合格
20214084,r3a123,斎藤美咲,2024-03-14 01:00:00+00,2024-03-14 02:30:00+00,株式会社シード,試験_適正,結果待ち
20214034,r3a132,田中翔太,2024-03-14 01:00:00+00,2024-03-14 01:45:00+00,株式会社レイヤー,試験_面接,結果待ち
20214034,r3a132,田中翔太,2024-03-14 01:00:00+00,2024-03-14 01:45:00+00,株式会社テックワークス,試験_面接,継続（合格）
20214076,r3a212,前田結衣,2024-03-14 01:00:00+00,2024-03-14 02:00:00+00,株式会社ベータ,インターン,他
20214028,r3a237,吉田優奈,2024-03-14 01:00:00+00,2024-03-14 02:00:00+00,株式会社コア,インターン,他
20223056,s2a303,小林直樹,2024-03-14 01:00:00+00,2024-03-14 01:45:00+00,株式会社グリーン,試験_面接,辞退
20232046,j1a105,中島花子,2024-03-14 04:00:00+00,2024-03-14 05:30:00+00,株式会社フォーカス,試験_適正,結果待ち
20232010,j1a109,山田直樹,2024-03-14 04:00:00+00,2024-03-14 05:30:00+00,株式会社コア,試験_適正,継続（合格）
20214025,r3a111,山本悠斗,2024-03-14 04:00:00+00,2024-03-14 05:00:00+00,株式会社グリーン,インターン,他
20214075,r3a135,前田優樹,2024-03-14 04:00:00+00,2024-03-14 05:30:00+00,株式会社ライト,試験_適正,結果待ち
20214072,r3a225,高橋陽菜,2024-03-14 04:00:00+00,2024-03-14 05:00:00+00,株式会社ハーモニー,セミナー,他
20223060,s2a201,渡辺翔太,2024-03-14 04:00:00+00,2024-03-14 05:00:00+00,株式会社フォース,セミナー,他
20223033,s2a212,山口悠斗,2024-03-14 04:00:00+00,2024-03-14 05:30:00+00,株式会社シード,試験_適正,結果待ち
20223047,s2a213,伊藤彩香,2024-03-14 04:00:00+00,2024-03-14 05:00:00+00,株式会社ベータ,説明会_単,他
20223056,s2a303,小林直樹,2024-03-14 04:00:00+00,2024-03-14 05:00:00+00,株式会社ステラ,インターン,他
20232016,j1a111,高橋結衣,2024-03-14 06:00:00+00,2024-03-14 07:00:00+00,株式会社レイヤー,説明会_単,他
20232008,j1a112,山崎太郎,2024-03-14 06:00:00+00,2024-03-14 07:00:00+00,株式会社アセント,インターン,他
20232020,j1a117,山田太郎,2024-03-14 06:00:00+00,2024-03-14 07:00:00+00,株式会社クラフト,インターン,他
20232013,j1a118,田中優樹,2024-03-14 06:00:00+00,2024-03-14 07:00:00+00,株式会社テックワークス,説明会_単,他
20232036,j2a110,林拓也,2024-03-14 06:00:00+00,2024-03-14 07:00:00+00,株式会社オメガ,セミナー,他
20214087,r3a104,高橋陸,2024-03-14 06:00:00+00,2024-03-14 07:00:00+00,株式会社デルタ,説明会_単,他
20214037,r3a136,斎藤凛,2024-03-14 06:00:00+00,2024-03-14 06:45:00+00,株式会社ミライ,試験_面接,継続（合格）
20223048,s2a104,田中翔太,2024-03-14 06:00:00+00,2024-03-14 06:45:00+00,株式会社マーブル,試験_面接,継続（合格）
20223053,s2a206,吉田健太,2024-03-14 06:00:00+00,2024-03-14 06:45:00+00,株式会社アルファ,試験_面接,辞退
20232034,j1a120,木村優奈,2024-03-15 01:00:00+00,2024-03-15 02:00:00+00,株式会社ホライズン,インターン,他
20214065,r3a108,斎藤葵,2024-03-15 01:00:00+00,2024-03-15 02:30:00+00,株式会社コア,試験_適正,継続（合格）
20214052,r3a221,鈴木凛,2024-03-15 01:00:00+00,2024-03-15 02:00:00+00,株式会社エンジン,インターン,他
20214072,r3a225,高橋陽菜,2024-03-15 01:00:00+00,2024-03-15 01:45:00+00,株式会社グロース,試験_面接,継続（合格）
20223048,s2a104,田中翔太,2024-03-15 01:00:00+00,2024-03-15 01:45:00+00,株式会社エッジ,試験_面接,結果待ち
20232037,j2a104,小林健太,2024-03-15 04:00:00+00,2024-03-15 05:00:00+00,株式会社ルミナス,説明会_合,他
20232030,j2a117,鈴木直樹,2024-03-15 04:00:00+00,2024-03-15 05:30:00+00,株式会社ステラ,試験_適正,不合格
20214079,r3a121,林海斗,2024-03-15 04:00:00+00,2024-03-15 04:45:00+00,株式会社オーシャン,試験_面接,結果待ち
20214056,r3a141,渡辺陸,2024-03-15 04:00:00+00,2024-03-15 05:00:00+00,株式会社グリーン,説明会_単,他
20214028,r3a237,吉田優奈,2024-03-15 04:00:00+00,2024-03-15 04:45:00+00,株式会社コア,試験_面接,不合格
20214028,r3a237,吉田優奈,2024-03-15 04:00:00+00,2024-03-15 05:00:00+00,株式会社アーク,説明会_合,他
20223040,s2a205,橋本健太,2024-03-15 04:00:00+00,2024-03-15 04:45:00+00,株式会社アルファ,試験_面接,継続（合格）
20232015,j1a101,加藤花子,2024-03-15 06:00:00+00,2024-03-15 07:00:00+00,株式会社ミライ,説明会_単,他
20214087,r3a104,高橋陸,2024-03-15 06:00:00+00,2024-03-15 06:45:00+00,株式会社オメガ,試験_面接,不合格
20214075,r3a135,前田優樹,2024-03-15 06:00:00+00,2024-03-15 07:00:00+00,株式会社ネクスト,説明会_合,他
20214004,r3a224,阿部杏奈,2024-03-15 06:00:00+00,2024-03-15 06:45:00+00,株式会社スカイ,試験_面接,継続（合格）
20223025,s2a108,高橋海斗,2024-03-15 06:00:00+00,2024-03-15 06:45:00+00,株式会社ユニオン,試験_面接,継続（合格）
20223020,s2a308,山本遥,2024-03-15 06:00:00+00,2024-03-15 06:45:00+00,株式会社グリーン,試験_面接,結果待ち
20223032,s2a403,前田陸,2024-03-15 06:00:00+00,2024-03-15 07:00:00+00,株式会社フォース,セミナー,他
20232006,j2a101,森遥,2024-03-16 01:00:00+00,2024-03-16 01:45:00+00,株式会社リンク,試験_面接,結果待ち
20232049,j2a102,鈴木凛,2024-03-16 01:00:00+00,2024-03-16 02:30:00+00,株式会社コア,試験_適正,継続（合格）
20232002,j2a115,田中海斗,2024-03-16 01:00:00+00,2024-03-16 01:45:00+00,株式会社アセント,試験_面接,結果待ち
20214086,r3a138,井上結衣,2024-03-16 01:00:00+00,2024-03-16 02:00:00+00,株式会社シグマ,説明会_合,他
20214066,r3a214,池田優樹,2024-03-16 01:00:00+00,2024-03-16 01:30:00+00,株式会社シグマ,試験_他,内定
20214049,r3a236,伊藤健太,2024-03-16 01:00:00+00,2024-03-16 01:45:00+00,株式会社ステラ,試験_面接,結果待ち
20214085,r3a240,鈴木悠斗,2024-03-16 01:00:00+00,2024-03-16 01:45:00+00,株式会社シード,試験_面接,結果待ち
20223003,s2a103,加藤翔太,2024-03-16 01:00:00+00,2024-03-16 01:45:00+00,株式会社コア,試験_面接,結果待ち
20223041,s2a106,藤田海斗,2024-03-16 01:00:00+00,2024-03-16 02:00:00+00,株式会社ミライ,説明会_合,他
20223011,s2a107,小林結衣,2024-03-16 01:00:00+00,2024-03-16 02:00:00+00,株式会社レイヤー,説明会_単,他
20223053,s2a206,吉田健太,2024-03-16 01:00:00+00,2024-03-16 02:00:00+00,株式会社ミライ,説明会_合,他
20223042,s2a207,阿部優樹,2024-03-16 01:00:00+00,2024-03-16 02:30:00+00,株式会社フロンティア,試験_適正,継続（合格）
20232039,j1a103,林優樹,2024-03-16 04:00:00+00,2024-03-16 04:45:00+00,株式会社ビジョン,試験_面接,継続（合格）
20232040,j1a104,松本優奈,2024-03-16 04:00:00+00,2024-03-16 04:45:00+00,株式会社シード,試験_面接,結果待ち
20232046,j1a105,中島花子,2024-03-16 04:00:00+00,2024-03-16 05:00:00+00,株式会社クロス,セミナー,他
20232026,j2a109,山本美咲,2024-03-16 04:00:00+00,2024-03-16 05:00:00+00,株式会社ストリーム,説明会_合,他
20232002,j2a115,田中海斗,2024-03-16 04:00:00+00,2024-03-16 05:00:00+00,株式会社アセント,インターン,他
20214040,r3a113,森優樹,2024-03-16 04:00:00+00,2024-03-16 04:45:00+00,株式会社ホライズン,試験_面接,継続（合格）
20214022,r3a130,佐々木美咲,2024-03-16 04:00:00+00,2024-03-16 04:45:00+00,株式会社ネクスト,試験_面接,結果待ち
20223025,s2a108,高橋海斗,2024-03-16 04:00:00+00,2024-03-16 05:00:00+00,株式会社ユニオン,説明会_単,他
20223015,s2a302,加藤翔太,2024-03-16 04:00:00+00,2024-03-16 04:45:00+00,株式会社フロンティア,試験_面接,結果待ち
20232032,j1a107,小林健太,2024-03-16 06:00:00+00,2024-03-16 07:30:00+00,株式会社テックワークス,試験_適正,結果待ち
20232002,j2a115,田中海斗,2024-03-16 06:00:00+00,2024-03-16 07:30:00+00,株式会社アトラス,試験_適正,結果待ち
20214089,r3a122,佐々木直樹,2024-03-16 06:00:00+00,2024-03-16 06:45:00+00,株式会社エンジン,試験_面接,継続（合格）
20214020,r3a125,高橋凛,2024-03-16 06:00:00+00,2024-03-16 07:00:00+00,株式会社ベータ,説明会_単,他
20214062,r3a129,松本翔太,2024-03-16 06:00:00+00,2024-03-16 07:30:00+00,株式会社ホライズン,試験_適正,結果待ち
20214037,r3a136,斎藤凛,2024-03-16 06:00:00+00,2024-03-16 06:45:00+00,株式会社エコー,試験_面接,継続（合格）
20214028,r3a237,吉田優奈,2024-03-16 06:00:00+00,2024-03-16 07:00:00+00,株式会社エコー,説明会_単,他
20223049,s2a210,山田優奈,2024-03-16 06:00:00+00,2024-03-16 06:45:00+00,株式会社クラフト,試験_面接,辞退
20223058,s2a305,藤田海斗,2024-03-16 06:00:00+00,2024-03-16 06:45:00+00,株式会社ルミナス,試験_面接,結果待ち
20232016,j1a111,高橋結衣,2024-03-17 01:00:00+00,2024-03-17 02:00:00+00,株式会社フォース,説明会_合,他
20232048,j2a107,山口海斗,2024-03-17 01:00:00+00,2024-03-17 02:30:00+00,株式会社ライト,試験_適正,継続（合格）
20232031,j2a116,佐藤大輔,2024-03-17 01:00:00+00,2024-03-17 01:45:00+00,株式会社イプシロン,試験_面接,結果待ち
20214051,r3a117,山口陸,2024-03-17 01:00:00+00,2024-03-17 01:45:00+00,株式会社イプシロン,試験_面接,不合格
20214012,r3a127,渡辺結衣,2024-03-17 01:00:00+00,2024-03-17 01:45:00+00,株式会社シグマ,試験_面接,結果待ち
20214048,r3a226,加藤直樹,2024-03-17 01:00:00+00,2024-03-17 01:45:00+00,株式会社シグマ,試験_面接,継続（合格）
20214085,r3a240,鈴木悠斗,2024-03-17 01:00:00+00,2024-03-17 02:00:00+00,株式会社イプシロン,インターン,他
20223050,s2a203,佐々木結衣,2024-03-17 01:00:00+00,2024-03-17 01:45:00+00,株式会社ネクスト,試験_面接,結果待ち
20223052,s2a211,山下美咲,2024-03-17 01:00:00+00,2024-03-17 02:00:00+00,株式会社ユニオン,セミナー,他
20232018,j1a110,林杏奈,2024-03-17 04:00:00+00,2024-03-17 05:00:00+00,株式会社ガンマ,インターン,他
20232049,j2a102,鈴木凛,2024-03-17 04:00:00+00,2024-03-17 04:45:00+00,株式会社フォース,試験_面接,結果待ち
20214003,r3a105,木村凛,2024-03-17 04:00:00+00,2024-03-17 05:30:00+00,株式会社ブルーム,試験_適正,結果待ち
20214034,r3a132,田中翔太,2024-03-17 04:00:00+00,2024-03-17 04:45:00+00,株式会社アトラス,試験_面接,継続（合格）
20214037,r3a136,斎藤凛,2024-03-17 04:00:00+00,2024-03-17 04:45:00+00,株式会社エコー,試験_面接,継続（合格）
20214023,r3a137,中島葵,2024-03-17 04:00:00+00,2024-03-17 04:45:00+00,株式会社プライム,試験_面接,結果待ち
20214080,r3a207,中島大輔,2024-03-17 04:00:00+00,2024-03-17 05:00:00+00,株式会社サンライズ,インターン,他
20214066,r3a214,池田優樹,2024-03-17 04:00:00+00,2024-03-17 05:30:00+00,株式会社シグマ,試験_適正,継続（合格）
20214048,r3a226,加藤直樹,2024-03-17 04:00:00+00,2024-03-17 04:45:00+00,株式会社アルファ,試験_面接,不合格
20223001,s2a113,中島結衣,2024-03-17 04:00:00+00,2024-03-17 05:00:00+00,株式会社オメガ,インターン,他
20223058,s2a305,藤田海斗,2024-03-17 04:00:00+00,2024-03-17 05:30:00+00,株式会社クロス,試験_適正,結果待ち
20214003,r3a105,木村凛,2024-03-17 06:00:00+00,2024-03-17 06:45:00+00,株式会社リンク,試験_面接,辞退
20214051,r3a117,山口陸,2024-03-17 06:00:00+00,2024-03-17 06:45:00+00,株式会社クロス,試験_面接,継続（合格）
20214037,r3a136,斎藤凛,2024-03-17 06:00:00+00,2024-03-17 06:45:00+00,株式会社エコー,試験_面接,継続（合格）
20214056,r3a141,渡辺陸,2024-03-17 06:00:00+00,2024-03-17 07:00:00+00,株式会社ユニオン,セミナー,他
20214019,r3a204,高橋杏奈,2024-03-17 06:00:00+00,2024-03-17 07:00:00+00,株式会社ブリッジ,インターン,他
20214004,r3a224,阿部杏奈,2024-03-17 06:00:00+00,2024-03-17 06:45:00+00,株式会社オービット,試験_面接,結果待ち
20214005,r3a230,鈴木凛,2024-03-17 06:00:00+00,2024-03-17 07:00:00+00,株式会社ステラ,説明会_合,他
20223016,s2a411,前田優樹,2024-03-17 06:00:00+00,2024-03-17 06:45:00+00,株式会社レイヤー,試験_面接,結果待ち
20232010,j1a109,山田直樹,2024-03-18 01:00:00+00,2024-03-18 01:45:00+00,株式会社コア,試験_面接,結果待ち
20232016,j1a111,高橋結衣,2024-03-18 01:00:00+00,2024-03-18 02:00:00+00,株式会社スカイ,セミナー,他
20232001,j1a119,田中海斗,2024-03-18 01:00:00+00,2024-03-18 01:45:00+00,株式会社アビリティ,試験_面接,結果待ち
20214035,r3a107,斎藤葵,2024-03-18 01:00:00+00,2024-03-18 01:45:00+00,株式会社テックワークス,試験_面接,結果待ち
20214036,r3a112,阿部翔太,2024-03-18 01:00:00+00,2024-03-18 02:00:00+00,株式会社フォーカス,説明会_単,他
20214062,r3a129,松本翔太,2024-03-18 01:00:00+00,2024-03-18 01:45:00+00,株式会社リーフ,試験_面接,結果待ち
20214082,r3a203,前田凛,2024-03-18 01:00:00+00,2024-03-18 02:30:00+00,株式会社リーフ,試験_適正,継続（合格）
20214015,r3a241,中島凛,2024-03-18 01:00:00+00,2024-03-18 02:00:00+00,株式会社アルファ,インターン,他
20223033,s2a212,山口悠斗,2024-03-18 01:00:00+00,2024-03-18 02:00:00+00,株式会社クロス,セミナー,他
20223047,s2a213,伊藤彩香,2024-03-18 01:00:00+00,2024-03-18 01:45:00+00,株式会社ライト,試験_面接,結果待ち
20223058,s2a305,藤田海斗,2024-03-18 01:00:00+00,2024-03-18 02:00:00+00,株式会社ルミナス,インターン,他
20223020,s2a308,山本遥,2024-03-18 01:00:00+00,2024-03-18 02:00:00+00,株式会社グリーン,インターン,他
20232015,j1a101,加藤花子,2024-03-18 04:00:00+00,2024-03-18 05:00:00+00,株式会社オービット,説明会_単,他
20232010,j1a109,山田直樹,2024-03-18 04:00:00+00,2024-03-18 05:30:00+00,株式会社オーシャン,試験_適正,結果待ち
20232010,j1a109,山田直樹,2024-03-18 04:00:00+00,2024-03-18 05:00:00+00,株式会社クレスト,説明会_単,他
20232018,j1a110,林杏奈,2024-03-18 04:00:00+00,2024-03-18 04:45:00+00,株式会社ガンマ,試験_面接,継続（合格）
20223040,s2a205,橋本健太,2024-03-18 04:00:00+00,2024-03-18 05:00:00+00,株式会社クレスト,インターン,他
20223015,s2a302,加藤翔太,2024-03-18 04:00:00+00,2024-03-18 04:45:00+00,株式会社ブリッジ,試験_面接,結果待ち
20223015,s2a302,加藤翔太,2024-03-18 04:00:00+00,2024-03-18 05:00:00+00,株式会社グロース,インターン,他
20223058,s2a305,藤田海斗,2024-03-18 04:00:00+00,2024-03-18 05:00:00+00,株式会社ベータ,説明会_合,他
20223008,s2a405,前田杏奈,2024-03-18 04:00:00+00,2024-03-18 05:00:00+00,株式会社フォーカス,説明会_単,他
20223008,s2a405,前田杏奈,2024-03-18 04:00:00+00,2024-03-18 04:45:00+00,株式会社オメガ,試験_面接,継続（合格）
20232040,j1a104,松本優奈,2024-03-18 06:00:00+00,2024-03-18 06:45:00+00,株式会社フォーカス,試験_面接,継続（合格）
20232008,j1a112,山崎太郎,2024-03-18 06:00:00+00,2024-03-18 07:30:00+00,株式会社アセント,試験_適正,結果待ち
20232004,j1a113,山田結衣,2024-03-18 06:00:00+00,2024-03-18 06:30:00+00,株式会社グリーン,試験_他,内定
20214088,r3a103,小林太郎,2024-03-18 06:00:00+00,2024-03-18 07:30:00+00,株式会社ブルーム,試験_適正,不合格
20214063,r3a134,田中太郎,2024-03-18 06:00:00+00,2024-03-18 06:45:00+00,株式会社テックワークス,試験_面接,不合格
20223029,s2a101,山口花子,2024-03-18 06:00:00+00,2024-03-18 06:45:00+00,株式会社モデスト,試験_面接,継続（合格）
20223050,s2a203,佐々木結衣,2024-03-18 06:00:00+00,2024-03-18 06:45:00+00,株式会社ネクスト,試験_面接,継続（合格）
20232014,j1a115,山田拓也,2024-03-19 01:00:00+00,2024-03-19 02:00:00+00,株式会社シード,説明会_合,他
20232034,j1a120,木村優奈,2024-03-19 01:00:00+00,2024-03-19 01:45:00+00,株式会社ユニオン,試験_面接,結果待ち
20214013,r3a109,田中陸,2024-03-19 01:00:00+00,2024-03-19 01:45:00+00,株式会社スカイ,試験_面接,結果待ち
20214067,r3a126,斎藤大輔,2024-03-19 01:00:00+00,2024-03-19 01:45:00+00,株式会社グロース,試験_面接,継続（合格）
20214010,r3a133,森遥,2024-03-19 01:00:00+00,2024-03-19 02:00:00+00,株式会社コア,説明会_単,他
20214017,r3a220,山田花子,2024-03-19 01:00:00+00,2024-03-19 01:45:00+00,株式会社ステラ,試験_面接,不合格
20214072,r3a225,高橋陽菜,2024-03-19 01:00:00+00,2024-03-19 02:30:00+00,株式会社ノヴァ,試験_適正,結果待ち
20232013,j1a118,田中優樹,2024-03-19 04:00:00+00,2024-03-19 05:00:00+00,株式会社テックワークス,説明会_単,他
20232049,j2a102,鈴木凛,2024-03-19 04:00:00+00,2024-03-19 04:45:00+00,株式会社フォース,試験_面接,継続（合格）
20214071,r3a128,斎藤優樹,2024-03-19 04:00:00+00,2024-03-19 05:30:00+00,株式会社レイヤー,試験_適正,継続（合格）
20214053,r3a201,池田翔太,2024-03-19 04:00:00+00,2024-03-19 04:45:00+00,株式会社ベータ,試験_面接,継続（合格）
20214014,r3a228,山下翔太,2024-03-19 04:00:00+00,2024-03-19 04:45:00+00,株式会社シグマ,試験_面接,結果待ち
20214058,r3a234,森優奈,2024-03-19 04:00:00+00,2024-03-19 04:30:00+00,株式会社マーブル,試験_他,内定
20223025,s2a108,高橋海斗,2024-03-19 04:00:00+00,2024-03-19 05:00:00+00,株式会社コア,インターン,他
20223052,s2a211,山下美咲,2024-03-19 04:00:00+00,2024-03-19 05:30:00+00,株式会社ユニオン,試験_適正,結果待ち
20223044,s2a301,佐々木美咲,2024-03-19 04:00:00+00,2024-03-19 05:00:00+00,株式会社フォーカス,説明会_単,他
20232039,j1a103,林優樹,2024-03-19 06:00:00+00,2024-03-19 07:00:00+00,株式会社オービット,セミナー,他
20232002,j2a115,田中海斗,2024-03-19 06:00:00+00,2024-03-19 07:00:00+00,株式会社ガンマ,インターン,他
20214080,r3a207,中島大輔,2024-03-19 06:00:00+00,2024-03-19 06:45:00+00,株式会社サンライズ,試験_面接,継続（合格）
20223060,s2a201,渡辺翔太,2024-03-19 06:00:00+00,2024-03-19 07:00:00+00,株式会社イノベーション,説明会_単,他
20223053,s2a206,吉田健太,2024-03-19 06:00:00+00,2024-03-19 07:00:00+00,株式会社ミライ,説明会_単,他
20223031,s2a409,佐藤凛,2024-03-19 06:00:00+00,2024-03-19 07:00:00+00,株式会社ストリーム,説明会_単,他
20232015,j1a101,加藤花子,2024-03-20 01:00:00+00,2024-03-20 02:00:00+00,株式会社クレスト,セミナー,他
20232032,j1a107,小林健太,2024-03-20 01:00:00+00,2024-03-20 02:00:00+00,株式会社テックワークス,インターン,他
20232032,j1a107,小林健太,2024-03-20 01:00:00+00,2024-03-20 02:00:00+00,株式会社テックワークス,インターン,他
20232001,j1a119,田中海斗,2024-03-20 01:00:00+00,2024-03-20 02:30:00+00,株式会社シード,試験_適正,不合格
20232037,j2a104,小林健太,2024-03-20 01:00:00+00,2024-03-20 02:00:00+00,株式会社オーシャン,説明会_合,他
20232048,j2a107,山口海斗,2024-03-20 01:00:00+00,2024-03-20 02:30:00+00,株式会社ガンマ,試験_適正,結果待ち
20214012,r3a127,渡辺結衣,2024-03-20 01:00:00+00,2024-03-20 02:30:00+00,株式会社ホライズン,試験_適正,不合格
20223025,s2a108,高橋海斗,2024-03-20 01:00:00+00,2024-03-20 01:30:00+00,株式会社ユニオン,試験_他,内定
20223022,s2a112,山口葵,2024-03-20 01:00:00+00,2024-03-20 01:45:00+00,株式会社ホライズン,試験_面接,辞退
20223022,s2a112,山口葵,2024-03-20 01:00:00+00,2024-03-20 01:45:00+00,株式会社クレスト,試験_面接,不合格
20232015,j1a101,加藤花子,2024-03-20 04:00:00+00,2024-03-20 05:00:00+00,株式会社ミライ,セミナー,他
20232040,j1a104,松本優奈,2024-03-20 04:00:00+00,2024-03-20 04:45:00+00,株式会社ガンマ,試験_面接,結果待ち
20232011,j2a103,吉田彩香,2024-03-20 04:00:00+00,2024-03-20 05:30:00+00,株式会社ルミナス,試験_適正,結果待ち
20232028,j2a106,山口優奈,2024-03-20 04:00:00+00,2024-03-20 05:00:00+00,株式会社ストリーム,説明会_単,他
20232002,j2a115,田中海斗,2024-03-20 04:00:00+00,2024-03-20 05:00:00+00,株式会社アトラス,説明会_合,他
20214086,r3a138,井上結衣,2024-03-20 04:00:00+00,2024-03-20 05:00:00+00,株式会社アトラス,セミナー,他
20214045,r3a205,池田優奈,2024-03-20 04:00:00+00,2024-03-20 05:00:00+00,株式会社アルファ,セミナー,他
20214007,r3a218,吉田葵,2024-03-20 04:00:00+00,2024-03-20 04:45:00+00,株式会社エコー,試験_面接,結果待ち
20214048,r3a226,加藤直樹,2024-03-20 04:00:00+00,2024-03-20 04:30:00+00,株式会社シグマ,試験_他,内定
20223011,s2a107,小林結衣,2024-03-20 04:00:00+00,2024-03-20 05:00:00+00,株式会社アルファ,説明会_合,他
20223049,s2a210,山田優奈,2024-03-20 04:00:00+00,2024-03-20 04:45:00+00,株式会社サンライズ,試験_面接,継続（合格）
20223020,s2a308,山本遥,2024-03-20 04:00:00+00,2024-03-20 04:45:00+00,株式会社リーフ,試験_面接,継続（合格）
20232015,j1a101,加藤花子,2024-03-20 06:00:00+00,2024-03-20 07:30:00+00,株式会社オービット,試験_適正,継続（合格）
20232046,j1a105,中島花子,2024-03-20 06:00:00+00,2024-03-20 07:00:00+00,株式会社エンジン,説明会_単,他
20232049,j2a102,鈴木凛,2024-03-20 06:00:00+00,2024-03-20 07:00:00+00,株式会社コア,説明会_合,他
20232037,j2a104,小林健太,2024-03-20 06:00:00+00,2024-03-20 07:00:00+00,株式会社ノヴァ,説明会_単,他
20232028,j2a106,山口優奈,2024-03-20 06:00:00+00,2024-03-20 06:45:00+00,株式会社ミライ,試験_面接,結果待ち
20214078,r3a140,山本悠斗,2024-03-20 06:00:00+00,2024-03-20 07:30:00+00,株式会社アルファ,試験_適正,結果待ち
20214053,r3a201,池田翔太,2024-03-20 06:00:00+00,2024-03-20 06:45:00+00,株式会社シグマ,試験_面接,辞退
20214048,r3a226,加藤直樹,2024-03-20 06:00:00+00,2024-03-20 07:00:00+00,株式会社シグマ,セミナー,他
20232037,j2a104,小林健太,2024-03-21 01:00:00+00,2024-03-21 01:45:00+00,株式会社ノヴァ,試験_面接,結果待ち
20214022,r3a130,佐々木美咲,2024-03-21 01:00:00+00,2024-03-21 01:45:00+00,株式会社ネクスト,試験_面接,継続（合格）
20214082,r3a203,前田凛,2024-03-21 01:00:00+00,2024-03-21 01:45:00+00,株式会社リーフ,試験_面接,結果待ち
20214021,r3a206,石川優樹,2024-03-21 01:00:00+00,2024-03-21 02:30:00+00,株式会社フォーカス,試験_適正,結果待ち
20214066,r3a214,池田優樹,2024-03-21 01:00:00+00,2024-03-21 01:45:00+00,株式会社シグマ,試験_面接,継続（合格）
20214043,r3a223,清水杏奈,2024-03-21 01:00:00+00,2024-03-21 01:45:00+00,株式会社プライム,試験_面接,結果待ち
20223024,s2a208,佐藤翔太,2024-03-21 01:00:00+00,2024-03-21 02:00:00+00,株式会社ユニオン,説明会_合,他
20223013,s2a312,清水杏奈,2024-03-21 01:00:00+00,2024-03-21 01:45:00+00,株式会社クレスト,試験_面接,継続（合格）
20232046,j1a105,中島花子,2024-03-21 04:00:00+00,2024-03-21 05:30:00+00,株式会社アーク,試験_適正,継続（合格）
20232021,j2a119,中村直樹,2024-03-21 04:00:00+00,2024-03-21 05:30:00+00,株式会社テックワークス,試験_適正,結果待ち
20214010,r3a133,森遥,2024-03-21 04:00:00+00,2024-03-21 05:00:00+00,株式会社フォーカス,説明会_合,他
20214085,r3a240,鈴木悠斗,2024-03-21 04:00:00+00,2024-03-21 05:30:00+00,株式会社クロス,試験_適正,不合格
20223048,s2a104,田中翔太,2024-03-21 04:00:00+00,2024-03-21 05:00:00+00,株式会社エッジ,セミナー,他
20223009,s2a209,山本優樹,2024-03-21 04:00:00+00,2024-03-21 04:45:00+00,株式会社コア,試験_面接,不合格
20223036,s2a408,高橋海斗,2024-03-21 04:00:00+00,2024-03-21 05:00:00+00,株式会社ステラ,説明会_単,他
20223031,s2a409,佐藤凛,2024-03-21 04:00:00+00,2024-03-21 04:45:00+00,株式会社ストリーム,試験_面接,継続（合格）
20223031,s2a409,佐藤凛,2024-03-21 04:00:00+00,2024-03-21 04:45:00+00,株式会社ストリーム,試験_面接,継続（合格）
20232015,j1a101,加藤花子,2024-03-21 06:00:00+00,2024-03-21 06:45:00+00,株式会社オービット,試験_面接,継続（合格）
20232046,j1a105,中島花子,2024-03-21 06:00:00+00,2024-03-21 06:45:00+00,株式会社クロス,試験_面接,結果待ち
20232005,j1a108,林優奈,2024-03-21 06:00:00+00,2024-03-21 06:45:00+00,株式会社モデスト,試験_面接,不合格
20232002,j2a115,田中海斗,2024-03-21 06:00:00+00,2024-03-21 06:45:00+00,株式会社ブリッジ,試験_面接,不合格
20214051,r3a117,山口陸,2024-03-21 06:00:00+00,2024-03-21 07:00:00+00,株式会社ライト,説明会_単,他
20214046,r3a118,田中優樹,2024-03-21 06:00:00+00,2024-03-21 07:00:00+00,株式会社イプシロン,説明会_合,他
20214010,r3a133,森遥,2024-03-21 06:00:00+00,2024-03-21 07:00:00+00,株式会社レイヤー,セミナー,他
20214080,r3a207,中島大輔,2024-03-21 06:00:00+00,2024-03-21 06:45:00+00,株式会社サンライズ,試験_面接,結果待ち
20214027,r3a219,山田杏奈,2024-03-21 06:00:00+00,2024-03-21 07:00:00+00,株式会社コア,インターン,他
20214043,r3a223,清水杏奈,2024-03-21 06:00:00+00,2024-03-21 06:45:00+00,株式会社パルス,試験_面接,結果待ち
20223019,s2a306,吉田優樹,2024-03-21 06:00:00+00,2024-03-21 06:45:00+00,株式会社シード,試験_面接,継続（合格）
20223031,s2a409,佐藤凛,2024-03-21 06:00:00+00,2024-03-21 07:30:00+00,株式会社ルミナス,試験_適正,結果待ち
20223031,s2a409,佐藤凛,2024-03-21 06:00:00+00,2024-03-21 06:45:00+00,株式会社エコー,試験_面接,結果待ち
20223031,s2a409,佐藤凛,2024-03-21 06:00:00+00,2024-03-21 06:45:00+00,株式会社オービット,試験_面接,結果待ち
20232004,j1a113,山田結衣,2024-03-22 01:00:00+00,2024-03-22 01:45:00+00,株式会社グリーン,試験_面接,継続（合格）
20232001,j1a119,田中海斗,2024-03-22 01:00:00+00,2024-03-22 02:30:00+00,株式会社クラフト,試験_適正,辞退
20232001,j1a119,田中海斗,2024-03-22 01:00:00+00,2024-03-22 02:30:00+00,株式会社リンク,試験_適正,結果待ち
20232030,j2a117,鈴木直樹,2024-03-22 01:00:00+00,2024-03-22 01:45:00+00,株式会社エンジン,試験_面接,結果待ち
20214071,r3a128,斎藤優樹,2024-03-22 01:00:00+00,2024-03-22 02:00:00+00,株式会社レイヤー,説明会_単,他
20214032,r3a131,山田結衣,2024-03-22 01:00:00+00,2024-03-22 02:00:00+00,株式会社シグマ,説明会_合,他
20214010,r3a133,森遥,2024-03-22 01:00:00+00,2024-03-22 02:30:00+00,株式会社コア,試験_適正,継続（合格）
20214047,r3a210,加藤翔太,2024-03-22 01:00:00+00,2024-03-22 01:45:00+00,株式会社ルミナス,試験_面接,結果待ち
20214048,r3a226,加藤直樹,2024-03-22 01:00:00+00,2024-03-22 01:45:00+00,株式会社シグマ,試験_面接,継続（合格）
20223029,s2a101,山口花子,2024-03-22 01:00:00+00,2024-03-22 02:30:00+00,株式会社ノヴァ,試験_適正,結果待ち
20223028,s2a105,佐々木太郎,2024-03-22 01:00:00+00,2024-03-22 01:45:00+00,株式会社マーブル,試験_面接,結果待ち
20223042,s2a207,阿部優樹,2024-03-22 01:00:00+00,2024-03-22 01:45:00+00,株式会社フロンティア,試験_面接,継続（合格）
20223047,s2a213,伊藤彩香,2024-03-22 01:00:00+00,2024-03-22 01:45:00+00,株式会社ベータ,試験_面接,結果待ち
20223058,s2a305,藤田海斗,2024-03-22 01:00:00+00,2024-03-22 02:00:00+00,株式会社クロス,説明会_合,他
20223035,s2a310,斎藤悠斗,2024-03-22 01:00:00+00,2024-03-22 01:45:00+00,株式会社アトラス,試験_面接,継続（合格）
20232046,j1a105,中島花子,2024-03-22 04:00:00+00,2024-03-22 05:00:00+00,株式会社アーク,説明会_単,他
20232046,j1a105,中島花子,2024-03-22 04:00:00+00,2024-03-22 05:30:00+00,株式会社エンジン,試験_適正,不合格
20232010,j1a109,山田直樹,2024-03-22 04:00:00+00,2024-03-22 05:00:00+00,株式会社オーシャン,説明会_合,他
20232014,j1a115,山田拓也,2024-03-22 04:00:00+00,2024-03-22 04:45:00+00,株式会社シード,試験_面接,継続（合格）
20232045,j2a111,石川結衣,2024-03-22 04:00:00+00,2024-03-22 04:45:00+00,株式会社ステラ,試験_面接,結果待ち
20214035,r3a107,斎藤葵,2024-03-22 04:00:00+00,2024-03-22 05:00:00+00,株式会社テックワークス,説明会_合,他
20214079,r3a121,林海斗,2024-03-22 04:00:00+00,2024-03-22 05:00:00+00,株式会社ノヴァ,説明会_単,他
20214062,r3a129,松本翔太,2024-03-22 04:00:00+00,2024-03-22 05:00:00+00,株式会社ライト,説明会_単,他
20214056,r3a141,渡辺陸,2024-03-22 04:00:00+00,2024-03-22 04:45:00+00,株式会社ユニオン,試験_面接,継続（合格）
20214076,r3a212,前田結衣,2024-03-22 04:00:00+00,2024-03-22 05:00:00+00,株式会社エッジ,インターン,他
20214008,r3a213,山崎葵,2024-03-22 04:00:00+00,2024-03-22 04:45:00+00,株式会社イプシロン,試験_面接,不合格
20214014,r3a228,山下翔太,2024-03-22 04:00:00+00,2024-03-22 04:45:00+00,株式会社シード,試験_面接,結果待ち
20214002,r3a231,中島海斗,2024-03-22 04:00:00+00,2024-03-22 04:45:00+00,株式会社フォーカス,試験_面接,継続（合格）
20214085,r3a240,鈴木悠斗,2024-03-22 04:00:00+00,2024-03-22 04:45:00+00,株式会社イプシロン,試験_面接,結果待ち
20223025,s2a108,高橋海斗,2024-03-22 04:00:00+00,2024-03-22 05:30:00+00,株式会社コア,試験_適正,結果待ち
20223035,s2a310,斎藤悠斗,2024-03-22 04:00:00+00,2024-03-22 05:00:00+00,株式会社アトラス,セミナー,他
20232010,j1a109,山田直樹,2024-03-22 06:00:00+00,2024-03-22 07:00:00+00,株式会社クレスト,セミナー,他
20232016,j1a111,高橋結衣,2024-03-22 06:00:00+00,2024-03-22 06:45:00+00,株式会社フォース,試験_面接,結果待ち
20232004,j1a113,山田結衣,2024-03-22 06:00:00+00,2024-03-22 06:45:00+00,株式会社グリーン,試験_面接,継続（合格）
20214034,r3a132,田中翔太,2024-03-22 06:00:00+00,2024-03-22 06:45:00+00,株式会社アトラス,試験_面接,継続（合格）
20214080,r3a207,中島大輔,2024-03-22 06:00:00+00,2024-03-22 07:30:00+00,株式会社サンライズ,試験_適正,継続（合格）
20214050,r3a217,佐々木遥,2024-03-22 06:00:00+00,2024-03-22 07:00:00+00,株式会社ユニオン,インターン,他
20214048,r3a226,加藤直樹,2024-03-22 06:00:00+00,2024-03-22 06:45:00+00,株式会社スカイ,試験_面接,結果待ち
20214057,r3a238,加藤杏奈,2024-03-22 06:00:00+00,2024-03-22 07:00:00+00,株式会社ブリッジ,説明会_単,他
20223041,s2a106,藤田海斗,2024-03-22 06:00:00+00,2024-03-22 07:30:00+00,株式会社ネクスト,試験_適正,継続（合格）
20223033,s2a212,山口悠斗,2024-03-22 06:00:00+00,2024-03-22 07:30:00+00,株式会社クロス,試験_適正,結果待ち
20223056,s2a303,小林直樹,2024-03-22 06:00:00+00,2024-03-22 07:00:00+00,株式会社フォース,セミナー,他
20223020,s2a308,山本遥,2024-03-22 06:00:00+00,2024-03-22 07:00:00+00,株式会社リーフ,内定後活動,内定
20223031,s2a409,佐藤凛,2024-03-22 06:00:00+00,2024-03-22 07:00:00+00,株式会社オービット,説明会_単,他
20232015,j1a101,加藤花子,2024-03-23 01:00:00+00,2024-03-23 02:00:00+00,株式会社シグマ,説明会_単,他
20232011,j2a103,吉田彩香,2024-03-23 01:00:00+00,2024-03-23 01:45:00+00,株式会社イノベーション,試験_面接,不合格
20214009,r3a101,山口葵,2024-03-23 01:00:00+00,2024-03-23 01:45:00+00,株式会社アーク,試験_面接,不合格
20214003,r3a105,木村凛,2024-03-23 01:00:00+00,2024-03-23 02:00:00+00,株式会社アビリティ,インターン,他
20214042,r3a227,林陽菜,2024-03-23 01:00:00+00,2024-03-23 02:00:00+00,株式会社アトラス,セミナー,他
20214015,r3a241,中島凛,2024-03-23 01:00:00+00,2024-03-23 02:00:00+00,株式会社ハーモニー,インターン,他
20223003,s2a103,加藤翔太,2024-03-23 01:00:00+00,2024-03-23 01:45:00+00,株式会社レイヤー,試験_面接,結果待ち
20223025,s2a108,高橋海斗,2024-03-23 01:00:00+00,2024-03-23 02:00:00+00,株式会社イプシロン,インターン,他
20223060,s2a201,渡辺翔太,2024-03-23 01:00:00+00,2024-03-23 01:45:00+00,株式会社サンライズ,試験_面接,不合格
20223047,s2a213,伊藤彩香,2024-03-23 01:00:00+00,2024-03-23 02:30:00+00,株式会社ライト,試験_適正,継続（合格）
20223056,s2a303,小林直樹,2024-03-23 01:00:00+00,2024-03-23 01:45:00+00,株式会社ステラ,試験_面接,結果待ち
20232015,j1a101,加藤花子,2024-03-23 04:00:00+00,2024-03-23 04:45:00+00,株式会社ミライ,試験_面接,結果待ち
20232026,j2a109,山本美咲,2024-03-23 04:00:00+00,2024-03-23 05:30:00+00,株式会社ビジョン,試験_適正,結果待ち
20214009,r3a101,山口葵,2024-03-23 04:00:00+00,2024-03-23 04:45:00+00,株式会社スカイ,試験_面接,不合格
20214078,r3a140,山本悠斗,2024-03-23 04:00:00+00,2024-03-23 05:00:00+00,株式会社フォーカス,セミナー,他
20214043,r3a223,清水杏奈,2024-03-23 04:00:00+00,2024-03-23 05:00:00+00,株式会社プライム,セミナー,他
20214005,r3a230,鈴木凛,2024-03-23 04:00:00+00,2024-03-23 04:30:00+00,株式会社ステラ,試験_他,内定
20223011,s2a107,小林結衣,2024-03-23 04:00:00+00,2024-03-23 04:45:00+00,株式会社アビリティ,試験_面接,不合格
20223001,s2a113,中島結衣,2024-03-23 04:00:00+00,2024-03-23 04:45:00+00,株式会社ブリッジ,試験_面接,継続（合格）
20223026,s2a311,中村大輔,2024-03-23 04:00:00+00,2024-03-23 04:45:00+00,株式会社アセント,試験_面接,結果待ち
20232005,j1a108,林優奈,2024-03-23 06:00:00+00,2024-03-23 06:45:00+00,株式会社ライト,試験_面接,結果待ち
20232010,j1a109,山田直樹,2024-03-23 06:00:00+00,2024-03-23 07:30:00+00,株式会社クレスト,試験_適正,結果待ち
20232001,j1a119,田中海斗,2024-03-23 06:00:00+00,2024-03-23 07:00:00+00,株式会社クラフト,説明会_合,他
20232001,j1a119,田中海斗,2024-03-23 06:00:00+00,2024-03-23 06:45:00+00,株式会社デルタ,試験_面接,結果待ち
20232049,j2a102,鈴木凛,2024-03-23 06:00:00+00,2024-03-23 06:45:00+00,株式会社ハーモニー,試験_面接,結果待ち
20232031,j2a116,佐藤大輔,2024-03-23 06:00:00+00,2024-03-23 07:00:00+00,株式会社クラフト,説明会_合,他
20232003,j1a116,山本遥,2024-03-23 06:00:00+00,2024-03-23 07:00:00+00,株式会社パルス,説明会_合,他
20214087,r3a104,高橋陸,2024-03-23 06:00:00+00,2024-03-23 06:45:00+00,株式会社スカイ,試験_面接,継続（合格）
20214034,r3a132,田中翔太,2024-03-23 06:00:00+00,2024-03-23 07:00:00+00,株式会社デルタ,説明会_合,他
20214027,r3a219,山田杏奈,2024-03-23 06:00:00+00,2024-03-23 07:30:00+00,株式会社ストリーム,試験_適正,結果待ち
20223003,s2a103,加藤翔太,2024-03-23 06:00:00+00,2024-03-23 06:45:00+00,株式会社クロス,試験_面接,継続（合格）
20223048,s2a104,田中翔太,2024-03-23 06:00:00+00,2024-03-23 07:00:00+00,株式会社マーブル,説明会_単,他
20223007,s2a204,田中健太,2024-03-23 06:00:00+00,2024-03-23 07:30:00+00,株式会社リンク,試験_適正,継続（合格）
20223047,s2a213,伊藤彩香,2024-03-23 06:00:00+00,2024-03-23 06:45:00+00,株式会社パルス,試験_面接,辞退
20223015,s2a302,加藤翔太,2024-03-23 06:00:00+00,2024-03-23 07:00:00+00,株式会社フロンティア,説明会_合,他
20223051,s2a401,山下花子,2024-03-23 06:00:00+00,2024-03-23 06:45:00+00,株式会社ハーモニー,試験_面接,結果待ち
20223036,s2a408,高橋海斗,2024-03-23 06:00:00+00,2024-03-23 06:45:00+00,株式会社ステラ,試験_面接,不合格
20223023,s2a412,林杏奈,2024-03-23 06:00:00+00,2024-03-23 06:45:00+00,株式会社ネクスト,試験_面接,不合格
20232031,j2a116,佐藤大輔,2024-03-24 01:00:00+00,2024-03-24 01:45:00+00,株式会社クラフト,試験_面接,結果待ち
20214067,r3a126,斎藤大輔,2024-03-24 01:00:00+00,2024-03-24 02:30:00+00,株式会社グロース,試験_適正,継続（合格）
20214078,r3a140,山本悠斗,2024-03-24 01:00:00+00,2024-03-24 01:45:00+00,株式会社フォーカス,試験_面接,結果待ち
20214042,r3a227,林陽菜,2024-03-24 01:00:00+00,2024-03-24 02:00:00+00,株式会社ノヴァ,セミナー,他
20223050,s2a203,佐々木結衣,2024-03-24 01:00:00+00,2024-03-24 01:45:00+00,株式会社ユニオン,試験_面接,不合格
20223050,s2a203,佐々木結衣,2024-03-24 01:00:00+00,2024-03-24 01:45:00+00,株式会社ネクスト,試験_面接,継続（合格）
20223050,s2a203,佐々木結衣,2024-03-24 01:00:00+00,2024-03-24 02:00:00+00,株式会社ネクスト,説明会_合,他
20232006,j2a101,森遥,2024-03-24 04:00:00+00,2024-03-24 05:30:00+00,株式会社リンク,試験_適正,継続（合格）
20232011,j2a103,吉田彩香,2024-03-24 04:00:00+00,2024-03-24 04:45:00+00,株式会社イノベーション,試験_面接,継続（合格）
20214083,r3a222,池田海斗,2024-03-24 04:00:00+00,2024-03-24 05:30:00+00,株式会社デルタ,試験_適正,結果待ち
20214072,r3a225,高橋陽菜,2024-03-24 04:00:00+00,2024-03-24 04:45:00+00,株式会社ステラ,試験_面接,結果待ち
20214033,r3a233,山本健太,2024-03-24 04:00:00+00,2024-03-24 04:45:00+00,株式会社ストリーム,試験_面接,継続（合格）
20232048,j2a107,山口海斗,2024-03-24 04:00:00+00,2024-03-24 05:00:00+00,株式会社ガンマ,説明会_単,他
20223048,s2a104,田中翔太,2024-03-24 04:00:00+00,2024-03-24 05:00:00+00,株式会社エンジン,説明会_合,他
20223059,s2a111,山田葵,2024-03-24 04:00:00+00,2024-03-24 05:00:00+00,株式会社クレスト,セミナー,他
20223007,s2a204,田中健太,2024-03-24 04:00:00+00,2024-03-24 04:45:00+00,株式会社リンク,試験_面接,辞退
20223056,s2a303,小林直樹,2024-03-24 04:00:00+00,2024-03-24 04:45:00+00,株式会社オーシャン,試験_面接,結果待ち
20223027,s2a402,斎藤花子,2024-03-24 04:00:00+00,2024-03-24 04:45:00+00,株式会社エンジン,試験_面接,継続（合格）
20232037,j2a104,小林健太,2024-03-24 06:00:00+00,2024-03-24 07:00:00+00,株式会社ノヴァ,インターン,他
20232027,j2a114,山崎翔太,2024-03-24 06:00:00+00,2024-03-24 06:45:00+00,株式会社ブルーム,試験_面接,不合格
20232002,j2a115,田中海斗,2024-03-24 06:00:00+00,2024-03-24 06:45:00+00,株式会社ガンマ,試験_面接,辞退
20214075,r3a135,前田優樹,2024-03-24 06:00:00+00,2024-03-24 07:00:00+00,株式会社ネクスト,セミナー,他
20223048,s2a104,田中翔太,2024-03-24 06:00:00+00,2024-03-24 07:30:00+00,株式会社パルス,試験_適正,結果待ち
20223022,s2a112,山口葵,2024-03-24 06:00:00+00,2024-03-24 07:00:00+00,株式会社アルファ,インターン,他
20223047,s2a213,伊藤彩香,2024-03-24 06:00:00+00,2024-03-24 07:00:00+00,株式会社パルス,セミナー,他
20232040,j1a104,松本優奈,2024-03-25 01:00:00+00,2024-03-25 01:45:00+00,株式会社フォーカス,試験_面接,結果待ち
20232013,j1a118,田中優樹,2024-03-25 01:00:00+00,2024-03-25 01:45:00+00,株式会社テックワークス,試験_面接,不合格
20232001,j1a119,田中海斗,2024-03-25 01:00:00+00,2024-03-25 01:45:00+00,株式会社ホライズン,試験_面接,結果待ち
20232021,j2a119,中村直樹,2024-03-25 01:00:00+00,2024-03-25 02:00:00+00,株式会社テックワークス,インターン,他
20214010,r3a133,森遥,2024-03-25 01:00:00+00,2024-03-25 02:00:00+00,株式会社グロース,説明会_合,他
20214076,r3a212,前田結衣,2024-03-25 01:00:00+00,2024-03-25 02:30:00+00,株式会社ベータ,試験_適正,不合格
20214024,r3a215,佐々木杏奈,2024-03-25 01:00:00+00,2024-03-25 01:45:00+00,株式会社マーブル,試験_面接,結果待ち
20223013,s2a312,清水杏奈,2024-03-25 01:00:00+00,2024-03-25 01:45:00+00,株式会社クレスト,試験_面接,不合格
20223032,s2a403,前田陸,2024-03-25 01:00:00+00,2024-03-25 01:45:00+00,株式会社クラフト,試験_面接,継続（合格）
20232046,j1a105,中島花子,2024-03-25 04:00:00+00,2024-03-25 05:30:00+00,株式会社グロース,試験_適正,結果待ち
20232013,j1a118,田中優樹,2024-03-25 04:00:00+00,2024-03-25 04:45:00+00,株式会社エンジン,試験_面接,不合格
20232048,j2a107,山口海斗,2024-03-25 04:00:00+00,2024-03-25 04:45:00+00,株式会社ライト,試験_面接,不合格
20232002,j2a115,田中海斗,2024-03-25 04:00:00+00,2024-03-25 05:00:00+00,株式会社ガンマ,インターン,他
20232024,j2a118,藤田美咲,2024-03-25 04:00:00+00,2024-03-25 04:45:00+00,株式会社オービット,試験_面接,不合格
20214046,r3a118,田中優樹,2024-03-25 04:00:00+00,2024-03-25 04:45:00+00,株式会社イプシロン,試験_面接,不合格
20214077,r3a120,山本健太,2024-03-25 04:00:00+00,2024-03-25 05:30:00+00,株式会社ストリーム,試験_適正,結果待ち
20214067,r3a126,斎藤大輔,2024-03-25 04:00:00+00,2024-03-25 04:45:00+00,株式会社ブルーム,試験_面接,継続（合格）
20214034,r3a132,田中翔太,2024-03-25 04:00:00+00,2024-03-25 04:45:00+00,株式会社デルタ,試験_面接,不合格
20214014,r3a228,山下翔太,2024-03-25 04:00:00+00,2024-03-25 05:00:00+00,株式会社シグマ,説明会_単,他
20223060,s2a201,渡辺翔太,2024-03-25 04:00:00+00,2024-03-25 04:45:00+00,株式会社イノベーション,試験_面接,結果待ち
20223026,s2a311,中村大輔,2024-03-25 04:00:00+00,2024-03-25 05:30:00+00,株式会社アセント,試験_適正,継続（合格）
20232015,j1a101,加藤花子,2024-03-25 06:00:00+00,2024-03-25 06:45:00+00,株式会社アトラス,試験_面接,結果待ち
20232014,j1a115,山田拓也,2024-03-25 06:00:00+00,2024-03-25 06:45:00+00,株式会社エコー,試験_面接,不合格
20214009,r3a101,山口葵,2024-03-25 06:00:00+00,2024-03-25 07:00:00+00,株式会社リーフ,セミナー,他
20214087,r3a104,高橋陸,2024-03-25 06:00:00+00,2024-03-25 07:30:00+00,株式会社ベータ,試験_適正,不合格
20214008,r3a213,山崎葵,2024-03-25 06:00:00+00,2024-03-25 07:30:00+00,株式会社イプシロン,試験_適正,継続（合格）
20214028,r3a237,吉田優奈,2024-03-25 06:00:00+00,2024-03-25 06:45:00+00,株式会社アーク,試験_面接,結果待ち
20223060,s2a201,渡辺翔太,2024-03-25 06:00:00+00,2024-03-25 07:00:00+00,株式会社サンライズ,説明会_合,他
20223040,s2a205,橋本健太,2024-03-25 06:00:00+00,2024-03-25 06:45:00+00,株式会社イプシロン,試験_面接,結果待ち
20223033,s2a212,山口悠斗,2024-03-25 06:00:00+00,2024-03-25 07:00:00+00,株式会社アビリティ,説明会_合,他
20223058,s2a305,藤田海斗,2024-03-25 06:00:00+00,2024-03-25 06:45:00+00,株式会社シグマ,試験_面接,結果待ち
20223008,s2a405,前田杏奈,2024-03-25 06:00:00+00,2024-03-25 07:30:00+00,株式会社フォーカス,試験_適正,結果待ち
20232016,j1a111,高橋結衣,2024-03-26 01:00:00+00,2024-03-26 01:45:00+00,株式会社レイヤー,試験_面接,結果待ち
20232013,j1a118,田中優樹,2024-03-26 01:00:00+00,2024-03-26 01:45:00+00,株式会社エンジン,試験_面接,継続（合格）
20232013,j1a118,田中優樹,2024-03-26 01:00:00+00,2024-03-26 02:00:00+00,株式会社エンジン,インターン,他
20232028,j2a106,山口優奈,2024-03-26 01:00:00+00,2024-03-26 01:45:00+00,株式会社シグマ,試験_面接,結果待ち
20232026,j2a109,山本美咲,2024-03-26 01:00:00+00,2024-03-26 01:45:00+00,株式会社クラフト,試験_面接,結果待ち
20214003,r3a105,木村凛,2024-03-26 01:00:00+00,2024-03-26 01:45:00+00,株式会社リーフ,試験_面接,不合格
20214059,r3a106,山下陽菜,2024-03-26 01:00:00+00,2024-03-26 01:45:00+00,株式会社アセント,試験_面接,継続（合格）
20214056,r3a141,渡辺陸,2024-03-26 01:00:00+00,2024-03-26 02:00:00+00,株式会社アルファ,セミナー,他
20214045,r3a205,池田優奈,2024-03-26 01:00:00+00,2024-03-26 01:45:00+00,株式会社オメガ,試験_面接,結果待ち
20214005,r3a230,鈴木凛,2024-03-26 01:00:00+00,2024-03-26 02:00:00+00,株式会社ステラ,説明会_単,他
20223011,s2a107,小林結衣,2024-03-26 01:00:00+00,2024-03-26 02:30:00+00,株式会社フロンティア,試験_適正,辞退
20223053,s2a206,吉田健太,2024-03-26 01:00:00+00,2024-03-26 02:30:00+00,株式会社ハーモニー,試験_適正,継続（合格）
20232004,j1a113,山田結衣,2024-03-26 04:00:00+00,2024-03-26 04:45:00+00,株式会社グリーン,試験_面接,継続（合格）
20232044,j1a114,池田陽菜,2024-03-26 04:00:00+00,2024-03-26 04:45:00+00,株式会社ビジョン,試験_面接,結果待ち
20232013,j1a118,田中優樹,2024-03-26 04:00:00+00,2024-03-26 05:00:00+00,株式会社ベータ,インターン,他
20214088,r3a103,小林太郎,2024-03-26 04:00:00+00,2024-03-26 05:00:00+00,株式会社ブルーム,説明会_合,他
20214067,r3a126,斎藤大輔,2024-03-26 04:00:00+00,2024-03-26 05:30:00+00,株式会社クレスト,試験_適正,不合格
20214010,r3a133,森遥,2024-03-26 04:00:00+00,2024-03-26 05:30:00+00,株式会社クロス,試験_適正,継続（合格）
20214075,r3a135,前田優樹,2024-03-26 04:00:00+00,2024-03-26 04:45:00+00,株式会社ブリッジ,試験_面接,辞退
20214023,r3a137,中島葵,2024-03-26 04:00:00+00,2024-03-26 04:45:00+00,株式会社ミライ,試験_面接,継続（合格）
20214023,r3a137,中島葵,2024-03-26 04:00:00+00,2024-03-26 05:00:00+00,株式会社ミライ,セミナー,他
20214072,r3a225,高橋陽菜,2024-03-26 04:00:00+00,2024-03-26 04:30:00+00,株式会社グロース,試験_他,内定
20223005,s2a202,中島優奈,2024-03-26 04:00:00+00,2024-03-26 04:45:00+00,株式会社ノヴァ,試験_面接,継続（合格）
20223009,s2a209,山本優樹,2024-03-26 04:00:00+00,2024-03-26 04:45:00+00,株式会社コア,試験_面接,継続（合格）
20223004,s2a304,林優樹,2024-03-26 04:00:00+00,2024-03-26 05:30:00+00,株式会社ブルーム,試験_適正,継続（合格）
20223020,s2a308,山本遥,2024-03-26 04:00:00+00,2024-03-26 05:00:00+00,株式会社リーフ,説明会_単,他
20232015,j1a101,加藤花子,2024-03-26 06:00:00+00,2024-03-26 06:45:00+00,株式会社オービット,試験_面接,不合格
20232015,j1a101,加藤花子,2024-03-26 06:00:00+00,2024-03-26 06:45:00+00,株式会社クレスト,試験_面接,不合格
20232046,j1a105,中島花子,2024-03-26 06:00:00+00,2024-03-26 07:00:00+00,株式会社パルス,インターン,他
20232016,j1a111,高橋結衣,2024-03-26 06:00:00+00,2024-03-26 07:30:00+00,株式会社フォース,試験_適正,継続（合格）
20232037,j2a104,小林健太,2024-03-26 06:00:00+00,2024-03-26 06:45:00+00,株式会社ルミナス,試験_面接,継続（合格）
20232019,j2a105,清水優樹,2024-03-26 06:00:00+00,2024-03-26 06:45:00+00,株式会社テックワークス,試験_面接,結果待ち
20214059,r3a106,山下陽菜,2024-03-26 06:00:00+00,2024-03-26 06:30:00+00,株式会社アセント,試験_他,内定
20214065,r3a108,斎藤葵,2024-03-26 06:00:00+00,2024-03-26 07:00:00+00,株式会社コア,セミナー,他
20214040,r3a113,森優樹,2024-03-26 06:00:00+00,2024-03-26 07:00:00+00,株式会社ブリッジ,インターン,他
20214010,r3a133,森遥,2024-03-26 06:00:00+00,2024-03-26 06:45:00+00,株式会社グロース,試験_面接,不合格
20214078,r3a140,山本悠斗,2024-03-26 06:00:00+00,2024-03-26 07:00:00+00,株式会社アルファ,インターン,他
20214057,r3a238,加藤杏奈,2024-03-26 06:00:00+00,2024-03-26 07:00:00+00,株式会社リーフ,説明会_単,他
20223046,s2a102,山崎杏奈,2024-03-26 06:00:00+00,2024-03-26 06:45:00+00,株式会社アルファ,試験_面接,継続（合格）
20223041,s2a106,藤田海斗,2024-03-26 06:00:00+00,2024-03-26 07:00:00+00,株式会社ネクスト,インターン,他
20223054,s2a109,木村凛,2024-03-26 06:00:00+00,2024-03-26 06:45:00+00,株式会社アルファ,試験_面接,結果待ち
20223022,s2a112,山口葵,2024-03-26 06:00:00+00,2024-03-26 07:00:00+00,株式会社ホライズン,セミナー,他
20223022,s2a112,山口葵,2024-03-26 06:00:00+00,2024-03-26 07:00:00+00,株式会社クレスト,説明会_合,他
20223001,s2a113,中島結衣,2024-03-26 06:00:00+00,2024-03-26 07:00:00+00,株式会社アトラス,インターン,他
20223060,s2a201,渡辺翔太,2024-03-26 06:00:00+00,2024-03-26 06:45:00+00,株式会社フォース,試験_面接,結果待ち
20223050,s2a203,佐々木結衣,2024-03-26 06:00:00+00,2024-03-26 07:30:00+00,株式会社ユニオン,試験_適正,継続（合格）
20223035,s2a310,斎藤悠斗,2024-03-26 06:00:00+00,2024-03-26 07:30:00+00,株式会社アトラス,試験_適正,継続（合格）
20232050,j1a102,池田葵,2024-03-27 01:00:00+00,2024-03-27 01:45:00+00,株式会社イプシロン,試験_面接,結果待ち
20232040,j1a104,松本優奈,2024-03-27 01:00:00+00,2024-03-27 01:45:00+00,株式会社シード,試験_面接,継続（合格）
20232037,j2a104,小林健太,2024-03-27 01:00:00+00,2024-03-27 01:45:00+00,株式会社オーシャン,試験_面接,結果待ち
20232031,j2a116,佐藤大輔,2024-03-27 01:00:00+00,2024-03-27 01:45:00+00,株式会社クレスト,試験_面接,不合格
20214009,r3a101,山口葵,2024-03-27 01:00:00+00,2024-03-27 02:00:00+00,株式会社スカイ,インターン,他
20214051,r3a117,山口陸,2024-03-27 01:00:00+00,2024-03-27 01:45:00+00,株式会社ノヴァ,試験_面接,結果待ち
20214078,r3a140,山本悠斗,2024-03-27 01:00:00+00,2024-03-27 01:45:00+00,株式会社ベータ,試験_面接,結果待ち
20214008,r3a213,山崎葵,2024-03-27 01:00:00+00,2024-03-27 01:45:00+00,株式会社グリーン,試験_面接,辞退
20214072,r3a225,高橋陽菜,2024-03-27 01:00:00+00,2024-03-27 02:00:00+00,株式会社ステラ,説明会_合,他
20214048,r3a226,加藤直樹,2024-03-27 01:00:00+00,2024-03-27 02:30:00+00,株式会社アルファ,試験_適正,継続（合格）
20232040,j1a104,松本優奈,2024-03-27 01:00:00+00,2024-03-27 02:00:00+00,株式会社スカイ,説明会_単,他
20223048,s2a104,田中翔太,2024-03-27 01:00:00+00,2024-03-27 01:45:00+00,株式会社マーブル,試験_面接,継続（合格）
20223056,s2a303,小林直樹,2024-03-27 01:00:00+00,2024-03-27 02:30:00+00,株式会社フォース,試験_適正,結果待ち
20223058,s2a305,藤田海斗,2024-03-27 01:00:00+00,2024-03-27 02:30:00+00,株式会社ルミナス,試験_適正,継続（合格）
20223032,s2a403,前田陸,2024-03-27 01:00:00+00,2024-03-27 01:45:00+00,株式会社フォース,試験_面接,結果待ち
20232003,j1a116,山本遥,2024-03-27 04:00:00+00,2024-03-27 04:45:00+00,株式会社オービット,試験_面接,不合格
20232034,j1a120,木村優奈,2024-03-27 04:00:00+00,2024-03-27 05:30:00+00,株式会社イプシロン,試験_適正,結果待ち
20214084,r3a123,斎藤美咲,2024-03-27 04:00:00+00,2024-03-27 05:00:00+00,株式会社グロース,説明会_合,他
20214008,r3a213,山崎葵,2024-03-27 04:00:00+00,2024-03-27 05:00:00+00,株式会社イプシロン,セミナー,他
20214050,r3a217,佐々木遥,2024-03-27 04:00:00+00,2024-03-27 05:00:00+00,株式会社ユニオン,インターン,他
20223041,s2a106,藤田海斗,2024-03-27 04:00:00+00,2024-03-27 05:00:00+00,株式会社ネクスト,インターン,他
20223040,s2a205,橋本健太,2024-03-27 04:00:00+00,2024-03-27 05:30:00+00,株式会社イプシロン,試験_適正,継続（合格）
20223024,s2a208,佐藤翔太,2024-03-27 04:00:00+00,2024-03-27 04:45:00+00,株式会社アトラス,試験_面接,結果待ち
20223019,s2a306,吉田優樹,2024-03-27 04:00:00+00,2024-03-27 04:45:00+00,株式会社ビジョン,試験_面接,結果待ち
20232006,j2a101,森遥,2024-03-27 06:00:00+00,2024-03-27 06:45:00+00,株式会社グロース,試験_面接,継続（合格）
20232048,j2a107,山口海斗,2024-03-27 06:00:00+00,2024-03-27 07:30:00+00,株式会社ビジョン,試験_適正,継続（合格）
20214087,r3a104,高橋陸,2024-03-27 06:00:00+00,2024-03-27 07:30:00+00,株式会社デルタ,試験_適正,不合格
20214059,r3a106,山下陽菜,2024-03-27 06:00:00+00,2024-03-27 07:00:00+00,株式会社アセント,説明会_合,他
20214040,r3a113,森優樹,2024-03-27 06:00:00+00,2024-03-27 06:45:00+00,株式会社ブリッジ,試験_面接,不合格
20214051,r3a117,山口陸,2024-03-27 06:00:00+00,2024-03-27 07:00:00+00,株式会社イプシロン,インターン,他
20214077,r3a120,山本健太,2024-03-27 06:00:00+00,2024-03-27 06:45:00+00,株式会社フォーカス,試験_面接,不合格
20214020,r3a125,高橋凛,2024-03-27 06:00:00+00,2024-03-27 06:45:00+00,株式会社ベータ,試験_面接,結果待ち
20214020,r3a125,高橋凛,2024-03-27 06:00:00+00,2024-03-27 07:30:00+00,株式会社ベータ,試験_適正,継続（合格）
20214010,r3a133,森遥,2024-03-27 06:00:00+00,2024-03-27 07:00:00+00,株式会社フォーカス,説明会_合,他
20214086,r3a138,井上結衣,2024-03-27 06:00:00+00,2024-03-27 07:00:00+00,株式会社シグマ,説明会_単,他
20214047,r3a210,加藤翔太,2024-03-27 06:00:00+00,2024-03-27 06:45:00+00,株式会社ルミナス,試験_面接,継続（合格）
20214066,r3a214,池田優樹,2024-03-27 06:00:00+00,2024-03-27 07:00:00+00,株式会社シグマ,内定後活動,内定
20214043,r3a223,清水杏奈,2024-03-27 06:00:00+00,2024-03-27 06:45:00+00,株式会社プライム,試験_面接,継続（合格）
20214004,r3a224,阿部杏奈,2024-03-27 06:00:00+00,2024-03-27 06:45:00+00,株式会社アセント,試験_面接,結果待ち
20223025,s2a108,高橋海斗,2024-03-27 06:00:00+00,2024-03-27 07:30:00+00,株式会社イプシロン,試験_適正,継続（合格）
20223054,s2a109,木村凛,2024-03-27 06:00:00+00,2024-03-27 07:00:00+00,株式会社アルファ,説明会_合,他
20223042,s2a207,阿部優樹,2024-03-27 06:00:00+00,2024-03-27 06:45:00+00,株式会社フロンティア,試験_面接,結果待ち
20223009,s2a209,山本優樹,2024-03-27 06:00:00+00,2024-03-27 06:45:00+00,株式会社ミライ,試験_面接,辞退
20223044,s2a301,佐々木美咲,2024-03-27 06:00:00+00,2024-03-27 07:30:00+00,株式会社フォーカス,試験_適正,結果待ち
20223032,s2a403,前田陸,2024-03-27 06:00:00+00,2024-03-27 06:45:00+00,株式会社フォース,試験_面接,継続（合格）
20223016,s2a411,前田優樹,2024-03-27 06:00:00+00,2024-03-27 07:30:00+00,株式会社アセント,試験_適正,不合格
20232039,j1a103,林優樹,2024-03-28 01:00:00+00,2024-03-28 02:30:00+00,株式会社オービット,試験_適正,結果待ち
20232016,j1a111,高橋結衣,2024-03-28 01:00:00+00,2024-03-28 02:30:00+00,株式会社スカイ,試験_適正,不合格
20232048,j2a107,山口海斗,2024-03-28 01:00:00+00,2024-03-28 02:30:00+00,株式会社クレスト,試験_適正,辞退
20232043,j2a112,渡辺太郎,2024-03-28 01:00:00+00,2024-03-28 02:30:00+00,株式会社ライト,試験_適正,不合格
20214059,r3a106,山下陽菜,2024-03-28 01:00:00+00,2024-03-28 01:45:00+00,株式会社アセント,試験_面接,継続（合格）
20214082,r3a203,前田凛,2024-03-28 01:00:00+00,2024-03-28 01:45:00+00,株式会社ガンマ,試験_面接,不合格
20214008,r3a213,山崎葵,2024-03-28 01:00:00+00,2024-03-28 01:45:00+00,株式会社エコー,試験_面接,結果待ち
20214028,r3a237,吉田優奈,2024-03-28 01:00:00+00,2024-03-28 02:30:00+00,株式会社エンジン,試験_適正,結果待ち
20214057,r3a238,加藤杏奈,2024-03-28 01:00:00+00,2024-03-28 01:45:00+00,株式会社ブリッジ,試験_面接,不合格
20214085,r3a240,鈴木悠斗,2024-03-28 01:00:00+00,2024-03-28 02:30:00+00,株式会社リンク,試験_適正,不合格
20214015,r3a241,中島凛,2024-03-28 01:00:00+00,2024-03-28 02:30:00+00,株式会社ハーモニー,試験_適正,不合格
20223028,s2a105,佐々木太郎,2024-03-28 01:00:00+00,2024-03-28 02:30:00+00,株式会社ミライ,試験_適正,不合格
20223053,s2a206,吉田健太,2024-03-28 01:00:00+00,2024-03-28 02:00:00+00,株式会社アルファ,セミナー,他
20223024,s2a208,佐藤翔太,2024-03-28 01:00:00+00,2024-03-28 02:00:00+00,株式会社ユニオン,セミナー,他
20223047,s2a213,伊藤彩香,2024-03-28 01:00:00+00,2024-03-28 01:45:00+00,株式会社ベータ,試験_面接,継続（合格）
20223055,s2a307,清水遥,2024-03-28 01:00:00+00,2024-03-28 02:00:00+00,株式会社オメガ,説明会_合,他
20223027,s2a402,斎藤花子,2024-03-28 01:00:00+00,2024-03-28 01:45:00+00,株式会社エンジン,試験_面接,結果待ち
20232036,j2a110,林拓也,2024-03-28 04:00:00+00,2024-03-28 05:30:00+00,株式会社オメガ,試験_適正,不合格
20232038,j2a113,前田直樹,2024-03-28 04:00:00+00,2024-03-28 04:45:00+00,株式会社ハーモニー,試験_面接,結果待ち
20214037,r3a136,斎藤凛,2024-03-28 04:00:00+00,2024-03-28 04:30:00+00,株式会社エコー,試験_他,内定
20214078,r3a140,山本悠斗,2024-03-28 04:00:00+00,2024-03-28 04:45:00+00,株式会社フォース,試験_面接,結果待ち
20214078,r3a140,山本悠斗,2024-03-28 04:00:00+00,2024-03-28 05:30:00+00,株式会社フォーカス,試験_適正,継続（合格）
20214053,r3a201,池田翔太,2024-03-28 04:00:00+00,2024-03-28 05:30:00+00,株式会社ベータ,試験_適正,継続（合格）
20214027,r3a219,山田杏奈,2024-03-28 04:00:00+00,2024-03-28 04:45:00+00,株式会社アビリティ,試験_面接,結果待ち
20214048,r3a226,加藤直樹,2024-03-28 04:00:00+00,2024-03-28 05:00:00+00,株式会社シグマ,内定後活動,内定
20214048,r3a226,加藤直樹,2024-03-28 04:00:00+00,2024-03-28 04:45:00+00,株式会社コア,試験_面接,結果待ち
20223016,s2a411,前田優樹,2024-03-28 04:00:00+00,2024-03-28 05:00:00+00,株式会社クラフト,説明会_単,他
20232040,j1a104,松本優奈,2024-03-28 06:00:00+00,2024-03-28 06:45:00+00,株式会社スカイ,試験_面接,結果待ち
20232030,j2a117,鈴木直樹,2024-03-28 06:00:00+00,2024-03-28 06:45:00+00,株式会社エコー,試験_面接,不合格
20232024,j2a118,藤田美咲,2024-03-28 06:00:00+00,2024-03-28 06:45:00+00,株式会社マーブル,試験_面接,結果待ち
20232021,j2a119,中村直樹,2024-03-28 06:00:00+00,2024-03-28 06:45:00+00,株式会社オメガ,試験_面接,結果待ち
20214051,r3a117,山口陸,2024-03-28 06:00:00+00,2024-03-28 07:00:00+00,株式会社マーブル,インターン,他
20214031,r3a119,伊藤海斗,2024-03-28 06:00:00+00,2024-03-28 06:45:00+00,株式会社ホライズン,試験_面接,不合格
20214067,r3a126,斎藤大輔,2024-03-28 06:00:00+00,2024-03-28 07:00:00+00,株式会社ブルーム,セミナー,他
20214010,r3a133,森遥,2024-03-28 06:00:00+00,2024-03-28 06:45:00+00,株式会社レイヤー,試験_面接,結果待ち
20214037,r3a136,斎藤凛,2024-03-28 06:00:00+00,2024-03-28 06:45:00+00,株式会社エコー,試験_面接,継続（合格）
20214078,r3a140,山本悠斗,2024-03-28 06:00:00+00,2024-03-28 07:00:00+00,株式会社デルタ,説明会_合,他
20223008,s2a405,前田杏奈,2024-03-28 06:00:00+00,2024-03-28 06:45:00+00,株式会社レイヤー,試験_面接,不合格
20232046,j1a105,中島花子,2024-03-29 01:00:00+00,2024-03-29 02:30:00+00,株式会社パルス,試験_適正,不合格
20232049,j2a102,鈴木凛,2024-03-29 01:00:00+00,2024-03-29 01:45:00+00,株式会社プライム,試験_面接,結果待ち
20232031,j2a116,佐藤大輔,2024-03-29 01:00:00+00,2024-03-29 02:00:00+00,株式会社クレスト,セミナー,他
20214006,r3a116,木村杏奈,2024-03-29 01:00:00+00,2024-03-29 01:45:00+00,株式会社クレスト,試験_面接,継続（合格）
20214067,r3a126,斎藤大輔,2024-03-29 01:00:00+00,2024-03-29 01:45:00+00,株式会社グロース,試験_面接,結果待ち
20214023,r3a137,中島葵,2024-03-29 01:00:00+00,2024-03-29 02:00:00+00,株式会社プライム,説明会_単,他
20214042,r3a227,林陽菜,2024-03-29 01:00:00+00,2024-03-29 02:00:00+00,株式会社ノヴァ,説明会_合,他
20214018,r3a229,吉田太郎,2024-03-29 01:00:00+00,2024-03-29 01:45:00+00,株式会社ブリッジ,試験_面接,結果待ち
20214057,r3a238,加藤杏奈,2024-03-29 01:00:00+00,2024-03-29 02:00:00+00,株式会社リーフ,説明会_合,他
20223029,s2a101,山口花子,2024-03-29 01:00:00+00,2024-03-29 01:45:00+00,株式会社モデスト,試験_面接,結果待ち
20223053,s2a206,吉田健太,2024-03-29 01:00:00+00,2024-03-29 01:45:00+00,株式会社エコー,試験_面接,結果待ち
20223032,s2a403,前田陸,2024-03-29 01:00:00+00,2024-03-29 01:45:00+00,株式会社モデスト,試験_面接,辞退
20223034,s2a404,石川結衣,2024-03-29 01:00:00+00,2024-03-29 02:30:00+00,株式会社アーク,試験_適正,不合格
20232015,j1a101,加藤花子,2024-03-29 04:00:00+00,2024-03-29 05:30:00+00,株式会社シグマ,試験_適正,不合格
20232003,j1a116,山本遥,2024-03-29 04:00:00+00,2024-03-29 04:45:00+00,株式会社フォース,試験_面接,結果待ち
20232034,j1a120,木村優奈,2024-03-29 04:00:00+00,2024-03-29 05:00:00+00,株式会社イプシロン,説明会_単,他
20232049,j2a102,鈴木凛,2024-03-29 04:00:00+00,2024-03-29 04:45:00+00,株式会社コア,試験_面接,不合格
20232048,j2a107,山口海斗,2024-03-29 04:00:00+00,2024-03-29 04:45:00+00,株式会社ビジョン,試験_面接,結果待ち
20214087,r3a104,高橋陸,2024-03-29 04:00:00+00,2024-03-29 05:00:00+00,株式会社ホライズン,説明会_単,他
20214014,r3a228,山下翔太,2024-03-29 04:00:00+00,2024-03-29 05:00:00+00,株式会社シグマ,セミナー,他
20223032,s2a403,前田陸,2024-03-29 04:00:00+00,2024-03-29 05:00:00+00,株式会社クラフト,説明会_単,他
20223023,s2a412,林杏奈,2024-03-29 04:00:00+00,2024-03-29 04:45:00+00,株式会社レイヤー,試験_面接,継続（合格）
20232012,j1a106,林結衣,2024-03-29 06:00:00+00,2024-03-29 06:45:00+00,株式会社ベータ,試験_面接,結果待ち
20214051,r3a117,山口陸,2024-03-29 06:00:00+00,2024-03-29 06:45:00+00,株式会社ノヴァ,試験_面接,継続（合格）
20214061,r3a202,藤田直樹,2024-03-29 06:00:00+00,2024-03-29 07:00:00+00,株式会社レイヤー,インターン,他
20214052,r3a221,鈴木凛,2024-03-29 06:00:00+00,2024-03-29 07:30:00+00,株式会社エンジン,試験_適正,結果待ち
20214028,r3a237,吉田優奈,2024-03-29 06:00:00+00,2024-03-29 06:45:00+00,株式会社ルミナス,試験_面接,結果待ち
20223005,s2a202,中島優奈,2024-03-29 06:00:00+00,2024-03-29 06:45:00+00,株式会社ノヴァ,試験_面接,継続（合格）
20223053,s2a206,吉田健太,2024-03-29 06:00:00+00,2024-03-29 06:45:00+00,株式会社ミライ,試験_面接,結果待ち
20223053,s2a206,吉田健太,2024-03-29 06:00:00+00,2024-03-29 06:45:00+00,株式会社ハーモニー,試験_面接,不合格
20223058,s2a305,藤田海斗,2024-03-29 06:00:00+00,2024-03-29 06:45:00+00,株式会社ライト,試験_面接,不合格
20232003,j1a116,山本遥,2024-03-30 01:00:00+00,2024-03-30 01:45:00+00,株式会社パルス,試験_面接,不合格
20232013,j1a118,田中優樹,2024-03-30 01:00:00+00,2024-03-30 02:30:00+00,株式会社ベータ,試験_適正,結果待ち
20232034,j1a120,木村優奈,2024-03-30 01:00:00+00,2024-03-30 02:00:00+00,株式会社ユニオン,インターン,他
20232038,j2a113,前田直樹,2024-03-30 01:00:00+00,2024-03-30 01:45:00+00,株式会社クロス,試験_面接,結果待ち
20214081,r3a102,吉田遥,2024-03-30 01:00:00+00,2024-03-30 01:45:00+00,株式会社マーブル,試験_面接,不合格
20214089,r3a122,佐々木直樹,2024-03-30 01:00:00+00,2024-03-30 02:00:00+00,株式会社エンジン,説明会_単,他
20214056,r3a141,渡辺陸,2024-03-30 01:00:00+00,2024-03-30 02:30:00+00,株式会社ストリーム,試験_適正,継続（合格）
20214008,r3a213,山崎葵,2024-03-30 01:00:00+00,2024-03-30 01:45:00+00,株式会社イプシロン,試験_面接,継続（合格）
20214085,r3a240,鈴木悠斗,2024-03-30 01:00:00+00,2024-03-30 01:45:00+00,株式会社パルス,試験_面接,結果待ち
20223028,s2a105,佐々木太郎,2024-03-30 01:00:00+00,2024-03-30 02:30:00+00,株式会社リーフ,試験_適正,結果待ち
20232015,j1a101,加藤花子,2024-03-30 04:00:00+00,2024-03-30 04:45:00+00,株式会社サンライズ,試験_面接,不合格
20232010,j1a109,山田直樹,2024-03-30 04:00:00+00,2024-03-30 04:45:00+00,株式会社ガンマ,試験_面接,不合格
20232014,j1a115,山田拓也,2024-03-30 04:00:00+00,2024-03-30 04:45:00+00,株式会社シード,試験_面接,結果待ち
20232002,j2a115,田中海斗,2024-03-30 04:00:00+00,2024-03-30 05:30:00+00,株式会社アセント,試験_適正,継続（合格）
20214087,r3a104,高橋陸,2024-03-30 04:00:00+00,2024-03-30 04:45:00+00,株式会社スカイ,試験_面接,結果待ち
20214067,r3a126,斎藤大輔,2024-03-30 04:00:00+00,2024-03-30 05:30:00+00,株式会社ストリーム,試験_適正,不合格
20214012,r3a127,渡辺結衣,2024-03-30 04:00:00+00,2024-03-30 05:00:00+00,株式会社ステラ,説明会_合,他
20214034,r3a132,田中翔太,2024-03-30 04:00:00+00,2024-03-30 05:30:00+00,株式会社アトラス,試験_適正,継続（合格）
20214061,r3a202,藤田直樹,2024-03-30 04:00:00+00,2024-03-30 05:00:00+00,株式会社アビリティ,インターン,他
20214017,r3a220,山田花子,2024-03-30 04:00:00+00,2024-03-30 05:00:00+00,株式会社オービット,インターン,他
20214028,r3a237,吉田優奈,2024-03-30 04:00:00+00,2024-03-30 05:00:00+00,株式会社ルミナス,インターン,他
20223057,s2a110,松本翔太,2024-03-30 04:00:00+00,2024-03-30 04:45:00+00,株式会社アトラス,試験_面接,結果待ち
20223059,s2a111,山田葵,2024-03-30 04:00:00+00,2024-03-30 04:45:00+00,株式会社ガンマ,試験_面接,結果待ち
20223009,s2a209,山本優樹,2024-03-30 04:00:00+00,2024-03-30 05:00:00+00,株式会社コア,説明会_合,他
20223033,s2a212,山口悠斗,2024-03-30 04:00:00+00,2024-03-30 04:45:00+00,株式会社アビリティ,試験_面接,結果待ち
20223033,s2a212,山口悠斗,2024-03-30 04:00:00+00,2024-03-30 04:45:00+00,株式会社フォース,試験_面接,継続（合格）
20223033,s2a212,山口悠斗,2024-03-30 04:00:00+00,2024-03-30 05:00:00+00,株式会社フォース,インターン,他
20223058,s2a305,藤田海斗,2024-03-30 04:00:00+00,2024-03-30 04:45:00+00,株式会社エコー,試験_面接,継続（合格）
20223012,s2a410,加藤健太,2024-03-30 04:00:00+00,2024-03-30 05:30:00+00,株式会社スカイ,試験_適正,継続（合格）
20232012,j1a106,林結衣,2024-03-30 06:00:00+00,2024-03-30 07:00:00+00,株式会社アルファ,セミナー,他
20232018,j1a110,林杏奈,2024-03-30 06:00:00+00,2024-03-30 06:30:00+00,株式会社ガンマ,試験_他,内定
20232045,j2a111,石川結衣,2024-03-30 06:00:00+00,2024-03-30 06:45:00+00,株式会社ステラ,試験_面接,継続（合格）
20214039,r3a114,高橋拓也,2024-03-30 06:00:00+00,2024-03-30 06:45:00+00,株式会社ブルーム,試験_面接,継続（合格）
20214012,r3a127,渡辺結衣,2024-03-30 06:00:00+00,2024-03-30 07:30:00+00,株式会社フロンティア,試験_適正,結果待ち
20214058,r3a234,森優奈,2024-03-30 06:00:00+00,2024-03-30 06:45:00+00,株式会社ホライズン,試験_面接,不合格
20214028,r3a237,吉田優奈,2024-03-30 06:00:00+00,2024-03-30 06:45:00+00,株式会社プライム,試験_面接,結果待ち
20223040,s2a205,橋本健太,2024-03-30 06:00:00+00,2024-03-30 07:00:00+00,株式会社アルファ,セミナー,他
20223052,s2a211,山下美咲,2024-03-30 06:00:00+00,2024-03-30 06:45:00+00,株式会社テックワークス,試験_面接,結果待ち
20223058,s2a305,藤田海斗,2024-03-30 06:00:00+00,2024-03-30 06:45:00+00,株式会社エコー,試験_面接,結果待ち
20223051,s2a401,山下花子,2024-03-30 06:00:00+00,2024-03-30 07:00:00+00,株式会社オメガ,セミナー,他
20232037,j2a104,小林健太,2024-03-31 01:00:00+00,2024-03-31 02:30:00+00,株式会社ノヴァ,試験_適正,継続（合格）
20214060,r3a110,小林翔太,2024-03-31 01:00:00+00,2024-03-31 01:45:00+00,株式会社エコー,試験_面接,継続（合格）
20214063,r3a134,田中太郎,2024-03-31 01:00:00+00,2024-03-31 01:45:00+00,株式会社オーシャン,試験_面接,結果待ち
20214037,r3a136,斎藤凛,2024-03-31 01:00:00+00,2024-03-31 02:30:00+00,株式会社エコー,試験_適正,継続（合格）
20214004,r3a224,阿部杏奈,2024-03-31 01:00:00+00,2024-03-31 01:45:00+00,株式会社スカイ,試験_面接,結果待ち
20214042,r3a227,林陽菜,2024-03-31 01:00:00+00,2024-03-31 02:30:00+00,株式会社アトラス,試験_適正,結果待ち
20223024,s2a208,佐藤翔太,2024-03-31 01:00:00+00,2024-03-31 01:45:00+00,株式会社ユニオン,試験_面接,結果待ち
20223049,s2a210,山田優奈,2024-03-31 01:00:00+00,2024-03-31 01:45:00+00,株式会社サンライズ,試験_面接,継続（合格）
20223033,s2a212,山口悠斗,2024-03-31 01:00:00+00,2024-03-31 01:45:00+00,株式会社フォース,試験_面接,結果待ち
20223058,s2a305,藤田海斗,2024-03-31 01:00:00+00,2024-03-31 01:45:00+00,株式会社ベータ,試験_面接,不合格
20223051,s2a401,山下花子,2024-03-31 01:00:00+00,2024-03-31 02:30:00+00,株式会社オメガ,試験_適正,不合格
20223016,s2a411,前田優樹,2024-03-31 01:00:00+00,2024-03-31 01:45:00+00,株式会社クラフト,試験_面接,結果待ち
20232039,j1a103,林優樹,2024-03-31 04:00:00+00,2024-03-31 05:00:00+00,株式会社ビジョン,説明会_合,他
20232012,j1a106,林結衣,2024-03-31 04:00:00+00,2024-03-31 04:45:00+00,株式会社ベータ,試験_面接,継続（合格）
20214087,r3a104,高橋陸,2024-03-31 04:00:00+00,2024-03-31 05:30:00+00,株式会社エコー,試験_適正,不合格
20214071,r3a128,斎藤優樹,2024-03-31 04:00:00+00,2024-03-31 05:00:00+00,株式会社レイヤー,説明会_合,他
20214010,r3a133,森遥,2024-03-31 04:00:00+00,2024-03-31 04:45:00+00,株式会社クロス,試験_面接,結果待ち
20214010,r3a133,森遥,2024-03-31 04:00:00+00,2024-03-31 05:00:00+00,株式会社クロス,説明会_合,他
20214070,r3a211,木村結衣,2024-03-31 04:00:00+00,2024-03-31 05:00:00+00,株式会社ステラ,説明会_単,他
20214002,r3a231,中島海斗,2024-03-31 04:00:00+00,2024-03-31 04:45:00+00,株式会社フォーカス,試験_面接,継続（合格）
20223041,s2a106,藤田海斗,2024-03-31 04:00:00+00,2024-03-31 04:45:00+00,株式会社ミライ,試験_面接,辞退
20223022,s2a112,山口葵,2024-03-31 04:00:00+00,2024-03-31 04:45:00+00,株式会社アルファ,試験_面接,結果待ち
20223032,s2a403,前田陸,2024-03-31 04:00:00+00,2024-03-31 04:45:00+00,株式会社クラフト,試験_面接,継続（合格）
20223031,s2a409,佐藤凛,2024-03-31 04:00:00+00,2024-03-31 04:30:00+00,株式会社ストリーム,試験_他,内定
20223023,s2a412,林杏奈,2024-03-31 04:00:00+00,2024-03-31 04:45:00+00,株式会社レイヤー,試験_面接,不合格
20232046,j1a105,中島花子,2024-03-31 06:00:00+00,2024-03-31 06:45:00+00,株式会社アーク,試験_面接,不合格
20232012,j1a106,林結衣,2024-03-31 06:00:00+00,2024-03-31 07:00:00+00,株式会社アルファ,インターン,他
20214009,r3a101,山口葵,2024-03-31 06:00:00+00,2024-03-31 06:45:00+00,株式会社リーフ,試験_面接,不合格
20214081,r3a102,吉田遥,2024-03-31 06:00:00+00,2024-03-31 06:45:00+00,株式会社シグマ,試験_面接,不合格
20214088,r3a103,小林太郎,2024-03-31 06:00:00+00,2024-03-31 07:00:00+00,株式会社デルタ,セミナー,他
20214034,r3a132,田中翔太,2024-03-31 06:00:00+00,2024-03-31 07:30:00+00,株式会社スカイ,試験_適正,不合格
20214080,r3a207,中島大輔,2024-03-31 06:00:00+00,2024-03-31 07:00:00+00,株式会社クロス,説明会_合,他
20214038,r3a216,池田拓也,2024-03-31 06:00:00+00,2024-03-31 07:00:00+00,株式会社ストリーム,説明会_単,他
20214001,r3a232,斎藤健太,2024-03-31 06:00:00+00,2024-03-31 06:45:00+00,株式会社ユニオン,試験_面接,結果待ち
20214058,r3a234,森優奈,2024-03-31 06:00:00+00,2024-03-31 06:45:00+00,株式会社マーブル,試験_面接,継続（合格）
20223011,s2a107,小林結衣,2024-03-31 06:00:00+00,2024-03-31 06:45:00+00,株式会社レイヤー,試験_面接,結果待ち
20223040,s2a205,橋本健太,2024-03-31 06:00:00+00,2024-03-31 07:00:00+00,株式会社クレスト,説明会_合,他
20223030,s2a407,中村遥,2024-03-31 06:00:00+00,2024-03-31 07:00:00+00,株式会社ハーモニー,セミナー,他
20223023,s2a412,林杏奈,2024-03-31 06:00:00+00,2024-03-31 07:30:00+00,株式会社イノベーション,試験_適正,辞退
20224038,r3a224,中島美咲,2025-01-03 04:00:00+00,2025-01-03 05:00:00+00,株式会社イプシロン,説明会_単,他
20224090,r3a201,吉田凛,2025-01-09 01:00:00+00,2025-01-09 01:45:00+00,株式会社ノヴァ,試験_面接,継続（合格）
20224076,r3a202,木村葵,2025-01-20 06:00:00+00,2025-01-20 06:45:00+00,株式会社リンク,試験_面接,結果待ち
20224052,r3a211,池田花子,2025-01-21 04:00:00+00,2025-01-21 05:00:00+00,株式会社アルファ,インターン,他
20224037,r3a207,鈴木結衣,2025-01-24 04:00:00+00,2025-01-24 05:30:00+00,株式会社エンジン,試験_適正,結果待ち
20224069,r3a240,中村優奈,2025-01-25 06:00:00+00,2025-01-25 07:00:00+00,株式会社オーシャン,インターン,他
20224015,r3a235,鈴木優樹,2025-01-26 01:00:00+00,2025-01-26 02:00:00+00,株式会社ルミナス,説明会_単,他
20224052,r3a211,池田花子,2025-01-26 04:00:00+00,2025-01-26 05:30:00+00,株式会社アルファ,試験_適正,結果待ち
20224016,r3a103,石川陸,2025-01-27 04:00:00+00,2025-01-27 04:45:00+00,株式会社クラフト,試験_面接,不合格
20224058,r3a113,山下美咲,2025-01-27 04:00:00+00,2025-01-27 05:00:00+00,株式会社エンジン,セミナー,他
20224049,r3a117,山田遥,2025-01-27 06:00:00+00,2025-01-27 07:00:00+00,株式会社ホライズン,インターン,他
20224017,r3a217,山崎凛,2025-01-28 01:00:00+00,2025-01-28 02:00:00+00,株式会社クラフト,説明会_単,他
20224006,r3a132,加藤結衣,2025-01-28 06:00:00+00,2025-01-28 07:00:00+00,株式会社モデスト,インターン,他
20224058,r3a113,山下美咲,2025-01-29 04:00:00+00,2025-01-29 04:45:00+00,株式会社オービット,試験_面接,結果待ち
20224001,r3a111,阿部杏奈,2025-01-29 06:00:00+00,2025-01-29 06:45:00+00,株式会社コア,試験_面接,継続（合格）
20224007,r3a233,山崎遥,2025-01-30 01:00:00+00,2025-01-30 01:45:00+00,株式会社ストリーム,試験_面接,不合格
20224035,r3a127,木村翔太,2025-01-30 06:00:00+00,2025-01-30 07:00:00+00,株式会社アーク,説明会_合,他
20224070,r3a219,加藤結衣,2025-01-31 04:00:00+00,2025-01-31 05:00:00+00,株式会社ミライ,説明会_単,他
20224072,r3a204,小林美咲,2025-01-31 06:00:00+00,2025-01-31 07:00:00+00,株式会社オービット,説明会_単,他
20224017,r3a217,山崎凛,2025-02-02 01:00:00+00,2025-02-02 01:45:00+00,株式会社ストリーム,試験_面接,結果待ち
20224082,r3a221,山口優樹,2025-02-02 04:00:00+00,2025-02-02 05:30:00+00,株式会社ガンマ,試験_適正,結果待ち
20224034,r3a115,池田優奈,2025-02-02 06:00:00+00,2025-02-02 07:00:00+00,株式会社ハーモニー,セミナー,他
20224039,r3a133,鈴木遥,2025-02-02 06:00:00+00,2025-02-02 07:00:00+00,株式会社ブリッジ,説明会_単,他
20224085,r3a228,池田健太,2025-02-03 04:00:00+00,2025-02-03 05:00:00+00,株式会社ステラ,セミナー,他
20224087,r3a122,渡辺悠斗,2025-02-04 01:00:00+00,2025-02-04 02:00:00+00,株式会社ストリーム,説明会_合,他
20224074,r3a123,阿部太郎,2025-02-04 01:00:00+00,2025-02-04 02:30:00+00,株式会社エンジン,試験_適正,結果待ち
20224032,r3a230,中村陸,2025-02-04 06:00:00+00,2025-02-04 07:00:00+00,株式会社テックワークス,説明会_単,他
20224069,r3a240,中村優奈,2025-02-05 04:00:00+00,2025-02-05 04:45:00+00,株式会社オーシャン,試験_面接,結果待ち
20224013,r3a119,井上葵,2025-02-06 01:00:00+00,2025-02-06 02:00:00+00,株式会社イプシロン,セミナー,他
20224067,r3a135,森大輔,2025-02-06 04:00:00+00,2025-02-06 05:30:00+00,株式会社プライム,試験_適正,結果待ち
20224070,r3a219,加藤結衣,2025-02-07 01:00:00+00,2025-02-07 02:00:00+00,株式会社クラフト,セミナー,他
20224085,r3a228,池田健太,2025-02-07 01:00:00+00,2025-02-07 02:00:00+00,株式会社ブリッジ,説明会_合,他
20224067,r3a135,森大輔,2025-02-07 04:00:00+00,2025-02-07 05:00:00+00,株式会社コア,セミナー,他
20224073,r3a110,藤田大輔,2025-02-07 06:00:00+00,2025-02-07 07:30:00+00,株式会社デルタ,試験_適正,継続（合格）
20224072,r3a204,小林美咲,2025-02-07 06:00:00+00,2025-02-07 07:00:00+00,株式会社イプシロン,説明会_合,他
20224074,r3a123,阿部太郎,2025-02-08 01:00:00+00,2025-02-08 02:00:00+00,株式会社エンジン,インターン,他
20224047,r3a213,鈴木健太,2025-02-08 01:00:00+00,2025-02-08 02:30:00+00,株式会社ホライズン,試験_適正,結果待ち
20224050,r3a128,池田美咲,2025-02-08 04:00:00+00,2025-02-08 05:00:00+00,株式会社ガンマ,説明会_合,他
20224066,r3a139,前田海斗,2025-02-08 06:00:00+00,2025-02-08 07:30:00+00,株式会社ミライ,試験_適正,結果待ち
20233003,s2a113,山下海斗,2025-02-08 06:00:00+00,2025-02-08 07:00:00+00,株式会社グリーン,説明会_単,他
20224033,r3a206,林葵,2025-02-09 01:00:00+00,2025-02-09 02:30:00+00,株式会社パルス,試験_適正,継続（合格）
20224088,r3a105,山本大輔,2025-02-09 04:00:00+00,2025-02-09 05:00:00+00,株式会社オービット,セミナー,他
20224015,r3a235,鈴木優樹,2025-02-09 04:00:00+00,2025-02-09 04:45:00+00,株式会社アビリティ,試験_面接,結果待ち
20224063,r3a212,阿部優奈,2025-02-10 01:00:00+00,2025-02-10 01:45:00+00,株式会社グロース,試験_面接,結果待ち
20233010,s2a302,斎藤葵,2025-02-10 04:00:00+00,2025-02-10 05:30:00+00,株式会社ブルーム,試験_適正,継続（合格）
20224020,r3a102,吉田優樹,2025-02-10 06:00:00+00,2025-02-10 07:30:00+00,株式会社オービット,試験_適正,不合格
20224049,r3a117,山田遥,2025-02-10 06:00:00+00,2025-02-10 07:30:00+00,株式会社エッジ,試験_適正,継続（合格）
20224047,r3a213,鈴木健太,2025-02-10 06:00:00+00,2025-02-10 06:45:00+00,株式会社レイヤー,試験_面接,不合格
20224068,r3a125,中島陽菜,2025-02-11 01:00:00+00,2025-02-11 02:30:00+00,株式会社エンジン,試験_適正,結果待ち
20224032,r3a230,中村陸,2025-02-11 01:00:00+00,2025-02-11 02:00:00+00,株式会社ビジョン,説明会_合,他
20224036,r3a108,森彩香,2025-02-11 06:00:00+00,2025-02-11 07:00:00+00,株式会社テックワークス,セミナー,他
20224030,r3a141,清水海斗,2025-02-12 04:00:00+00,2025-02-12 05:00:00+00,株式会社クロス,インターン,他
20224085,r3a228,池田健太,2025-02-12 04:00:00+00,2025-02-12 05:30:00+00,株式会社ステラ,試験_適正,継続（合格）
20224040,r3a225,中島凛,2025-02-12 06:00:00+00,2025-02-12 07:00:00+00,株式会社ノヴァ,インターン,他
20224001,r3a111,阿部杏奈,2025-02-13 01:00:00+00,2025-02-13 02:00:00+00,株式会社プライム,インターン,他
20224034,r3a115,池田優奈,2025-02-13 04:00:00+00,2025-02-13 05:00:00+00,株式会社ハーモニー,セミナー,他
20224069,r3a240,中村優奈,2025-02-13 04:00:00+00,2025-02-13 05:00:00+00,株式会社ブルーム,説明会_合,他
20224050,r3a128,池田美咲,2025-02-13 06:00:00+00,2025-02-13 07:30:00+00,株式会社デルタ,試験_適正,結果待ち
20242019,j2a115,田中海斗,2025-02-14 01:00:00+00,2025-02-14 02:00:00+00,株式会社ハーモニー,説明会_単,他
20224006,r3a132,加藤結衣,2025-02-14 01:00:00+00,2025-02-14 02:00:00+00,株式会社フォーカス,説明会_合,他
20224072,r3a204,小林美咲,2025-02-14 01:00:00+00,2025-02-14 02:30:00+00,株式会社オービット,試験_適正,不合格
20224052,r3a211,池田花子,2025-02-14 01:00:00+00,2025-02-14 01:45:00+00,株式会社レイヤー,試験_面接,辞退
20224063,r3a212,阿部優奈,2025-02-14 01:00:00+00,2025-02-14 02:00:00+00,株式会社モデスト,セミナー,他
20224036,r3a108,森彩香,2025-02-14 04:00:00+00,2025-02-14 04:45:00+00,株式会社ハーモニー,試験_面接,継続（合格）
20224049,r3a117,山田遥,2025-02-14 04:00:00+00,2025-02-14 05:00:00+00,株式会社ホライズン,セミナー,他
20224077,r3a131,森陽菜,2025-02-14 06:00:00+00,2025-02-14 07:00:00+00,株式会社ストリーム,インターン,他
20224070,r3a219,加藤結衣,2025-02-14 06:00:00+00,2025-02-14 06:45:00+00,株式会社ミライ,試験_面接,辞退
20224034,r3a115,池田優奈,2025-02-15 01:00:00+00,2025-02-15 01:45:00+00,株式会社エッジ,試験_面接,結果待ち
20233002,s2a101,伊藤優樹,2025-02-15 01:00:00+00,2025-02-15 02:30:00+00,株式会社ミライ,試験_適正,継続（合格）
20233011,s2a412,吉田葵,2025-02-15 01:00:00+00,2025-02-15 02:00:00+00,株式会社クレスト,セミナー,他
20233016,s2a108,中村拓也,2025-02-15 04:00:00+00,2025-02-15 05:00:00+00,株式会社クロス,説明会_単,他
20233016,s2a108,中村拓也,2025-02-15 04:00:00+00,2025-02-15 05:00:00+00,株式会社クロス,インターン,他
20233050,s2a111,井上優樹,2025-02-15 04:00:00+00,2025-02-15 05:00:00+00,株式会社イノベーション,セミナー,他
20233003,s2a113,山下海斗,2025-02-15 04:00:00+00,2025-02-15 05:00:00+00,株式会社フロンティア,説明会_単,他
20233025,s2a406,山崎結衣,2025-02-15 06:00:00+00,2025-02-15 07:30:00+00,株式会社フロンティア,試験_適正,継続（合格）
20224057,r3a129,田中陽菜,2025-02-16 01:00:00+00,2025-02-16 01:45:00+00,株式会社ユニオン,試験_面接,結果待ち
20224022,r3a223,佐々木優樹,2025-02-16 01:00:00+00,2025-02-16 01:45:00+00,株式会社オーシャン,試験_面接,継続（合格）
20233049,s2a205,田中杏奈,2025-02-16 04:00:00+00,2025-02-16 05:30:00+00,株式会社テックワークス,試験_適正,結果待ち
20224020,r3a102,吉田優樹,2025-02-16 06:00:00+00,2025-02-16 07:00:00+00,株式会社オービット,説明会_合,他
20224046,r3a106,山口結衣,2025-02-16 06:00:00+00,2025-02-16 07:00:00+00,株式会社クレスト,インターン,他
20224075,r3a220,佐々木拓也,2025-02-16 06:00:00+00,2025-02-16 07:00:00+00,株式会社クラフト,説明会_単,他
20242046,j1a122,田中陸,2025-02-17 01:00:00+00,2025-02-17 02:00:00+00,株式会社イノベーション,セミナー,他
20224039,r3a133,鈴木遥,2025-02-17 01:00:00+00,2025-02-17 01:45:00+00,株式会社ビジョン,試験_面接,不合格
20224048,r3a209,佐々木凛,2025-02-17 01:00:00+00,2025-02-17 01:45:00+00,株式会社モデスト,試験_面接,継続（合格）
20242037,j1a102,松本翔太,2025-02-17 04:00:00+00,2025-02-17 05:00:00+00,株式会社ベータ,インターン,他
20224009,r3a116,石川美咲,2025-02-17 04:00:00+00,2025-02-17 05:30:00+00,株式会社アセント,試験_適正,結果待ち
20224050,r3a128,池田美咲,2025-02-17 04:00:00+00,2025-02-17 05:00:00+00,株式会社リンク,説明会_合,他
20224090,r3a201,吉田凛,2025-02-17 04:00:00+00,2025-02-17 04:45:00+00,株式会社ノヴァ,試験_面接,不合格
20233013,s2a304,木村陽菜,2025-02-17 04:00:00+00,2025-02-17 05:00:00+00,株式会社プライム,セミナー,他
20224042,r3a222,山下美咲,2025-02-17 06:00:00+00,2025-02-17 06:45:00+00,株式会社イプシロン,試験_面接,結果待ち
20224049,r3a117,山田遥,2025-02-18 01:00:00+00,2025-02-18 02:30:00+00,株式会社ガンマ,試験_適正,結果待ち
20224063,r3a212,阿部優奈,2025-02-18 01:00:00+00,2025-02-18 02:30:00+00,株式会社ハーモニー,試験_適正,結果待ち
20224032,r3a230,中村陸,2025-02-18 01:00:00+00,2025-02-18 01:45:00+00,株式会社テックワークス,試験_面接,結果待ち
20233036,s2a103,山崎陽菜,2025-02-18 01:00:00+00,2025-02-18 02:00:00+00,株式会社パルス,セミナー,他
20233048,s2a413,伊藤葵,2025-02-18 04:00:00+00,2025-02-18 05:00:00+00,株式会社ユニオン,インターン,他
20224064,r3a140,池田大輔,2025-02-18 06:00:00+00,2025-02-18 06:45:00+00,株式会社レイヤー,試験_面接,結果待ち
20224089,r3a214,斎藤直樹,2025-02-18 06:00:00+00,2025-02-18 06:45:00+00,株式会社オービット,試験_面接,継続（合格）
20224022,r3a223,佐々木優樹,2025-02-18 06:00:00+00,2025-02-18 06:30:00+00,株式会社オーシャン,試験_他,内定
20224032,r3a230,中村陸,2025-02-18 06:00:00+00,2025-02-18 07:00:00+00,株式会社グリーン,セミナー,他
20224003,r3a203,加藤悠斗,2025-02-19 01:00:00+00,2025-02-19 02:00:00+00,株式会社ネクスト,説明会_合,他
20224024,r3a101,山田彩香,2025-02-19 04:00:00+00,2025-02-19 05:00:00+00,株式会社コア,インターン,他
20224067,r3a135,森大輔,2025-02-19 04:00:00+00,2025-02-19 05:00:00+00,株式会社プライム,説明会_単,他
20224066,r3a139,前田海斗,2025-02-19 04:00:00+00,2025-02-19 05:00:00+00,株式会社ミライ,セミナー,他
20233019,s2a106,佐藤翔太,2025-02-19 04:00:00+00,2025-02-19 05:00:00+00,株式会社イノベーション,セミナー,他
20233009,s2a203,石川直樹,2025-02-19 04:00:00+00,2025-02-19 04:45:00+00,株式会社ステラ,試験_面接,結果待ち
20224009,r3a116,石川美咲,2025-02-20 01:00:00+00,2025-02-20 01:45:00+00,株式会社サンライズ,試験_面接,継続（合格）
20233001,s2a201,鈴木杏奈,2025-02-20 01:00:00+00,2025-02-20 02:00:00+00,株式会社エコー,セミナー,他
20224088,r3a105,山本大輔,2025-02-20 04:00:00+00,2025-02-20 04:45:00+00,株式会社オービット,試験_面接,継続（合格）
20224073,r3a110,藤田大輔,2025-02-20 04:00:00+00,2025-02-20 05:00:00+00,株式会社コア,インターン,他
20224035,r3a127,木村翔太,2025-02-20 04:00:00+00,2025-02-20 04:45:00+00,株式会社アーク,試験_面接,継続（合格）
20224008,r3a130,中村杏奈,2025-02-20 04:00:00+00,2025-02-20 04:45:00+00,株式会社シグマ,試験_面接,継続（合格）
20224081,r3a205,森葵,2025-02-20 04:00:00+00,2025-02-20 05:00:00+00,株式会社グロース,説明会_合,他
20233057,s2a303,加藤直樹,2025-02-20 06:00:00+00,2025-02-20 07:30:00+00,株式会社コア,試験_適正,不合格
20233045,s2a407,中島凛,2025-02-20 06:00:00+00,2025-02-20 07:00:00+00,株式会社ライト,説明会_単,他
20224050,r3a128,池田美咲,2025-02-21 01:00:00+00,2025-02-21 02:00:00+00,株式会社デルタ,セミナー,他
20224029,r3a124,前田彩香,2025-02-21 04:00:00+00,2025-02-21 05:00:00+00,株式会社グロース,説明会_単,他
20224064,r3a140,池田大輔,2025-02-21 04:00:00+00,2025-02-21 05:00:00+00,株式会社テックワークス,説明会_合,他
20224032,r3a230,中村陸,2025-02-21 04:00:00+00,2025-02-21 05:00:00+00,株式会社ホライズン,セミナー,他
20224064,r3a140,池田大輔,2025-02-21 06:00:00+00,2025-02-21 07:30:00+00,株式会社テックワークス,試験_適正,継続（合格）
20224024,r3a101,山田彩香,2025-02-22 01:00:00+00,2025-02-22 02:00:00+00,株式会社コア,インターン,他
20224085,r3a228,池田健太,2025-02-22 01:00:00+00,2025-02-22 02:30:00+00,株式会社ストリーム,試験_適正,不合格
20233019,s2a106,佐藤翔太,2025-02-22 01:00:00+00,2025-02-22 02:30:00+00,株式会社ライト,試験_適正,結果待ち
20233043,s2a312,山田花子,2025-02-22 01:00:00+00,2025-02-22 01:45:00+00,株式会社シード,試験_面接,結果待ち
20242030,j2a103,斎藤杏奈,2025-02-22 04:00:00+00,2025-02-22 05:00:00+00,株式会社スカイ,説明会_単,他
20224059,r3a126,橋本美咲,2025-02-22 04:00:00+00,2025-02-22 04:45:00+00,株式会社ストリーム,試験_面接,結果待ち
20224022,r3a223,佐々木優樹,2025-02-22 04:00:00+00,2025-02-22 05:00:00+00,株式会社マーブル,インターン,他
20233055,s2a311,伊藤花子,2025-02-22 04:00:00+00,2025-02-22 04:45:00+00,株式会社グロース,試験_面接,不合格
20224066,r3a139,前田海斗,2025-02-22 06:00:00+00,2025-02-22 07:30:00+00,株式会社ベータ,試験_適正,継続（合格）
20224052,r3a211,池田花子,2025-02-22 06:00:00+00,2025-02-22 07:00:00+00,株式会社ブリッジ,セミナー,他
20233009,s2a203,石川直樹,2025-02-22 06:00:00+00,2025-02-22 07:00:00+00,株式会社ステラ,インターン,他
20233021,s2a214,高橋拓也,2025-02-22 06:00:00+00,2025-02-22 07:00:00+00,株式会社リンク,インターン,他
20224008,r3a130,中村杏奈,2025-02-23 01:00:00+00,2025-02-23 01:45:00+00,株式会社シグマ,試験_面接,継続（合格）
20224018,r3a215,阿部海斗,2025-02-23 01:00:00+00,2025-02-23 02:00:00+00,株式会社スカイ,説明会_単,他
20233007,s2a209,森海斗,2025-02-23 01:00:00+00,2025-02-23 02:00:00+00,株式会社リーフ,インターン,他
20233041,s2a213,井上陸,2025-02-23 01:00:00+00,2025-02-23 02:00:00+00,株式会社リンク,セミナー,他
20224074,r3a123,阿部太郎,2025-02-23 04:00:00+00,2025-02-23 05:00:00+00,株式会社ブリッジ,セミナー,他
20224006,r3a132,加藤結衣,2025-02-23 04:00:00+00,2025-02-23 05:00:00+00,株式会社リンク,セミナー,他
20224028,r3a136,山下優樹,2025-02-23 04:00:00+00,2025-02-23 05:00:00+00,株式会社ユニオン,インターン,他
20233016,s2a108,中村拓也,2025-02-23 04:00:00+00,2025-02-23 05:30:00+00,株式会社ビジョン,試験_適正,結果待ち
20224049,r3a117,山田遥,2025-02-23 06:00:00+00,2025-02-23 07:00:00+00,株式会社ガンマ,セミナー,他
20224026,r3a120,木村葵,2025-02-23 06:00:00+00,2025-02-23 06:45:00+00,株式会社ハーモニー,試験_面接,結果待ち
20224068,r3a125,中島陽菜,2025-02-23 06:00:00+00,2025-02-23 07:30:00+00,株式会社マーブル,試験_適正,継続（合格）
20224059,r3a126,橋本美咲,2025-02-23 06:00:00+00,2025-02-23 07:30:00+00,株式会社ノヴァ,試験_適正,不合格
20242012,j2a112,前田陸,2025-02-24 01:00:00+00,2025-02-24 02:00:00+00,株式会社パルス,説明会_単,他
20224064,r3a140,池田大輔,2025-02-24 01:00:00+00,2025-02-24 02:00:00+00,株式会社レイヤー,インターン,他
20224030,r3a141,清水海斗,2025-02-24 01:00:00+00,2025-02-24 01:45:00+00,株式会社クロス,試験_面接,結果待ち
20224051,r3a208,斎藤優奈,2025-02-24 01:00:00+00,2025-02-24 02:00:00+00,株式会社ミライ,セミナー,他
20224061,r3a229,池田優奈,2025-02-24 01:00:00+00,2025-02-24 02:00:00+00,株式会社イノベーション,説明会_合,他
20233055,s2a311,伊藤花子,2025-02-24 01:00:00+00,2025-02-24 02:00:00+00,株式会社ガンマ,説明会_単,他
20242045,j2a119,山崎翔太,2025-02-24 04:00:00+00,2025-02-24 05:30:00+00,株式会社コア,試験_適正,不合格
20224068,r3a125,中島陽菜,2025-02-24 04:00:00+00,2025-02-24 04:45:00+00,株式会社グリーン,試験_面接,辞退
20224015,r3a235,鈴木優樹,2025-02-24 04:00:00+00,2025-02-24 05:30:00+00,株式会社ルミナス,試験_適正,結果待ち
20233036,s2a103,山崎陽菜,2025-02-24 04:00:00+00,2025-02-24 05:00:00+00,株式会社クレスト,説明会_合,他
20224088,r3a105,山本大輔,2025-02-24 06:00:00+00,2025-02-24 07:00:00+00,株式会社フォーカス,インターン,他
20224050,r3a128,池田美咲,2025-02-24 06:00:00+00,2025-02-24 07:30:00+00,株式会社アーク,試験_適正,結果待ち
20224005,r3a236,加藤優奈,2025-02-24 06:00:00+00,2025-02-24 07:00:00+00,株式会社アビリティ,説明会_単,他
20233010,s2a302,斎藤葵,2025-02-24 06:00:00+00,2025-02-24 07:00:00+00,株式会社ブルーム,説明会_合,他
20224076,r3a202,木村葵,2025-02-25 01:00:00+00,2025-02-25 02:30:00+00,株式会社ガンマ,試験_適正,結果待ち
20224085,r3a228,池田健太,2025-02-25 01:00:00+00,2025-02-25 02:00:00+00,株式会社レイヤー,インターン,他
20224073,r3a110,藤田大輔,2025-02-25 04:00:00+00,2025-02-25 05:00:00+00,株式会社デルタ,説明会_合,他
20224082,r3a221,山口優樹,2025-02-25 04:00:00+00,2025-02-25 04:45:00+00,株式会社ストリーム,試験_面接,不合格
20233024,s2a310,松本陸,2025-02-25 04:00:00+00,2025-02-25 05:00:00+00,株式会社クロス,説明会_合,他
20224079,r3a216,池田悠斗,2025-02-25 06:00:00+00,2025-02-25 06:45:00+00,株式会社オメガ,試験_面接,結果待ち
20233059,s2a313,前田海斗,2025-02-25 06:00:00+00,2025-02-25 07:00:00+00,株式会社オーシャン,セミナー,他
20242004,j1a118,木村拓也,2025-02-26 01:00:00+00,2025-02-26 02:00:00+00,株式会社テックワークス,セミナー,他
20224057,r3a129,田中陽菜,2025-02-26 01:00:00+00,2025-02-26 01:45:00+00,株式会社エッジ,試験_面接,不合格
20224066,r3a139,前田海斗,2025-02-26 04:00:00+00,2025-02-26 05:00:00+00,株式会社ベータ,説明会_単,他
20224018,r3a215,阿部海斗,2025-02-26 04:00:00+00,2025-02-26 05:00:00+00,株式会社スカイ,説明会_単,他
20233057,s2a303,加藤直樹,2025-02-26 04:00:00+00,2025-02-26 05:00:00+00,株式会社コア,説明会_単,他
20233017,s2a306,山下杏奈,2025-02-26 04:00:00+00,2025-02-26 05:00:00+00,株式会社レイヤー,説明会_単,他
20224010,r3a109,斎藤杏奈,2025-02-26 06:00:00+00,2025-02-26 06:45:00+00,株式会社ハーモニー,試験_面接,継続（合格）
20224010,r3a109,斎藤杏奈,2025-02-26 06:00:00+00,2025-02-26 07:00:00+00,株式会社サンライズ,説明会_合,他
20224057,r3a129,田中陽菜,2025-02-26 06:00:00+00,2025-02-26 06:45:00+00,株式会社ミライ,試験_面接,継続（合格）
20224067,r3a135,森大輔,2025-02-26 06:00:00+00,2025-02-26 07:30:00+00,株式会社シード,試験_適正,結果待ち
20224059,r3a126,橋本美咲,2025-02-27 01:00:00+00,2025-02-27 02:30:00+00,株式会社テックワークス,試験_適正,継続（合格）
20224060,r3a138,清水拓也,2025-02-27 01:00:00+00,2025-02-27 02:00:00+00,株式会社スカイ,説明会_合,他
20224042,r3a222,山下美咲,2025-02-27 01:00:00+00,2025-02-27 02:30:00+00,株式会社クロス,試験_適正,結果待ち
20233009,s2a203,石川直樹,2025-02-27 01:00:00+00,2025-02-27 02:00:00+00,株式会社クラフト,セミナー,他
20233045,s2a407,中島凛,2025-02-27 01:00:00+00,2025-02-27 02:00:00+00,株式会社ライト,説明会_合,他
20242022,j1a114,佐藤彩香,2025-02-27 04:00:00+00,2025-02-27 05:00:00+00,株式会社ストリーム,セミナー,他
20224036,r3a108,森彩香,2025-02-27 04:00:00+00,2025-02-27 05:00:00+00,株式会社オービット,説明会_合,他
20224063,r3a212,阿部優奈,2025-02-27 04:00:00+00,2025-02-27 05:00:00+00,株式会社グロース,セミナー,他
20224047,r3a213,鈴木健太,2025-02-27 04:00:00+00,2025-02-27 05:00:00+00,株式会社ホライズン,セミナー,他
20224044,r3a227,田中結衣,2025-02-27 04:00:00+00,2025-02-27 05:30:00+00,株式会社アトラス,試験_適正,結果待ち
20233016,s2a108,中村拓也,2025-02-27 04:00:00+00,2025-02-27 05:30:00+00,株式会社クロス,試験_適正,結果待ち
20233021,s2a214,高橋拓也,2025-02-27 04:00:00+00,2025-02-27 05:30:00+00,株式会社リンク,試験_適正,結果待ち
20224035,r3a127,木村翔太,2025-02-27 06:00:00+00,2025-02-27 06:45:00+00,株式会社フロンティア,試験_面接,不合格
20233013,s2a304,木村陽菜,2025-02-27 06:00:00+00,2025-02-27 06:45:00+00,株式会社ガンマ,試験_面接,結果待ち
20242012,j2a112,前田陸,2025-02-28 01:00:00+00,2025-02-28 02:00:00+00,株式会社ブリッジ,説明会_単,他
20224010,r3a109,斎藤杏奈,2025-02-28 01:00:00+00,2025-02-28 01:45:00+00,株式会社ハーモニー,試験_面接,継続（合格）
20224029,r3a124,前田彩香,2025-02-28 01:00:00+00,2025-02-28 02:30:00+00,株式会社グロース,試験_適正,結果待ち
20224066,r3a139,前田海斗,2025-02-28 01:00:00+00,2025-02-28 02:00:00+00,株式会社ベータ,インターン,他
20224066,r3a139,前田海斗,2025-02-28 01:00:00+00,2025-02-28 01:45:00+00,株式会社ノヴァ,試験_面接,継続（合格）
20224076,r3a202,木村葵,2025-02-28 01:00:00+00,2025-02-28 02:00:00+00,株式会社クラフト,インターン,他
20224005,r3a236,加藤優奈,2025-02-28 01:00:00+00,2025-02-28 02:30:00+00,株式会社コア,試験_適正,結果待ち
20233035,s2a210,石川優樹,2025-02-28 01:00:00+00,2025-02-28 02:00:00+00,株式会社ビジョン,説明会_合,他
20233053,s2a404,吉田葵,2025-02-28 01:00:00+00,2025-02-28 02:00:00+00,株式会社グロース,説明会_単,他
20224067,r3a135,森大輔,2025-02-28 04:00:00+00,2025-02-28 05:00:00+00,株式会社ステラ,説明会_合,他
20224090,r3a201,吉田凛,2025-02-28 04:00:00+00,2025-02-28 05:30:00+00,株式会社ブリッジ,試験_適正,継続（合格）
20224032,r3a230,中村陸,2025-02-28 04:00:00+00,2025-02-28 05:30:00+00,株式会社グロース,試験_適正,結果待ち
20224052,r3a211,池田花子,2025-02-28 06:00:00+00,2025-02-28 07:00:00+00,株式会社フォーカス,セミナー,他
20233050,s2a111,井上優樹,2025-02-28 06:00:00+00,2025-02-28 06:45:00+00,株式会社イノベーション,試験_面接,結果待ち
20224016,r3a103,石川陸,2025-03-01 01:00:00+00,2025-03-01 01:45:00+00,株式会社スカイ,試験_面接,不合格
20224036,r3a108,森彩香,2025-03-01 01:00:00+00,2025-03-01 02:30:00+00,株式会社レイヤー,試験_適正,辞退
20224078,r3a112,橋本太郎,2025-03-01 01:00:00+00,2025-03-01 02:00:00+00,株式会社フォーカス,セミナー,他
20224003,r3a203,加藤悠斗,2025-03-01 01:00:00+00,2025-03-01 02:00:00+00,株式会社イプシロン,説明会_合,他
20224018,r3a215,阿部海斗,2025-03-01 01:00:00+00,2025-03-01 01:45:00+00,株式会社スカイ,試験_面接,継続（合格）
20233016,s2a108,中村拓也,2025-03-01 01:00:00+00,2025-03-01 02:00:00+00,株式会社オメガ,説明会_合,他
20233017,s2a306,山下杏奈,2025-03-01 01:00:00+00,2025-03-01 02:00:00+00,株式会社ミライ,インターン,他
20224010,r3a109,斎藤杏奈,2025-03-01 04:00:00+00,2025-03-01 05:00:00+00,株式会社ハーモニー,説明会_合,他
20224078,r3a112,橋本太郎,2025-03-01 04:00:00+00,2025-03-01 05:30:00+00,株式会社フォーカス,試験_適正,結果待ち
20233032,s2a308,佐藤葵,2025-03-01 04:00:00+00,2025-03-01 05:00:00+00,株式会社オメガ,説明会_合,他
20242012,j2a112,前田陸,2025-03-01 06:00:00+00,2025-03-01 07:00:00+00,株式会社ブリッジ,説明会_単,他
20224027,r3a107,田中拓也,2025-03-01 06:00:00+00,2025-03-01 07:00:00+00,株式会社アルファ,説明会_単,他
20224078,r3a112,橋本太郎,2025-03-01 06:00:00+00,2025-03-01 07:00:00+00,株式会社マーブル,説明会_単,他
20224068,r3a125,中島陽菜,2025-03-01 06:00:00+00,2025-03-01 07:00:00+00,株式会社シグマ,説明会_単,他
20224072,r3a204,小林美咲,2025-03-01 06:00:00+00,2025-03-01 07:00:00+00,株式会社スカイ,インターン,他
20224001,r3a111,阿部杏奈,2025-03-02 01:00:00+00,2025-03-02 02:00:00+00,株式会社ビジョン,セミナー,他
20224045,r3a118,斎藤海斗,2025-03-02 01:00:00+00,2025-03-02 01:45:00+00,株式会社ユニオン,試験_面接,結果待ち
20224074,r3a123,阿部太郎,2025-03-02 01:00:00+00,2025-03-02 01:45:00+00,株式会社フロンティア,試験_面接,結果待ち
20224068,r3a125,中島陽菜,2025-03-02 01:00:00+00,2025-03-02 02:00:00+00,株式会社エンジン,説明会_単,他
20224035,r3a127,木村翔太,2025-03-02 01:00:00+00,2025-03-02 02:00:00+00,株式会社フロンティア,セミナー,他
20224006,r3a132,加藤結衣,2025-03-02 01:00:00+00,2025-03-02 02:00:00+00,株式会社リンク,セミナー,他
20233035,s2a210,石川優樹,2025-03-02 01:00:00+00,2025-03-02 01:45:00+00,株式会社クラフト,試験_面接,継続（合格）
20242030,j2a103,斎藤杏奈,2025-03-02 04:00:00+00,2025-03-02 05:30:00+00,株式会社スカイ,試験_適正,結果待ち
20224059,r3a126,橋本美咲,2025-03-02 04:00:00+00,2025-03-02 05:00:00+00,株式会社グロース,セミナー,他
20224052,r3a211,池田花子,2025-03-02 04:00:00+00,2025-03-02 04:45:00+00,株式会社テックワークス,試験_面接,不合格
20233026,s2a107,中村葵,2025-03-02 04:00:00+00,2025-03-02 05:30:00+00,株式会社イノベーション,試験_適正,不合格
20233023,s2a211,斎藤凛,2025-03-02 04:00:00+00,2025-03-02 05:30:00+00,株式会社イプシロン,試験_適正,結果待ち
20233042,s2a403,山本花子,2025-03-02 04:00:00+00,2025-03-02 04:45:00+00,株式会社リンク,試験_面接,継続（合格）
20224052,r3a211,池田花子,2025-03-02 06:00:00+00,2025-03-02 07:00:00+00,株式会社ブリッジ,インターン,他
20224070,r3a219,加藤結衣,2025-03-02 06:00:00+00,2025-03-02 07:00:00+00,株式会社フォース,説明会_合,他
20224085,r3a228,池田健太,2025-03-02 06:00:00+00,2025-03-02 07:00:00+00,株式会社レイヤー,説明会_単,他
20224065,r3a231,山本杏奈,2025-03-02 06:00:00+00,2025-03-02 06:30:00+00,株式会社グロース,試験_他,内定
20233045,s2a407,中島凛,2025-03-02 06:00:00+00,2025-03-02 07:00:00+00,株式会社リーフ,説明会_単,他
20233051,s2a409,阿部結衣,2025-03-02 06:00:00+00,2025-03-02 06:45:00+00,株式会社フォーカス,試験_面接,結果待ち
20242019,j2a115,田中海斗,2025-03-03 01:00:00+00,2025-03-03 02:30:00+00,株式会社オービット,試験_適正,結果待ち
20224020,r3a102,吉田優樹,2025-03-03 01:00:00+00,2025-03-03 02:30:00+00,株式会社フォーカス,試験_適正,不合格
20233028,s2a212,山田優奈,2025-03-03 01:00:00+00,2025-03-03 01:30:00+00,株式会社スカイ,試験_他,内定
20242046,j1a122,田中陸,2025-03-03 04:00:00+00,2025-03-03 05:00:00+00,株式会社コア,インターン,他
20224088,r3a105,山本大輔,2025-03-03 04:00:00+00,2025-03-03 04:45:00+00,株式会社オービット,試験_面接,結果待ち
20233014,s2a102,佐藤優奈,2025-03-03 04:00:00+00,2025-03-03 05:00:00+00,株式会社ノヴァ,説明会_合,他
20233047,s2a202,林大輔,2025-03-03 04:00:00+00,2025-03-03 05:00:00+00,株式会社ノヴァ,説明会_単,他
20233060,s2a305,鈴木翔太,2025-03-03 04:00:00+00,2025-03-03 05:00:00+00,株式会社ライト,説明会_合,他
20233051,s2a409,阿部結衣,2025-03-03 04:00:00+00,2025-03-03 04:45:00+00,株式会社グロース,試験_面接,継続（合格）
20242027,j2a108,木村拓也,2025-03-03 06:00:00+00,2025-03-03 07:00:00+00,株式会社ユニオン,説明会_合,他
20224049,r3a117,山田遥,2025-03-03 06:00:00+00,2025-03-03 06:45:00+00,株式会社ホライズン,試験_面接,継続（合格）
20224077,r3a131,森陽菜,2025-03-03 06:00:00+00,2025-03-03 07:30:00+00,株式会社ノヴァ,試験_適正,継続（合格）
20224082,r3a221,山口優樹,2025-03-03 06:00:00+00,2025-03-03 06:45:00+00,株式会社フロンティア,試験_面接,結果待ち
20233026,s2a107,中村葵,2025-03-03 06:00:00+00,2025-03-03 06:45:00+00,株式会社ノヴァ,試験_面接,継続（合格）
20242042,j1a107,前田葵,2025-03-04 01:00:00+00,2025-03-04 02:00:00+00,株式会社フォーカス,説明会_単,他
20242016,j1a108,山崎凛,2025-03-04 01:00:00+00,2025-03-04 02:00:00+00,株式会社ストリーム,説明会_単,他
20224068,r3a125,中島陽菜,2025-03-04 01:00:00+00,2025-03-04 02:00:00+00,株式会社グリーン,説明会_単,他
20224064,r3a140,池田大輔,2025-03-04 01:00:00+00,2025-03-04 01:45:00+00,株式会社テックワークス,試験_面接,結果待ち
20224081,r3a205,森葵,2025-03-04 04:00:00+00,2025-03-04 05:30:00+00,株式会社ルミナス,試験_適正,不合格
20224079,r3a216,池田悠斗,2025-03-04 04:00:00+00,2025-03-04 04:45:00+00,株式会社クレスト,試験_面接,結果待ち
20233049,s2a205,田中杏奈,2025-03-04 04:00:00+00,2025-03-04 05:30:00+00,株式会社エンジン,試験_適正,継続（合格）
20233018,s2a405,林結衣,2025-03-04 04:00:00+00,2025-03-04 05:00:00+00,株式会社エコー,説明会_合,他
20233051,s2a409,阿部結衣,2025-03-04 04:00:00+00,2025-03-04 05:00:00+00,株式会社ライト,インターン,他
20233051,s2a409,阿部結衣,2025-03-04 04:00:00+00,2025-03-04 04:45:00+00,株式会社フォーカス,試験_面接,継続（合格）
20224021,r3a121,鈴木優樹,2025-03-04 06:00:00+00,2025-03-04 06:30:00+00,株式会社サンライズ,試験_他,内定
20224082,r3a221,山口優樹,2025-03-04 06:00:00+00,2025-03-04 06:45:00+00,株式会社ストリーム,試験_面接,継続（合格）
20224012,r3a226,佐藤直樹,2025-03-04 06:00:00+00,2025-03-04 06:30:00+00,株式会社ノヴァ,試験_他,内定
20233026,s2a107,中村葵,2025-03-04 06:00:00+00,2025-03-04 07:00:00+00,株式会社リーフ,説明会_合,他
20224055,r3a134,清水陸,2025-03-05 01:00:00+00,2025-03-05 02:30:00+00,株式会社ベータ,試験_適正,不合格
20224047,r3a213,鈴木健太,2025-03-05 01:00:00+00,2025-03-05 02:00:00+00,株式会社ホライズン,インターン,他
20224069,r3a240,中村優奈,2025-03-05 01:00:00+00,2025-03-05 01:45:00+00,株式会社ブルーム,試験_面接,継続（合格）
20233004,s2a307,山本結衣,2025-03-05 01:00:00+00,2025-03-05 02:00:00+00,株式会社アーク,セミナー,他
20242049,j2a110,木村結衣,2025-03-05 04:00:00+00,2025-03-05 05:00:00+00,株式会社アビリティ,インターン,他
20224026,r3a120,木村葵,2025-03-05 04:00:00+00,2025-03-05 04:45:00+00,株式会社ブリッジ,試験_面接,継続（合格）
20233042,s2a403,山本花子,2025-03-05 04:00:00+00,2025-03-05 04:45:00+00,株式会社ストリーム,試験_面接,結果待ち
20224060,r3a138,清水拓也,2025-03-05 06:00:00+00,2025-03-05 07:00:00+00,株式会社コア,セミナー,他
20233013,s2a304,木村陽菜,2025-03-05 06:00:00+00,2025-03-05 07:00:00+00,株式会社ホライズン,セミナー,他
20242042,j1a107,前田葵,2025-03-06 01:00:00+00,2025-03-06 02:00:00+00,株式会社エンジン,説明会_合,他
20242017,j2a102,山田悠斗,2025-03-06 01:00:00+00,2025-03-06 02:00:00+00,株式会社フロンティア,セミナー,他
20224016,r3a103,石川陸,2025-03-06 01:00:00+00,2025-03-06 02:00:00+00,株式会社スカイ,説明会_単,他
20224077,r3a131,森陽菜,2025-03-06 01:00:00+00,2025-03-06 02:00:00+00,株式会社イノベーション,セミナー,他
20224056,r3a218,山本陸,2025-03-06 01:00:00+00,2025-03-06 02:00:00+00,株式会社イノベーション,インターン,他
20224070,r3a219,加藤結衣,2025-03-06 01:00:00+00,2025-03-06 02:30:00+00,株式会社クラフト,試験_適正,結果待ち
20224085,r3a228,池田健太,2025-03-06 01:00:00+00,2025-03-06 01:45:00+00,株式会社ステラ,試験_面接,結果待ち
20233052,s2a309,伊藤杏奈,2025-03-06 01:00:00+00,2025-03-06 02:00:00+00,株式会社イノベーション,インターン,他
20242015,j1a106,佐藤優奈,2025-03-06 04:00:00+00,2025-03-06 05:00:00+00,株式会社クレスト,セミナー,他
20242016,j1a108,山崎凛,2025-03-06 04:00:00+00,2025-03-06 05:00:00+00,株式会社サンライズ,インターン,他
20224036,r3a108,森彩香,2025-03-06 04:00:00+00,2025-03-06 04:45:00+00,株式会社ブリッジ,試験_面接,結果待ち
20224058,r3a113,山下美咲,2025-03-06 04:00:00+00,2025-03-06 05:00:00+00,株式会社ステラ,インターン,他
20224050,r3a128,池田美咲,2025-03-06 04:00:00+00,2025-03-06 05:00:00+00,株式会社アーク,説明会_単,他
20224033,r3a206,林葵,2025-03-06 04:00:00+00,2025-03-06 05:00:00+00,株式会社パルス,セミナー,他
20224044,r3a227,田中結衣,2025-03-06 04:00:00+00,2025-03-06 05:00:00+00,株式会社グロース,説明会_合,他
20233056,s2a104,阿部悠斗,2025-03-06 04:00:00+00,2025-03-06 05:00:00+00,株式会社ストリーム,インターン,他
20242045,j2a119,山崎翔太,2025-03-06 06:00:00+00,2025-03-06 07:00:00+00,株式会社コア,説明会_合,他
20224021,r3a121,鈴木優樹,2025-03-06 06:00:00+00,2025-03-06 07:00:00+00,株式会社サンライズ,説明会_単,他
20224067,r3a135,森大輔,2025-03-06 06:00:00+00,2025-03-06 07:30:00+00,株式会社コア,試験_適正,結果待ち
20224007,r3a233,山崎遥,2025-03-06 06:00:00+00,2025-03-06 07:00:00+00,株式会社オメガ,セミナー,他
20233058,s2a204,中村花子,2025-03-06 06:00:00+00,2025-03-06 07:00:00+00,株式会社フロンティア,セミナー,他
20233035,s2a210,石川優樹,2025-03-06 06:00:00+00,2025-03-06 07:30:00+00,株式会社ライト,試験_適正,結果待ち
20242031,j2a109,中村陸,2025-03-07 01:00:00+00,2025-03-07 02:00:00+00,株式会社クラフト,インターン,他
20242009,j2a113,藤田凛,2025-03-07 01:00:00+00,2025-03-07 02:00:00+00,株式会社ベータ,セミナー,他
20224031,r3a104,藤田陽菜,2025-03-07 01:00:00+00,2025-03-07 01:45:00+00,株式会社ストリーム,試験_面接,結果待ち
20224077,r3a131,森陽菜,2025-03-07 01:00:00+00,2025-03-07 01:45:00+00,株式会社ノヴァ,試験_面接,不合格
20224022,r3a223,佐々木優樹,2025-03-07 01:00:00+00,2025-03-07 01:45:00+00,株式会社マーブル,試験_面接,結果待ち
20233003,s2a113,山下海斗,2025-03-07 01:00:00+00,2025-03-07 01:45:00+00,株式会社グリーン,試験_面接,辞退
20233009,s2a203,石川直樹,2025-03-07 01:00:00+00,2025-03-07 02:30:00+00,株式会社クラフト,試験_適正,不合格
20233023,s2a211,斎藤凛,2025-03-07 01:00:00+00,2025-03-07 01:45:00+00,株式会社フロンティア,試験_面接,継続（合格）
20233043,s2a312,山田花子,2025-03-07 01:00:00+00,2025-03-07 02:00:00+00,株式会社ユニオン,セミナー,他
20233015,s2a410,池田凛,2025-03-07 01:00:00+00,2025-03-07 01:45:00+00,株式会社モデスト,試験_面接,継続（合格）
20224013,r3a119,井上葵,2025-03-07 04:00:00+00,2025-03-07 05:30:00+00,株式会社デルタ,試験_適正,継続（合格）
20224082,r3a221,山口優樹,2025-03-07 04:00:00+00,2025-03-07 05:00:00+00,株式会社ストリーム,説明会_合,他
20233019,s2a106,佐藤翔太,2025-03-07 04:00:00+00,2025-03-07 04:30:00+00,株式会社イノベーション,試験_他,内定
20242014,j1a103,池田優奈,2025-03-07 06:00:00+00,2025-03-07 07:30:00+00,株式会社プライム,試験_適正,結果待ち
20224039,r3a133,鈴木遥,2025-03-07 06:00:00+00,2025-03-07 07:00:00+00,株式会社ホライズン,説明会_単,他
20224080,r3a137,高橋美咲,2025-03-07 06:00:00+00,2025-03-07 07:30:00+00,株式会社フォース,試験_適正,結果待ち
20224090,r3a201,吉田凛,2025-03-07 06:00:00+00,2025-03-07 07:30:00+00,株式会社エッジ,試験_適正,不合格
20233006,s2a110,池田彩香,2025-03-07 06:00:00+00,2025-03-07 07:30:00+00,株式会社ホライズン,試験_適正,結果待ち
20242019,j2a115,田中海斗,2025-03-08 01:00:00+00,2025-03-08 02:00:00+00,株式会社オービット,説明会_合,他
20242020,j2a121,伊藤陽菜,2025-03-08 01:00:00+00,2025-03-08 02:00:00+00,株式会社リンク,説明会_単,他
20224035,r3a127,木村翔太,2025-03-08 01:00:00+00,2025-03-08 02:00:00+00,株式会社アーク,セミナー,他
20224008,r3a130,中村杏奈,2025-03-08 01:00:00+00,2025-03-08 02:00:00+00,株式会社シグマ,インターン,他
20224063,r3a212,阿部優奈,2025-03-08 01:00:00+00,2025-03-08 02:00:00+00,株式会社ブリッジ,インターン,他
20224082,r3a221,山口優樹,2025-03-08 01:00:00+00,2025-03-08 02:00:00+00,株式会社エンジン,説明会_単,他
20233019,s2a106,佐藤翔太,2025-03-08 01:00:00+00,2025-03-08 02:30:00+00,株式会社イノベーション,試験_適正,継続（合格）
20242013,j2a117,高橋凛,2025-03-08 04:00:00+00,2025-03-08 05:30:00+00,株式会社アトラス,試験_適正,不合格
20224046,r3a106,山口結衣,2025-03-08 04:00:00+00,2025-03-08 05:00:00+00,株式会社クレスト,説明会_単,他
20224063,r3a212,阿部優奈,2025-03-08 04:00:00+00,2025-03-08 04:45:00+00,株式会社ブリッジ,試験_面接,結果待ち
20224040,r3a225,中島凛,2025-03-08 04:00:00+00,2025-03-08 05:00:00+00,株式会社ノヴァ,説明会_合,他
20233052,s2a309,伊藤杏奈,2025-03-08 04:00:00+00,2025-03-08 04:45:00+00,株式会社イノベーション,試験_面接,継続（合格）
20242044,j1a117,中島悠斗,2025-03-08 06:00:00+00,2025-03-08 07:30:00+00,株式会社エコー,試験_適正,不合格
20242012,j2a112,前田陸,2025-03-08 06:00:00+00,2025-03-08 07:30:00+00,株式会社ブリッジ,試験_適正,結果待ち
20242013,j2a117,高橋凛,2025-03-08 06:00:00+00,2025-03-08 07:30:00+00,株式会社ルミナス,試験_適正,不合格
20242045,j2a119,山崎翔太,2025-03-08 06:00:00+00,2025-03-08 07:00:00+00,株式会社ブルーム,説明会_合,他
20224078,r3a112,橋本太郎,2025-03-08 06:00:00+00,2025-03-08 06:45:00+00,株式会社マーブル,試験_面接,継続（合格）
20224068,r3a125,中島陽菜,2025-03-08 06:00:00+00,2025-03-08 07:00:00+00,株式会社マーブル,説明会_単,他
20224039,r3a133,鈴木遥,2025-03-08 06:00:00+00,2025-03-08 07:00:00+00,株式会社ブリッジ,セミナー,他
20224028,r3a136,山下優樹,2025-03-08 06:00:00+00,2025-03-08 06:45:00+00,株式会社ミライ,試験_面接,不合格
20224072,r3a204,小林美咲,2025-03-08 06:00:00+00,2025-03-08 06:45:00+00,株式会社アトラス,試験_面接,結果待ち
20233045,s2a407,中島凛,2025-03-08 06:00:00+00,2025-03-08 07:30:00+00,株式会社リーフ,試験_適正,継続（合格）
20242042,j1a107,前田葵,2025-03-09 01:00:00+00,2025-03-09 02:00:00+00,株式会社アルファ,インターン,他
20224002,r3a114,山本陽菜,2025-03-09 01:00:00+00,2025-03-09 01:45:00+00,株式会社オメガ,試験_面接,継続（合格）
20224068,r3a125,中島陽菜,2025-03-09 01:00:00+00,2025-03-09 01:45:00+00,株式会社シグマ,試験_面接,継続（合格）
20224035,r3a127,木村翔太,2025-03-09 01:00:00+00,2025-03-09 02:00:00+00,株式会社オービット,説明会_単,他
20224066,r3a139,前田海斗,2025-03-09 01:00:00+00,2025-03-09 01:45:00+00,株式会社ベータ,試験_面接,辞退
20233042,s2a403,山本花子,2025-03-09 01:00:00+00,2025-03-09 02:00:00+00,株式会社リンク,説明会_合,他
20242008,j2a111,橋本太郎,2025-03-09 04:00:00+00,2025-03-09 05:00:00+00,株式会社コア,説明会_合,他
20224067,r3a135,森大輔,2025-03-09 04:00:00+00,2025-03-09 04:45:00+00,株式会社モデスト,試験_面接,不合格
20224048,r3a209,佐々木凛,2025-03-09 04:00:00+00,2025-03-09 04:45:00+00,株式会社モデスト,試験_面接,継続（合格）
20224061,r3a229,池田優奈,2025-03-09 04:00:00+00,2025-03-09 04:45:00+00,株式会社ストリーム,試験_面接,結果待ち
20233049,s2a205,田中杏奈,2025-03-09 04:00:00+00,2025-03-09 05:30:00+00,株式会社グロース,試験_適正,辞退
20233033,s2a206,前田直樹,2025-03-09 04:00:00+00,2025-03-09 04:45:00+00,株式会社ライト,試験_面接,結果待ち
20233055,s2a311,伊藤花子,2025-03-09 04:00:00+00,2025-03-09 04:45:00+00,株式会社シード,試験_面接,不合格
20242045,j2a119,山崎翔太,2025-03-09 06:00:00+00,2025-03-09 07:00:00+00,株式会社コア,説明会_単,他
20224033,r3a206,林葵,2025-03-09 06:00:00+00,2025-03-09 07:00:00+00,株式会社リンク,インターン,他
20224052,r3a211,池田花子,2025-03-09 06:00:00+00,2025-03-09 06:45:00+00,株式会社アーク,試験_面接,不合格
20224017,r3a217,山崎凛,2025-03-09 06:00:00+00,2025-03-09 07:30:00+00,株式会社クラフト,試験_適正,辞退
20233014,s2a102,佐藤優奈,2025-03-09 06:00:00+00,2025-03-09 07:00:00+00,株式会社ノヴァ,説明会_合,他
20233034,s2a402,井上太郎,2025-03-09 06:00:00+00,2025-03-09 06:45:00+00,株式会社クラフト,試験_面接,結果待ち
20233051,s2a409,阿部結衣,2025-03-09 06:00:00+00,2025-03-09 07:00:00+00,株式会社グロース,インターン,他
20233051,s2a409,阿部結衣,2025-03-09 06:00:00+00,2025-03-09 07:30:00+00,株式会社ミライ,試験_適正,結果待ち
20242029,j1a119,中島結衣,2025-03-10 01:00:00+00,2025-03-10 02:00:00+00,株式会社ベータ,セミナー,他
20242046,j1a122,田中陸,2025-03-10 01:00:00+00,2025-03-10 02:30:00+00,株式会社コア,試験_適正,結果待ち
20224009,r3a116,石川美咲,2025-03-10 01:00:00+00,2025-03-10 01:45:00+00,株式会社ベータ,試験_面接,結果待ち
20224021,r3a121,鈴木優樹,2025-03-10 01:00:00+00,2025-03-10 01:45:00+00,株式会社サンライズ,試験_面接,継続（合格）
20233026,s2a107,中村葵,2025-03-10 01:00:00+00,2025-03-10 02:00:00+00,株式会社ノヴァ,セミナー,他
20233058,s2a204,中村花子,2025-03-10 01:00:00+00,2025-03-10 01:45:00+00,株式会社フロンティア,試験_面接,継続（合格）
20242047,j1a111,井上美咲,2025-03-10 04:00:00+00,2025-03-10 05:00:00+00,株式会社ネクスト,説明会_単,他
20242017,j2a102,山田悠斗,2025-03-10 04:00:00+00,2025-03-10 05:00:00+00,株式会社ミライ,説明会_合,他
20242020,j2a121,伊藤陽菜,2025-03-10 04:00:00+00,2025-03-10 05:00:00+00,株式会社グロース,セミナー,他
20224024,r3a101,山田彩香,2025-03-10 04:00:00+00,2025-03-10 04:45:00+00,株式会社コア,試験_面接,結果待ち
20224076,r3a202,木村葵,2025-03-10 04:00:00+00,2025-03-10 05:00:00+00,株式会社アトラス,インターン,他
20224063,r3a212,阿部優奈,2025-03-10 04:00:00+00,2025-03-10 05:30:00+00,株式会社ホライズン,試験_適正,継続（合格）
20233050,s2a111,井上優樹,2025-03-10 04:00:00+00,2025-03-10 05:00:00+00,株式会社イノベーション,セミナー,他
20233046,s2a112,中島遥,2025-03-10 04:00:00+00,2025-03-10 05:00:00+00,株式会社クロス,インターン,他
20233047,s2a202,林大輔,2025-03-10 04:00:00+00,2025-03-10 05:30:00+00,株式会社ノヴァ,試験_適正,結果待ち
20233017,s2a306,山下杏奈,2025-03-10 04:00:00+00,2025-03-10 04:45:00+00,株式会社エコー,試験_面接,不合格
20233004,s2a307,山本結衣,2025-03-10 04:00:00+00,2025-03-10 05:00:00+00,株式会社シード,説明会_単,他
20224058,r3a113,山下美咲,2025-03-10 06:00:00+00,2025-03-10 07:30:00+00,株式会社オメガ,試験_適正,結果待ち
20224068,r3a125,中島陽菜,2025-03-10 06:00:00+00,2025-03-10 07:30:00+00,株式会社リーフ,試験_適正,継続（合格）
20224068,r3a125,中島陽菜,2025-03-10 06:00:00+00,2025-03-10 07:00:00+00,株式会社グリーン,インターン,他
20224051,r3a208,斎藤優奈,2025-03-10 06:00:00+00,2025-03-10 06:45:00+00,株式会社フォース,試験_面接,不合格
20224075,r3a220,佐々木拓也,2025-03-10 06:00:00+00,2025-03-10 06:45:00+00,株式会社クラフト,試験_面接,不合格
20224004,r3a237,佐藤優奈,2025-03-10 06:00:00+00,2025-03-10 06:45:00+00,株式会社ホライズン,試験_面接,不合格
20233046,s2a112,中島遥,2025-03-10 06:00:00+00,2025-03-10 07:00:00+00,株式会社クロス,説明会_単,他
20233010,s2a302,斎藤葵,2025-03-10 06:00:00+00,2025-03-10 07:00:00+00,株式会社エコー,説明会_合,他
20233013,s2a304,木村陽菜,2025-03-10 06:00:00+00,2025-03-10 07:30:00+00,株式会社ホライズン,試験_適正,結果待ち
20242034,j2a101,小林拓也,2025-03-11 01:00:00+00,2025-03-11 02:00:00+00,株式会社シグマ,インターン,他
20242045,j2a119,山崎翔太,2025-03-11 01:00:00+00,2025-03-11 02:00:00+00,株式会社ブルーム,セミナー,他
20224088,r3a105,山本大輔,2025-03-11 01:00:00+00,2025-03-11 02:00:00+00,株式会社フォース,セミナー,他
20224036,r3a108,森彩香,2025-03-11 01:00:00+00,2025-03-11 02:30:00+00,株式会社ハーモニー,試験_適正,継続（合格）
20224058,r3a113,山下美咲,2025-03-11 01:00:00+00,2025-03-11 02:30:00+00,株式会社オービット,試験_適正,継続（合格）
20224075,r3a220,佐々木拓也,2025-03-11 01:00:00+00,2025-03-11 02:30:00+00,株式会社フォーカス,試験_適正,結果待ち
20224012,r3a226,佐藤直樹,2025-03-11 01:00:00+00,2025-03-11 01:45:00+00,株式会社ノヴァ,試験_面接,継続（合格）
20224065,r3a231,山本杏奈,2025-03-11 01:00:00+00,2025-03-11 02:00:00+00,株式会社プライム,セミナー,他
20233036,s2a103,山崎陽菜,2025-03-11 01:00:00+00,2025-03-11 01:45:00+00,株式会社スカイ,試験_面接,結果待ち
20233028,s2a212,山田優奈,2025-03-11 01:00:00+00,2025-03-11 01:45:00+00,株式会社シグマ,試験_面接,結果待ち
20233021,s2a214,高橋拓也,2025-03-11 01:00:00+00,2025-03-11 02:00:00+00,株式会社オービット,セミナー,他
20233018,s2a405,林結衣,2025-03-11 01:00:00+00,2025-03-11 02:30:00+00,株式会社エコー,試験_適正,結果待ち
20242048,j1a120,藤田大輔,2025-03-11 04:00:00+00,2025-03-11 05:00:00+00,株式会社リンク,セミナー,他
20242008,j2a111,橋本太郎,2025-03-11 04:00:00+00,2025-03-11 05:00:00+00,株式会社シグマ,セミナー,他
20224068,r3a125,中島陽菜,2025-03-11 04:00:00+00,2025-03-11 04:45:00+00,株式会社リーフ,試験_面接,継続（合格）
20233059,s2a313,前田海斗,2025-03-11 04:00:00+00,2025-03-11 05:30:00+00,株式会社オーシャン,試験_適正,結果待ち
20233051,s2a409,阿部結衣,2025-03-11 04:00:00+00,2025-03-11 04:45:00+00,株式会社ライト,試験_面接,結果待ち
20242037,j1a102,松本翔太,2025-03-11 06:00:00+00,2025-03-11 07:00:00+00,株式会社ベータ,インターン,他
20224010,r3a109,斎藤杏奈,2025-03-11 06:00:00+00,2025-03-11 06:45:00+00,株式会社ハーモニー,試験_面接,継続（合格）
20224026,r3a120,木村葵,2025-03-11 06:00:00+00,2025-03-11 06:45:00+00,株式会社ブリッジ,試験_面接,継続（合格）
20224080,r3a137,高橋美咲,2025-03-11 06:00:00+00,2025-03-11 07:30:00+00,株式会社ハーモニー,試験_適正,不合格
20224032,r3a230,中村陸,2025-03-11 06:00:00+00,2025-03-11 06:45:00+00,株式会社グリーン,試験_面接,継続（合格）
20224083,r3a238,佐々木優奈,2025-03-11 06:00:00+00,2025-03-11 06:45:00+00,株式会社ホライズン,試験_面接,継続（合格）
20233036,s2a103,山崎陽菜,2025-03-11 06:00:00+00,2025-03-11 06:45:00+00,株式会社シード,試験_面接,辞退
20233050,s2a111,井上優樹,2025-03-11 06:00:00+00,2025-03-11 07:30:00+00,株式会社アセント,試験_適正,結果待ち
20233046,s2a112,中島遥,2025-03-11 06:00:00+00,2025-03-11 07:30:00+00,株式会社クロス,試験_適正,結果待ち
20224034,r3a115,池田優奈,2025-03-12 01:00:00+00,2025-03-12 01:45:00+00,株式会社エッジ,試験_面接,継続（合格）
20224039,r3a133,鈴木遥,2025-03-12 01:00:00+00,2025-03-12 02:00:00+00,株式会社ビジョン,説明会_合,他
20224042,r3a222,山下美咲,2025-03-12 01:00:00+00,2025-03-12 02:00:00+00,株式会社イプシロン,説明会_単,他
20224069,r3a240,中村優奈,2025-03-12 01:00:00+00,2025-03-12 02:00:00+00,株式会社オーシャン,説明会_合,他
20233035,s2a210,石川優樹,2025-03-12 01:00:00+00,2025-03-12 01:45:00+00,株式会社クラフト,試験_面接,結果待ち
20233017,s2a306,山下杏奈,2025-03-12 01:00:00+00,2025-03-12 01:45:00+00,株式会社レイヤー,試験_面接,不合格
20233032,s2a308,佐藤葵,2025-03-12 01:00:00+00,2025-03-12 02:00:00+00,株式会社リンク,インターン,他
20242047,j1a111,井上美咲,2025-03-12 04:00:00+00,2025-03-12 05:30:00+00,株式会社ネクスト,試験_適正,結果待ち
20242022,j1a114,佐藤彩香,2025-03-12 04:00:00+00,2025-03-12 05:00:00+00,株式会社ストリーム,インターン,他
20242032,j2a120,前田拓也,2025-03-12 04:00:00+00,2025-03-12 05:30:00+00,株式会社スカイ,試験_適正,不合格
20233019,s2a106,佐藤翔太,2025-03-12 04:00:00+00,2025-03-12 04:45:00+00,株式会社ベータ,試験_面接,継続（合格）
20233010,s2a302,斎藤葵,2025-03-12 04:00:00+00,2025-03-12 05:00:00+00,株式会社シード,インターン,他
20233060,s2a305,鈴木翔太,2025-03-12 04:00:00+00,2025-03-12 04:45:00+00,株式会社ライト,試験_面接,辞退
20233060,s2a305,鈴木翔太,2025-03-12 04:00:00+00,2025-03-12 04:45:00+00,株式会社ライト,試験_面接,継続（合格）
20233054,s2a401,山本陽菜,2025-03-12 04:00:00+00,2025-03-12 05:00:00+00,株式会社サンライズ,説明会_単,他
20242046,j1a122,田中陸,2025-03-12 06:00:00+00,2025-03-12 06:45:00+00,株式会社デルタ,試験_面接,継続（合格）
20224088,r3a105,山本大輔,2025-03-12 06:00:00+00,2025-03-12 07:30:00+00,株式会社フォーカス,試験_適正,継続（合格）
20233036,s2a103,山崎陽菜,2025-03-12 06:00:00+00,2025-03-12 06:45:00+00,株式会社パルス,試験_面接,辞退
20233003,s2a113,山下海斗,2025-03-12 06:00:00+00,2025-03-12 07:30:00+00,株式会社フロンティア,試験_適正,結果待ち
20242015,j1a106,佐藤優奈,2025-03-13 01:00:00+00,2025-03-13 02:00:00+00,株式会社ハーモニー,インターン,他
20242023,j2a122,吉田大輔,2025-03-13 01:00:00+00,2025-03-13 02:00:00+00,株式会社エッジ,インターン,他
20224080,r3a137,高橋美咲,2025-03-13 01:00:00+00,2025-03-13 01:45:00+00,株式会社スカイ,試験_面接,結果待ち
20224007,r3a233,山崎遥,2025-03-13 01:00:00+00,2025-03-13 02:30:00+00,株式会社ユニオン,試験_適正,結果待ち
20233055,s2a311,伊藤花子,2025-03-13 01:00:00+00,2025-03-13 01:45:00+00,株式会社シード,試験_面接,継続（合格）
20242003,j1a104,井上翔太,2025-03-13 04:00:00+00,2025-03-13 04:45:00+00,株式会社フロンティア,試験_面接,継続（合格）
20242046,j1a122,田中陸,2025-03-13 04:00:00+00,2025-03-13 05:00:00+00,株式会社エンジン,説明会_合,他
20242001,j2a106,山崎直樹,2025-03-13 04:00:00+00,2025-03-13 05:00:00+00,株式会社ブリッジ,説明会_合,他
20224088,r3a105,山本大輔,2025-03-13 04:00:00+00,2025-03-13 04:45:00+00,株式会社フォーカス,試験_面接,結果待ち
20224036,r3a108,森彩香,2025-03-13 04:00:00+00,2025-03-13 05:00:00+00,株式会社ブリッジ,説明会_単,他
20224001,r3a111,阿部杏奈,2025-03-13 04:00:00+00,2025-03-13 05:00:00+00,株式会社ブリッジ,説明会_合,他
20224048,r3a209,佐々木凛,2025-03-13 04:00:00+00,2025-03-13 05:00:00+00,株式会社モデスト,説明会_単,他
20224063,r3a212,阿部優奈,2025-03-13 04:00:00+00,2025-03-13 05:00:00+00,株式会社アトラス,セミナー,他
20224082,r3a221,山口優樹,2025-03-13 04:00:00+00,2025-03-13 05:30:00+00,株式会社エンジン,試験_適正,継続（合格）
20233051,s2a409,阿部結衣,2025-03-13 04:00:00+00,2025-03-13 04:45:00+00,株式会社グロース,試験_面接,継続（合格）
20242014,j1a103,池田優奈,2025-03-13 06:00:00+00,2025-03-13 07:00:00+00,株式会社プライム,説明会_単,他
20242003,j1a104,井上翔太,2025-03-13 06:00:00+00,2025-03-13 07:00:00+00,株式会社フォーカス,セミナー,他
20224059,r3a126,橋本美咲,2025-03-13 06:00:00+00,2025-03-13 06:45:00+00,株式会社テックワークス,試験_面接,結果待ち
20224005,r3a236,加藤優奈,2025-03-13 06:00:00+00,2025-03-13 07:30:00+00,株式会社アビリティ,試験_適正,継続（合格）
20233026,s2a107,中村葵,2025-03-13 06:00:00+00,2025-03-13 07:00:00+00,株式会社ノヴァ,説明会_合,他
20233058,s2a204,中村花子,2025-03-13 06:00:00+00,2025-03-13 07:00:00+00,株式会社フロンティア,説明会_合,他
20233032,s2a308,佐藤葵,2025-03-13 06:00:00+00,2025-03-13 06:45:00+00,株式会社オメガ,試験_面接,継続（合格）
20233032,s2a308,佐藤葵,2025-03-13 06:00:00+00,2025-03-13 07:00:00+00,株式会社オメガ,セミナー,他
20224006,r3a132,加藤結衣,2025-03-14 01:00:00+00,2025-03-14 01:45:00+00,株式会社グリーン,試験_面接,不合格
20224080,r3a137,高橋美咲,2025-03-14 01:00:00+00,2025-03-14 01:45:00+00,株式会社アビリティ,試験_面接,結果待ち
20224076,r3a202,木村葵,2025-03-14 01:00:00+00,2025-03-14 01:45:00+00,株式会社アトラス,試験_面接,結果待ち
20224033,r3a206,林葵,2025-03-14 01:00:00+00,2025-03-14 01:45:00+00,株式会社ベータ,試験_面接,結果待ち
20224083,r3a238,佐々木優奈,2025-03-14 01:00:00+00,2025-03-14 02:00:00+00,株式会社ホライズン,インターン,他
20233014,s2a102,佐藤優奈,2025-03-14 01:00:00+00,2025-03-14 01:45:00+00,株式会社ノヴァ,試験_面接,継続（合格）
20233059,s2a313,前田海斗,2025-03-14 01:00:00+00,2025-03-14 02:00:00+00,株式会社ストリーム,インターン,他
20233015,s2a410,池田凛,2025-03-14 01:00:00+00,2025-03-14 01:45:00+00,株式会社シード,試験_面接,不合格
20233011,s2a412,吉田葵,2025-03-14 01:00:00+00,2025-03-14 01:45:00+00,株式会社オーシャン,試験_面接,継続（合格）
20242026,j1a112,松本悠斗,2025-03-14 04:00:00+00,2025-03-14 05:00:00+00,株式会社ベータ,説明会_合,他
20242019,j2a115,田中海斗,2025-03-14 04:00:00+00,2025-03-14 05:30:00+00,株式会社ハーモニー,試験_適正,不合格
20242023,j2a122,吉田大輔,2025-03-14 04:00:00+00,2025-03-14 05:00:00+00,株式会社エッジ,セミナー,他
20224081,r3a205,森葵,2025-03-14 04:00:00+00,2025-03-14 04:45:00+00,株式会社グロース,試験_面接,不合格
20224032,r3a230,中村陸,2025-03-14 04:00:00+00,2025-03-14 04:45:00+00,株式会社グリーン,試験_面接,結果待ち
20233026,s2a107,中村葵,2025-03-14 04:00:00+00,2025-03-14 05:30:00+00,株式会社ミライ,試験_適正,結果待ち
20233047,s2a202,林大輔,2025-03-14 04:00:00+00,2025-03-14 04:45:00+00,株式会社ビジョン,試験_面接,結果待ち
20233031,s2a301,伊藤美咲,2025-03-14 04:00:00+00,2025-03-14 05:30:00+00,株式会社グリーン,試験_適正,不合格
20233043,s2a312,山田花子,2025-03-14 04:00:00+00,2025-03-14 05:00:00+00,株式会社スカイ,説明会_合,他
20233005,s2a411,加藤葵,2025-03-14 04:00:00+00,2025-03-14 05:30:00+00,株式会社ストリーム,試験_適正,不合格
20224026,r3a120,木村葵,2025-03-14 06:00:00+00,2025-03-14 07:00:00+00,株式会社ブリッジ,セミナー,他
20224057,r3a129,田中陽菜,2025-03-14 06:00:00+00,2025-03-14 07:00:00+00,株式会社ユニオン,セミナー,他
20233004,s2a307,山本結衣,2025-03-14 06:00:00+00,2025-03-14 07:00:00+00,株式会社シード,説明会_単,他
20233055,s2a311,伊藤花子,2025-03-14 06:00:00+00,2025-03-14 06:45:00+00,株式会社グロース,試験_面接,継続（合格）
20233051,s2a409,阿部結衣,2025-03-14 06:00:00+00,2025-03-14 07:30:00+00,株式会社パルス,試験_適正,結果待ち
20242042,j1a107,前田葵,2025-03-15 01:00:00+00,2025-03-15 02:30:00+00,株式会社グロース,試験_適正,不合格
20242011,j1a116,林大輔,2025-03-15 01:00:00+00,2025-03-15 02:00:00+00,株式会社エンジン,説明会_合,他
20224078,r3a112,橋本太郎,2025-03-15 01:00:00+00,2025-03-15 02:00:00+00,株式会社マーブル,セミナー,他
20224013,r3a119,井上葵,2025-03-15 01:00:00+00,2025-03-15 02:00:00+00,株式会社デルタ,説明会_合,他
20224074,r3a123,阿部太郎,2025-03-15 01:00:00+00,2025-03-15 01:45:00+00,株式会社ブリッジ,試験_面接,結果待ち
20224085,r3a228,池田健太,2025-03-15 01:00:00+00,2025-03-15 02:00:00+00,株式会社ストリーム,説明会_合,他
20233003,s2a113,山下海斗,2025-03-15 01:00:00+00,2025-03-15 02:00:00+00,株式会社クラフト,説明会_合,他
20233032,s2a308,佐藤葵,2025-03-15 01:00:00+00,2025-03-15 02:00:00+00,株式会社クレスト,説明会_合,他
20224013,r3a119,井上葵,2025-03-15 04:00:00+00,2025-03-15 04:45:00+00,株式会社リーフ,試験_面接,結果待ち
20224080,r3a137,高橋美咲,2025-03-15 04:00:00+00,2025-03-15 05:30:00+00,株式会社ミライ,試験_適正,結果待ち
20224089,r3a214,斎藤直樹,2025-03-15 04:00:00+00,2025-03-15 05:00:00+00,株式会社ガンマ,説明会_合,他
20224061,r3a229,池田優奈,2025-03-15 04:00:00+00,2025-03-15 05:00:00+00,株式会社デルタ,インターン,他
20233026,s2a107,中村葵,2025-03-15 04:00:00+00,2025-03-15 05:30:00+00,株式会社コア,試験_適正,結果待ち
20242015,j1a106,佐藤優奈,2025-03-15 06:00:00+00,2025-03-15 07:00:00+00,株式会社ブリッジ,セミナー,他
20242042,j1a107,前田葵,2025-03-15 06:00:00+00,2025-03-15 06:45:00+00,株式会社テックワークス,試験_面接,結果待ち
20242001,j2a106,山崎直樹,2025-03-15 06:00:00+00,2025-03-15 07:00:00+00,株式会社グリーン,説明会_合,他
20242045,j2a119,山崎翔太,2025-03-15 06:00:00+00,2025-03-15 07:00:00+00,株式会社テックワークス,説明会_単,他
20224049,r3a117,山田遥,2025-03-15 06:00:00+00,2025-03-15 07:30:00+00,株式会社シード,試験_適正,辞退
20224035,r3a127,木村翔太,2025-03-15 06:00:00+00,2025-03-15 06:30:00+00,株式会社アーク,試験_他,内定
20224050,r3a128,池田美咲,2025-03-15 06:00:00+00,2025-03-15 07:30:00+00,株式会社ガンマ,試験_適正,結果待ち
20224072,r3a204,小林美咲,2025-03-15 06:00:00+00,2025-03-15 07:30:00+00,株式会社イプシロン,試験_適正,結果待ち
20224081,r3a205,森葵,2025-03-15 06:00:00+00,2025-03-15 06:45:00+00,株式会社レイヤー,試験_面接,結果待ち
20224065,r3a231,山本杏奈,2025-03-15 06:00:00+00,2025-03-15 06:45:00+00,株式会社グロース,試験_面接,継続（合格）
20233001,s2a201,鈴木杏奈,2025-03-15 06:00:00+00,2025-03-15 07:00:00+00,株式会社エコー,セミナー,他
20233048,s2a413,伊藤葵,2025-03-15 06:00:00+00,2025-03-15 07:30:00+00,株式会社デルタ,試験_適正,結果待ち
20242006,j1a105,森葵,2025-03-16 01:00:00+00,2025-03-16 02:30:00+00,株式会社パルス,試験_適正,結果待ち
20242023,j2a122,吉田大輔,2025-03-16 01:00:00+00,2025-03-16 02:00:00+00,株式会社ストリーム,説明会_合,他
20224077,r3a131,森陽菜,2025-03-16 01:00:00+00,2025-03-16 01:45:00+00,株式会社イノベーション,試験_面接,結果待ち
20224080,r3a137,高橋美咲,2025-03-16 01:00:00+00,2025-03-16 02:00:00+00,株式会社スカイ,説明会_単,他
20224048,r3a209,佐々木凛,2025-03-16 01:00:00+00,2025-03-16 02:00:00+00,株式会社モデスト,セミナー,他
20224082,r3a221,山口優樹,2025-03-16 01:00:00+00,2025-03-16 02:00:00+00,株式会社ブリッジ,インターン,他
20224085,r3a228,池田健太,2025-03-16 01:00:00+00,2025-03-16 01:45:00+00,株式会社ブリッジ,試験_面接,結果待ち
20224061,r3a229,池田優奈,2025-03-16 01:00:00+00,2025-03-16 02:00:00+00,株式会社イノベーション,説明会_単,他
20224007,r3a233,山崎遥,2025-03-16 01:00:00+00,2025-03-16 02:30:00+00,株式会社クラフト,試験_適正,結果待ち
20224083,r3a238,佐々木優奈,2025-03-16 01:00:00+00,2025-03-16 02:00:00+00,株式会社ホライズン,インターン,他
20233033,s2a206,前田直樹,2025-03-16 01:00:00+00,2025-03-16 02:00:00+00,株式会社ライト,説明会_合,他
20233013,s2a304,木村陽菜,2025-03-16 01:00:00+00,2025-03-16 02:00:00+00,株式会社ライト,インターン,他
20242015,j1a106,佐藤優奈,2025-03-16 04:00:00+00,2025-03-16 04:45:00+00,株式会社クレスト,試験_面接,継続（合格）
20242016,j1a108,山崎凛,2025-03-16 04:00:00+00,2025-03-16 04:45:00+00,株式会社ストリーム,試験_面接,結果待ち
20242035,j1a121,山本翔太,2025-03-16 04:00:00+00,2025-03-16 05:30:00+00,株式会社プライム,試験_適正,結果待ち
20224082,r3a221,山口優樹,2025-03-16 04:00:00+00,2025-03-16 04:45:00+00,株式会社クレスト,試験_面接,結果待ち
20224053,r3a234,森拓也,2025-03-16 04:00:00+00,2025-03-16 05:30:00+00,株式会社ビジョン,試験_適正,継続（合格）
20233027,s2a109,吉田凛,2025-03-16 04:00:00+00,2025-03-16 05:30:00+00,株式会社エコー,試験_適正,不合格
20233057,s2a303,加藤直樹,2025-03-16 04:00:00+00,2025-03-16 05:00:00+00,株式会社コア,インターン,他
20233057,s2a303,加藤直樹,2025-03-16 04:00:00+00,2025-03-16 05:00:00+00,株式会社テックワークス,インターン,他
20242015,j1a106,佐藤優奈,2025-03-16 06:00:00+00,2025-03-16 07:00:00+00,株式会社ブリッジ,説明会_単,他
20224013,r3a119,井上葵,2025-03-16 06:00:00+00,2025-03-16 06:45:00+00,株式会社イプシロン,試験_面接,継続（合格）
20224029,r3a124,前田彩香,2025-03-16 06:00:00+00,2025-03-16 07:00:00+00,株式会社ステラ,インターン,他
20224077,r3a131,森陽菜,2025-03-16 06:00:00+00,2025-03-16 07:30:00+00,株式会社レイヤー,試験_適正,不合格
20224067,r3a135,森大輔,2025-03-16 06:00:00+00,2025-03-16 06:45:00+00,株式会社マーブル,試験_面接,辞退
20224051,r3a208,斎藤優奈,2025-03-16 06:00:00+00,2025-03-16 06:45:00+00,株式会社ミライ,試験_面接,結果待ち
20224063,r3a212,阿部優奈,2025-03-16 06:00:00+00,2025-03-16 06:45:00+00,株式会社ホライズン,試験_面接,継続（合格）
20224079,r3a216,池田悠斗,2025-03-16 06:00:00+00,2025-03-16 07:30:00+00,株式会社フロンティア,試験_適正,結果待ち
20224079,r3a216,池田悠斗,2025-03-16 06:00:00+00,2025-03-16 07:00:00+00,株式会社オメガ,説明会_合,他
20224017,r3a217,山崎凛,2025-03-16 06:00:00+00,2025-03-16 07:00:00+00,株式会社ストリーム,インターン,他
20224012,r3a226,佐藤直樹,2025-03-16 06:00:00+00,2025-03-16 07:30:00+00,株式会社ノヴァ,試験_適正,継続（合格）
20233028,s2a212,山田優奈,2025-03-16 06:00:00+00,2025-03-16 07:30:00+00,株式会社シグマ,試験_適正,継続（合格）
20233043,s2a312,山田花子,2025-03-16 06:00:00+00,2025-03-16 07:30:00+00,株式会社ユニオン,試験_適正,不合格
20233053,s2a404,吉田葵,2025-03-16 06:00:00+00,2025-03-16 07:00:00+00,株式会社グロース,セミナー,他
20233011,s2a412,吉田葵,2025-03-16 06:00:00+00,2025-03-16 06:45:00+00,株式会社オーシャン,試験_面接,結果待ち
20242003,j1a104,井上翔太,2025-03-17 01:00:00+00,2025-03-17 01:45:00+00,株式会社フロンティア,試験_面接,結果待ち
20242002,j1a115,藤田花子,2025-03-17 01:00:00+00,2025-03-17 02:00:00+00,株式会社サンライズ,説明会_単,他
20242046,j1a122,田中陸,2025-03-17 01:00:00+00,2025-03-17 02:00:00+00,株式会社イノベーション,セミナー,他
20224045,r3a118,斎藤海斗,2025-03-17 01:00:00+00,2025-03-17 02:00:00+00,株式会社ユニオン,説明会_単,他
20224059,r3a126,橋本美咲,2025-03-17 01:00:00+00,2025-03-17 02:00:00+00,株式会社ストリーム,インターン,他
20224051,r3a208,斎藤優奈,2025-03-17 01:00:00+00,2025-03-17 02:30:00+00,株式会社レイヤー,試験_適正,継続（合格）
20224053,r3a234,森拓也,2025-03-17 01:00:00+00,2025-03-17 02:30:00+00,株式会社イノベーション,試験_適正,辞退
20233036,s2a103,山崎陽菜,2025-03-17 01:00:00+00,2025-03-17 01:45:00+00,株式会社スカイ,試験_面接,継続（合格）
20233026,s2a107,中村葵,2025-03-17 01:00:00+00,2025-03-17 01:45:00+00,株式会社リーフ,試験_面接,不合格
20233042,s2a403,山本花子,2025-03-17 01:00:00+00,2025-03-17 02:00:00+00,株式会社リンク,セミナー,他
20242004,j1a118,木村拓也,2025-03-17 04:00:00+00,2025-03-17 05:00:00+00,株式会社ガンマ,セミナー,他
20242034,j2a101,小林拓也,2025-03-17 04:00:00+00,2025-03-17 05:00:00+00,株式会社シグマ,インターン,他
20242017,j2a102,山田悠斗,2025-03-17 04:00:00+00,2025-03-17 04:45:00+00,株式会社ブルーム,試験_面接,不合格
20224036,r3a108,森彩香,2025-03-17 04:00:00+00,2025-03-17 04:45:00+00,株式会社ハーモニー,試験_面接,継続（合格）
20224068,r3a125,中島陽菜,2025-03-17 04:00:00+00,2025-03-17 04:45:00+00,株式会社シグマ,試験_面接,継続（合格）
20224067,r3a135,森大輔,2025-03-17 04:00:00+00,2025-03-17 05:00:00+00,株式会社マーブル,説明会_単,他
20224048,r3a209,佐々木凛,2025-03-17 04:00:00+00,2025-03-17 05:30:00+00,株式会社モデスト,試験_適正,継続（合格）
20224082,r3a221,山口優樹,2025-03-17 04:00:00+00,2025-03-17 04:45:00+00,株式会社フロンティア,試験_面接,継続（合格）
20224061,r3a229,池田優奈,2025-03-17 04:00:00+00,2025-03-17 05:30:00+00,株式会社イノベーション,試験_適正,結果待ち
20233001,s2a201,鈴木杏奈,2025-03-17 04:00:00+00,2025-03-17 04:45:00+00,株式会社エコー,試験_面接,結果待ち
20233051,s2a409,阿部結衣,2025-03-17 04:00:00+00,2025-03-17 05:00:00+00,株式会社ミライ,説明会_単,他
20242025,j2a116,林遥,2025-03-17 06:00:00+00,2025-03-17 06:45:00+00,株式会社リーフ,試験_面接,不合格
20224034,r3a115,池田優奈,2025-03-17 06:00:00+00,2025-03-17 07:00:00+00,株式会社モデスト,説明会_合,他
20224013,r3a119,井上葵,2025-03-17 06:00:00+00,2025-03-17 06:45:00+00,株式会社ブリッジ,試験_面接,不合格
20224065,r3a231,山本杏奈,2025-03-17 06:00:00+00,2025-03-17 07:00:00+00,株式会社グロース,内定後活動,内定
20233016,s2a108,中村拓也,2025-03-17 06:00:00+00,2025-03-17 07:00:00+00,株式会社プライム,説明会_合,他
20233023,s2a211,斎藤凛,2025-03-17 06:00:00+00,2025-03-17 07:00:00+00,株式会社フロンティア,インターン,他
20233017,s2a306,山下杏奈,2025-03-17 06:00:00+00,2025-03-17 07:00:00+00,株式会社レイヤー,インターン,他
20233055,s2a311,伊藤花子,2025-03-17 06:00:00+00,2025-03-17 06:45:00+00,株式会社ガンマ,試験_面接,結果待ち
20242004,j1a118,木村拓也,2025-03-18 01:00:00+00,2025-03-18 02:00:00+00,株式会社ハーモニー,説明会_単,他
20242004,j1a118,木村拓也,2025-03-18 01:00:00+00,2025-03-18 01:45:00+00,株式会社テックワークス,試験_面接,結果待ち
20242009,j2a113,藤田凛,2025-03-18 01:00:00+00,2025-03-18 02:30:00+00,株式会社ベータ,試験_適正,継続（合格）
20224058,r3a113,山下美咲,2025-03-18 01:00:00+00,2025-03-18 02:00:00+00,株式会社オメガ,説明会_単,他
20224059,r3a126,橋本美咲,2025-03-18 01:00:00+00,2025-03-18 02:30:00+00,株式会社グロース,試験_適正,結果待ち
20224050,r3a128,池田美咲,2025-03-18 01:00:00+00,2025-03-18 02:30:00+00,株式会社ブルーム,試験_適正,不合格
20224067,r3a135,森大輔,2025-03-18 01:00:00+00,2025-03-18 02:00:00+00,株式会社モデスト,説明会_合,他
20224081,r3a205,森葵,2025-03-18 01:00:00+00,2025-03-18 02:30:00+00,株式会社サンライズ,試験_適正,結果待ち
20224089,r3a214,斎藤直樹,2025-03-18 01:00:00+00,2025-03-18 01:30:00+00,株式会社オービット,試験_他,内定
20224070,r3a219,加藤結衣,2025-03-18 01:00:00+00,2025-03-18 02:30:00+00,株式会社プライム,試験_適正,結果待ち
20233031,s2a301,伊藤美咲,2025-03-18 01:00:00+00,2025-03-18 02:00:00+00,株式会社グリーン,説明会_合,他
20233032,s2a308,佐藤葵,2025-03-18 01:00:00+00,2025-03-18 01:45:00+00,株式会社オメガ,試験_面接,継続（合格）
20242012,j2a112,前田陸,2025-03-18 04:00:00+00,2025-03-18 05:00:00+00,株式会社パルス,説明会_単,他
20242020,j2a121,伊藤陽菜,2025-03-18 04:00:00+00,2025-03-18 04:45:00+00,株式会社サンライズ,試験_面接,結果待ち
20224001,r3a111,阿部杏奈,2025-03-18 04:00:00+00,2025-03-18 05:30:00+00,株式会社プライム,試験_適正,継続（合格）
20224058,r3a113,山下美咲,2025-03-18 04:00:00+00,2025-03-18 04:45:00+00,株式会社ステラ,試験_面接,継続（合格）
20224039,r3a133,鈴木遥,2025-03-18 04:00:00+00,2025-03-18 04:45:00+00,株式会社スカイ,試験_面接,継続（合格）
20224064,r3a140,池田大輔,2025-03-18 04:00:00+00,2025-03-18 05:00:00+00,株式会社フォーカス,説明会_合,他
20224048,r3a209,佐々木凛,2025-03-18 04:00:00+00,2025-03-18 05:00:00+00,株式会社ビジョン,説明会_合,他
20233056,s2a104,阿部悠斗,2025-03-18 04:00:00+00,2025-03-18 04:45:00+00,株式会社ミライ,試験_面接,結果待ち
20233039,s2a105,伊藤結衣,2025-03-18 04:00:00+00,2025-03-18 05:00:00+00,株式会社ストリーム,インターン,他
20233016,s2a108,中村拓也,2025-03-18 04:00:00+00,2025-03-18 04:45:00+00,株式会社オメガ,試験_面接,結果待ち
20233049,s2a205,田中杏奈,2025-03-18 04:00:00+00,2025-03-18 04:45:00+00,株式会社オーシャン,試験_面接,結果待ち
20233017,s2a306,山下杏奈,2025-03-18 04:00:00+00,2025-03-18 05:30:00+00,株式会社ミライ,試験_適正,結果待ち
20233011,s2a412,吉田葵,2025-03-18 04:00:00+00,2025-03-18 04:45:00+00,株式会社クロス,試験_面接,結果待ち
20242020,j2a121,伊藤陽菜,2025-03-18 06:00:00+00,2025-03-18 07:00:00+00,株式会社アトラス,セミナー,他
20224088,r3a105,山本大輔,2025-03-18 06:00:00+00,2025-03-18 06:45:00+00,株式会社フォース,試験_面接,結果待ち
20224035,r3a127,木村翔太,2025-03-18 06:00:00+00,2025-03-18 07:30:00+00,株式会社フロンティア,試験_適正,継続（合格）
20224050,r3a128,池田美咲,2025-03-18 06:00:00+00,2025-03-18 07:00:00+00,株式会社ブルーム,インターン,他
20224051,r3a208,斎藤優奈,2025-03-18 06:00:00+00,2025-03-18 07:00:00+00,株式会社レイヤー,説明会_単,他
20224052,r3a211,池田花子,2025-03-18 06:00:00+00,2025-03-18 07:00:00+00,株式会社アーク,インターン,他
20233019,s2a106,佐藤翔太,2025-03-18 06:00:00+00,2025-03-18 07:00:00+00,株式会社イノベーション,説明会_合,他
20233049,s2a205,田中杏奈,2025-03-18 06:00:00+00,2025-03-18 06:45:00+00,株式会社エンジン,試験_面接,結果待ち
20233030,s2a207,中島健太,2025-03-18 06:00:00+00,2025-03-18 06:45:00+00,株式会社フォーカス,試験_面接,結果待ち
20233013,s2a304,木村陽菜,2025-03-18 06:00:00+00,2025-03-18 07:30:00+00,株式会社ブリッジ,試験_適正,結果待ち
20233005,s2a411,加藤葵,2025-03-18 06:00:00+00,2025-03-18 07:00:00+00,株式会社ユニオン,説明会_単,他
20242039,j1a113,山崎遥,2025-03-19 01:00:00+00,2025-03-19 01:45:00+00,株式会社エンジン,試験_面接,継続（合格）
20242011,j1a116,林大輔,2025-03-19 01:00:00+00,2025-03-19 02:00:00+00,株式会社オービット,セミナー,他
20242017,j2a102,山田悠斗,2025-03-19 01:00:00+00,2025-03-19 02:30:00+00,株式会社フロンティア,試験_適正,不合格
20242027,j2a108,木村拓也,2025-03-19 01:00:00+00,2025-03-19 01:45:00+00,株式会社レイヤー,試験_面接,結果待ち
20242041,j2a118,藤田太郎,2025-03-19 01:00:00+00,2025-03-19 02:00:00+00,株式会社ブルーム,インターン,他
20224036,r3a108,森彩香,2025-03-19 01:00:00+00,2025-03-19 02:00:00+00,株式会社ハーモニー,説明会_単,他
20224013,r3a119,井上葵,2025-03-19 01:00:00+00,2025-03-19 01:45:00+00,株式会社イプシロン,試験_面接,不合格
20224082,r3a221,山口優樹,2025-03-19 01:00:00+00,2025-03-19 02:30:00+00,株式会社ストリーム,試験_適正,継続（合格）
20224032,r3a230,中村陸,2025-03-19 01:00:00+00,2025-03-19 01:45:00+00,株式会社ホライズン,試験_面接,結果待ち
20224019,r3a232,池田健太,2025-03-19 01:00:00+00,2025-03-19 02:00:00+00,株式会社モデスト,インターン,他
20224083,r3a238,佐々木優奈,2025-03-19 01:00:00+00,2025-03-19 01:45:00+00,株式会社ホライズン,試験_面接,結果待ち
20233007,s2a209,森海斗,2025-03-19 01:00:00+00,2025-03-19 02:30:00+00,株式会社リーフ,試験_適正,継続（合格）
20233057,s2a303,加藤直樹,2025-03-19 01:00:00+00,2025-03-19 02:30:00+00,株式会社テックワークス,試験_適正,継続（合格）
20233043,s2a312,山田花子,2025-03-19 01:00:00+00,2025-03-19 02:30:00+00,株式会社ビジョン,試験_適正,結果待ち
20233005,s2a411,加藤葵,2025-03-19 01:00:00+00,2025-03-19 01:45:00+00,株式会社ユニオン,試験_面接,結果待ち
20242003,j1a104,井上翔太,2025-03-19 04:00:00+00,2025-03-19 04:45:00+00,株式会社フォーカス,試験_面接,結果待ち
20242007,j1a109,加藤翔太,2025-03-19 04:00:00+00,2025-03-19 04:45:00+00,株式会社ガンマ,試験_面接,結果待ち
20242029,j1a119,中島結衣,2025-03-19 04:00:00+00,2025-03-19 05:30:00+00,株式会社クレスト,試験_適正,継続（合格）
20242043,j2a105,木村健太,2025-03-19 04:00:00+00,2025-03-19 05:30:00+00,株式会社アーク,試験_適正,結果待ち
20224038,r3a224,中島美咲,2025-03-19 04:00:00+00,2025-03-19 04:45:00+00,株式会社イプシロン,試験_面接,継続（合格）
20224032,r3a230,中村陸,2025-03-19 04:00:00+00,2025-03-19 04:45:00+00,株式会社ビジョン,試験_面接,継続（合格）
20233020,s2a208,加藤直樹,2025-03-19 04:00:00+00,2025-03-19 04:45:00+00,株式会社ハーモニー,試験_面接,結果待ち
20233004,s2a307,山本結衣,2025-03-19 04:00:00+00,2025-03-19 05:30:00+00,株式会社アーク,試験_適正,結果待ち
20242015,j1a106,佐藤優奈,2025-03-19 06:00:00+00,2025-03-19 06:45:00+00,株式会社クレスト,試験_面接,継続（合格）
20242049,j2a110,木村結衣,2025-03-19 06:00:00+00,2025-03-19 06:45:00+00,株式会社アビリティ,試験_面接,不合格
20224068,r3a125,中島陽菜,2025-03-19 06:00:00+00,2025-03-19 07:30:00+00,株式会社アセント,試験_適正,不合格
20224057,r3a129,田中陽菜,2025-03-19 06:00:00+00,2025-03-19 07:00:00+00,株式会社エッジ,セミナー,他
20224053,r3a234,森拓也,2025-03-19 06:00:00+00,2025-03-19 06:45:00+00,株式会社ビジョン,試験_面接,結果待ち
20233013,s2a304,木村陽菜,2025-03-19 06:00:00+00,2025-03-19 06:45:00+00,株式会社ライト,試験_面接,結果待ち
20233060,s2a305,鈴木翔太,2025-03-19 06:00:00+00,2025-03-19 06:45:00+00,株式会社グロース,試験_面接,継続（合格）
20233060,s2a305,鈴木翔太,2025-03-19 06:00:00+00,2025-03-19 07:00:00+00,株式会社グロース,説明会_単,他
20233032,s2a308,佐藤葵,2025-03-19 06:00:00+00,2025-03-19 07:30:00+00,株式会社リンク,試験_適正,継続（合格）
20233052,s2a309,伊藤杏奈,2025-03-19 06:00:00+00,2025-03-19 06:45:00+00,株式会社イノベーション,試験_面接,不合格
20242042,j1a107,前田葵,2025-03-20 01:00:00+00,2025-03-20 02:30:00+00,株式会社フォーカス,試験_適正,継続（合格）
20224049,r3a117,山田遥,2025-03-20 01:00:00+00,2025-03-20 02:00:00+00,株式会社エッジ,インターン,他
20224072,r3a204,小林美咲,2025-03-20 01:00:00+00,2025-03-20 02:30:00+00,株式会社スカイ,試験_適正,結果待ち
20224056,r3a218,山本陸,2025-03-20 01:00:00+00,2025-03-20 01:45:00+00,株式会社ハーモニー,試験_面接,結果待ち
20224085,r3a228,池田健太,2025-03-20 01:00:00+00,2025-03-20 01:45:00+00,株式会社レイヤー,試験_面接,結果待ち
20233049,s2a205,田中杏奈,2025-03-20 01:00:00+00,2025-03-20 02:00:00+00,株式会社テックワークス,インターン,他
20233035,s2a210,石川優樹,2025-03-20 01:00:00+00,2025-03-20 01:45:00+00,株式会社ビジョン,試験_面接,結果待ち
20233017,s2a306,山下杏奈,2025-03-20 01:00:00+00,2025-03-20 02:00:00+00,株式会社ガンマ,説明会_単,他
20233032,s2a308,佐藤葵,2025-03-20 01:00:00+00,2025-03-20 01:30:00+00,株式会社オメガ,試験_他,内定
20242014,j1a103,池田優奈,2025-03-20 04:00:00+00,2025-03-20 05:30:00+00,株式会社ハーモニー,試験_適正,継続（合格）
20242006,j1a105,森葵,2025-03-20 04:00:00+00,2025-03-20 04:45:00+00,株式会社デルタ,試験_面接,結果待ち
20242016,j1a108,山崎凛,2025-03-20 04:00:00+00,2025-03-20 05:30:00+00,株式会社イプシロン,試験_適正,結果待ち
20242004,j1a118,木村拓也,2025-03-20 04:00:00+00,2025-03-20 04:45:00+00,株式会社エッジ,試験_面接,不合格
20242029,j1a119,中島結衣,2025-03-20 04:00:00+00,2025-03-20 04:45:00+00,株式会社サンライズ,試験_面接,継続（合格）
20242029,j1a119,中島結衣,2025-03-20 04:00:00+00,2025-03-20 05:00:00+00,株式会社クレスト,説明会_単,他
20242049,j2a110,木村結衣,2025-03-20 04:00:00+00,2025-03-20 05:00:00+00,株式会社ブリッジ,セミナー,他
20242008,j2a111,橋本太郎,2025-03-20 04:00:00+00,2025-03-20 04:45:00+00,株式会社アセント,試験_面接,結果待ち
20242045,j2a119,山崎翔太,2025-03-20 04:00:00+00,2025-03-20 05:00:00+00,株式会社テックワークス,説明会_合,他
20224002,r3a114,山本陽菜,2025-03-20 04:00:00+00,2025-03-20 05:00:00+00,株式会社オメガ,説明会_単,他
20224050,r3a128,池田美咲,2025-03-20 04:00:00+00,2025-03-20 05:30:00+00,株式会社リンク,試験_適正,結果待ち
20224076,r3a202,木村葵,2025-03-20 04:00:00+00,2025-03-20 05:30:00+00,株式会社クラフト,試験_適正,辞退
20224052,r3a211,池田花子,2025-03-20 04:00:00+00,2025-03-20 04:45:00+00,株式会社フォーカス,試験_面接,結果待ち
20233006,s2a110,池田彩香,2025-03-20 04:00:00+00,2025-03-20 05:00:00+00,株式会社ホライズン,セミナー,他
20233047,s2a202,林大輔,2025-03-20 04:00:00+00,2025-03-20 05:30:00+00,株式会社ビジョン,試験_適正,継続（合格）
20233035,s2a210,石川優樹,2025-03-20 04:00:00+00,2025-03-20 04:45:00+00,株式会社ビジョン,試験_面接,継続（合格）
20233023,s2a211,斎藤凛,2025-03-20 04:00:00+00,2025-03-20 04:45:00+00,株式会社ブルーム,試験_面接,結果待ち
20233021,s2a214,高橋拓也,2025-03-20 04:00:00+00,2025-03-20 05:30:00+00,株式会社イノベーション,試験_適正,継続（合格）
20233060,s2a305,鈴木翔太,2025-03-20 04:00:00+00,2025-03-20 04:45:00+00,株式会社グロース,試験_面接,継続（合格）
20233043,s2a312,山田花子,2025-03-20 04:00:00+00,2025-03-20 04:45:00+00,株式会社スカイ,試験_面接,継続（合格）
20233042,s2a403,山本花子,2025-03-20 04:00:00+00,2025-03-20 04:45:00+00,株式会社リンク,試験_面接,継続（合格）
20242033,j1a101,山下健太,2025-03-20 06:00:00+00,2025-03-20 07:30:00+00,株式会社デルタ,試験_適正,結果待ち
20242014,j1a103,池田優奈,2025-03-20 06:00:00+00,2025-03-20 07:00:00+00,株式会社ハーモニー,インターン,他
20242014,j1a103,池田優奈,2025-03-20 06:00:00+00,2025-03-20 06:45:00+00,株式会社フロンティア,試験_面接,結果待ち
20242026,j1a112,松本悠斗,2025-03-20 06:00:00+00,2025-03-20 07:00:00+00,株式会社ベータ,セミナー,他
20242002,j1a115,藤田花子,2025-03-20 06:00:00+00,2025-03-20 06:45:00+00,株式会社フォーカス,試験_面接,結果待ち
20242029,j1a119,中島結衣,2025-03-20 06:00:00+00,2025-03-20 06:45:00+00,株式会社ベータ,試験_面接,不合格
20242008,j2a111,橋本太郎,2025-03-20 06:00:00+00,2025-03-20 07:30:00+00,株式会社コア,試験_適正,結果待ち
20242008,j2a111,橋本太郎,2025-03-20 06:00:00+00,2025-03-20 07:00:00+00,株式会社クレスト,セミナー,他
20224010,r3a109,斎藤杏奈,2025-03-20 06:00:00+00,2025-03-20 07:30:00+00,株式会社サンライズ,試験_適正,結果待ち
20224073,r3a110,藤田大輔,2025-03-20 06:00:00+00,2025-03-20 06:45:00+00,株式会社コア,試験_面接,不合格
20224034,r3a115,池田優奈,2025-03-20 06:00:00+00,2025-03-20 06:45:00+00,株式会社ハーモニー,試験_面接,結果待ち
20224067,r3a135,森大輔,2025-03-20 06:00:00+00,2025-03-20 07:00:00+00,株式会社ステラ,セミナー,他
20224053,r3a234,森拓也,2025-03-20 06:00:00+00,2025-03-20 06:45:00+00,株式会社ビジョン,試験_面接,継続（合格）
20224005,r3a236,加藤優奈,2025-03-20 06:00:00+00,2025-03-20 07:00:00+00,株式会社コア,説明会_合,他
20233027,s2a109,吉田凛,2025-03-20 06:00:00+00,2025-03-20 07:30:00+00,株式会社ビジョン,試験_適正,結果待ち
20233022,s2a114,木村杏奈,2025-03-20 06:00:00+00,2025-03-20 07:00:00+00,株式会社フォース,インターン,他
20233028,s2a212,山田優奈,2025-03-20 06:00:00+00,2025-03-20 07:00:00+00,株式会社スカイ,内定後活動,内定
20242003,j1a104,井上翔太,2025-03-21 01:00:00+00,2025-03-21 02:00:00+00,株式会社フロンティア,説明会_単,他
20242039,j1a113,山崎遥,2025-03-21 01:00:00+00,2025-03-21 02:00:00+00,株式会社サンライズ,説明会_単,他
20224036,r3a108,森彩香,2025-03-21 01:00:00+00,2025-03-21 02:00:00+00,株式会社テックワークス,セミナー,他
20224073,r3a110,藤田大輔,2025-03-21 01:00:00+00,2025-03-21 01:45:00+00,株式会社パルス,試験_面接,結果待ち
20224074,r3a123,阿部太郎,2025-03-21 01:00:00+00,2025-03-21 02:00:00+00,株式会社グロース,説明会_単,他
20224085,r3a228,池田健太,2025-03-21 01:00:00+00,2025-03-21 02:30:00+00,株式会社イノベーション,試験_適正,継続（合格）
20224032,r3a230,中村陸,2025-03-21 01:00:00+00,2025-03-21 02:30:00+00,株式会社フロンティア,試験_適正,不合格
20224015,r3a235,鈴木優樹,2025-03-21 01:00:00+00,2025-03-21 02:00:00+00,株式会社アビリティ,説明会_単,他
20233058,s2a204,中村花子,2025-03-21 01:00:00+00,2025-03-21 01:45:00+00,株式会社フロンティア,試験_面接,結果待ち
20233033,s2a206,前田直樹,2025-03-21 01:00:00+00,2025-03-21 02:30:00+00,株式会社ライト,試験_適正,継続（合格）
20233028,s2a212,山田優奈,2025-03-21 01:00:00+00,2025-03-21 01:45:00+00,株式会社クラフト,試験_面接,継続（合格）
20233021,s2a214,高橋拓也,2025-03-21 01:00:00+00,2025-03-21 02:30:00+00,株式会社クロス,試験_適正,結果待ち
20233010,s2a302,斎藤葵,2025-03-21 01:00:00+00,2025-03-21 02:30:00+00,株式会社エコー,試験_適正,結果待ち
20233052,s2a309,伊藤杏奈,2025-03-21 01:00:00+00,2025-03-21 01:45:00+00,株式会社イノベーション,試験_面接,継続（合格）
20233042,s2a403,山本花子,2025-03-21 01:00:00+00,2025-03-21 02:00:00+00,株式会社ストリーム,説明会_単,他
20242044,j1a117,中島悠斗,2025-03-21 04:00:00+00,2025-03-21 04:45:00+00,株式会社ストリーム,試験_面接,継続（合格）
20242044,j1a117,中島悠斗,2025-03-21 04:00:00+00,2025-03-21 05:00:00+00,株式会社ストリーム,インターン,他
20242004,j1a118,木村拓也,2025-03-21 04:00:00+00,2025-03-21 05:00:00+00,株式会社エッジ,説明会_単,他
20242029,j1a119,中島結衣,2025-03-21 04:00:00+00,2025-03-21 05:00:00+00,株式会社サンライズ,説明会_合,他
20242046,j1a122,田中陸,2025-03-21 04:00:00+00,2025-03-21 04:45:00+00,株式会社エンジン,試験_面接,不合格
20224034,r3a115,池田優奈,2025-03-21 04:00:00+00,2025-03-21 05:30:00+00,株式会社モデスト,試験_適正,不合格
20224057,r3a129,田中陽菜,2025-03-21 04:00:00+00,2025-03-21 04:45:00+00,株式会社フォーカス,試験_面接,結果待ち
20224052,r3a211,池田花子,2025-03-21 04:00:00+00,2025-03-21 05:00:00+00,株式会社アルファ,セミナー,他
20233047,s2a202,林大輔,2025-03-21 04:00:00+00,2025-03-21 05:00:00+00,株式会社ノヴァ,説明会_合,他
20233007,s2a209,森海斗,2025-03-21 04:00:00+00,2025-03-21 04:45:00+00,株式会社リーフ,試験_面接,結果待ち
20233041,s2a213,井上陸,2025-03-21 04:00:00+00,2025-03-21 04:45:00+00,株式会社リンク,試験_面接,継続（合格）
20233013,s2a304,木村陽菜,2025-03-21 04:00:00+00,2025-03-21 05:00:00+00,株式会社ガンマ,説明会_単,他
20242027,j2a108,木村拓也,2025-03-21 06:00:00+00,2025-03-21 07:00:00+00,株式会社ユニオン,説明会_単,他
20224077,r3a131,森陽菜,2025-03-21 06:00:00+00,2025-03-21 07:00:00+00,株式会社レイヤー,インターン,他
20224080,r3a137,高橋美咲,2025-03-21 06:00:00+00,2025-03-21 07:00:00+00,株式会社アビリティ,説明会_合,他
20224081,r3a205,森葵,2025-03-21 06:00:00+00,2025-03-21 07:30:00+00,株式会社コア,試験_適正,不合格
20224089,r3a214,斎藤直樹,2025-03-21 06:00:00+00,2025-03-21 06:45:00+00,株式会社ガンマ,試験_面接,不合格
20224082,r3a221,山口優樹,2025-03-21 06:00:00+00,2025-03-21 06:45:00+00,株式会社ブリッジ,試験_面接,不合格
20233026,s2a107,中村葵,2025-03-21 06:00:00+00,2025-03-21 07:00:00+00,株式会社イノベーション,セミナー,他
20233001,s2a201,鈴木杏奈,2025-03-21 06:00:00+00,2025-03-21 06:45:00+00,株式会社ガンマ,試験_面接,結果待ち
20242007,j1a109,加藤翔太,2025-03-22 01:00:00+00,2025-03-22 02:00:00+00,株式会社ガンマ,インターン,他
20242044,j1a117,中島悠斗,2025-03-22 01:00:00+00,2025-03-22 01:45:00+00,株式会社ストリーム,試験_面接,不合格
20242001,j2a106,山崎直樹,2025-03-22 01:00:00+00,2025-03-22 01:45:00+00,株式会社グリーン,試験_面接,継続（合格）
20242001,j2a106,山崎直樹,2025-03-22 01:00:00+00,2025-03-22 02:00:00+00,株式会社ブリッジ,説明会_単,他
20242001,j2a106,山崎直樹,2025-03-22 01:00:00+00,2025-03-22 01:45:00+00,株式会社アトラス,試験_面接,不合格
20242045,j2a119,山崎翔太,2025-03-22 01:00:00+00,2025-03-22 01:45:00+00,株式会社フロンティア,試験_面接,結果待ち
20242020,j2a121,伊藤陽菜,2025-03-22 01:00:00+00,2025-03-22 01:45:00+00,株式会社グロース,試験_面接,不合格
20242020,j2a121,伊藤陽菜,2025-03-22 01:00:00+00,2025-03-22 01:45:00+00,株式会社フォース,試験_面接,不合格
20224033,r3a206,林葵,2025-03-22 01:00:00+00,2025-03-22 02:30:00+00,株式会社リンク,試験_適正,結果待ち
20233056,s2a104,阿部悠斗,2025-03-22 01:00:00+00,2025-03-22 02:30:00+00,株式会社ハーモニー,試験_適正,不合格
20233007,s2a209,森海斗,2025-03-22 01:00:00+00,2025-03-22 02:00:00+00,株式会社リーフ,説明会_合,他
20233057,s2a303,加藤直樹,2025-03-22 01:00:00+00,2025-03-22 01:45:00+00,株式会社テックワークス,試験_面接,結果待ち
20233054,s2a401,山本陽菜,2025-03-22 01:00:00+00,2025-03-22 01:45:00+00,株式会社サンライズ,試験_面接,結果待ち
20233042,s2a403,山本花子,2025-03-22 01:00:00+00,2025-03-22 02:30:00+00,株式会社ミライ,試験_適正,継続（合格）
20233005,s2a411,加藤葵,2025-03-22 01:00:00+00,2025-03-22 02:00:00+00,株式会社ルミナス,説明会_合,他
20242022,j1a114,佐藤彩香,2025-03-22 04:00:00+00,2025-03-22 05:30:00+00,株式会社ストリーム,試験_適正,結果待ち
20224074,r3a123,阿部太郎,2025-03-22 04:00:00+00,2025-03-22 04:45:00+00,株式会社ネクスト,試験_面接,不合格
20224033,r3a206,林葵,2025-03-22 04:00:00+00,2025-03-22 04:45:00+00,株式会社パルス,試験_面接,不合格
20224051,r3a208,斎藤優奈,2025-03-22 04:00:00+00,2025-03-22 04:45:00+00,株式会社レイヤー,試験_面接,継続（合格）
20224005,r3a236,加藤優奈,2025-03-22 04:00:00+00,2025-03-22 04:45:00+00,株式会社アビリティ,試験_面接,結果待ち
20233019,s2a106,佐藤翔太,2025-03-22 04:00:00+00,2025-03-22 05:00:00+00,株式会社アーク,セミナー,他
20233026,s2a107,中村葵,2025-03-22 04:00:00+00,2025-03-22 05:00:00+00,株式会社ミライ,説明会_合,他
20233007,s2a209,森海斗,2025-03-22 04:00:00+00,2025-03-22 04:45:00+00,株式会社リーフ,試験_面接,継続（合格）
20233017,s2a306,山下杏奈,2025-03-22 04:00:00+00,2025-03-22 04:45:00+00,株式会社ガンマ,試験_面接,継続（合格）
20242046,j1a122,田中陸,2025-03-22 06:00:00+00,2025-03-22 07:00:00+00,株式会社エンジン,インターン,他
20242017,j2a102,山田悠斗,2025-03-22 06:00:00+00,2025-03-22 07:00:00+00,株式会社ブルーム,説明会_合,他
20242045,j2a119,山崎翔太,2025-03-22 06:00:00+00,2025-03-22 07:30:00+00,株式会社ブルーム,試験_適正,不合格
20242023,j2a122,吉田大輔,2025-03-22 06:00:00+00,2025-03-22 06:45:00+00,株式会社ビジョン,試験_面接,継続（合格）
20224021,r3a121,鈴木優樹,2025-03-22 06:00:00+00,2025-03-22 07:00:00+00,株式会社サンライズ,内定後活動,内定
20224035,r3a127,木村翔太,2025-03-22 06:00:00+00,2025-03-22 06:45:00+00,株式会社ストリーム,試験_面接,不合格
20224003,r3a203,加藤悠斗,2025-03-22 06:00:00+00,2025-03-22 06:45:00+00,株式会社イプシロン,試験_面接,継続（合格）
20224048,r3a209,佐々木凛,2025-03-22 06:00:00+00,2025-03-22 06:45:00+00,株式会社モデスト,試験_面接,結果待ち
20224082,r3a221,山口優樹,2025-03-22 06:00:00+00,2025-03-22 06:45:00+00,株式会社エンジン,試験_面接,不合格
20224085,r3a228,池田健太,2025-03-22 06:00:00+00,2025-03-22 06:45:00+00,株式会社ステラ,試験_面接,継続（合格）
20224053,r3a234,森拓也,2025-03-22 06:00:00+00,2025-03-22 07:00:00+00,株式会社ビジョン,セミナー,他
20224005,r3a236,加藤優奈,2025-03-22 06:00:00+00,2025-03-22 07:00:00+00,株式会社コア,説明会_単,他
20233026,s2a107,中村葵,2025-03-22 06:00:00+00,2025-03-22 07:00:00+00,株式会社ミライ,インターン,他
20233003,s2a113,山下海斗,2025-03-22 06:00:00+00,2025-03-22 07:30:00+00,株式会社グリーン,試験_適正,継続（合格）
20233032,s2a308,佐藤葵,2025-03-22 06:00:00+00,2025-03-22 06:45:00+00,株式会社ベータ,試験_面接,不合格
20233024,s2a310,松本陸,2025-03-22 06:00:00+00,2025-03-22 07:30:00+00,株式会社レイヤー,試験_適正,結果待ち
20233043,s2a312,山田花子,2025-03-22 06:00:00+00,2025-03-22 07:00:00+00,株式会社シード,説明会_合,他
20242027,j2a108,木村拓也,2025-03-23 01:00:00+00,2025-03-23 02:00:00+00,株式会社レイヤー,セミナー,他
20224045,r3a118,斎藤海斗,2025-03-23 01:00:00+00,2025-03-23 01:45:00+00,株式会社ブルーム,試験_面接,不合格
20224074,r3a123,阿部太郎,2025-03-23 01:00:00+00,2025-03-23 01:45:00+00,株式会社グロース,試験_面接,結果待ち
20224068,r3a125,中島陽菜,2025-03-23 01:00:00+00,2025-03-23 01:45:00+00,株式会社リーフ,試験_面接,結果待ち
20224035,r3a127,木村翔太,2025-03-23 01:00:00+00,2025-03-23 01:45:00+00,株式会社ストリーム,試験_面接,継続（合格）
20224028,r3a136,山下優樹,2025-03-23 01:00:00+00,2025-03-23 01:45:00+00,株式会社アビリティ,試験_面接,結果待ち
20224017,r3a217,山崎凛,2025-03-23 01:00:00+00,2025-03-23 02:00:00+00,株式会社クラフト,セミナー,他
20224075,r3a220,佐々木拓也,2025-03-23 01:00:00+00,2025-03-23 02:00:00+00,株式会社フォーカス,説明会_単,他
20224085,r3a228,池田健太,2025-03-23 01:00:00+00,2025-03-23 01:45:00+00,株式会社レイヤー,試験_面接,継続（合格）
20233023,s2a211,斎藤凛,2025-03-23 01:00:00+00,2025-03-23 02:00:00+00,株式会社イプシロン,セミナー,他
20233010,s2a302,斎藤葵,2025-03-23 01:00:00+00,2025-03-23 01:45:00+00,株式会社シード,試験_面接,結果待ち
20233052,s2a309,伊藤杏奈,2025-03-23 01:00:00+00,2025-03-23 02:00:00+00,株式会社モデスト,セミナー,他
20233053,s2a404,吉田葵,2025-03-23 01:00:00+00,2025-03-23 02:30:00+00,株式会社グロース,試験_適正,結果待ち
20233015,s2a410,池田凛,2025-03-23 01:00:00+00,2025-03-23 02:00:00+00,株式会社シード,説明会_単,他
20242011,j1a116,林大輔,2025-03-23 04:00:00+00,2025-03-23 05:00:00+00,株式会社ノヴァ,インターン,他
20224001,r3a111,阿部杏奈,2025-03-23 04:00:00+00,2025-03-23 05:00:00+00,株式会社ブリッジ,セミナー,他
20224013,r3a119,井上葵,2025-03-23 04:00:00+00,2025-03-23 04:45:00+00,株式会社イプシロン,試験_面接,継続（合格）
20224039,r3a133,鈴木遥,2025-03-23 04:00:00+00,2025-03-23 05:30:00+00,株式会社ブリッジ,試験_適正,不合格
20224033,r3a206,林葵,2025-03-23 04:00:00+00,2025-03-23 04:45:00+00,株式会社ベータ,試験_面接,継続（合格）
20233041,s2a213,井上陸,2025-03-23 04:00:00+00,2025-03-23 05:00:00+00,株式会社イプシロン,説明会_単,他
20233015,s2a410,池田凛,2025-03-23 04:00:00+00,2025-03-23 04:30:00+00,株式会社モデスト,試験_他,内定
20233048,s2a413,伊藤葵,2025-03-23 04:00:00+00,2025-03-23 05:30:00+00,株式会社ユニオン,試験_適正,不合格
20242006,j1a105,森葵,2025-03-23 06:00:00+00,2025-03-23 07:30:00+00,株式会社デルタ,試験_適正,継続（合格）
20242006,j1a105,森葵,2025-03-23 06:00:00+00,2025-03-23 07:00:00+00,株式会社ガンマ,説明会_合,他
20242039,j1a113,山崎遥,2025-03-23 06:00:00+00,2025-03-23 07:00:00+00,株式会社エンジン,説明会_単,他
20224046,r3a106,山口結衣,2025-03-23 06:00:00+00,2025-03-23 07:30:00+00,株式会社クレスト,試験_適正,結果待ち
20224001,r3a111,阿部杏奈,2025-03-23 06:00:00+00,2025-03-23 07:00:00+00,株式会社コア,セミナー,他
20224013,r3a119,井上葵,2025-03-23 06:00:00+00,2025-03-23 06:45:00+00,株式会社デルタ,試験_面接,結果待ち
20224067,r3a135,森大輔,2025-03-23 06:00:00+00,2025-03-23 06:45:00+00,株式会社ステラ,試験_面接,不合格
20224070,r3a219,加藤結衣,2025-03-23 06:00:00+00,2025-03-23 06:45:00+00,株式会社ミライ,試験_面接,継続（合格）
20224038,r3a224,中島美咲,2025-03-23 06:00:00+00,2025-03-23 06:45:00+00,株式会社イプシロン,試験_面接,結果待ち
20233046,s2a112,中島遥,2025-03-23 06:00:00+00,2025-03-23 07:30:00+00,株式会社グロース,試験_適正,結果待ち
20233033,s2a206,前田直樹,2025-03-23 06:00:00+00,2025-03-23 07:00:00+00,株式会社エッジ,説明会_単,他
20233028,s2a212,山田優奈,2025-03-23 06:00:00+00,2025-03-23 06:45:00+00,株式会社クラフト,試験_面接,継続（合格）
20233017,s2a306,山下杏奈,2025-03-23 06:00:00+00,2025-03-23 07:00:00+00,株式会社ガンマ,インターン,他
20233052,s2a309,伊藤杏奈,2025-03-23 06:00:00+00,2025-03-23 07:30:00+00,株式会社モデスト,試験_適正,不合格
20233052,s2a309,伊藤杏奈,2025-03-23 06:00:00+00,2025-03-23 07:00:00+00,株式会社イノベーション,インターン,他
20233051,s2a409,阿部結衣,2025-03-23 06:00:00+00,2025-03-23 07:00:00+00,株式会社ミライ,セミナー,他
20242009,j2a113,藤田凛,2025-03-24 01:00:00+00,2025-03-24 02:00:00+00,株式会社レイヤー,インターン,他
20242040,j2a114,佐藤杏奈,2025-03-24 01:00:00+00,2025-03-24 02:30:00+00,株式会社パルス,試験_適正,結果待ち
20242041,j2a118,藤田太郎,2025-03-24 01:00:00+00,2025-03-24 02:00:00+00,株式会社ブルーム,説明会_単,他
20224035,r3a127,木村翔太,2025-03-24 01:00:00+00,2025-03-24 02:00:00+00,株式会社フロンティア,セミナー,他
20224006,r3a132,加藤結衣,2025-03-24 01:00:00+00,2025-03-24 02:30:00+00,株式会社モデスト,試験_適正,結果待ち
20224039,r3a133,鈴木遥,2025-03-24 01:00:00+00,2025-03-24 01:45:00+00,株式会社ホライズン,試験_面接,結果待ち
20224019,r3a232,池田健太,2025-03-24 01:00:00+00,2025-03-24 01:45:00+00,株式会社モデスト,試験_面接,結果待ち
20233013,s2a304,木村陽菜,2025-03-24 01:00:00+00,2025-03-24 02:30:00+00,株式会社エコー,試験_適正,結果待ち
20233055,s2a311,伊藤花子,2025-03-24 01:00:00+00,2025-03-24 02:30:00+00,株式会社シード,試験_適正,継続（合格）
20233059,s2a313,前田海斗,2025-03-24 01:00:00+00,2025-03-24 01:45:00+00,株式会社ユニオン,試験_面接,継続（合格）
20233025,s2a406,山崎結衣,2025-03-24 01:00:00+00,2025-03-24 01:45:00+00,株式会社シグマ,試験_面接,結果待ち
20233025,s2a406,山崎結衣,2025-03-24 01:00:00+00,2025-03-24 02:00:00+00,株式会社シグマ,セミナー,他
20242015,j1a106,佐藤優奈,2025-03-24 04:00:00+00,2025-03-24 05:30:00+00,株式会社ノヴァ,試験_適正,継続（合格）
20242011,j1a116,林大輔,2025-03-24 04:00:00+00,2025-03-24 05:30:00+00,株式会社エンジン,試験_適正,継続（合格）
20242044,j1a117,中島悠斗,2025-03-24 04:00:00+00,2025-03-24 05:30:00+00,株式会社ネクスト,試験_適正,結果待ち
20242048,j1a120,藤田大輔,2025-03-24 04:00:00+00,2025-03-24 04:45:00+00,株式会社リンク,試験_面接,結果待ち
20242038,j2a104,斎藤優奈,2025-03-24 04:00:00+00,2025-03-24 04:45:00+00,株式会社ブリッジ,試験_面接,継続（合格）
20224078,r3a112,橋本太郎,2025-03-24 04:00:00+00,2025-03-24 04:45:00+00,株式会社マーブル,試験_面接,継続（合格）
20224058,r3a113,山下美咲,2025-03-24 04:00:00+00,2025-03-24 05:30:00+00,株式会社エンジン,試験_適正,結果待ち
20224049,r3a117,山田遥,2025-03-24 04:00:00+00,2025-03-24 04:45:00+00,株式会社エッジ,試験_面接,不合格
20224028,r3a136,山下優樹,2025-03-24 04:00:00+00,2025-03-24 05:00:00+00,株式会社アビリティ,セミナー,他
20224076,r3a202,木村葵,2025-03-24 04:00:00+00,2025-03-24 04:45:00+00,株式会社アトラス,試験_面接,継続（合格）
20224051,r3a208,斎藤優奈,2025-03-24 04:00:00+00,2025-03-24 04:45:00+00,株式会社レイヤー,試験_面接,結果待ち
20224053,r3a234,森拓也,2025-03-24 04:00:00+00,2025-03-24 05:00:00+00,株式会社イノベーション,説明会_合,他
20233021,s2a214,高橋拓也,2025-03-24 04:00:00+00,2025-03-24 05:00:00+00,株式会社リンク,セミナー,他
20233017,s2a306,山下杏奈,2025-03-24 04:00:00+00,2025-03-24 04:45:00+00,株式会社プライム,試験_面接,結果待ち
20233043,s2a312,山田花子,2025-03-24 04:00:00+00,2025-03-24 04:45:00+00,株式会社スカイ,試験_面接,結果待ち
20242042,j1a107,前田葵,2025-03-24 06:00:00+00,2025-03-24 06:45:00+00,株式会社フォーカス,試験_面接,不合格
20242017,j2a102,山田悠斗,2025-03-24 06:00:00+00,2025-03-24 07:00:00+00,株式会社ミライ,説明会_合,他
20224036,r3a108,森彩香,2025-03-24 06:00:00+00,2025-03-24 06:45:00+00,株式会社オービット,試験_面接,結果待ち
20224008,r3a130,中村杏奈,2025-03-24 06:00:00+00,2025-03-24 07:30:00+00,株式会社エッジ,試験_適正,結果待ち
20224006,r3a132,加藤結衣,2025-03-24 06:00:00+00,2025-03-24 07:30:00+00,株式会社フォーカス,試験_適正,不合格
20224033,r3a206,林葵,2025-03-24 06:00:00+00,2025-03-24 07:00:00+00,株式会社リンク,説明会_合,他
20233059,s2a313,前田海斗,2025-03-24 06:00:00+00,2025-03-24 06:45:00+00,株式会社ストリーム,試験_面接,不合格
20233045,s2a407,中島凛,2025-03-24 06:00:00+00,2025-03-24 06:45:00+00,株式会社リーフ,試験_面接,結果待ち
20242014,j1a103,池田優奈,2025-03-25 01:00:00+00,2025-03-25 02:00:00+00,株式会社ハーモニー,説明会_合,他
20242015,j1a106,佐藤優奈,2025-03-25 01:00:00+00,2025-03-25 01:45:00+00,株式会社ノヴァ,試験_面接,結果待ち
20242042,j1a107,前田葵,2025-03-25 01:00:00+00,2025-03-25 01:45:00+00,株式会社テックワークス,試験_面接,継続（合格）
20242025,j2a116,林遥,2025-03-25 01:00:00+00,2025-03-25 01:45:00+00,株式会社リーフ,試験_面接,継続（合格）
20224002,r3a114,山本陽菜,2025-03-25 01:00:00+00,2025-03-25 01:45:00+00,株式会社オメガ,試験_面接,結果待ち
20224063,r3a212,阿部優奈,2025-03-25 01:00:00+00,2025-03-25 01:45:00+00,株式会社アトラス,試験_面接,結果待ち
20224056,r3a218,山本陸,2025-03-25 01:00:00+00,2025-03-25 02:00:00+00,株式会社ハーモニー,説明会_合,他
20233002,s2a101,伊藤優樹,2025-03-25 01:00:00+00,2025-03-25 02:30:00+00,株式会社テックワークス,試験_適正,不合格
20233056,s2a104,阿部悠斗,2025-03-25 01:00:00+00,2025-03-25 01:45:00+00,株式会社ストリーム,試験_面接,結果待ち
20233049,s2a205,田中杏奈,2025-03-25 01:00:00+00,2025-03-25 02:00:00+00,株式会社テックワークス,セミナー,他
20233008,s2a408,佐々木海斗,2025-03-25 01:00:00+00,2025-03-25 02:30:00+00,株式会社ブルーム,試験_適正,結果待ち
20233005,s2a411,加藤葵,2025-03-25 01:00:00+00,2025-03-25 02:30:00+00,株式会社ルミナス,試験_適正,不合格
20233011,s2a412,吉田葵,2025-03-25 01:00:00+00,2025-03-25 02:00:00+00,株式会社クロス,インターン,他
20242003,j1a104,井上翔太,2025-03-25 04:00:00+00,2025-03-25 05:30:00+00,株式会社アビリティ,試験_適正,結果待ち
20224026,r3a120,木村葵,2025-03-25 04:00:00+00,2025-03-25 05:00:00+00,株式会社ブリッジ,セミナー,他
20224068,r3a125,中島陽菜,2025-03-25 04:00:00+00,2025-03-25 05:00:00+00,株式会社アセント,説明会_合,他
20224035,r3a127,木村翔太,2025-03-25 04:00:00+00,2025-03-25 05:30:00+00,株式会社ストリーム,試験_適正,継続（合格）
20224052,r3a211,池田花子,2025-03-25 04:00:00+00,2025-03-25 04:45:00+00,株式会社ブリッジ,試験_面接,結果待ち
20233058,s2a204,中村花子,2025-03-25 04:00:00+00,2025-03-25 05:30:00+00,株式会社コア,試験_適正,継続（合格）
20233028,s2a212,山田優奈,2025-03-25 04:00:00+00,2025-03-25 04:45:00+00,株式会社スカイ,試験_面接,継続（合格）
20233060,s2a305,鈴木翔太,2025-03-25 04:00:00+00,2025-03-25 05:30:00+00,株式会社ガンマ,試験_適正,結果待ち
20233032,s2a308,佐藤葵,2025-03-25 04:00:00+00,2025-03-25 04:45:00+00,株式会社リンク,試験_面接,結果待ち
20233051,s2a409,阿部結衣,2025-03-25 04:00:00+00,2025-03-25 05:00:00+00,株式会社グロース,インターン,他
20242015,j1a106,佐藤優奈,2025-03-25 06:00:00+00,2025-03-25 07:30:00+00,株式会社ハーモニー,試験_適正,結果待ち
20242039,j1a113,山崎遥,2025-03-25 06:00:00+00,2025-03-25 07:00:00+00,株式会社サンライズ,セミナー,他
20242035,j1a121,山本翔太,2025-03-25 06:00:00+00,2025-03-25 07:00:00+00,株式会社プライム,インターン,他
20242043,j2a105,木村健太,2025-03-25 06:00:00+00,2025-03-25 07:30:00+00,株式会社サンライズ,試験_適正,不合格
20224074,r3a123,阿部太郎,2025-03-25 06:00:00+00,2025-03-25 07:00:00+00,株式会社フロンティア,セミナー,他
20224064,r3a140,池田大輔,2025-03-25 06:00:00+00,2025-03-25 07:30:00+00,株式会社フォーカス,試験_適正,結果待ち
20224007,r3a233,山崎遥,2025-03-25 06:00:00+00,2025-03-25 06:45:00+00,株式会社オメガ,試験_面接,結果待ち
20224015,r3a235,鈴木優樹,2025-03-25 06:00:00+00,2025-03-25 07:00:00+00,株式会社アビリティ,インターン,他
20233026,s2a107,中村葵,2025-03-25 06:00:00+00,2025-03-25 07:00:00+00,株式会社イノベーション,インターン,他
20233010,s2a302,斎藤葵,2025-03-25 06:00:00+00,2025-03-25 06:45:00+00,株式会社シード,試験_面接,継続（合格）
20233045,s2a407,中島凛,2025-03-25 06:00:00+00,2025-03-25 06:45:00+00,株式会社ライト,試験_面接,結果待ち
20242034,j2a101,小林拓也,2025-03-26 01:00:00+00,2025-03-26 01:45:00+00,株式会社ガンマ,試験_面接,不合格
20242049,j2a110,木村結衣,2025-03-26 01:00:00+00,2025-03-26 01:45:00+00,株式会社ブリッジ,試験_面接,結果待ち
20242009,j2a113,藤田凛,2025-03-26 01:00:00+00,2025-03-26 01:45:00+00,株式会社ベータ,試験_面接,結果待ち
20224073,r3a110,藤田大輔,2025-03-26 01:00:00+00,2025-03-26 02:00:00+00,株式会社パルス,セミナー,他
20224059,r3a126,橋本美咲,2025-03-26 01:00:00+00,2025-03-26 02:00:00+00,株式会社グロース,セミナー,他
20224018,r3a215,阿部海斗,2025-03-26 01:00:00+00,2025-03-26 01:30:00+00,株式会社スカイ,試験_他,内定
20224056,r3a218,山本陸,2025-03-26 01:00:00+00,2025-03-26 02:30:00+00,株式会社イノベーション,試験_適正,不合格
20224044,r3a227,田中結衣,2025-03-26 01:00:00+00,2025-03-26 02:30:00+00,株式会社グロース,試験_適正,結果待ち
20224085,r3a228,池田健太,2025-03-26 01:00:00+00,2025-03-26 01:45:00+00,株式会社イノベーション,試験_面接,不合格
20224084,r3a239,渡辺結衣,2025-03-26 01:00:00+00,2025-03-26 01:45:00+00,株式会社ブルーム,試験_面接,辞退
20233036,s2a103,山崎陽菜,2025-03-26 01:00:00+00,2025-03-26 02:30:00+00,株式会社クレスト,試験_適正,結果待ち
20233056,s2a104,阿部悠斗,2025-03-26 01:00:00+00,2025-03-26 02:30:00+00,株式会社ネクスト,試験_適正,結果待ち
20233016,s2a108,中村拓也,2025-03-26 01:00:00+00,2025-03-26 01:45:00+00,株式会社プライム,試験_面接,不合格
20233013,s2a304,木村陽菜,2025-03-26 01:00:00+00,2025-03-26 02:00:00+00,株式会社ブリッジ,説明会_単,他
20233017,s2a306,山下杏奈,2025-03-26 01:00:00+00,2025-03-26 02:00:00+00,株式会社エコー,説明会_合,他
20242006,j1a105,森葵,2025-03-26 04:00:00+00,2025-03-26 04:45:00+00,株式会社グロース,試験_面接,継続（合格）
20242029,j1a119,中島結衣,2025-03-26 04:00:00+00,2025-03-26 04:45:00+00,株式会社クレスト,試験_面接,結果待ち
20242029,j1a119,中島結衣,2025-03-26 04:00:00+00,2025-03-26 05:30:00+00,株式会社ストリーム,試験_適正,結果待ち
20242043,j2a105,木村健太,2025-03-26 04:00:00+00,2025-03-26 05:00:00+00,株式会社アーク,説明会_単,他
20242031,j2a109,中村陸,2025-03-26 04:00:00+00,2025-03-26 05:30:00+00,株式会社クラフト,試験_適正,結果待ち
20224036,r3a108,森彩香,2025-03-26 04:00:00+00,2025-03-26 04:45:00+00,株式会社ハーモニー,試験_面接,結果待ち
20224009,r3a116,石川美咲,2025-03-26 04:00:00+00,2025-03-26 04:45:00+00,株式会社サンライズ,試験_面接,結果待ち
20224035,r3a127,木村翔太,2025-03-26 04:00:00+00,2025-03-26 04:45:00+00,株式会社ホライズン,試験_面接,不合格
20224048,r3a209,佐々木凛,2025-03-26 04:00:00+00,2025-03-26 05:30:00+00,株式会社ビジョン,試験_適正,結果待ち
20224061,r3a229,池田優奈,2025-03-26 04:00:00+00,2025-03-26 04:45:00+00,株式会社デルタ,試験_面接,結果待ち
20224032,r3a230,中村陸,2025-03-26 04:00:00+00,2025-03-26 05:00:00+00,株式会社ビジョン,インターン,他
20233010,s2a302,斎藤葵,2025-03-26 04:00:00+00,2025-03-26 04:45:00+00,株式会社ブルーム,試験_面接,結果待ち
20233043,s2a312,山田花子,2025-03-26 04:00:00+00,2025-03-26 04:45:00+00,株式会社ミライ,試験_面接,不合格
20233043,s2a312,山田花子,2025-03-26 04:00:00+00,2025-03-26 05:00:00+00,株式会社ミライ,説明会_合,他
20233053,s2a404,吉田葵,2025-03-26 04:00:00+00,2025-03-26 05:30:00+00,株式会社ミライ,試験_適正,結果待ち
20233008,s2a408,佐々木海斗,2025-03-26 04:00:00+00,2025-03-26 05:30:00+00,株式会社エンジン,試験_適正,結果待ち
20233051,s2a409,阿部結衣,2025-03-26 04:00:00+00,2025-03-26 04:45:00+00,株式会社モデスト,試験_面接,結果待ち
20233048,s2a413,伊藤葵,2025-03-26 04:00:00+00,2025-03-26 04:45:00+00,株式会社パルス,試験_面接,継続（合格）
20242006,j1a105,森葵,2025-03-26 06:00:00+00,2025-03-26 07:30:00+00,株式会社ライト,試験_適正,不合格
20242039,j1a113,山崎遥,2025-03-26 06:00:00+00,2025-03-26 06:45:00+00,株式会社エンジン,試験_面接,継続（合格）
20242008,j2a111,橋本太郎,2025-03-26 06:00:00+00,2025-03-26 07:00:00+00,株式会社アセント,セミナー,他
20242025,j2a116,林遥,2025-03-26 06:00:00+00,2025-03-26 07:30:00+00,株式会社ビジョン,試験_適正,結果待ち
20242023,j2a122,吉田大輔,2025-03-26 06:00:00+00,2025-03-26 06:45:00+00,株式会社エッジ,試験_面接,結果待ち
20224088,r3a105,山本大輔,2025-03-26 06:00:00+00,2025-03-26 07:30:00+00,株式会社オービット,試験_適正,継続（合格）
20224035,r3a127,木村翔太,2025-03-26 06:00:00+00,2025-03-26 06:45:00+00,株式会社ホライズン,試験_面接,継続（合格）
20224028,r3a136,山下優樹,2025-03-26 06:00:00+00,2025-03-26 07:30:00+00,株式会社ミライ,試験_適正,継続（合格）
20224072,r3a204,小林美咲,2025-03-26 06:00:00+00,2025-03-26 07:00:00+00,株式会社スカイ,インターン,他
20224033,r3a206,林葵,2025-03-26 06:00:00+00,2025-03-26 07:00:00+00,株式会社パルス,インターン,他
20242011,j1a116,林大輔,2025-03-26 06:00:00+00,2025-03-26 07:00:00+00,株式会社ノヴァ,説明会_合,他
20233013,s2a304,木村陽菜,2025-03-26 06:00:00+00,2025-03-26 06:45:00+00,株式会社プライム,試験_面接,結果待ち
20233025,s2a406,山崎結衣,2025-03-26 06:00:00+00,2025-03-26 06:45:00+00,株式会社フロンティア,試験_面接,不合格
20233015,s2a410,池田凛,2025-03-26 06:00:00+00,2025-03-26 06:45:00+00,株式会社モデスト,試験_面接,継続（合格）
20233005,s2a411,加藤葵,2025-03-26 06:00:00+00,2025-03-26 07:30:00+00,株式会社ユニオン,試験_適正,継続（合格）
20242011,j1a116,林大輔,2025-03-27 01:00:00+00,2025-03-27 02:30:00+00,株式会社ノヴァ,試験_適正,結果待ち
20242004,j1a118,木村拓也,2025-03-27 01:00:00+00,2025-03-27 01:45:00+00,株式会社テックワークス,試験_面接,継続（合格）
20242046,j1a122,田中陸,2025-03-27 01:00:00+00,2025-03-27 01:45:00+00,株式会社イノベーション,試験_面接,継続（合格）
20242023,j2a122,吉田大輔,2025-03-27 01:00:00+00,2025-03-27 02:30:00+00,株式会社ストリーム,試験_適正,不合格
20224001,r3a111,阿部杏奈,2025-03-27 01:00:00+00,2025-03-27 01:45:00+00,株式会社オーシャン,試験_面接,結果待ち
20224002,r3a114,山本陽菜,2025-03-27 01:00:00+00,2025-03-27 02:30:00+00,株式会社ストリーム,試験_適正,結果待ち
20224049,r3a117,山田遥,2025-03-27 01:00:00+00,2025-03-27 01:45:00+00,株式会社ベータ,試験_面接,不合格
20224039,r3a133,鈴木遥,2025-03-27 01:00:00+00,2025-03-27 02:00:00+00,株式会社ビジョン,説明会_単,他
20224003,r3a203,加藤悠斗,2025-03-27 01:00:00+00,2025-03-27 01:45:00+00,株式会社イプシロン,試験_面接,継続（合格）
20224007,r3a233,山崎遥,2025-03-27 01:00:00+00,2025-03-27 01:45:00+00,株式会社アセント,試験_面接,結果待ち
20233050,s2a111,井上優樹,2025-03-27 01:00:00+00,2025-03-27 02:00:00+00,株式会社アセント,説明会_合,他
20233013,s2a304,木村陽菜,2025-03-27 01:00:00+00,2025-03-27 01:45:00+00,株式会社プライム,試験_面接,継続（合格）
20233024,s2a310,松本陸,2025-03-27 01:00:00+00,2025-03-27 02:30:00+00,株式会社ステラ,試験_適正,結果待ち
20242006,j1a105,森葵,2025-03-27 04:00:00+00,2025-03-27 05:00:00+00,株式会社グロース,インターン,他
20242006,j1a105,森葵,2025-03-27 04:00:00+00,2025-03-27 05:30:00+00,株式会社ガンマ,試験_適正,不合格
20242016,j1a108,山崎凛,2025-03-27 04:00:00+00,2025-03-27 05:00:00+00,株式会社イプシロン,セミナー,他
20242017,j2a102,山田悠斗,2025-03-27 04:00:00+00,2025-03-27 04:45:00+00,株式会社ミライ,試験_面接,結果待ち
20242020,j2a121,伊藤陽菜,2025-03-27 04:00:00+00,2025-03-27 04:45:00+00,株式会社サンライズ,試験_面接,継続（合格）
20224029,r3a124,前田彩香,2025-03-27 04:00:00+00,2025-03-27 05:00:00+00,株式会社グロース,インターン,他
20224068,r3a125,中島陽菜,2025-03-27 04:00:00+00,2025-03-27 05:00:00+00,株式会社アセント,インターン,他
20224077,r3a131,森陽菜,2025-03-27 04:00:00+00,2025-03-27 05:30:00+00,株式会社イノベーション,試験_適正,継続（合格）
20224028,r3a136,山下優樹,2025-03-27 04:00:00+00,2025-03-27 05:30:00+00,株式会社ユニオン,試験_適正,結果待ち
20224019,r3a232,池田健太,2025-03-27 04:00:00+00,2025-03-27 05:00:00+00,株式会社モデスト,説明会_合,他
20233016,s2a108,中村拓也,2025-03-27 04:00:00+00,2025-03-27 04:45:00+00,株式会社オメガ,試験_面接,継続（合格）
20233010,s2a302,斎藤葵,2025-03-27 04:00:00+00,2025-03-27 04:45:00+00,株式会社シグマ,試験_面接,結果待ち
20233057,s2a303,加藤直樹,2025-03-27 04:00:00+00,2025-03-27 05:00:00+00,株式会社テックワークス,セミナー,他
20242015,j1a106,佐藤優奈,2025-03-27 06:00:00+00,2025-03-27 06:45:00+00,株式会社ブリッジ,試験_面接,辞退
20242016,j1a108,山崎凛,2025-03-27 06:00:00+00,2025-03-27 07:00:00+00,株式会社サンライズ,説明会_単,他
20242038,j2a104,斎藤優奈,2025-03-27 06:00:00+00,2025-03-27 06:45:00+00,株式会社ブリッジ,試験_面接,不合格
20242019,j2a115,田中海斗,2025-03-27 06:00:00+00,2025-03-27 07:00:00+00,株式会社ハーモニー,インターン,他
20242020,j2a121,伊藤陽菜,2025-03-27 06:00:00+00,2025-03-27 07:30:00+00,株式会社リンク,試験_適正,結果待ち
20242020,j2a121,伊藤陽菜,2025-03-27 06:00:00+00,2025-03-27 07:00:00+00,株式会社グロース,インターン,他
20224059,r3a126,橋本美咲,2025-03-27 06:00:00+00,2025-03-27 07:00:00+00,株式会社テックワークス,説明会_単,他
20224076,r3a202,木村葵,2025-03-27 06:00:00+00,2025-03-27 07:00:00+00,株式会社ガンマ,セミナー,他
20224040,r3a225,中島凛,2025-03-27 06:00:00+00,2025-03-27 07:30:00+00,株式会社ノヴァ,試験_適正,辞退
20224085,r3a228,池田健太,2025-03-27 06:00:00+00,2025-03-27 06:45:00+00,株式会社ルミナス,試験_面接,結果待ち
20224007,r3a233,山崎遥,2025-03-27 06:00:00+00,2025-03-27 07:00:00+00,株式会社クラフト,インターン,他
20224069,r3a240,中村優奈,2025-03-27 06:00:00+00,2025-03-27 07:00:00+00,株式会社ブルーム,インターン,他
20233021,s2a214,高橋拓也,2025-03-27 06:00:00+00,2025-03-27 06:45:00+00,株式会社イノベーション,試験_面接,結果待ち
20233060,s2a305,鈴木翔太,2025-03-27 06:00:00+00,2025-03-27 07:30:00+00,株式会社アトラス,試験_適正,継続（合格）
20233060,s2a305,鈴木翔太,2025-03-27 06:00:00+00,2025-03-27 07:00:00+00,株式会社ガンマ,説明会_合,他
20233051,s2a409,阿部結衣,2025-03-27 06:00:00+00,2025-03-27 07:00:00+00,株式会社パルス,説明会_合,他
20242011,j1a116,林大輔,2025-03-28 01:00:00+00,2025-03-28 01:45:00+00,株式会社エンジン,試験_面接,辞退
20242004,j1a118,木村拓也,2025-03-28 01:00:00+00,2025-03-28 01:45:00+00,株式会社ハーモニー,試験_面接,結果待ち
20242004,j1a118,木村拓也,2025-03-28 01:00:00+00,2025-03-28 02:30:00+00,株式会社ハーモニー,試験_適正,継続（合格）
20242004,j1a118,木村拓也,2025-03-28 01:00:00+00,2025-03-28 02:00:00+00,株式会社エッジ,説明会_合,他
20242012,j2a112,前田陸,2025-03-28 01:00:00+00,2025-03-28 02:30:00+00,株式会社パルス,試験_適正,結果待ち
20242013,j2a117,高橋凛,2025-03-28 01:00:00+00,2025-03-28 02:00:00+00,株式会社ルミナス,セミナー,他
20224073,r3a110,藤田大輔,2025-03-28 01:00:00+00,2025-03-28 01:45:00+00,株式会社デルタ,試験_面接,結果待ち
20224068,r3a125,中島陽菜,2025-03-28 01:00:00+00,2025-03-28 01:45:00+00,株式会社マーブル,試験_面接,結果待ち
20224057,r3a129,田中陽菜,2025-03-28 01:00:00+00,2025-03-28 02:30:00+00,株式会社ユニオン,試験_適正,継続（合格）
20224055,r3a134,清水陸,2025-03-28 01:00:00+00,2025-03-28 02:00:00+00,株式会社ベータ,インターン,他
20224090,r3a201,吉田凛,2025-03-28 01:00:00+00,2025-03-28 01:45:00+00,株式会社ブリッジ,試験_面接,不合格
20224082,r3a221,山口優樹,2025-03-28 01:00:00+00,2025-03-28 02:00:00+00,株式会社フロンティア,インターン,他
20233026,s2a107,中村葵,2025-03-28 01:00:00+00,2025-03-28 01:45:00+00,株式会社ノヴァ,試験_面接,不合格
20242005,j1a110,清水葵,2025-03-28 04:00:00+00,2025-03-28 05:30:00+00,株式会社リーフ,試験_適正,結果待ち
20242011,j1a116,林大輔,2025-03-28 04:00:00+00,2025-03-28 05:30:00+00,株式会社リンク,試験_適正,結果待ち
20242018,j2a107,松本悠斗,2025-03-28 04:00:00+00,2025-03-28 05:30:00+00,株式会社コア,試験_適正,不合格
20242027,j2a108,木村拓也,2025-03-28 04:00:00+00,2025-03-28 05:30:00+00,株式会社ユニオン,試験_適正,結果待ち
20242009,j2a113,藤田凛,2025-03-28 04:00:00+00,2025-03-28 04:45:00+00,株式会社レイヤー,試験_面接,結果待ち
20242020,j2a121,伊藤陽菜,2025-03-28 04:00:00+00,2025-03-28 04:45:00+00,株式会社アトラス,試験_面接,不合格
20224088,r3a105,山本大輔,2025-03-28 04:00:00+00,2025-03-28 05:00:00+00,株式会社フォース,セミナー,他
20224001,r3a111,阿部杏奈,2025-03-28 04:00:00+00,2025-03-28 04:45:00+00,株式会社ビジョン,試験_面接,結果待ち
20224035,r3a127,木村翔太,2025-03-28 04:00:00+00,2025-03-28 04:45:00+00,株式会社オービット,試験_面接,結果待ち
20224077,r3a131,森陽菜,2025-03-28 04:00:00+00,2025-03-28 04:45:00+00,株式会社ストリーム,試験_面接,不合格
20224047,r3a213,鈴木健太,2025-03-28 04:00:00+00,2025-03-28 05:00:00+00,株式会社レイヤー,インターン,他
20233010,s2a302,斎藤葵,2025-03-28 04:00:00+00,2025-03-28 05:30:00+00,株式会社シード,試験_適正,継続（合格）
20233048,s2a413,伊藤葵,2025-03-28 04:00:00+00,2025-03-28 05:00:00+00,株式会社デルタ,説明会_単,他
20242008,j2a111,橋本太郎,2025-03-28 06:00:00+00,2025-03-28 06:45:00+00,株式会社シグマ,試験_面接,結果待ち
20224001,r3a111,阿部杏奈,2025-03-28 06:00:00+00,2025-03-28 06:45:00+00,株式会社プライム,試験_面接,結果待ち
20224001,r3a111,阿部杏奈,2025-03-28 06:00:00+00,2025-03-28 06:45:00+00,株式会社コア,試験_面接,継続（合格）
20224058,r3a113,山下美咲,2025-03-28 06:00:00+00,2025-03-28 07:00:00+00,株式会社ステラ,インターン,他
20224006,r3a132,加藤結衣,2025-03-28 06:00:00+00,2025-03-28 06:45:00+00,株式会社リンク,試験_面接,不合格
20224080,r3a137,高橋美咲,2025-03-28 06:00:00+00,2025-03-28 07:00:00+00,株式会社フォース,説明会_合,他
20224089,r3a214,斎藤直樹,2025-03-28 06:00:00+00,2025-03-28 06:45:00+00,株式会社オービット,試験_面接,継続（合格）
20224070,r3a219,加藤結衣,2025-03-28 06:00:00+00,2025-03-28 06:45:00+00,株式会社フォース,試験_面接,結果待ち
20224090,r3a201,吉田凛,2025-03-28 06:00:00+00,2025-03-28 07:00:00+00,株式会社エッジ,説明会_合,他
20233050,s2a111,井上優樹,2025-03-28 06:00:00+00,2025-03-28 07:30:00+00,株式会社ネクスト,試験_適正,不合格
20233023,s2a211,斎藤凛,2025-03-28 06:00:00+00,2025-03-28 07:00:00+00,株式会社ブルーム,説明会_合,他
20233021,s2a214,高橋拓也,2025-03-28 06:00:00+00,2025-03-28 07:30:00+00,株式会社ルミナス,試験_適正,不合格
20233042,s2a403,山本花子,2025-03-28 06:00:00+00,2025-03-28 07:00:00+00,株式会社ミライ,説明会_合,他
20233015,s2a410,池田凛,2025-03-28 06:00:00+00,2025-03-28 07:00:00+00,株式会社モデスト,説明会_合,他
20233011,s2a412,吉田葵,2025-03-28 06:00:00+00,2025-03-28 07:30:00+00,株式会社クレスト,試験_適正,辞退
20242042,j1a107,前田葵,2025-03-29 01:00:00+00,2025-03-29 01:45:00+00,株式会社アルファ,試験_面接,不合格
20242042,j1a107,前田葵,2025-03-29 01:00:00+00,2025-03-29 02:30:00+00,株式会社エンジン,試験_適正,不合格
20242045,j2a119,山崎翔太,2025-03-29 01:00:00+00,2025-03-29 02:30:00+00,株式会社テックワークス,試験_適正,結果待ち
20224029,r3a124,前田彩香,2025-03-29 01:00:00+00,2025-03-29 02:30:00+00,株式会社ステラ,試験_適正,不合格
20224050,r3a128,池田美咲,2025-03-29 01:00:00+00,2025-03-29 02:00:00+00,株式会社リンク,セミナー,他
20224028,r3a136,山下優樹,2025-03-29 01:00:00+00,2025-03-29 02:00:00+00,株式会社ユニオン,セミナー,他
20224079,r3a216,池田悠斗,2025-03-29 01:00:00+00,2025-03-29 02:00:00+00,株式会社フロンティア,セミナー,他
20224079,r3a216,池田悠斗,2025-03-29 01:00:00+00,2025-03-29 02:00:00+00,株式会社クレスト,インターン,他
20233002,s2a101,伊藤優樹,2025-03-29 01:00:00+00,2025-03-29 01:45:00+00,株式会社ミライ,試験_面接,結果待ち
20233019,s2a106,佐藤翔太,2025-03-29 01:00:00+00,2025-03-29 01:45:00+00,株式会社イノベーション,試験_面接,継続（合格）
20233058,s2a204,中村花子,2025-03-29 01:00:00+00,2025-03-29 01:45:00+00,株式会社コア,試験_面接,結果待ち
20233035,s2a210,石川優樹,2025-03-29 01:00:00+00,2025-03-29 02:30:00+00,株式会社イプシロン,試験_適正,不合格
20242016,j1a108,山崎凛,2025-03-29 04:00:00+00,2025-03-29 05:00:00+00,株式会社イプシロン,インターン,他
20242008,j2a111,橋本太郎,2025-03-29 04:00:00+00,2025-03-29 05:30:00+00,株式会社クレスト,試験_適正,不合格
20224029,r3a124,前田彩香,2025-03-29 04:00:00+00,2025-03-29 05:00:00+00,株式会社ステラ,インターン,他
20233003,s2a113,山下海斗,2025-03-29 04:00:00+00,2025-03-29 04:45:00+00,株式会社クラフト,試験_面接,不合格
20233033,s2a206,前田直樹,2025-03-29 04:00:00+00,2025-03-29 04:45:00+00,株式会社エッジ,試験_面接,結果待ち
20233020,s2a208,加藤直樹,2025-03-29 04:00:00+00,2025-03-29 04:45:00+00,株式会社ミライ,試験_面接,結果待ち
20233032,s2a308,佐藤葵,2025-03-29 04:00:00+00,2025-03-29 04:45:00+00,株式会社クレスト,試験_面接,結果待ち
20242046,j1a122,田中陸,2025-03-29 06:00:00+00,2025-03-29 07:30:00+00,株式会社ハーモニー,試験_適正,結果待ち
20242034,j2a101,小林拓也,2025-03-29 06:00:00+00,2025-03-29 06:45:00+00,株式会社ライト,試験_面接,不合格
20242023,j2a122,吉田大輔,2025-03-29 06:00:00+00,2025-03-29 06:45:00+00,株式会社ビジョン,試験_面接,結果待ち
20224068,r3a125,中島陽菜,2025-03-29 06:00:00+00,2025-03-29 06:45:00+00,株式会社シグマ,試験_面接,不合格
20224050,r3a128,池田美咲,2025-03-29 06:00:00+00,2025-03-29 07:00:00+00,株式会社ガンマ,説明会_合,他
20224050,r3a128,池田美咲,2025-03-29 06:00:00+00,2025-03-29 07:00:00+00,株式会社アーク,説明会_単,他
20224003,r3a203,加藤悠斗,2025-03-29 06:00:00+00,2025-03-29 06:45:00+00,株式会社イプシロン,試験_面接,継続（合格）
20224042,r3a222,山下美咲,2025-03-29 06:00:00+00,2025-03-29 07:00:00+00,株式会社クロス,セミナー,他
20224069,r3a240,中村優奈,2025-03-29 06:00:00+00,2025-03-29 06:30:00+00,株式会社ブルーム,試験_他,内定
20233032,s2a308,佐藤葵,2025-03-29 06:00:00+00,2025-03-29 06:45:00+00,株式会社オメガ,試験_面接,継続（合格）
20233024,s2a310,松本陸,2025-03-29 06:00:00+00,2025-03-29 06:45:00+00,株式会社クロス,試験_面接,結果待ち
20233059,s2a313,前田海斗,2025-03-29 06:00:00+00,2025-03-29 06:45:00+00,株式会社ユニオン,試験_面接,結果待ち
20233042,s2a403,山本花子,2025-03-29 06:00:00+00,2025-03-29 06:45:00+00,株式会社ベータ,試験_面接,結果待ち
20242015,j1a106,佐藤優奈,2025-03-30 01:00:00+00,2025-03-30 01:45:00+00,株式会社ノヴァ,試験_面接,継続（合格）
20242046,j1a122,田中陸,2025-03-30 01:00:00+00,2025-03-30 02:00:00+00,株式会社ハーモニー,説明会_単,他
20242001,j2a106,山崎直樹,2025-03-30 01:00:00+00,2025-03-30 01:45:00+00,株式会社ブリッジ,試験_面接,不合格
20242041,j2a118,藤田太郎,2025-03-30 01:00:00+00,2025-03-30 01:45:00+00,株式会社ブルーム,試験_面接,結果待ち
20224081,r3a205,森葵,2025-03-30 01:00:00+00,2025-03-30 02:00:00+00,株式会社レイヤー,説明会_合,他
20224086,r3a210,木村陸,2025-03-30 01:00:00+00,2025-03-30 02:30:00+00,株式会社イプシロン,試験_適正,結果待ち
20224052,r3a211,池田花子,2025-03-30 01:00:00+00,2025-03-30 02:00:00+00,株式会社レイヤー,インターン,他
20224004,r3a237,佐藤優奈,2025-03-30 01:00:00+00,2025-03-30 02:00:00+00,株式会社ホライズン,セミナー,他
20233035,s2a210,石川優樹,2025-03-30 01:00:00+00,2025-03-30 02:30:00+00,株式会社ビジョン,試験_適正,継続（合格）
20233060,s2a305,鈴木翔太,2025-03-30 01:00:00+00,2025-03-30 01:30:00+00,株式会社グロース,試験_他,内定
20233025,s2a406,山崎結衣,2025-03-30 01:00:00+00,2025-03-30 02:00:00+00,株式会社フロンティア,説明会_単,他
20242046,j1a122,田中陸,2025-03-30 04:00:00+00,2025-03-30 04:45:00+00,株式会社イノベーション,試験_面接,継続（合格）
20224013,r3a119,井上葵,2025-03-30 04:00:00+00,2025-03-30 05:00:00+00,株式会社リーフ,説明会_単,他
20224003,r3a203,加藤悠斗,2025-03-30 04:00:00+00,2025-03-30 04:45:00+00,株式会社ネクスト,試験_面接,結果待ち
20233022,s2a114,木村杏奈,2025-03-30 04:00:00+00,2025-03-30 05:30:00+00,株式会社フォース,試験_適正,結果待ち
20233023,s2a211,斎藤凛,2025-03-30 04:00:00+00,2025-03-30 04:45:00+00,株式会社フロンティア,試験_面接,結果待ち
20233053,s2a404,吉田葵,2025-03-30 04:00:00+00,2025-03-30 05:00:00+00,株式会社ミライ,インターン,他
20242037,j1a102,松本翔太,2025-03-30 06:00:00+00,2025-03-30 06:45:00+00,株式会社ベータ,試験_面接,不合格
20242014,j1a103,池田優奈,2025-03-30 06:00:00+00,2025-03-30 06:45:00+00,株式会社ハーモニー,試験_面接,結果待ち
20242006,j1a105,森葵,2025-03-30 06:00:00+00,2025-03-30 07:00:00+00,株式会社パルス,インターン,他
20242016,j1a108,山崎凛,2025-03-30 06:00:00+00,2025-03-30 06:45:00+00,株式会社サンライズ,試験_面接,結果待ち
20242039,j1a113,山崎遥,2025-03-30 06:00:00+00,2025-03-30 06:45:00+00,株式会社シグマ,試験_面接,継続（合格）
20242011,j1a116,林大輔,2025-03-30 06:00:00+00,2025-03-30 06:45:00+00,株式会社オービット,試験_面接,辞退
20242004,j1a118,木村拓也,2025-03-30 06:00:00+00,2025-03-30 06:45:00+00,株式会社ガンマ,試験_面接,結果待ち
20242001,j2a106,山崎直樹,2025-03-30 06:00:00+00,2025-03-30 06:45:00+00,株式会社グリーン,試験_面接,結果待ち
20242020,j2a121,伊藤陽菜,2025-03-30 06:00:00+00,2025-03-30 06:45:00+00,株式会社グロース,試験_面接,継続（合格）
20224031,r3a104,藤田陽菜,2025-03-30 06:00:00+00,2025-03-30 07:00:00+00,株式会社ストリーム,説明会_合,他
20224051,r3a208,斎藤優奈,2025-03-30 06:00:00+00,2025-03-30 07:00:00+00,株式会社レイヤー,説明会_単,他
20224032,r3a230,中村陸,2025-03-30 06:00:00+00,2025-03-30 07:00:00+00,株式会社ホライズン,説明会_単,他
20233058,s2a204,中村花子,2025-03-30 06:00:00+00,2025-03-30 07:00:00+00,株式会社コア,セミナー,他
20233023,s2a211,斎藤凛,2025-03-30 06:00:00+00,2025-03-30 07:00:00+00,株式会社イプシロン,説明会_単,他
20233060,s2a305,鈴木翔太,2025-03-30 06:00:00+00,2025-03-30 06:45:00+00,株式会社アトラス,試験_面接,結果待ち
20233054,s2a401,山本陽菜,2025-03-30 06:00:00+00,2025-03-30 07:00:00+00,株式会社サンライズ,説明会_単,他
20233042,s2a403,山本花子,2025-03-30 06:00:00+00,2025-03-30 06:45:00+00,株式会社ミライ,試験_面接,結果待ち
20242002,j1a115,藤田花子,2025-03-31 01:00:00+00,2025-03-31 01:45:00+00,株式会社サンライズ,試験_面接,結果待ち
20242034,j2a101,小林拓也,2025-03-31 01:00:00+00,2025-03-31 02:30:00+00,株式会社シグマ,試験_適正,結果待ち
20224049,r3a117,山田遥,2025-03-31 01:00:00+00,2025-03-31 01:45:00+00,株式会社ネクスト,試験_面接,結果待ち
20224072,r3a204,小林美咲,2025-03-31 01:00:00+00,2025-03-31 02:00:00+00,株式会社オービット,セミナー,他
20224032,r3a230,中村陸,2025-03-31 01:00:00+00,2025-03-31 02:30:00+00,株式会社テックワークス,試験_適正,継続（合格）
20224084,r3a239,渡辺結衣,2025-03-31 01:00:00+00,2025-03-31 02:30:00+00,株式会社フォース,試験_適正,不合格
20233026,s2a107,中村葵,2025-03-31 01:00:00+00,2025-03-31 01:45:00+00,株式会社フロンティア,試験_面接,結果待ち
20233028,s2a212,山田優奈,2025-03-31 01:00:00+00,2025-03-31 02:00:00+00,株式会社シグマ,セミナー,他
20233041,s2a213,井上陸,2025-03-31 01:00:00+00,2025-03-31 01:45:00+00,株式会社イプシロン,試験_面接,結果待ち
20233021,s2a214,高橋拓也,2025-03-31 01:00:00+00,2025-03-31 01:45:00+00,株式会社オービット,試験_面接,結果待ち
20242006,j1a105,森葵,2025-03-31 04:00:00+00,2025-03-31 05:00:00+00,株式会社デルタ,説明会_合,他
20224036,r3a108,森彩香,2025-03-31 04:00:00+00,2025-03-31 04:45:00+00,株式会社テックワークス,試験_面接,結果待ち
20224074,r3a123,阿部太郎,2025-03-31 04:00:00+00,2025-03-31 05:00:00+00,株式会社グロース,インターン,他
20224063,r3a212,阿部優奈,2025-03-31 04:00:00+00,2025-03-31 05:30:00+00,株式会社モデスト,試験_適正,結果待ち
20224065,r3a231,山本杏奈,2025-03-31 04:00:00+00,2025-03-31 04:45:00+00,株式会社プライム,試験_面接,結果待ち
20233004,s2a307,山本結衣,2025-03-31 04:00:00+00,2025-03-31 04:45:00+00,株式会社シード,試験_面接,不合格
20233032,s2a308,佐藤葵,2025-03-31 04:00:00+00,2025-03-31 05:30:00+00,株式会社クレスト,試験_適正,継続（合格）
20233008,s2a408,佐々木海斗,2025-03-31 04:00:00+00,2025-03-31 05:00:00+00,株式会社エンジン,セミナー,他
20224001,r3a111,阿部杏奈,2025-03-31 06:00:00+00,2025-03-31 06:45:00+00,株式会社ブリッジ,試験_面接,結果待ち
20224026,r3a120,木村葵,2025-03-31 06:00:00+00,2025-03-31 06:45:00+00,株式会社ブリッジ,試験_面接,結果待ち
20242003,j1a104,井上翔太,2025-03-31 06:00:00+00,2025-03-31 07:00:00+00,株式会社フォーカス,説明会_単,他
20242006,j1a105,森葵,2025-03-31 06:00:00+00,2025-03-31 07:00:00+00,株式会社ライト,説明会_単,他
20242042,j1a107,前田葵,2025-03-31 06:00:00+00,2025-03-31 06:45:00+00,株式会社アルファ,試験_面接,継続（合格）
20242026,j1a112,松本悠斗,2025-03-31 06:00:00+00,2025-03-31 07:30:00+00,株式会社ベータ,試験_適正,辞退
20242039,j1a113,山崎遥,2025-03-31 06:00:00+00,2025-03-31 06:45:00+00,株式会社サンライズ,試験_面接,不合格
20242029,j1a119,中島結衣,2025-03-31 06:00:00+00,2025-03-31 06:45:00+00,株式会社エンジン,試験_面接,結果待ち
20242046,j1a122,田中陸,2025-03-31 06:00:00+00,2025-03-31 06:45:00+00,株式会社エンジン,試験_面接,継続（合格）
20224080,r3a137,高橋美咲,2025-03-31 06:00:00+00,2025-03-31 07:00:00+00,株式会社ミライ,インターン,他
20224089,r3a214,斎藤直樹,2025-03-31 06:00:00+00,2025-03-31 07:30:00+00,株式会社オービット,試験_適正,継続（合格）
20233019,s2a106,佐藤翔太,2025-03-31 06:00:00+00,2025-03-31 06:45:00+00,株式会社アーク,試験_面接,結果待ち
20233041,s2a213,井上陸,2025-03-31 06:00:00+00,2025-03-31 06:45:00+00,株式会社リンク,試験_面接,不合格
20233021,s2a214,高橋拓也,2025-03-31 06:00:00+00,2025-03-31 07:00:00+00,株式会社クロス,セミナー,他
20234066,r3a226,木村優奈,2025-12-28 04:00:00+00,2025-12-28 05:00:00+00,株式会社アーク,説明会_単,他
20234067,r3a210,中島拓也,2026-01-05 04:00:00+00,2026-01-05 05:00:00+00,株式会社ブリッジ,説明会_単,他
20234062,r3a238,清水悠斗,2026-01-09 06:00:00+00,2026-01-09 06:45:00+00,株式会社モデスト,試験_面接,辞退
20234051,r3a241,高橋花子,2026-01-14 06:00:00+00,2026-01-14 07:00:00+00,株式会社エンジン,説明会_合,他
20234062,r3a238,清水悠斗,2026-01-18 04:00:00+00,2026-01-18 05:00:00+00,株式会社オメガ,インターン,他
20234044,r3a221,松本結衣,2026-01-22 06:00:00+00,2026-01-22 07:00:00+00,株式会社エコー,説明会_合,他
20234050,r3a135,佐藤杏奈,2026-01-25 04:00:00+00,2026-01-25 05:00:00+00,株式会社マーブル,説明会_単,他
20234048,r3a236,佐藤彩香,2026-01-25 04:00:00+00,2026-01-25 05:00:00+00,株式会社モデスト,セミナー,他
20234055,r3a121,鈴木悠斗,2026-01-26 01:00:00+00,2026-01-26 02:00:00+00,株式会社グリーン,セミナー,他
20234001,r3a206,藤田優奈,2026-01-26 01:00:00+00,2026-01-26 01:45:00+00,株式会社オービット,試験_面接,結果待ち
20243022,s2a209,山本遥,2026-01-26 04:00:00+00,2026-01-26 05:00:00+00,株式会社プライム,セミナー,他
20234073,r3a115,鈴木彩香,2026-01-27 06:00:00+00,2026-01-27 07:00:00+00,株式会社アセント,セミナー,他
20234034,r3a227,加藤優奈,2026-01-27 06:00:00+00,2026-01-27 07:00:00+00,株式会社プライム,セミナー,他
20234007,r3a131,高橋拓也,2026-01-28 04:00:00+00,2026-01-28 05:00:00+00,株式会社クロス,説明会_合,他
20234017,r3a143,田中杏奈,2026-01-29 06:00:00+00,2026-01-29 07:00:00+00,株式会社クロス,セミナー,他
20234005,r3a222,森大輔,2026-01-30 01:00:00+00,2026-01-30 01:45:00+00,株式会社オメガ,試験_面接,不合格
20234019,r3a101,高橋大輔,2026-02-01 04:00:00+00,2026-02-01 05:00:00+00,株式会社ブルーム,インターン,他
20234007,r3a131,高橋拓也,2026-02-01 04:00:00+00,2026-02-01 05:00:00+00,株式会社イプシロン,インターン,他
20234024,r3a208,鈴木太郎,2026-02-01 04:00:00+00,2026-02-01 05:30:00+00,株式会社エッジ,試験_適正,継続（合格）
20234049,r3a217,石川杏奈,2026-02-01 06:00:00+00,2026-02-01 06:45:00+00,株式会社リンク,試験_面接,結果待ち
20234051,r3a241,高橋花子,2026-02-02 06:00:00+00,2026-02-02 07:00:00+00,株式会社ネクスト,セミナー,他
20234009,r3a231,清水優奈,2026-02-03 01:00:00+00,2026-02-03 02:00:00+00,株式会社イノベーション,説明会_単,他
20234083,r3a242,木村彩香,2026-02-03 01:00:00+00,2026-02-03 02:00:00+00,株式会社ベータ,説明会_合,他
20243033,s2a101,山崎彩香,2026-02-03 01:00:00+00,2026-02-03 02:00:00+00,株式会社リンク,インターン,他
20243003,s2a309,渡辺太郎,2026-02-04 04:00:00+00,2026-02-04 05:00:00+00,株式会社スカイ,説明会_合,他
20234082,r3a108,斎藤花子,2026-02-05 01:00:00+00,2026-02-05 02:30:00+00,株式会社クラフト,試験_適正,結果待ち
20234027,r3a237,池田美咲,2026-02-05 04:00:00+00,2026-02-05 04:45:00+00,株式会社アビリティ,試験_面接,不合格
20234001,r3a206,藤田優奈,2026-02-06 01:00:00+00,2026-02-06 02:00:00+00,株式会社ミライ,セミナー,他
20234083,r3a242,木村彩香,2026-02-06 01:00:00+00,2026-02-06 02:00:00+00,株式会社デルタ,セミナー,他
20234008,r3a216,中村悠斗,2026-02-06 04:00:00+00,2026-02-06 05:30:00+00,株式会社パルス,試験_適正,結果待ち
20243026,s2a308,佐藤拓也,2026-02-06 06:00:00+00,2026-02-06 07:00:00+00,株式会社イプシロン,セミナー,他
20234048,r3a236,佐藤彩香,2026-02-07 01:00:00+00,2026-02-07 02:30:00+00,株式会社ビジョン,試験_適正,不合格
20234032,r3a125,山崎美咲,2026-02-07 04:00:00+00,2026-02-07 05:30:00+00,株式会社クレスト,試験_適正,結果待ち
20234078,r3a205,小林大輔,2026-02-07 04:00:00+00,2026-02-07 05:00:00+00,株式会社クレスト,インターン,他
20234022,r3a105,中村遥,2026-02-07 06:00:00+00,2026-02-07 07:30:00+00,株式会社ノヴァ,試験_適正,不合格
20234048,r3a236,佐藤彩香,2026-02-08 04:00:00+00,2026-02-08 05:00:00+00,株式会社クレスト,インターン,他
20243054,s2a404,林葵,2026-02-08 04:00:00+00,2026-02-08 05:00:00+00,株式会社ブリッジ,インターン,他
20234016,r3a111,渡辺翔太,2026-02-08 06:00:00+00,2026-02-08 07:00:00+00,株式会社リーフ,説明会_単,他
20234054,r3a219,山本優樹,2026-02-08 06:00:00+00,2026-02-08 06:45:00+00,株式会社ブリッジ,試験_面接,結果待ち
20234028,r3a220,前田陸,2026-02-09 01:00:00+00,2026-02-09 02:00:00+00,株式会社マーブル,セミナー,他
20234009,r3a231,清水優奈,2026-02-09 01:00:00+00,2026-02-09 02:30:00+00,株式会社イノベーション,試験_適正,結果待ち
20243013,s2a401,山口陸,2026-02-09 01:00:00+00,2026-02-09 02:00:00+00,株式会社クラフト,説明会_単,他
20234035,r3a104,佐々木遥,2026-02-09 04:00:00+00,2026-02-09 04:45:00+00,株式会社プライム,試験_面接,継続（合格）
20234012,r3a137,林結衣,2026-02-10 01:00:00+00,2026-02-10 02:00:00+00,株式会社パルス,インターン,他
20234015,r3a138,吉田健太,2026-02-10 01:00:00+00,2026-02-10 02:00:00+00,株式会社ミライ,セミナー,他
20234053,r3a139,伊藤陸,2026-02-10 01:00:00+00,2026-02-10 02:30:00+00,株式会社エンジン,試験_適正,結果待ち
20234005,r3a222,森大輔,2026-02-10 01:00:00+00,2026-02-10 02:00:00+00,株式会社オメガ,説明会_単,他
20234048,r3a236,佐藤彩香,2026-02-10 01:00:00+00,2026-02-10 01:45:00+00,株式会社ネクスト,試験_面接,継続（合格）
20234050,r3a135,佐藤杏奈,2026-02-10 04:00:00+00,2026-02-10 05:30:00+00,株式会社エッジ,試験_適正,結果待ち
20234074,r3a106,木村優樹,2026-02-10 06:00:00+00,2026-02-10 07:30:00+00,株式会社フォーカス,試験_適正,結果待ち
20234073,r3a115,鈴木彩香,2026-02-11 01:00:00+00,2026-02-11 02:00:00+00,株式会社プライム,説明会_合,他
20234048,r3a236,佐藤彩香,2026-02-11 01:00:00+00,2026-02-11 02:00:00+00,株式会社ルミナス,セミナー,他
20234011,r3a239,前田彩香,2026-02-11 01:00:00+00,2026-02-11 02:00:00+00,株式会社オーシャン,説明会_合,他
20234083,r3a242,木村彩香,2026-02-11 01:00:00+00,2026-02-11 02:00:00+00,株式会社エコー,セミナー,他
20243033,s2a101,山崎彩香,2026-02-11 01:00:00+00,2026-02-11 02:00:00+00,株式会社ブリッジ,インターン,他
20243039,s2a407,藤田悠斗,2026-02-11 06:00:00+00,2026-02-11 07:30:00+00,株式会社ホライズン,試験_適正,結果待ち
20234013,r3a122,山田海斗,2026-02-12 01:00:00+00,2026-02-12 02:30:00+00,株式会社ユニオン,試験_適正,不合格
20234034,r3a227,加藤優奈,2026-02-12 04:00:00+00,2026-02-12 05:30:00+00,株式会社プライム,試験_適正,結果待ち
20234057,r3a109,松本葵,2026-02-13 04:00:00+00,2026-02-13 05:00:00+00,株式会社フォース,インターン,他
20243044,s2a214,山本遥,2026-02-13 04:00:00+00,2026-02-13 05:00:00+00,株式会社ルミナス,セミナー,他
20234050,r3a135,佐藤杏奈,2026-02-13 06:00:00+00,2026-02-13 07:00:00+00,株式会社ホライズン,説明会_単,他
20234085,r3a136,池田悠斗,2026-02-14 01:00:00+00,2026-02-14 02:00:00+00,株式会社リンク,説明会_単,他
20243060,s2a208,石川彩香,2026-02-14 01:00:00+00,2026-02-14 02:00:00+00,株式会社リンク,説明会_合,他
20243022,s2a209,山本遥,2026-02-14 01:00:00+00,2026-02-14 02:00:00+00,株式会社ハーモニー,説明会_単,他
20243015,s2a213,橋本直樹,2026-02-14 04:00:00+00,2026-02-14 05:00:00+00,株式会社リーフ,インターン,他
20234035,r3a104,佐々木遥,2026-02-15 04:00:00+00,2026-02-15 05:30:00+00,株式会社グリーン,試験_適正,辞退
20234045,r3a235,木村優奈,2026-02-15 04:00:00+00,2026-02-15 05:30:00+00,株式会社パルス,試験_適正,継続（合格）
20234083,r3a242,木村彩香,2026-02-15 04:00:00+00,2026-02-15 05:30:00+00,株式会社エコー,試験_適正,継続（合格）
20234049,r3a217,石川杏奈,2026-02-15 06:00:00+00,2026-02-15 06:45:00+00,株式会社リンク,試験_面接,継続（合格）
20234049,r3a217,石川杏奈,2026-02-15 06:00:00+00,2026-02-15 07:00:00+00,株式会社プライム,説明会_合,他
20234021,r3a232,前田遥,2026-02-15 06:00:00+00,2026-02-15 07:00:00+00,株式会社シード,説明会_単,他
20243022,s2a209,山本遥,2026-02-15 06:00:00+00,2026-02-15 07:00:00+00,株式会社ハーモニー,説明会_合,他
20234040,r3a110,斎藤優奈,2026-02-16 01:00:00+00,2026-02-16 02:30:00+00,株式会社フロンティア,試験_適正,辞退
20234056,r3a229,山口健太,2026-02-16 01:00:00+00,2026-02-16 02:00:00+00,株式会社アトラス,説明会_単,他
20234048,r3a236,佐藤彩香,2026-02-16 01:00:00+00,2026-02-16 02:00:00+00,株式会社クレスト,セミナー,他
20243032,s2a109,藤田健太,2026-02-16 01:00:00+00,2026-02-16 02:30:00+00,株式会社レイヤー,試験_適正,継続（合格）
20234084,r3a141,藤田彩香,2026-02-16 04:00:00+00,2026-02-16 05:30:00+00,株式会社イノベーション,試験_適正,結果待ち
20234021,r3a232,前田遥,2026-02-16 04:00:00+00,2026-02-16 05:00:00+00,株式会社クレスト,説明会_単,他
20234022,r3a105,中村遥,2026-02-17 01:00:00+00,2026-02-17 02:00:00+00,株式会社ノヴァ,説明会_単,他
20234086,r3a103,前田優樹,2026-02-17 01:00:00+00,2026-02-17 01:45:00+00,株式会社マーブル,試験_面接,結果待ち
20234026,r3a225,阿部陽菜,2026-02-17 01:00:00+00,2026-02-17 02:00:00+00,株式会社パルス,説明会_合,他
20234082,r3a108,斎藤花子,2026-02-17 04:00:00+00,2026-02-17 05:00:00+00,株式会社フォース,セミナー,他
20234059,r3a203,高橋陸,2026-02-17 04:00:00+00,2026-02-17 05:30:00+00,株式会社シグマ,試験_適正,継続（合格）
20234067,r3a210,中島拓也,2026-02-17 04:00:00+00,2026-02-17 05:30:00+00,株式会社エッジ,試験_適正,不合格
20234026,r3a225,阿部陽菜,2026-02-17 04:00:00+00,2026-02-17 05:30:00+00,株式会社サンライズ,試験_適正,不合格
20243058,s2a206,橋本陸,2026-02-17 04:00:00+00,2026-02-17 05:00:00+00,株式会社ガンマ,説明会_単,他
20234013,r3a122,山田海斗,2026-02-18 04:00:00+00,2026-02-18 05:00:00+00,株式会社ユニオン,インターン,他
20234090,r3a126,佐々木陽菜,2026-02-18 04:00:00+00,2026-02-18 05:00:00+00,株式会社プライム,説明会_合,他
20234090,r3a126,佐々木陽菜,2026-02-18 04:00:00+00,2026-02-18 05:00:00+00,株式会社グロース,説明会_合,他
20234068,r3a207,山下美咲,2026-02-18 04:00:00+00,2026-02-18 05:00:00+00,株式会社ブルーム,セミナー,他
20234061,r3a218,松本海斗,2026-02-18 04:00:00+00,2026-02-18 04:45:00+00,株式会社フォース,試験_面接,結果待ち
20243036,s2a412,藤田悠斗,2026-02-18 04:00:00+00,2026-02-18 04:45:00+00,株式会社ミライ,試験_面接,継続（合格）
20243009,s2a310,林優樹,2026-02-18 06:00:00+00,2026-02-18 07:30:00+00,株式会社アセント,試験_適正,継続（合格）
20243029,s2a408,佐藤遥,2026-02-18 06:00:00+00,2026-02-18 07:00:00+00,株式会社クレスト,説明会_合,他
20243036,s2a412,藤田悠斗,2026-02-18 06:00:00+00,2026-02-18 07:00:00+00,株式会社ミライ,説明会_単,他
20243002,s2a113,山田拓也,2026-02-19 01:00:00+00,2026-02-19 01:45:00+00,株式会社ノヴァ,試験_面接,継続（合格）
20243033,s2a101,山崎彩香,2026-02-19 01:00:00+00,2026-02-19 02:30:00+00,株式会社ステラ,試験_適正,継続（合格）
20243011,s2a409,藤田優樹,2026-02-19 01:00:00+00,2026-02-19 02:30:00+00,株式会社エンジン,試験_適正,結果待ち
20234030,r3a215,斎藤優樹,2026-02-19 04:00:00+00,2026-02-19 05:00:00+00,株式会社ガンマ,セミナー,他
20234049,r3a217,石川杏奈,2026-02-19 04:00:00+00,2026-02-19 05:00:00+00,株式会社リンク,説明会_単,他
20243047,s2a110,吉田直樹,2026-02-19 04:00:00+00,2026-02-19 05:30:00+00,株式会社コア,試験_適正,結果待ち
20234042,r3a102,斎藤優奈,2026-02-19 06:00:00+00,2026-02-19 07:00:00+00,株式会社エコー,説明会_合,他
20234006,r3a116,前田凛,2026-02-19 06:00:00+00,2026-02-19 06:45:00+00,株式会社アルファ,試験_面接,結果待ち
20234002,r3a129,加藤拓也,2026-02-19 06:00:00+00,2026-02-19 07:00:00+00,株式会社ブルーム,説明会_単,他
20234079,r3a204,佐藤彩香,2026-02-20 01:00:00+00,2026-02-20 02:00:00+00,株式会社シグマ,インターン,他
20234024,r3a208,鈴木太郎,2026-02-20 01:00:00+00,2026-02-20 02:00:00+00,株式会社アビリティ,説明会_単,他
20234090,r3a126,佐々木陽菜,2026-02-20 04:00:00+00,2026-02-20 04:45:00+00,株式会社グロース,試験_面接,不合格
20243044,s2a214,山本遥,2026-02-20 04:00:00+00,2026-02-20 05:00:00+00,株式会社ベータ,セミナー,他
20243011,s2a409,藤田優樹,2026-02-20 04:00:00+00,2026-02-20 05:00:00+00,株式会社プライム,セミナー,他
20234026,r3a225,阿部陽菜,2026-02-20 06:00:00+00,2026-02-20 07:00:00+00,株式会社パルス,説明会_合,他
20243007,s2a108,前田葵,2026-02-20 06:00:00+00,2026-02-20 07:30:00+00,株式会社ミライ,試験_適正,継続（合格）
20243026,s2a308,佐藤拓也,2026-02-21 04:00:00+00,2026-02-21 05:30:00+00,株式会社ミライ,試験_適正,結果待ち
20234077,r3a120,山口陽菜,2026-02-21 04:00:00+00,2026-02-21 04:45:00+00,株式会社プライム,試験_面接,不合格
20234050,r3a135,佐藤杏奈,2026-02-21 04:00:00+00,2026-02-21 05:00:00+00,株式会社エッジ,セミナー,他
20243039,s2a407,藤田悠斗,2026-02-21 06:00:00+00,2026-02-21 07:30:00+00,株式会社リンク,試験_適正,継続（合格）
20234012,r3a137,林結衣,2026-02-22 01:00:00+00,2026-02-22 01:45:00+00,株式会社パルス,試験_面接,継続（合格）
20234028,r3a220,前田陸,2026-02-22 01:00:00+00,2026-02-22 02:00:00+00,株式会社ミライ,説明会_単,他
20243022,s2a209,山本遥,2026-02-22 01:00:00+00,2026-02-22 01:45:00+00,株式会社プライム,試験_面接,結果待ち
20252014,j2a102,松本遥,2026-02-22 04:00:00+00,2026-02-22 05:00:00+00,株式会社テックワークス,説明会_合,他
20243007,s2a108,前田葵,2026-02-22 04:00:00+00,2026-02-22 04:45:00+00,株式会社ミライ,試験_面接,継続（合格）
20234024,r3a208,鈴木太郎,2026-02-22 06:00:00+00,2026-02-22 07:00:00+00,株式会社アビリティ,セミナー,他
20234056,r3a229,山口健太,2026-02-22 06:00:00+00,2026-02-22 07:00:00+00,株式会社エンジン,セミナー,他
20234019,r3a101,高橋大輔,2026-02-23 01:00:00+00,2026-02-23 02:00:00+00,株式会社クレスト,説明会_合,他
20243003,s2a309,渡辺太郎,2026-02-23 01:00:00+00,2026-02-23 02:00:00+00,株式会社スカイ,セミナー,他
20243009,s2a310,林優樹,2026-02-23 01:00:00+00,2026-02-23 02:00:00+00,株式会社アセント,セミナー,他
20234019,r3a101,高橋大輔,2026-02-23 04:00:00+00,2026-02-23 05:00:00+00,株式会社クレスト,インターン,他
20234067,r3a210,中島拓也,2026-02-23 04:00:00+00,2026-02-23 05:00:00+00,株式会社エッジ,説明会_単,他
20234009,r3a231,清水優奈,2026-02-23 04:00:00+00,2026-02-23 04:45:00+00,株式会社ステラ,試験_面接,結果待ち
20234021,r3a232,前田遥,2026-02-23 04:00:00+00,2026-02-23 04:45:00+00,株式会社クレスト,試験_面接,不合格
20243045,s2a302,山下大輔,2026-02-23 04:00:00+00,2026-02-23 05:00:00+00,株式会社ライト,説明会_単,他
20234042,r3a102,斎藤優奈,2026-02-23 06:00:00+00,2026-02-23 07:00:00+00,株式会社コア,説明会_合,他
20234006,r3a116,前田凛,2026-02-23 06:00:00+00,2026-02-23 07:00:00+00,株式会社アルファ,説明会_単,他
20234070,r3a127,中村直樹,2026-02-23 06:00:00+00,2026-02-23 07:00:00+00,株式会社オメガ,説明会_単,他
20234076,r3a233,山本葵,2026-02-23 06:00:00+00,2026-02-23 06:45:00+00,株式会社クロス,試験_面接,不合格
20234048,r3a236,佐藤彩香,2026-02-23 06:00:00+00,2026-02-23 06:45:00+00,株式会社ルミナス,試験_面接,結果待ち
20243047,s2a110,吉田直樹,2026-02-23 06:00:00+00,2026-02-23 07:00:00+00,株式会社エッジ,セミナー,他
20243013,s2a401,山口陸,2026-02-23 06:00:00+00,2026-02-23 06:45:00+00,株式会社ブリッジ,試験_面接,不合格
20234007,r3a131,高橋拓也,2026-02-24 01:00:00+00,2026-02-24 02:00:00+00,株式会社ブルーム,インターン,他
20234050,r3a135,佐藤杏奈,2026-02-24 01:00:00+00,2026-02-24 02:00:00+00,株式会社イノベーション,説明会_合,他
20234030,r3a215,斎藤優樹,2026-02-24 01:00:00+00,2026-02-24 02:00:00+00,株式会社ガンマ,説明会_単,他
20243011,s2a409,藤田優樹,2026-02-24 01:00:00+00,2026-02-24 02:00:00+00,株式会社パルス,インターン,他
20234082,r3a108,斎藤花子,2026-02-24 04:00:00+00,2026-02-24 05:00:00+00,株式会社ルミナス,セミナー,他
20234073,r3a115,鈴木彩香,2026-02-24 04:00:00+00,2026-02-24 04:45:00+00,株式会社グリーン,試験_面接,結果待ち
20234024,r3a208,鈴木太郎,2026-02-24 04:00:00+00,2026-02-24 04:45:00+00,株式会社アビリティ,試験_面接,結果待ち
20234064,r3a211,橋本陽菜,2026-02-24 04:00:00+00,2026-02-24 04:45:00+00,株式会社プライム,試験_面接,不合格
20234026,r3a225,阿部陽菜,2026-02-24 04:00:00+00,2026-02-24 05:30:00+00,株式会社アトラス,試験_適正,結果待ち
20243024,s2a210,阿部翔太,2026-02-24 04:00:00+00,2026-02-24 05:00:00+00,株式会社グロース,セミナー,他
20243044,s2a214,山本遥,2026-02-24 04:00:00+00,2026-02-24 05:00:00+00,株式会社テックワークス,セミナー,他
20243021,s2a305,清水美咲,2026-02-24 04:00:00+00,2026-02-24 05:30:00+00,株式会社アーク,試験_適正,結果待ち
20243035,s2a204,藤田陸,2026-02-24 06:00:00+00,2026-02-24 07:00:00+00,株式会社マーブル,インターン,他
20243019,s2a307,山下優奈,2026-02-24 06:00:00+00,2026-02-24 07:00:00+00,株式会社グロース,説明会_単,他
20234064,r3a211,橋本陽菜,2026-02-25 01:00:00+00,2026-02-25 02:00:00+00,株式会社ライト,セミナー,他
20234069,r3a212,渡辺翔太,2026-02-25 01:00:00+00,2026-02-25 01:45:00+00,株式会社シグマ,試験_面接,辞退
20243048,s2a201,橋本優奈,2026-02-25 01:00:00+00,2026-02-25 02:00:00+00,株式会社ハーモニー,セミナー,他
20243051,s2a202,渡辺優樹,2026-02-25 01:00:00+00,2026-02-25 02:30:00+00,株式会社ネクスト,試験_適正,不合格
20234020,r3a113,井上陸,2026-02-25 04:00:00+00,2026-02-25 05:30:00+00,株式会社ホライズン,試験_適正,不合格
20234004,r3a119,石川陽菜,2026-02-25 04:00:00+00,2026-02-25 04:45:00+00,株式会社エンジン,試験_面接,結果待ち
20234085,r3a136,池田悠斗,2026-02-25 04:00:00+00,2026-02-25 05:30:00+00,株式会社リンク,試験_適正,継続（合格）
20234021,r3a232,前田遥,2026-02-25 04:00:00+00,2026-02-25 05:00:00+00,株式会社シード,インターン,他
20243014,s2a211,池田大輔,2026-02-25 04:00:00+00,2026-02-25 05:00:00+00,株式会社ベータ,インターン,他
20243015,s2a213,橋本直樹,2026-02-25 06:00:00+00,2026-02-25 06:45:00+00,株式会社リーフ,試験_面接,結果待ち
20243015,s2a213,橋本直樹,2026-02-25 06:00:00+00,2026-02-25 07:30:00+00,株式会社リーフ,試験_適正,継続（合格）
20243027,s2a403,加藤拓也,2026-02-25 06:00:00+00,2026-02-25 07:00:00+00,株式会社ストリーム,説明会_合,他
20234016,r3a111,渡辺翔太,2026-02-26 01:00:00+00,2026-02-26 01:45:00+00,株式会社リーフ,試験_面接,結果待ち
20234075,r3a118,池田優奈,2026-02-26 01:00:00+00,2026-02-26 01:45:00+00,株式会社ガンマ,試験_面接,不合格
20234047,r3a128,石川太郎,2026-02-26 01:00:00+00,2026-02-26 01:45:00+00,株式会社グリーン,試験_面接,継続（合格）
20243032,s2a109,藤田健太,2026-02-26 01:00:00+00,2026-02-26 02:00:00+00,株式会社スカイ,セミナー,他
20243009,s2a310,林優樹,2026-02-26 01:00:00+00,2026-02-26 02:00:00+00,株式会社ユニオン,セミナー,他
20243039,s2a407,藤田悠斗,2026-02-26 01:00:00+00,2026-02-26 01:45:00+00,株式会社エコー,試験_面接,結果待ち
20243035,s2a204,藤田陸,2026-02-26 04:00:00+00,2026-02-26 04:45:00+00,株式会社サンライズ,試験_面接,結果待ち
20234016,r3a111,渡辺翔太,2026-02-26 04:00:00+00,2026-02-26 05:00:00+00,株式会社アビリティ,セミナー,他
20234072,r3a130,石川陽菜,2026-02-26 04:00:00+00,2026-02-26 05:00:00+00,株式会社ライト,インターン,他
20234067,r3a210,中島拓也,2026-02-26 04:00:00+00,2026-02-26 05:00:00+00,株式会社アーク,説明会_単,他
20234071,r3a224,山口結衣,2026-02-26 04:00:00+00,2026-02-26 05:00:00+00,株式会社リーフ,セミナー,他
20252039,j1a102,田中葵,2026-02-26 06:00:00+00,2026-02-26 07:00:00+00,株式会社サンライズ,インターン,他
20234020,r3a113,井上陸,2026-02-26 06:00:00+00,2026-02-26 07:00:00+00,株式会社エンジン,説明会_合,他
20252036,j2a119,山本悠斗,2026-02-26 06:00:00+00,2026-02-26 07:00:00+00,株式会社マーブル,セミナー,他
20243013,s2a401,山口陸,2026-02-26 06:00:00+00,2026-02-26 07:00:00+00,株式会社リンク,説明会_合,他
20234029,r3a112,山口悠斗,2026-02-27 01:00:00+00,2026-02-27 02:00:00+00,株式会社オメガ,インターン,他
20243009,s2a310,林優樹,2026-02-27 01:00:00+00,2026-02-27 02:30:00+00,株式会社ライト,試験_適正,継続（合格）
20252045,j1a108,藤田拓也,2026-02-27 04:00:00+00,2026-02-27 05:00:00+00,株式会社フォース,説明会_単,他
20234007,r3a131,高橋拓也,2026-02-27 04:00:00+00,2026-02-27 05:30:00+00,株式会社ストリーム,試験_適正,結果待ち
20234080,r3a202,井上美咲,2026-02-27 04:00:00+00,2026-02-27 04:45:00+00,株式会社ユニオン,試験_面接,辞退
20243024,s2a210,阿部翔太,2026-02-27 04:00:00+00,2026-02-27 05:00:00+00,株式会社ライト,説明会_単,他
20252002,j2a105,井上太郎,2026-02-27 06:00:00+00,2026-02-27 07:00:00+00,株式会社サンライズ,説明会_単,他
20234017,r3a143,田中杏奈,2026-02-27 06:00:00+00,2026-02-27 07:30:00+00,株式会社サンライズ,試験_適正,結果待ち
20234069,r3a212,渡辺翔太,2026-02-27 06:00:00+00,2026-02-27 07:00:00+00,株式会社シグマ,説明会_合,他
20234050,r3a135,佐藤杏奈,2026-02-28 01:00:00+00,2026-02-28 02:00:00+00,株式会社イノベーション,セミナー,他
20234079,r3a204,佐藤彩香,2026-02-28 01:00:00+00,2026-02-28 01:45:00+00,株式会社ベータ,試験_面接,結果待ち
20234024,r3a208,鈴木太郎,2026-02-28 01:00:00+00,2026-02-28 02:00:00+00,株式会社テックワークス,説明会_合,他
20234060,r3a230,山口杏奈,2026-02-28 01:00:00+00,2026-02-28 01:45:00+00,株式会社プライム,試験_面接,結果待ち
20252032,j1a107,井上花子,2026-02-28 04:00:00+00,2026-02-28 05:00:00+00,株式会社ブリッジ,説明会_合,他
20252010,j2a112,阿部陸,2026-02-28 04:00:00+00,2026-02-28 05:00:00+00,株式会社アーク,セミナー,他
20234025,r3a201,鈴木美咲,2026-02-28 04:00:00+00,2026-02-28 04:45:00+00,株式会社ガンマ,試験_面接,結果待ち
20234024,r3a208,鈴木太郎,2026-02-28 04:00:00+00,2026-02-28 05:30:00+00,株式会社アビリティ,試験_適正,継続（合格）
20234008,r3a216,中村悠斗,2026-02-28 04:00:00+00,2026-02-28 05:00:00+00,株式会社アルファ,セミナー,他
20234028,r3a220,前田陸,2026-02-28 04:00:00+00,2026-02-28 05:30:00+00,株式会社ミライ,試験_適正,継続（合格）
20243028,s2a306,斎藤翔太,2026-02-28 04:00:00+00,2026-02-28 04:30:00+00,株式会社ライト,試験_他,内定
20234009,r3a231,清水優奈,2026-02-28 06:00:00+00,2026-02-28 07:00:00+00,株式会社ストリーム,説明会_合,他
20243044,s2a214,山本遥,2026-02-28 06:00:00+00,2026-02-28 06:45:00+00,株式会社ルミナス,試験_面接,不合格
20243020,s2a313,前田杏奈,2026-02-28 06:00:00+00,2026-02-28 07:30:00+00,株式会社グリーン,試験_適正,結果待ち
20243027,s2a403,加藤拓也,2026-02-28 06:00:00+00,2026-02-28 07:00:00+00,株式会社ホライズン,説明会_合,他
20243034,s2a405,鈴木健太,2026-02-28 06:00:00+00,2026-02-28 07:00:00+00,株式会社イノベーション,説明会_合,他
20243039,s2a407,藤田悠斗,2026-02-28 06:00:00+00,2026-02-28 07:00:00+00,株式会社ホライズン,説明会_合,他
20234015,r3a138,吉田健太,2026-03-01 01:00:00+00,2026-03-01 01:45:00+00,株式会社ミライ,試験_面接,不合格
20234044,r3a221,松本結衣,2026-03-01 01:00:00+00,2026-03-01 01:45:00+00,株式会社エコー,試験_面接,結果待ち
20234021,r3a232,前田遥,2026-03-01 01:00:00+00,2026-03-01 01:45:00+00,株式会社ライト,試験_面接,結果待ち
20234040,r3a110,斎藤優奈,2026-03-01 04:00:00+00,2026-03-01 05:00:00+00,株式会社フロンティア,説明会_単,他
20234007,r3a131,高橋拓也,2026-03-01 04:00:00+00,2026-03-01 05:00:00+00,株式会社エッジ,セミナー,他
20234007,r3a131,高橋拓也,2026-03-01 04:00:00+00,2026-03-01 05:30:00+00,株式会社イプシロン,試験_適正,不合格
20243024,s2a210,阿部翔太,2026-03-01 04:00:00+00,2026-03-01 04:45:00+00,株式会社グロース,試験_面接,結果待ち
20234044,r3a221,松本結衣,2026-03-01 06:00:00+00,2026-03-01 07:00:00+00,株式会社ベータ,説明会_単,他
20234021,r3a232,前田遥,2026-03-01 06:00:00+00,2026-03-01 07:00:00+00,株式会社ライト,インターン,他
20243036,s2a412,藤田悠斗,2026-03-01 06:00:00+00,2026-03-01 07:00:00+00,株式会社オーシャン,インターン,他
20234035,r3a104,佐々木遥,2026-03-02 01:00:00+00,2026-03-02 02:00:00+00,株式会社プライム,セミナー,他
20234077,r3a120,山口陽菜,2026-03-02 01:00:00+00,2026-03-02 02:30:00+00,株式会社フォーカス,試験_適正,継続（合格）
20234009,r3a231,清水優奈,2026-03-02 01:00:00+00,2026-03-02 02:30:00+00,株式会社ホライズン,試験_適正,結果待ち
20243035,s2a204,藤田陸,2026-03-02 04:00:00+00,2026-03-02 05:00:00+00,株式会社サンライズ,インターン,他
20252002,j2a105,井上太郎,2026-03-02 04:00:00+00,2026-03-02 05:30:00+00,株式会社アセント,試験_適正,結果待ち
20234078,r3a205,小林大輔,2026-03-02 04:00:00+00,2026-03-02 04:45:00+00,株式会社オメガ,試験_面接,結果待ち
20234009,r3a231,清水優奈,2026-03-02 04:00:00+00,2026-03-02 04:45:00+00,株式会社マーブル,試験_面接,結果待ち
20243020,s2a313,前田杏奈,2026-03-02 04:00:00+00,2026-03-02 05:00:00+00,株式会社ビジョン,説明会_単,他
20243030,s2a402,木村悠斗,2026-03-02 04:00:00+00,2026-03-02 04:45:00+00,株式会社リーフ,試験_面接,辞退
20234012,r3a137,林結衣,2026-03-02 06:00:00+00,2026-03-02 06:45:00+00,株式会社ガンマ,試験_面接,継続（合格）
20243033,s2a101,山崎彩香,2026-03-02 06:00:00+00,2026-03-02 07:30:00+00,株式会社ブリッジ,試験_適正,不合格
20243021,s2a305,清水美咲,2026-03-02 06:00:00+00,2026-03-02 07:30:00+00,株式会社スカイ,試験_適正,結果待ち
20234042,r3a102,斎藤優奈,2026-03-03 01:00:00+00,2026-03-03 01:45:00+00,株式会社ブリッジ,試験_面接,継続（合格）
20234079,r3a204,佐藤彩香,2026-03-03 01:00:00+00,2026-03-03 02:30:00+00,株式会社アトラス,試験_適正,結果待ち
20234044,r3a221,松本結衣,2026-03-03 01:00:00+00,2026-03-03 02:30:00+00,株式会社エコー,試験_適正,継続（合格）
20234062,r3a238,清水悠斗,2026-03-03 01:00:00+00,2026-03-03 01:45:00+00,株式会社オメガ,試験_面接,不合格
20234011,r3a239,前田彩香,2026-03-03 01:00:00+00,2026-03-03 01:45:00+00,株式会社モデスト,試験_面接,不合格
20243050,s2a411,田中陸,2026-03-03 01:00:00+00,2026-03-03 02:30:00+00,株式会社ルミナス,試験_適正,結果待ち
20243001,s2a413,佐々木拓也,2026-03-03 01:00:00+00,2026-03-03 02:00:00+00,株式会社オービット,インターン,他
20234019,r3a101,高橋大輔,2026-03-03 04:00:00+00,2026-03-03 05:00:00+00,株式会社エンジン,説明会_単,他
20234016,r3a111,渡辺翔太,2026-03-03 04:00:00+00,2026-03-03 05:00:00+00,株式会社アビリティ,説明会_単,他
20234072,r3a130,石川陽菜,2026-03-03 04:00:00+00,2026-03-03 05:30:00+00,株式会社テックワークス,試験_適正,継続（合格）
20234008,r3a216,中村悠斗,2026-03-03 04:00:00+00,2026-03-03 05:00:00+00,株式会社ベータ,説明会_単,他
20234008,r3a216,中村悠斗,2026-03-03 04:00:00+00,2026-03-03 05:30:00+00,株式会社アルファ,試験_適正,結果待ち
20234056,r3a229,山口健太,2026-03-03 04:00:00+00,2026-03-03 04:45:00+00,株式会社オメガ,試験_面接,結果待ち
20243060,s2a208,石川彩香,2026-03-03 04:00:00+00,2026-03-03 05:00:00+00,株式会社アトラス,セミナー,他
20243008,s2a406,前田結衣,2026-03-03 04:00:00+00,2026-03-03 04:45:00+00,株式会社ビジョン,試験_面接,継続（合格）
20252015,j2a107,松本陽菜,2026-03-03 06:00:00+00,2026-03-03 07:00:00+00,株式会社フォーカス,セミナー,他
20234024,r3a208,鈴木太郎,2026-03-03 06:00:00+00,2026-03-03 06:45:00+00,株式会社テックワークス,試験_面接,結果待ち
20234051,r3a241,高橋花子,2026-03-03 06:00:00+00,2026-03-03 07:00:00+00,株式会社クロス,インターン,他
20243037,s2a102,斎藤太郎,2026-03-03 06:00:00+00,2026-03-03 07:00:00+00,株式会社ブリッジ,セミナー,他
20252026,j1a106,松本陽菜,2026-03-04 01:00:00+00,2026-03-04 02:00:00+00,株式会社クラフト,セミナー,他
20252028,j2a108,高橋直樹,2026-03-04 01:00:00+00,2026-03-04 02:00:00+00,株式会社ルミナス,説明会_単,他
20252036,j2a119,山本悠斗,2026-03-04 01:00:00+00,2026-03-04 02:00:00+00,株式会社プライム,説明会_単,他
20234058,r3a133,佐藤健太,2026-03-04 01:00:00+00,2026-03-04 02:30:00+00,株式会社シグマ,試験_適正,辞退
20234069,r3a212,渡辺翔太,2026-03-04 01:00:00+00,2026-03-04 02:00:00+00,株式会社シグマ,説明会_合,他
20234062,r3a238,清水悠斗,2026-03-04 01:00:00+00,2026-03-04 01:45:00+00,株式会社ルミナス,試験_面接,結果待ち
20243036,s2a412,藤田悠斗,2026-03-04 01:00:00+00,2026-03-04 01:45:00+00,株式会社ミライ,試験_面接,継続（合格）
20243001,s2a413,佐々木拓也,2026-03-04 01:00:00+00,2026-03-04 02:00:00+00,株式会社オービット,インターン,他
20252011,j1a119,阿部拓也,2026-03-04 04:00:00+00,2026-03-04 05:00:00+00,株式会社デルタ,インターン,他
20252027,j2a109,中村陸,2026-03-04 04:00:00+00,2026-03-04 05:00:00+00,株式会社ストリーム,説明会_単,他
20252029,j2a117,林健太,2026-03-04 04:00:00+00,2026-03-04 05:00:00+00,株式会社アトラス,セミナー,他
20243009,s2a310,林優樹,2026-03-04 04:00:00+00,2026-03-04 05:00:00+00,株式会社ブルーム,説明会_合,他
20243027,s2a403,加藤拓也,2026-03-04 04:00:00+00,2026-03-04 05:30:00+00,株式会社サンライズ,試験_適正,結果待ち
20243029,s2a408,佐藤遥,2026-03-04 04:00:00+00,2026-03-04 04:45:00+00,株式会社クレスト,試験_面接,結果待ち
20252030,j1a104,山本悠斗,2026-03-04 06:00:00+00,2026-03-04 07:00:00+00,株式会社アセント,説明会_合,他
20252043,j2a111,佐々木海斗,2026-03-04 06:00:00+00,2026-03-04 07:00:00+00,株式会社サンライズ,説明会_単,他
20234086,r3a103,前田優樹,2026-03-04 06:00:00+00,2026-03-04 07:00:00+00,株式会社マーブル,インターン,他
20234032,r3a125,山崎美咲,2026-03-04 06:00:00+00,2026-03-04 06:45:00+00,株式会社フォース,試験_面接,結果待ち
20243047,s2a110,吉田直樹,2026-03-04 06:00:00+00,2026-03-04 07:00:00+00,株式会社サンライズ,インターン,他
20243027,s2a403,加藤拓也,2026-03-04 06:00:00+00,2026-03-04 07:00:00+00,株式会社ユニオン,説明会_単,他
20252010,j2a112,阿部陸,2026-03-05 01:00:00+00,2026-03-05 02:00:00+00,株式会社フロンティア,説明会_単,他
20234042,r3a102,斎藤優奈,2026-03-05 01:00:00+00,2026-03-05 02:30:00+00,株式会社クラフト,試験_適正,不合格
20234009,r3a231,清水優奈,2026-03-05 01:00:00+00,2026-03-05 02:00:00+00,株式会社ホライズン,説明会_単,他
20243015,s2a213,橋本直樹,2026-03-05 01:00:00+00,2026-03-05 01:45:00+00,株式会社プライム,試験_面接,不合格
20243054,s2a404,林葵,2026-03-05 01:00:00+00,2026-03-05 01:45:00+00,株式会社ブリッジ,試験_面接,継続（合格）
20252010,j2a112,阿部陸,2026-03-05 04:00:00+00,2026-03-05 05:00:00+00,株式会社リーフ,セミナー,他
20252042,j2a120,鈴木優樹,2026-03-05 04:00:00+00,2026-03-05 05:00:00+00,株式会社ビジョン,説明会_合,他
20234035,r3a104,佐々木遥,2026-03-05 04:00:00+00,2026-03-05 05:00:00+00,株式会社グリーン,セミナー,他
20234043,r3a140,加藤優奈,2026-03-05 04:00:00+00,2026-03-05 05:00:00+00,株式会社オーシャン,セミナー,他
20234067,r3a210,中島拓也,2026-03-05 04:00:00+00,2026-03-05 05:00:00+00,株式会社ホライズン,セミナー,他
20234030,r3a215,斎藤優樹,2026-03-05 04:00:00+00,2026-03-05 05:30:00+00,株式会社グロース,試験_適正,不合格
20234009,r3a231,清水優奈,2026-03-05 04:00:00+00,2026-03-05 04:45:00+00,株式会社リーフ,試験_面接,結果待ち
20252024,j2a101,清水葵,2026-03-05 06:00:00+00,2026-03-05 07:00:00+00,株式会社ブリッジ,セミナー,他
20234050,r3a135,佐藤杏奈,2026-03-05 06:00:00+00,2026-03-05 07:00:00+00,株式会社エッジ,説明会_合,他
20234054,r3a219,山本優樹,2026-03-05 06:00:00+00,2026-03-05 07:30:00+00,株式会社サンライズ,試験_適正,不合格
20243033,s2a101,山崎彩香,2026-03-05 06:00:00+00,2026-03-05 07:00:00+00,株式会社ブリッジ,説明会_単,他
20243047,s2a110,吉田直樹,2026-03-05 06:00:00+00,2026-03-05 07:30:00+00,株式会社ルミナス,試験_適正,継続（合格）
20252042,j2a120,鈴木優樹,2026-03-06 01:00:00+00,2026-03-06 01:45:00+00,株式会社ビジョン,試験_面接,不合格
20234042,r3a102,斎藤優奈,2026-03-06 01:00:00+00,2026-03-06 01:45:00+00,株式会社コア,試験_面接,結果待ち
20234057,r3a109,松本葵,2026-03-06 01:00:00+00,2026-03-06 02:00:00+00,株式会社フォース,インターン,他
20234072,r3a130,石川陽菜,2026-03-06 01:00:00+00,2026-03-06 01:45:00+00,株式会社ライト,試験_面接,不合格
20234081,r3a213,清水遥,2026-03-06 01:00:00+00,2026-03-06 02:00:00+00,株式会社ベータ,インターン,他
20243001,s2a413,佐々木拓也,2026-03-06 01:00:00+00,2026-03-06 02:00:00+00,株式会社シード,説明会_単,他
20252023,j1a109,木村葵,2026-03-06 04:00:00+00,2026-03-06 05:00:00+00,株式会社オーシャン,説明会_合,他
20243026,s2a308,佐藤拓也,2026-03-06 04:00:00+00,2026-03-06 05:30:00+00,株式会社イプシロン,試験_適正,結果待ち
20243006,s2a112,山田翔太,2026-03-06 04:00:00+00,2026-03-06 05:00:00+00,株式会社グロース,説明会_合,他
20252010,j2a112,阿部陸,2026-03-06 06:00:00+00,2026-03-06 06:45:00+00,株式会社フロンティア,試験_面接,結果待ち
20234020,r3a113,井上陸,2026-03-06 06:00:00+00,2026-03-06 06:45:00+00,株式会社フォース,試験_面接,結果待ち
20234073,r3a115,鈴木彩香,2026-03-06 06:00:00+00,2026-03-06 07:00:00+00,株式会社プライム,説明会_単,他
20234055,r3a121,鈴木悠斗,2026-03-06 06:00:00+00,2026-03-06 07:00:00+00,株式会社オービット,説明会_合,他
20234005,r3a222,森大輔,2026-03-06 06:00:00+00,2026-03-06 06:45:00+00,株式会社レイヤー,試験_面接,継続（合格）
20234038,r3a228,林葵,2026-03-06 06:00:00+00,2026-03-06 07:00:00+00,株式会社パルス,説明会_単,他
20243005,s2a104,鈴木大輔,2026-03-06 06:00:00+00,2026-03-06 06:45:00+00,株式会社アーク,試験_面接,結果待ち
20243009,s2a310,林優樹,2026-03-06 06:00:00+00,2026-03-06 07:00:00+00,株式会社クレスト,セミナー,他
20243027,s2a403,加藤拓也,2026-03-06 06:00:00+00,2026-03-06 07:00:00+00,株式会社サンライズ,セミナー,他
20252026,j1a106,松本陽菜,2026-03-07 01:00:00+00,2026-03-07 02:00:00+00,株式会社ハーモニー,インターン,他
20252025,j1a113,井上美咲,2026-03-07 01:00:00+00,2026-03-07 02:00:00+00,株式会社ミライ,説明会_合,他
20234075,r3a118,池田優奈,2026-03-07 01:00:00+00,2026-03-07 02:30:00+00,株式会社パルス,試験_適正,不合格
20234065,r3a142,井上太郎,2026-03-07 01:00:00+00,2026-03-07 02:00:00+00,株式会社ブリッジ,インターン,他
20234008,r3a216,中村悠斗,2026-03-07 01:00:00+00,2026-03-07 01:45:00+00,株式会社ベータ,試験_面接,継続（合格）
20252043,j2a111,佐々木海斗,2026-03-07 04:00:00+00,2026-03-07 05:00:00+00,株式会社ノヴァ,説明会_単,他
20234007,r3a131,高橋拓也,2026-03-07 04:00:00+00,2026-03-07 04:45:00+00,株式会社グリーン,試験_面接,辞退
20234080,r3a202,井上美咲,2026-03-07 04:00:00+00,2026-03-07 05:00:00+00,株式会社プライム,説明会_単,他
20234068,r3a207,山下美咲,2026-03-07 04:00:00+00,2026-03-07 05:30:00+00,株式会社ブルーム,試験_適正,結果待ち
20243049,s2a103,石川優奈,2026-03-07 04:00:00+00,2026-03-07 05:30:00+00,株式会社コア,試験_適正,継続（合格）
20243021,s2a305,清水美咲,2026-03-07 04:00:00+00,2026-03-07 05:00:00+00,株式会社スカイ,説明会_合,他
20243027,s2a403,加藤拓也,2026-03-07 04:00:00+00,2026-03-07 05:00:00+00,株式会社ネクスト,セミナー,他
20234082,r3a108,斎藤花子,2026-03-07 06:00:00+00,2026-03-07 07:00:00+00,株式会社クラフト,説明会_単,他
20234006,r3a116,前田凛,2026-03-07 06:00:00+00,2026-03-07 07:00:00+00,株式会社アルファ,説明会_合,他
20234070,r3a127,中村直樹,2026-03-07 06:00:00+00,2026-03-07 07:00:00+00,株式会社デルタ,説明会_合,他
20234089,r3a223,井上優奈,2026-03-07 06:00:00+00,2026-03-07 07:00:00+00,株式会社アビリティ,説明会_単,他
20234051,r3a241,高橋花子,2026-03-07 06:00:00+00,2026-03-07 07:00:00+00,株式会社アーク,説明会_単,他
20234083,r3a242,木村彩香,2026-03-07 06:00:00+00,2026-03-07 07:00:00+00,株式会社ベータ,説明会_合,他
20243033,s2a101,山崎彩香,2026-03-07 06:00:00+00,2026-03-07 07:00:00+00,株式会社リンク,セミナー,他
20234073,r3a115,鈴木彩香,2026-03-08 01:00:00+00,2026-03-08 01:45:00+00,株式会社グリーン,試験_面接,継続（合格）
20234058,r3a133,佐藤健太,2026-03-08 01:00:00+00,2026-03-08 02:00:00+00,株式会社クロス,説明会_単,他
20234025,r3a201,鈴木美咲,2026-03-08 01:00:00+00,2026-03-08 02:00:00+00,株式会社ガンマ,説明会_合,他
20234078,r3a205,小林大輔,2026-03-08 01:00:00+00,2026-03-08 02:00:00+00,株式会社マーブル,セミナー,他
20243033,s2a101,山崎彩香,2026-03-08 01:00:00+00,2026-03-08 02:30:00+00,株式会社リンク,試験_適正,継続（合格）
20243022,s2a209,山本遥,2026-03-08 01:00:00+00,2026-03-08 02:30:00+00,株式会社エコー,試験_適正,結果待ち
20243018,s2a304,高橋杏奈,2026-03-08 01:00:00+00,2026-03-08 02:30:00+00,株式会社ブリッジ,試験_適正,結果待ち
20243008,s2a406,前田結衣,2026-03-08 01:00:00+00,2026-03-08 02:00:00+00,株式会社ビジョン,セミナー,他
20243019,s2a307,山下優奈,2026-03-08 04:00:00+00,2026-03-08 05:00:00+00,株式会社ストリーム,説明会_合,他
20252029,j2a117,林健太,2026-03-08 04:00:00+00,2026-03-08 05:30:00+00,株式会社グリーン,試験_適正,継続（合格）
20234035,r3a104,佐々木遥,2026-03-08 04:00:00+00,2026-03-08 05:00:00+00,株式会社イノベーション,セミナー,他
20234074,r3a106,木村優樹,2026-03-08 04:00:00+00,2026-03-08 05:00:00+00,株式会社フォーカス,インターン,他
20234007,r3a131,高橋拓也,2026-03-08 04:00:00+00,2026-03-08 05:00:00+00,株式会社イプシロン,説明会_合,他
20234078,r3a205,小林大輔,2026-03-08 04:00:00+00,2026-03-08 05:00:00+00,株式会社マーブル,セミナー,他
20234001,r3a206,藤田優奈,2026-03-08 04:00:00+00,2026-03-08 05:00:00+00,株式会社シグマ,セミナー,他
20243017,s2a114,佐々木優樹,2026-03-08 04:00:00+00,2026-03-08 05:30:00+00,株式会社ハーモニー,試験_適正,継続（合格）
20243017,s2a114,佐々木優樹,2026-03-08 04:00:00+00,2026-03-08 05:00:00+00,株式会社アルファ,インターン,他
20243048,s2a201,橋本優奈,2026-03-08 04:00:00+00,2026-03-08 05:00:00+00,株式会社ユニオン,セミナー,他
20252020,j1a111,石川杏奈,2026-03-08 06:00:00+00,2026-03-08 07:00:00+00,株式会社シグマ,説明会_単,他
20234077,r3a120,山口陽菜,2026-03-08 06:00:00+00,2026-03-08 07:00:00+00,株式会社パルス,インターン,他
20234087,r3a124,松本翔太,2026-03-08 06:00:00+00,2026-03-08 07:00:00+00,株式会社エッジ,インターン,他
20234085,r3a136,池田悠斗,2026-03-08 06:00:00+00,2026-03-08 07:30:00+00,株式会社イノベーション,試験_適正,結果待ち
20234065,r3a142,井上太郎,2026-03-08 06:00:00+00,2026-03-08 07:00:00+00,株式会社ブリッジ,説明会_単,他
20234001,r3a206,藤田優奈,2026-03-08 06:00:00+00,2026-03-08 06:45:00+00,株式会社シグマ,試験_面接,結果待ち
20234062,r3a238,清水悠斗,2026-03-08 06:00:00+00,2026-03-08 07:00:00+00,株式会社モデスト,インターン,他
20234083,r3a242,木村彩香,2026-03-08 06:00:00+00,2026-03-08 07:30:00+00,株式会社デルタ,試験_適正,不合格
20243009,s2a310,林優樹,2026-03-08 06:00:00+00,2026-03-08 07:30:00+00,株式会社ユニオン,試験_適正,結果待ち
20243034,s2a405,鈴木健太,2026-03-08 06:00:00+00,2026-03-08 07:00:00+00,株式会社イノベーション,インターン,他
20234019,r3a101,高橋大輔,2026-03-09 01:00:00+00,2026-03-09 01:45:00+00,株式会社ブルーム,試験_面接,継続（合格）
20234004,r3a119,石川陽菜,2026-03-09 01:00:00+00,2026-03-09 01:45:00+00,株式会社レイヤー,試験_面接,辞退
20234090,r3a126,佐々木陽菜,2026-03-09 01:00:00+00,2026-03-09 01:45:00+00,株式会社アセント,試験_面接,不合格
20234007,r3a131,高橋拓也,2026-03-09 01:00:00+00,2026-03-09 02:30:00+00,株式会社クロス,試験_適正,不合格
20234050,r3a135,佐藤杏奈,2026-03-09 01:00:00+00,2026-03-09 01:45:00+00,株式会社アーク,試験_面接,継続（合格）
20243046,s2a107,井上翔太,2026-03-09 01:00:00+00,2026-03-09 02:00:00+00,株式会社ビジョン,説明会_合,他
20243002,s2a113,山田拓也,2026-03-09 04:00:00+00,2026-03-09 04:45:00+00,株式会社エッジ,試験_面接,結果待ち
20234042,r3a102,斎藤優奈,2026-03-09 04:00:00+00,2026-03-09 04:45:00+00,株式会社エコー,試験_面接,継続（合格）
20234042,r3a102,斎藤優奈,2026-03-09 04:00:00+00,2026-03-09 05:00:00+00,株式会社クラフト,インターン,他
20234079,r3a204,佐藤彩香,2026-03-09 04:00:00+00,2026-03-09 05:30:00+00,株式会社ライト,試験_適正,継続（合格）
20234005,r3a222,森大輔,2026-03-09 04:00:00+00,2026-03-09 04:45:00+00,株式会社フォース,試験_面接,継続（合格）
20234026,r3a225,阿部陽菜,2026-03-09 04:00:00+00,2026-03-09 04:45:00+00,株式会社エンジン,試験_面接,継続（合格）
20234027,r3a237,池田美咲,2026-03-09 04:00:00+00,2026-03-09 05:00:00+00,株式会社アビリティ,セミナー,他
20243032,s2a109,藤田健太,2026-03-09 04:00:00+00,2026-03-09 05:30:00+00,株式会社ホライズン,試験_適正,結果待ち
20243048,s2a201,橋本優奈,2026-03-09 04:00:00+00,2026-03-09 05:00:00+00,株式会社ユニオン,インターン,他
20243022,s2a209,山本遥,2026-03-09 04:00:00+00,2026-03-09 04:45:00+00,株式会社ハーモニー,試験_面接,結果待ち
20252001,j1a116,伊藤直樹,2026-03-09 06:00:00+00,2026-03-09 07:00:00+00,株式会社ルミナス,インターン,他
20234057,r3a109,松本葵,2026-03-09 06:00:00+00,2026-03-09 07:30:00+00,株式会社フォース,試験_適正,結果待ち
20234072,r3a130,石川陽菜,2026-03-09 06:00:00+00,2026-03-09 07:00:00+00,株式会社テックワークス,説明会_単,他
20234008,r3a216,中村悠斗,2026-03-09 06:00:00+00,2026-03-09 07:00:00+00,株式会社ベータ,説明会_合,他
20243032,s2a109,藤田健太,2026-03-09 06:00:00+00,2026-03-09 07:30:00+00,株式会社クラフト,試験_適正,結果待ち
20243022,s2a209,山本遥,2026-03-09 06:00:00+00,2026-03-09 07:00:00+00,株式会社クラフト,インターン,他
20243030,s2a402,木村悠斗,2026-03-09 06:00:00+00,2026-03-09 07:00:00+00,株式会社イノベーション,説明会_合,他
20234050,r3a135,佐藤杏奈,2026-03-10 01:00:00+00,2026-03-10 02:00:00+00,株式会社ブリッジ,セミナー,他
20243047,s2a110,吉田直樹,2026-03-10 01:00:00+00,2026-03-10 02:00:00+00,株式会社ルミナス,説明会_単,他
20243008,s2a406,前田結衣,2026-03-10 01:00:00+00,2026-03-10 02:00:00+00,株式会社ネクスト,インターン,他
20243052,s2a410,井上杏奈,2026-03-10 01:00:00+00,2026-03-10 01:45:00+00,株式会社ハーモニー,試験_面接,継続（合格）
20252018,j1a114,藤田健太,2026-03-10 04:00:00+00,2026-03-10 05:00:00+00,株式会社アルファ,インターン,他
20252021,j2a115,伊藤陽菜,2026-03-10 04:00:00+00,2026-03-10 05:30:00+00,株式会社コア,試験_適正,結果待ち
20234068,r3a207,山下美咲,2026-03-10 04:00:00+00,2026-03-10 04:45:00+00,株式会社クレスト,試験_面接,継続（合格）
20243049,s2a103,石川優奈,2026-03-10 04:00:00+00,2026-03-10 04:45:00+00,株式会社コア,試験_面接,継続（合格）
20243032,s2a109,藤田健太,2026-03-10 04:00:00+00,2026-03-10 05:30:00+00,株式会社ストリーム,試験_適正,結果待ち
20243060,s2a208,石川彩香,2026-03-10 04:00:00+00,2026-03-10 05:30:00+00,株式会社アトラス,試験_適正,結果待ち
20243009,s2a310,林優樹,2026-03-10 04:00:00+00,2026-03-10 05:00:00+00,株式会社ライト,説明会_合,他
20243013,s2a401,山口陸,2026-03-10 04:00:00+00,2026-03-10 04:45:00+00,株式会社クラフト,試験_面接,不合格
20243011,s2a409,藤田優樹,2026-03-10 04:00:00+00,2026-03-10 05:00:00+00,株式会社エンジン,インターン,他
20243001,s2a413,佐々木拓也,2026-03-10 04:00:00+00,2026-03-10 04:45:00+00,株式会社オービット,試験_面接,継続（合格）
20252013,j1a110,山口悠斗,2026-03-10 06:00:00+00,2026-03-10 07:00:00+00,株式会社リンク,説明会_単,他
20234007,r3a131,高橋拓也,2026-03-10 06:00:00+00,2026-03-10 06:45:00+00,株式会社エッジ,試験_面接,継続（合格）
20234050,r3a135,佐藤杏奈,2026-03-10 06:00:00+00,2026-03-10 07:00:00+00,株式会社ブリッジ,セミナー,他
20234043,r3a140,加藤優奈,2026-03-10 06:00:00+00,2026-03-10 06:45:00+00,株式会社オーシャン,試験_面接,結果待ち
20234026,r3a225,阿部陽菜,2026-03-10 06:00:00+00,2026-03-10 07:00:00+00,株式会社サンライズ,セミナー,他
20234066,r3a226,木村優奈,2026-03-10 06:00:00+00,2026-03-10 07:30:00+00,株式会社アーク,試験_適正,結果待ち
20234051,r3a241,高橋花子,2026-03-10 06:00:00+00,2026-03-10 07:00:00+00,株式会社エンジン,説明会_単,他
20243047,s2a110,吉田直樹,2026-03-10 06:00:00+00,2026-03-10 07:00:00+00,株式会社サンライズ,インターン,他
20243028,s2a306,斎藤翔太,2026-03-10 06:00:00+00,2026-03-10 06:45:00+00,株式会社ライト,試験_面接,継続（合格）
20243009,s2a310,林優樹,2026-03-10 06:00:00+00,2026-03-10 06:45:00+00,株式会社アセント,試験_面接,結果待ち
20243030,s2a402,木村悠斗,2026-03-10 06:00:00+00,2026-03-10 07:30:00+00,株式会社リーフ,試験_適正,継続（合格）
20252039,j1a102,田中葵,2026-03-11 01:00:00+00,2026-03-11 01:45:00+00,株式会社リーフ,試験_面接,継続（合格）
20252001,j1a116,伊藤直樹,2026-03-11 01:00:00+00,2026-03-11 02:30:00+00,株式会社オーシャン,試験_適正,結果待ち
20252027,j2a109,中村陸,2026-03-11 01:00:00+00,2026-03-11 01:45:00+00,株式会社ストリーム,試験_面接,継続（合格）
20234010,r3a123,小林陸,2026-03-11 01:00:00+00,2026-03-11 01:45:00+00,株式会社ブルーム,試験_面接,継続（合格）
20234079,r3a204,佐藤彩香,2026-03-11 01:00:00+00,2026-03-11 02:30:00+00,株式会社シグマ,試験_適正,辞退
20243033,s2a101,山崎彩香,2026-03-11 01:00:00+00,2026-03-11 01:45:00+00,株式会社ステラ,試験_面接,不合格
20243022,s2a209,山本遥,2026-03-11 01:00:00+00,2026-03-11 02:30:00+00,株式会社クラフト,試験_適正,辞退
20234073,r3a115,鈴木彩香,2026-03-11 04:00:00+00,2026-03-11 05:00:00+00,株式会社クレスト,インターン,他
20234065,r3a142,井上太郎,2026-03-11 04:00:00+00,2026-03-11 05:30:00+00,株式会社ブリッジ,試験_適正,結果待ち
20234025,r3a201,鈴木美咲,2026-03-11 04:00:00+00,2026-03-11 04:45:00+00,株式会社オービット,試験_面接,継続（合格）
20234008,r3a216,中村悠斗,2026-03-11 04:00:00+00,2026-03-11 04:45:00+00,株式会社ベータ,試験_面接,結果待ち
20234005,r3a222,森大輔,2026-03-11 04:00:00+00,2026-03-11 05:30:00+00,株式会社オメガ,試験_適正,継続（合格）
20234083,r3a242,木村彩香,2026-03-11 04:00:00+00,2026-03-11 05:00:00+00,株式会社デルタ,説明会_合,他
20243005,s2a104,鈴木大輔,2026-03-11 04:00:00+00,2026-03-11 05:30:00+00,株式会社アーク,試験_適正,継続（合格）
20252031,j1a115,高橋直樹,2026-03-11 06:00:00+00,2026-03-11 07:00:00+00,株式会社ノヴァ,セミナー,他
20252019,j1a121,加藤遥,2026-03-11 06:00:00+00,2026-03-11 07:00:00+00,株式会社ユニオン,インターン,他
20252027,j2a109,中村陸,2026-03-11 06:00:00+00,2026-03-11 07:00:00+00,株式会社オーシャン,説明会_合,他
20252048,j2a121,橋本拓也,2026-03-11 06:00:00+00,2026-03-11 07:00:00+00,株式会社テックワークス,セミナー,他
20234001,r3a206,藤田優奈,2026-03-11 06:00:00+00,2026-03-11 06:45:00+00,株式会社ミライ,試験_面接,不合格
20234081,r3a213,清水遥,2026-03-11 06:00:00+00,2026-03-11 06:45:00+00,株式会社オメガ,試験_面接,結果待ち
20234030,r3a215,斎藤優樹,2026-03-11 06:00:00+00,2026-03-11 06:45:00+00,株式会社ガンマ,試験_面接,不合格
20234038,r3a228,林葵,2026-03-11 06:00:00+00,2026-03-11 06:45:00+00,株式会社パルス,試験_面接,結果待ち
20234051,r3a241,高橋花子,2026-03-11 06:00:00+00,2026-03-11 07:00:00+00,株式会社クロス,インターン,他
20252034,j1a105,伊藤太郎,2026-03-12 01:00:00+00,2026-03-12 02:00:00+00,株式会社シグマ,セミナー,他
20252044,j2a106,佐々木翔太,2026-03-12 01:00:00+00,2026-03-12 02:00:00+00,株式会社オービット,説明会_単,他
20234007,r3a131,高橋拓也,2026-03-12 01:00:00+00,2026-03-12 02:00:00+00,株式会社クロス,インターン,他
20234025,r3a201,鈴木美咲,2026-03-12 01:00:00+00,2026-03-12 02:00:00+00,株式会社デルタ,セミナー,他
20243007,s2a108,前田葵,2026-03-12 01:00:00+00,2026-03-12 01:30:00+00,株式会社ミライ,試験_他,内定
20243051,s2a202,渡辺優樹,2026-03-12 01:00:00+00,2026-03-12 02:00:00+00,株式会社マーブル,説明会_単,他
20243022,s2a209,山本遥,2026-03-12 01:00:00+00,2026-03-12 01:45:00+00,株式会社プライム,試験_面接,継続（合格）
20252034,j1a105,伊藤太郎,2026-03-12 04:00:00+00,2026-03-12 05:00:00+00,株式会社ステラ,説明会_合,他
20252023,j1a109,木村葵,2026-03-12 04:00:00+00,2026-03-12 05:30:00+00,株式会社オーシャン,試験_適正,結果待ち
20252021,j2a115,伊藤陽菜,2026-03-12 04:00:00+00,2026-03-12 05:00:00+00,株式会社ノヴァ,説明会_合,他
20252021,j2a115,伊藤陽菜,2026-03-12 04:00:00+00,2026-03-12 05:00:00+00,株式会社コア,インターン,他
20234087,r3a124,松本翔太,2026-03-12 04:00:00+00,2026-03-12 05:30:00+00,株式会社エッジ,試験_適正,結果待ち
20234072,r3a130,石川陽菜,2026-03-12 04:00:00+00,2026-03-12 04:45:00+00,株式会社フロンティア,試験_面接,不合格
20234018,r3a134,井上陸,2026-03-12 04:00:00+00,2026-03-12 05:30:00+00,株式会社フロンティア,試験_適正,不合格
20234050,r3a135,佐藤杏奈,2026-03-12 04:00:00+00,2026-03-12 04:45:00+00,株式会社イノベーション,試験_面接,不合格
20234059,r3a203,高橋陸,2026-03-12 04:00:00+00,2026-03-12 04:45:00+00,株式会社シグマ,試験_面接,結果待ち
20234068,r3a207,山下美咲,2026-03-12 04:00:00+00,2026-03-12 05:00:00+00,株式会社ブルーム,説明会_合,他
20234081,r3a213,清水遥,2026-03-12 04:00:00+00,2026-03-12 05:00:00+00,株式会社ベータ,インターン,他
20234030,r3a215,斎藤優樹,2026-03-12 04:00:00+00,2026-03-12 05:00:00+00,株式会社グロース,インターン,他
20234052,r3a240,山田結衣,2026-03-12 04:00:00+00,2026-03-12 04:45:00+00,株式会社レイヤー,試験_面接,結果待ち
20243037,s2a102,斎藤太郎,2026-03-12 04:00:00+00,2026-03-12 04:45:00+00,株式会社ブリッジ,試験_面接,結果待ち
20243030,s2a402,木村悠斗,2026-03-12 04:00:00+00,2026-03-12 05:00:00+00,株式会社イノベーション,インターン,他
20252043,j2a111,佐々木海斗,2026-03-12 06:00:00+00,2026-03-12 07:00:00+00,株式会社サンライズ,説明会_合,他
20234037,r3a107,山崎健太,2026-03-12 06:00:00+00,2026-03-12 07:00:00+00,株式会社ネクスト,インターン,他
20234073,r3a115,鈴木彩香,2026-03-12 06:00:00+00,2026-03-12 07:30:00+00,株式会社プライム,試験_適正,結果待ち
20234077,r3a120,山口陽菜,2026-03-12 06:00:00+00,2026-03-12 07:00:00+00,株式会社フォーカス,説明会_単,他
20234024,r3a208,鈴木太郎,2026-03-12 06:00:00+00,2026-03-12 06:45:00+00,株式会社エコー,試験_面接,不合格
20234067,r3a210,中島拓也,2026-03-12 06:00:00+00,2026-03-12 06:45:00+00,株式会社アーク,試験_面接,不合格
20234026,r3a225,阿部陽菜,2026-03-12 06:00:00+00,2026-03-12 06:45:00+00,株式会社エンジン,試験_面接,結果待ち
20243007,s2a108,前田葵,2026-03-12 06:00:00+00,2026-03-12 07:00:00+00,株式会社ミライ,セミナー,他
20243014,s2a211,池田大輔,2026-03-12 06:00:00+00,2026-03-12 07:30:00+00,株式会社ベータ,試験_適正,不合格
20243029,s2a408,佐藤遥,2026-03-12 06:00:00+00,2026-03-12 07:30:00+00,株式会社クレスト,試験_適正,継続（合格）
20252030,j1a104,山本悠斗,2026-03-13 01:00:00+00,2026-03-13 01:45:00+00,株式会社シード,試験_面接,結果待ち
20252026,j1a106,松本陽菜,2026-03-13 01:00:00+00,2026-03-13 02:00:00+00,株式会社ハーモニー,インターン,他
20252031,j1a115,高橋直樹,2026-03-13 01:00:00+00,2026-03-13 02:30:00+00,株式会社ノヴァ,試験_適正,結果待ち
20252027,j2a109,中村陸,2026-03-13 01:00:00+00,2026-03-13 02:00:00+00,株式会社オーシャン,説明会_合,他
20252029,j2a117,林健太,2026-03-13 01:00:00+00,2026-03-13 01:45:00+00,株式会社アトラス,試験_面接,結果待ち
20234082,r3a108,斎藤花子,2026-03-13 01:00:00+00,2026-03-13 02:00:00+00,株式会社クラフト,セミナー,他
20234082,r3a108,斎藤花子,2026-03-13 01:00:00+00,2026-03-13 02:30:00+00,株式会社シード,試験_適正,結果待ち
20234033,r3a132,山下直樹,2026-03-13 01:00:00+00,2026-03-13 01:45:00+00,株式会社シグマ,試験_面接,不合格
20234067,r3a210,中島拓也,2026-03-13 01:00:00+00,2026-03-13 02:00:00+00,株式会社アーク,インターン,他
20234051,r3a241,高橋花子,2026-03-13 01:00:00+00,2026-03-13 02:30:00+00,株式会社エンジン,試験_適正,結果待ち
20252039,j1a102,田中葵,2026-03-13 04:00:00+00,2026-03-13 04:45:00+00,株式会社アビリティ,試験_面接,結果待ち
20252030,j1a104,山本悠斗,2026-03-13 04:00:00+00,2026-03-13 05:00:00+00,株式会社リーフ,インターン,他
20252018,j1a114,藤田健太,2026-03-13 04:00:00+00,2026-03-13 05:00:00+00,株式会社クラフト,説明会_合,他
20252010,j2a112,阿部陸,2026-03-13 04:00:00+00,2026-03-13 05:00:00+00,株式会社エッジ,説明会_合,他
20252010,j2a112,阿部陸,2026-03-13 04:00:00+00,2026-03-13 05:30:00+00,株式会社アーク,試験_適正,結果待ち
20234077,r3a120,山口陽菜,2026-03-13 04:00:00+00,2026-03-13 05:00:00+00,株式会社フォーカス,説明会_単,他
20234049,r3a217,石川杏奈,2026-03-13 04:00:00+00,2026-03-13 05:30:00+00,株式会社アーク,試験_適正,継続（合格）
20234026,r3a225,阿部陽菜,2026-03-13 04:00:00+00,2026-03-13 05:00:00+00,株式会社シード,セミナー,他
20234009,r3a231,清水優奈,2026-03-13 04:00:00+00,2026-03-13 05:00:00+00,株式会社マーブル,説明会_合,他
20243050,s2a411,田中陸,2026-03-13 04:00:00+00,2026-03-13 05:00:00+00,株式会社デルタ,説明会_単,他
20243050,s2a411,田中陸,2026-03-13 04:00:00+00,2026-03-13 05:00:00+00,株式会社ルミナス,説明会_単,他
20243002,s2a113,山田拓也,2026-03-13 06:00:00+00,2026-03-13 07:00:00+00,株式会社ノヴァ,インターン,他
20252025,j1a113,井上美咲,2026-03-13 06:00:00+00,2026-03-13 07:00:00+00,株式会社ミライ,説明会_単,他
20252001,j1a116,伊藤直樹,2026-03-13 06:00:00+00,2026-03-13 07:00:00+00,株式会社オーシャン,説明会_合,他
20252006,j2a104,前田陽菜,2026-03-13 06:00:00+00,2026-03-13 07:00:00+00,株式会社ブリッジ,説明会_合,他
20252002,j2a105,井上太郎,2026-03-13 06:00:00+00,2026-03-13 07:00:00+00,株式会社アセント,セミナー,他
20252043,j2a111,佐々木海斗,2026-03-13 06:00:00+00,2026-03-13 06:45:00+00,株式会社サンライズ,試験_面接,結果待ち
20252043,j2a111,佐々木海斗,2026-03-13 06:00:00+00,2026-03-13 07:30:00+00,株式会社エッジ,試験_適正,不合格
20243027,s2a403,加藤拓也,2026-03-13 06:00:00+00,2026-03-13 07:00:00+00,株式会社ユニオン,インターン,他
20234075,r3a118,池田優奈,2026-03-13 06:00:00+00,2026-03-13 07:00:00+00,株式会社ガンマ,説明会_合,他
20234032,r3a125,山崎美咲,2026-03-13 06:00:00+00,2026-03-13 06:45:00+00,株式会社ベータ,試験_面接,結果待ち
20234050,r3a135,佐藤杏奈,2026-03-13 06:00:00+00,2026-03-13 07:30:00+00,株式会社マーブル,試験_適正,不合格
20234017,r3a143,田中杏奈,2026-03-13 06:00:00+00,2026-03-13 07:00:00+00,株式会社クロス,説明会_単,他
20234049,r3a217,石川杏奈,2026-03-13 06:00:00+00,2026-03-13 07:00:00+00,株式会社ネクスト,説明会_合,他
20243032,s2a109,藤田健太,2026-03-13 06:00:00+00,2026-03-13 07:00:00+00,株式会社ホライズン,説明会_単,他
20243047,s2a110,吉田直樹,2026-03-13 06:00:00+00,2026-03-13 06:45:00+00,株式会社ルミナス,試験_面接,結果待ち
20243024,s2a210,阿部翔太,2026-03-13 06:00:00+00,2026-03-13 06:45:00+00,株式会社エコー,試験_面接,不合格
20252035,j1a101,吉田健太,2026-03-14 01:00:00+00,2026-03-14 02:00:00+00,株式会社オービット,セミナー,他
20252039,j1a102,田中葵,2026-03-14 01:00:00+00,2026-03-14 02:00:00+00,株式会社アビリティ,セミナー,他
20234037,r3a107,山崎健太,2026-03-14 01:00:00+00,2026-03-14 02:30:00+00,株式会社ネクスト,試験_適正,継続（合格）
20234078,r3a205,小林大輔,2026-03-14 01:00:00+00,2026-03-14 01:45:00+00,株式会社クレスト,試験_面接,結果待ち
20234089,r3a223,井上優奈,2026-03-14 01:00:00+00,2026-03-14 01:30:00+00,株式会社アビリティ,試験_他,内定
20243016,s2a207,佐々木彩香,2026-03-14 01:00:00+00,2026-03-14 02:00:00+00,株式会社ミライ,インターン,他
20243021,s2a305,清水美咲,2026-03-14 01:00:00+00,2026-03-14 02:00:00+00,株式会社アーク,説明会_単,他
20243039,s2a407,藤田悠斗,2026-03-14 01:00:00+00,2026-03-14 01:45:00+00,株式会社プライム,試験_面接,継続（合格）
20243001,s2a413,佐々木拓也,2026-03-14 01:00:00+00,2026-03-14 01:45:00+00,株式会社オービット,試験_面接,結果待ち
20243019,s2a307,山下優奈,2026-03-14 04:00:00+00,2026-03-14 05:00:00+00,株式会社グロース,説明会_単,他
20252040,j1a117,加藤健太,2026-03-14 04:00:00+00,2026-03-14 05:00:00+00,株式会社シード,セミナー,他
20252029,j2a117,林健太,2026-03-14 04:00:00+00,2026-03-14 05:00:00+00,株式会社アトラス,説明会_合,他
20234077,r3a120,山口陽菜,2026-03-14 04:00:00+00,2026-03-14 04:45:00+00,株式会社パルス,試験_面接,不合格
20234009,r3a231,清水優奈,2026-03-14 04:00:00+00,2026-03-14 05:30:00+00,株式会社ストリーム,試験_適正,継続（合格）
20243042,s2a301,藤田遥,2026-03-14 04:00:00+00,2026-03-14 04:45:00+00,株式会社ルミナス,試験_面接,結果待ち
20243008,s2a406,前田結衣,2026-03-14 04:00:00+00,2026-03-14 04:45:00+00,株式会社ビジョン,試験_面接,結果待ち
20243039,s2a407,藤田悠斗,2026-03-14 04:00:00+00,2026-03-14 04:45:00+00,株式会社プライム,試験_面接,辞退
20243002,s2a113,山田拓也,2026-03-14 06:00:00+00,2026-03-14 06:45:00+00,株式会社ノヴァ,試験_面接,継続（合格）
20252035,j1a101,吉田健太,2026-03-14 06:00:00+00,2026-03-14 07:30:00+00,株式会社サンライズ,試験_適正,継続（合格）
20252047,j2a103,佐々木葵,2026-03-14 06:00:00+00,2026-03-14 07:00:00+00,株式会社フォース,説明会_合,他
20252029,j2a117,林健太,2026-03-14 06:00:00+00,2026-03-14 07:00:00+00,株式会社グリーン,インターン,他
20234025,r3a201,鈴木美咲,2026-03-14 06:00:00+00,2026-03-14 07:00:00+00,株式会社ガンマ,インターン,他
20234024,r3a208,鈴木太郎,2026-03-14 06:00:00+00,2026-03-14 07:00:00+00,株式会社エッジ,説明会_合,他
20234048,r3a236,佐藤彩香,2026-03-14 06:00:00+00,2026-03-14 07:00:00+00,株式会社ビジョン,説明会_単,他
20243049,s2a103,石川優奈,2026-03-14 06:00:00+00,2026-03-14 07:00:00+00,株式会社フォーカス,セミナー,他
20243005,s2a104,鈴木大輔,2026-03-14 06:00:00+00,2026-03-14 07:00:00+00,株式会社アーク,インターン,他
20243017,s2a114,佐々木優樹,2026-03-14 06:00:00+00,2026-03-14 07:00:00+00,株式会社ハーモニー,セミナー,他
20243051,s2a202,渡辺優樹,2026-03-14 06:00:00+00,2026-03-14 06:45:00+00,株式会社マーブル,試験_面接,結果待ち
20243041,s2a205,高橋美咲,2026-03-14 06:00:00+00,2026-03-14 07:00:00+00,株式会社アセント,説明会_単,他
20243026,s2a308,佐藤拓也,2026-03-15 01:00:00+00,2026-03-15 02:00:00+00,株式会社ステラ,説明会_単,他
20252035,j1a101,吉田健太,2026-03-15 01:00:00+00,2026-03-15 02:00:00+00,株式会社サンライズ,説明会_合,他
20252013,j1a110,山口悠斗,2026-03-15 01:00:00+00,2026-03-15 02:00:00+00,株式会社シグマ,説明会_合,他
20234055,r3a121,鈴木悠斗,2026-03-15 01:00:00+00,2026-03-15 01:45:00+00,株式会社オービット,試験_面接,結果待ち
20234087,r3a124,松本翔太,2026-03-15 01:00:00+00,2026-03-15 02:00:00+00,株式会社ミライ,説明会_単,他
20234054,r3a219,山本優樹,2026-03-15 01:00:00+00,2026-03-15 02:30:00+00,株式会社イプシロン,試験_適正,結果待ち
20234009,r3a231,清水優奈,2026-03-15 01:00:00+00,2026-03-15 02:00:00+00,株式会社マーブル,説明会_合,他
20234048,r3a236,佐藤彩香,2026-03-15 01:00:00+00,2026-03-15 02:00:00+00,株式会社ルミナス,インターン,他
20243058,s2a206,橋本陸,2026-03-15 01:00:00+00,2026-03-15 02:00:00+00,株式会社ガンマ,説明会_合,他
20243034,s2a405,鈴木健太,2026-03-15 01:00:00+00,2026-03-15 02:30:00+00,株式会社クレスト,試験_適正,継続（合格）
20234090,r3a126,佐々木陽菜,2026-03-15 04:00:00+00,2026-03-15 05:00:00+00,株式会社グロース,説明会_単,他
20234067,r3a210,中島拓也,2026-03-15 04:00:00+00,2026-03-15 05:00:00+00,株式会社ノヴァ,説明会_単,他
20234044,r3a221,松本結衣,2026-03-15 04:00:00+00,2026-03-15 05:30:00+00,株式会社ベータ,試験_適正,結果待ち
20234034,r3a227,加藤優奈,2026-03-15 04:00:00+00,2026-03-15 05:30:00+00,株式会社ミライ,試験_適正,結果待ち
20243004,s2a311,阿部直樹,2026-03-15 04:00:00+00,2026-03-15 05:00:00+00,株式会社アセント,説明会_合,他
20243001,s2a413,佐々木拓也,2026-03-15 04:00:00+00,2026-03-15 05:30:00+00,株式会社シード,試験_適正,継続（合格）
20234042,r3a102,斎藤優奈,2026-03-15 06:00:00+00,2026-03-15 07:30:00+00,株式会社テックワークス,試験_適正,辞退
20234059,r3a203,高橋陸,2026-03-15 06:00:00+00,2026-03-15 07:30:00+00,株式会社フォース,試験_適正,結果待ち
20234089,r3a223,井上優奈,2026-03-15 06:00:00+00,2026-03-15 06:45:00+00,株式会社アビリティ,試験_面接,継続（合格）
20234021,r3a232,前田遥,2026-03-15 06:00:00+00,2026-03-15 06:45:00+00,株式会社シード,試験_面接,継続（合格）
20234048,r3a236,佐藤彩香,2026-03-15 06:00:00+00,2026-03-15 06:45:00+00,株式会社モデスト,試験_面接,結果待ち
20243032,s2a109,藤田健太,2026-03-15 06:00:00+00,2026-03-15 06:45:00+00,株式会社スカイ,試験_面接,結果待ち
20243014,s2a211,池田大輔,2026-03-15 06:00:00+00,2026-03-15 06:45:00+00,株式会社アトラス,試験_面接,継続（合格）
20243052,s2a410,井上杏奈,2026-03-15 06:00:00+00,2026-03-15 07:00:00+00,株式会社ハーモニー,説明会_単,他
20252003,j1a112,加藤海斗,2026-03-16 01:00:00+00,2026-03-16 02:30:00+00,株式会社エンジン,試験_適正,結果待ち
20234019,r3a101,高橋大輔,2026-03-16 01:00:00+00,2026-03-16 02:30:00+00,株式会社クレスト,試験_適正,結果待ち
20234078,r3a205,小林大輔,2026-03-16 01:00:00+00,2026-03-16 02:00:00+00,株式会社オメガ,インターン,他
20234067,r3a210,中島拓也,2026-03-16 01:00:00+00,2026-03-16 02:30:00+00,株式会社ホライズン,試験_適正,結果待ち
20234044,r3a221,松本結衣,2026-03-16 01:00:00+00,2026-03-16 01:45:00+00,株式会社エコー,試験_面接,継続（合格）
20243018,s2a304,高橋杏奈,2026-03-16 01:00:00+00,2026-03-16 01:45:00+00,株式会社ライト,試験_面接,継続（合格）
20234090,r3a126,佐々木陽菜,2026-03-16 04:00:00+00,2026-03-16 04:45:00+00,株式会社プライム,試験_面接,辞退
20234005,r3a222,森大輔,2026-03-16 04:00:00+00,2026-03-16 05:00:00+00,株式会社フォース,説明会_単,他
20234076,r3a233,山本葵,2026-03-16 04:00:00+00,2026-03-16 05:30:00+00,株式会社フォース,試験_適正,結果待ち
20243060,s2a208,石川彩香,2026-03-16 04:00:00+00,2026-03-16 05:30:00+00,株式会社マーブル,試験_適正,不合格
20243011,s2a409,藤田優樹,2026-03-16 04:00:00+00,2026-03-16 04:45:00+00,株式会社パルス,試験_面接,継続（合格）
20252040,j1a117,加藤健太,2026-03-16 06:00:00+00,2026-03-16 06:45:00+00,株式会社シード,試験_面接,結果待ち
20252011,j1a119,阿部拓也,2026-03-16 06:00:00+00,2026-03-16 07:00:00+00,株式会社モデスト,インターン,他
20252019,j1a121,加藤遥,2026-03-16 06:00:00+00,2026-03-16 07:00:00+00,株式会社シード,インターン,他
20252043,j2a111,佐々木海斗,2026-03-16 06:00:00+00,2026-03-16 07:30:00+00,株式会社サンライズ,試験_適正,継続（合格）
20234020,r3a113,井上陸,2026-03-16 06:00:00+00,2026-03-16 07:30:00+00,株式会社エンジン,試験_適正,結果待ち
20234050,r3a135,佐藤杏奈,2026-03-16 06:00:00+00,2026-03-16 06:45:00+00,株式会社アーク,試験_面接,辞退
20234001,r3a206,藤田優奈,2026-03-16 06:00:00+00,2026-03-16 07:00:00+00,株式会社ミライ,インターン,他
20234049,r3a217,石川杏奈,2026-03-16 06:00:00+00,2026-03-16 06:45:00+00,株式会社ネクスト,試験_面接,継続（合格）
20234044,r3a221,松本結衣,2026-03-16 06:00:00+00,2026-03-16 06:45:00+00,株式会社レイヤー,試験_面接,継続（合格）
20234083,r3a242,木村彩香,2026-03-16 06:00:00+00,2026-03-16 07:30:00+00,株式会社ベータ,試験_適正,結果待ち
20243027,s2a403,加藤拓也,2026-03-16 06:00:00+00,2026-03-16 07:30:00+00,株式会社ホライズン,試験_適正,不合格
20252035,j1a101,吉田健太,2026-03-17 01:00:00+00,2026-03-17 02:30:00+00,株式会社オービット,試験_適正,不合格
20252019,j1a121,加藤遥,2026-03-17 01:00:00+00,2026-03-17 01:45:00+00,株式会社ユニオン,試験_面接,結果待ち
20252047,j2a103,佐々木葵,2026-03-17 01:00:00+00,2026-03-17 01:45:00+00,株式会社アトラス,試験_面接,結果待ち
20252021,j2a115,伊藤陽菜,2026-03-17 01:00:00+00,2026-03-17 02:00:00+00,株式会社ベータ,説明会_合,他
20234087,r3a124,松本翔太,2026-03-17 01:00:00+00,2026-03-17 01:45:00+00,株式会社ミライ,試験_面接,結果待ち
20234001,r3a206,藤田優奈,2026-03-17 01:00:00+00,2026-03-17 02:00:00+00,株式会社シグマ,インターン,他
20234009,r3a231,清水優奈,2026-03-17 01:00:00+00,2026-03-17 01:45:00+00,株式会社ストリーム,試験_面接,結果待ち
20234045,r3a235,木村優奈,2026-03-17 01:00:00+00,2026-03-17 01:45:00+00,株式会社プライム,試験_面接,結果待ち
20243004,s2a311,阿部直樹,2026-03-17 01:00:00+00,2026-03-17 01:45:00+00,株式会社アセント,試験_面接,結果待ち
20243013,s2a401,山口陸,2026-03-17 01:00:00+00,2026-03-17 02:30:00+00,株式会社ブリッジ,試験_適正,継続（合格）
20252013,j1a110,山口悠斗,2026-03-17 04:00:00+00,2026-03-17 05:30:00+00,株式会社リンク,試験_適正,継続（合格）
20234035,r3a104,佐々木遥,2026-03-17 04:00:00+00,2026-03-17 04:30:00+00,株式会社プライム,試験_他,内定
20234020,r3a113,井上陸,2026-03-17 04:00:00+00,2026-03-17 05:00:00+00,株式会社ライト,説明会_合,他
20234017,r3a143,田中杏奈,2026-03-17 04:00:00+00,2026-03-17 04:45:00+00,株式会社クロス,試験_面接,継続（合格）
20234025,r3a201,鈴木美咲,2026-03-17 04:00:00+00,2026-03-17 05:00:00+00,株式会社イノベーション,セミナー,他
20243012,s2a106,橋本大輔,2026-03-17 04:00:00+00,2026-03-17 05:00:00+00,株式会社イプシロン,インターン,他
20243018,s2a304,高橋杏奈,2026-03-17 04:00:00+00,2026-03-17 04:45:00+00,株式会社クラフト,試験_面接,結果待ち
20243009,s2a310,林優樹,2026-03-17 04:00:00+00,2026-03-17 04:45:00+00,株式会社ブルーム,試験_面接,結果待ち
20243008,s2a406,前田結衣,2026-03-17 04:00:00+00,2026-03-17 05:30:00+00,株式会社ネクスト,試験_適正,継続（合格）
20243029,s2a408,佐藤遥,2026-03-17 04:00:00+00,2026-03-17 05:00:00+00,株式会社クレスト,説明会_合,他
20252047,j2a103,佐々木葵,2026-03-17 06:00:00+00,2026-03-17 07:00:00+00,株式会社レイヤー,説明会_合,他
20234029,r3a112,山口悠斗,2026-03-17 06:00:00+00,2026-03-17 06:45:00+00,株式会社オメガ,試験_面接,継続（合格）
20234083,r3a242,木村彩香,2026-03-17 06:00:00+00,2026-03-17 06:45:00+00,株式会社エコー,試験_面接,不合格
20243006,s2a112,山田翔太,2026-03-17 06:00:00+00,2026-03-17 06:45:00+00,株式会社グロース,試験_面接,辞退
20243003,s2a309,渡辺太郎,2026-03-17 06:00:00+00,2026-03-17 06:45:00+00,株式会社スカイ,試験_面接,結果待ち
20252013,j1a110,山口悠斗,2026-03-18 01:00:00+00,2026-03-18 01:45:00+00,株式会社アビリティ,試験_面接,辞退
20252040,j1a117,加藤健太,2026-03-18 01:00:00+00,2026-03-18 02:00:00+00,株式会社アルファ,インターン,他
20252024,j2a101,清水葵,2026-03-18 01:00:00+00,2026-03-18 02:00:00+00,株式会社オービット,説明会_単,他
20252024,j2a101,清水葵,2026-03-18 01:00:00+00,2026-03-18 02:30:00+00,株式会社ブリッジ,試験_適正,結果待ち
20252015,j2a107,松本陽菜,2026-03-18 01:00:00+00,2026-03-18 02:00:00+00,株式会社フォーカス,説明会_単,他
20252042,j2a120,鈴木優樹,2026-03-18 01:00:00+00,2026-03-18 02:00:00+00,株式会社リーフ,説明会_合,他
20252042,j2a120,鈴木優樹,2026-03-18 01:00:00+00,2026-03-18 02:00:00+00,株式会社リーフ,説明会_単,他
20234015,r3a138,吉田健太,2026-03-18 01:00:00+00,2026-03-18 01:45:00+00,株式会社エコー,試験_面接,辞退
20234017,r3a143,田中杏奈,2026-03-18 01:00:00+00,2026-03-18 02:00:00+00,株式会社サンライズ,説明会_合,他
20234028,r3a220,前田陸,2026-03-18 01:00:00+00,2026-03-18 01:45:00+00,株式会社ミライ,試験_面接,結果待ち
20234056,r3a229,山口健太,2026-03-18 01:00:00+00,2026-03-18 01:45:00+00,株式会社エンジン,試験_面接,結果待ち
20234076,r3a233,山本葵,2026-03-18 01:00:00+00,2026-03-18 01:45:00+00,株式会社クロス,試験_面接,継続（合格）
20234052,r3a240,山田結衣,2026-03-18 01:00:00+00,2026-03-18 02:00:00+00,株式会社レイヤー,インターン,他
20243060,s2a208,石川彩香,2026-03-18 01:00:00+00,2026-03-18 01:45:00+00,株式会社リンク,試験_面接,結果待ち
20243029,s2a408,佐藤遥,2026-03-18 01:00:00+00,2026-03-18 02:00:00+00,株式会社アトラス,セミナー,他
20234031,r3a114,鈴木悠斗,2026-03-18 04:00:00+00,2026-03-18 04:45:00+00,株式会社デルタ,試験_面接,結果待ち
20234016,r3a111,渡辺翔太,2026-03-18 04:00:00+00,2026-03-18 05:30:00+00,株式会社アビリティ,試験_適正,継続（合格）
20234087,r3a124,松本翔太,2026-03-18 04:00:00+00,2026-03-18 05:30:00+00,株式会社ノヴァ,試験_適正,結果待ち
20234085,r3a136,池田悠斗,2026-03-18 04:00:00+00,2026-03-18 05:30:00+00,株式会社モデスト,試験_適正,結果待ち
20243060,s2a208,石川彩香,2026-03-18 04:00:00+00,2026-03-18 05:00:00+00,株式会社アトラス,セミナー,他
20243009,s2a310,林優樹,2026-03-18 04:00:00+00,2026-03-18 04:45:00+00,株式会社クレスト,試験_面接,辞退
20252045,j1a108,藤田拓也,2026-03-18 06:00:00+00,2026-03-18 07:00:00+00,株式会社フォース,インターン,他
20252040,j1a117,加藤健太,2026-03-18 06:00:00+00,2026-03-18 07:30:00+00,株式会社アルファ,試験_適正,不合格
20234042,r3a102,斎藤優奈,2026-03-18 06:00:00+00,2026-03-18 06:45:00+00,株式会社モデスト,試験_面接,結果待ち
20234004,r3a119,石川陽菜,2026-03-18 06:00:00+00,2026-03-18 07:00:00+00,株式会社エンジン,インターン,他
20234007,r3a131,高橋拓也,2026-03-18 06:00:00+00,2026-03-18 06:45:00+00,株式会社ブルーム,試験_面接,不合格
20234085,r3a136,池田悠斗,2026-03-18 06:00:00+00,2026-03-18 07:00:00+00,株式会社イノベーション,説明会_単,他
20234056,r3a229,山口健太,2026-03-18 06:00:00+00,2026-03-18 06:45:00+00,株式会社アトラス,試験_面接,継続（合格）
20234051,r3a241,高橋花子,2026-03-18 06:00:00+00,2026-03-18 07:00:00+00,株式会社アーク,説明会_単,他
20243060,s2a208,石川彩香,2026-03-18 06:00:00+00,2026-03-18 06:45:00+00,株式会社エンジン,試験_面接,結果待ち
20243022,s2a209,山本遥,2026-03-18 06:00:00+00,2026-03-18 07:00:00+00,株式会社プライム,セミナー,他
20252041,j1a103,渡辺陽菜,2026-03-18 06:00:00+00,2026-03-18 07:00:00+00,株式会社ネクスト,セミナー,他
20252041,j1a103,渡辺陽菜,2026-03-18 06:00:00+00,2026-03-18 07:00:00+00,株式会社クラフト,説明会_単,他
20243026,s2a308,佐藤拓也,2026-03-19 01:00:00+00,2026-03-19 01:45:00+00,株式会社ステラ,試験_面接,結果待ち
20252044,j2a106,佐々木翔太,2026-03-19 01:00:00+00,2026-03-19 01:45:00+00,株式会社ルミナス,試験_面接,結果待ち
20252015,j2a107,松本陽菜,2026-03-19 01:00:00+00,2026-03-19 02:30:00+00,株式会社フォーカス,試験_適正,結果待ち
20234082,r3a108,斎藤花子,2026-03-19 01:00:00+00,2026-03-19 01:45:00+00,株式会社ルミナス,試験_面接,継続（合格）
20234015,r3a138,吉田健太,2026-03-19 01:00:00+00,2026-03-19 02:30:00+00,株式会社ミライ,試験_適正,継続（合格）
20234078,r3a205,小林大輔,2026-03-19 01:00:00+00,2026-03-19 01:45:00+00,株式会社マーブル,試験_面接,結果待ち
20234026,r3a225,阿部陽菜,2026-03-19 01:00:00+00,2026-03-19 02:30:00+00,株式会社エンジン,試験_適正,継続（合格）
20234056,r3a229,山口健太,2026-03-19 01:00:00+00,2026-03-19 02:00:00+00,株式会社エンジン,説明会_合,他
20243047,s2a110,吉田直樹,2026-03-19 01:00:00+00,2026-03-19 02:00:00+00,株式会社コア,説明会_合,他
20252041,j1a103,渡辺陽菜,2026-03-19 01:00:00+00,2026-03-19 01:45:00+00,株式会社ネクスト,試験_面接,不合格
20243027,s2a403,加藤拓也,2026-03-19 01:00:00+00,2026-03-19 01:45:00+00,株式会社ネクスト,試験_面接,不合格
20252010,j2a112,阿部陸,2026-03-19 04:00:00+00,2026-03-19 05:00:00+00,株式会社フロンティア,説明会_単,他
20252029,j2a117,林健太,2026-03-19 04:00:00+00,2026-03-19 05:30:00+00,株式会社アトラス,試験_適正,継続（合格）
20252036,j2a119,山本悠斗,2026-03-19 04:00:00+00,2026-03-19 05:00:00+00,株式会社ルミナス,説明会_単,他
20234025,r3a201,鈴木美咲,2026-03-19 04:00:00+00,2026-03-19 04:30:00+00,株式会社オービット,試験_他,内定
20234001,r3a206,藤田優奈,2026-03-19 04:00:00+00,2026-03-19 05:00:00+00,株式会社アビリティ,説明会_合,他
20243019,s2a307,山下優奈,2026-03-19 06:00:00+00,2026-03-19 06:45:00+00,株式会社ストリーム,試験_面接,結果待ち
20252031,j1a115,高橋直樹,2026-03-19 06:00:00+00,2026-03-19 07:00:00+00,株式会社ブルーム,インターン,他
20234016,r3a111,渡辺翔太,2026-03-19 06:00:00+00,2026-03-19 06:45:00+00,株式会社シグマ,試験_面接,結果待ち
20234025,r3a201,鈴木美咲,2026-03-19 06:00:00+00,2026-03-19 07:00:00+00,株式会社デルタ,セミナー,他
20234001,r3a206,藤田優奈,2026-03-19 06:00:00+00,2026-03-19 07:00:00+00,株式会社ユニオン,セミナー,他
20234045,r3a235,木村優奈,2026-03-19 06:00:00+00,2026-03-19 07:00:00+00,株式会社パルス,インターン,他
20243033,s2a101,山崎彩香,2026-03-19 06:00:00+00,2026-03-19 06:45:00+00,株式会社リンク,試験_面接,結果待ち
20243002,s2a113,山田拓也,2026-03-20 01:00:00+00,2026-03-20 01:45:00+00,株式会社ノヴァ,試験_面接,継続（合格）
20252033,j2a110,石川葵,2026-03-20 01:00:00+00,2026-03-20 02:00:00+00,株式会社エコー,説明会_単,他
20252008,j2a114,藤田美咲,2026-03-20 01:00:00+00,2026-03-20 01:45:00+00,株式会社グリーン,試験_面接,結果待ち
20252042,j2a120,鈴木優樹,2026-03-20 01:00:00+00,2026-03-20 02:00:00+00,株式会社ビジョン,インターン,他
20234057,r3a109,松本葵,2026-03-20 01:00:00+00,2026-03-20 01:45:00+00,株式会社オメガ,試験_面接,結果待ち
20234067,r3a210,中島拓也,2026-03-20 01:00:00+00,2026-03-20 01:45:00+00,株式会社アセント,試験_面接,辞退
20234049,r3a217,石川杏奈,2026-03-20 01:00:00+00,2026-03-20 01:45:00+00,株式会社ネクスト,試験_面接,継続（合格）
20243049,s2a103,石川優奈,2026-03-20 01:00:00+00,2026-03-20 01:45:00+00,株式会社フォーカス,試験_面接,継続（合格）
20243047,s2a110,吉田直樹,2026-03-20 01:00:00+00,2026-03-20 01:45:00+00,株式会社エッジ,試験_面接,結果待ち
20252034,j1a105,伊藤太郎,2026-03-20 04:00:00+00,2026-03-20 05:30:00+00,株式会社ステラ,試験_適正,結果待ち
20252032,j1a107,井上花子,2026-03-20 04:00:00+00,2026-03-20 05:00:00+00,株式会社ブルーム,インターン,他
20252020,j1a111,石川杏奈,2026-03-20 04:00:00+00,2026-03-20 05:00:00+00,株式会社リーフ,説明会_合,他
20252002,j2a105,井上太郎,2026-03-20 04:00:00+00,2026-03-20 05:00:00+00,株式会社サンライズ,説明会_合,他
20252012,j2a113,山田結衣,2026-03-20 04:00:00+00,2026-03-20 04:45:00+00,株式会社ライト,試験_面接,継続（合格）
20252012,j2a113,山田結衣,2026-03-20 04:00:00+00,2026-03-20 04:45:00+00,株式会社フォーカス,試験_面接,結果待ち
20234090,r3a126,佐々木陽菜,2026-03-20 04:00:00+00,2026-03-20 05:30:00+00,株式会社グロース,試験_適正,継続（合格）
20234024,r3a208,鈴木太郎,2026-03-20 04:00:00+00,2026-03-20 05:30:00+00,株式会社エコー,試験_適正,継続（合格）
20234005,r3a222,森大輔,2026-03-20 04:00:00+00,2026-03-20 04:45:00+00,株式会社モデスト,試験_面接,結果待ち
20234023,r3a234,井上翔太,2026-03-20 04:00:00+00,2026-03-20 04:45:00+00,株式会社アビリティ,試験_面接,結果待ち
20234048,r3a236,佐藤彩香,2026-03-20 04:00:00+00,2026-03-20 05:30:00+00,株式会社クレスト,試験_適正,不合格
20243037,s2a102,斎藤太郎,2026-03-20 04:00:00+00,2026-03-20 04:45:00+00,株式会社ホライズン,試験_面接,継続（合格）
20243007,s2a108,前田葵,2026-03-20 04:00:00+00,2026-03-20 05:00:00+00,株式会社ミライ,内定後活動,内定
20243060,s2a208,石川彩香,2026-03-20 04:00:00+00,2026-03-20 05:00:00+00,株式会社マーブル,インターン,他
20252041,j1a103,渡辺陽菜,2026-03-20 04:00:00+00,2026-03-20 05:30:00+00,株式会社ネクスト,試験_適正,継続（合格）
20243044,s2a214,山本遥,2026-03-20 04:00:00+00,2026-03-20 05:00:00+00,株式会社テックワークス,説明会_合,他
20243018,s2a304,高橋杏奈,2026-03-20 04:00:00+00,2026-03-20 05:00:00+00,株式会社ライト,説明会_単,他
20243030,s2a402,木村悠斗,2026-03-20 04:00:00+00,2026-03-20 04:45:00+00,株式会社イノベーション,試験_面接,不合格
20243027,s2a403,加藤拓也,2026-03-20 04:00:00+00,2026-03-20 04:45:00+00,株式会社アルファ,試験_面接,継続（合格）
20252045,j1a108,藤田拓也,2026-03-20 06:00:00+00,2026-03-20 07:30:00+00,株式会社ビジョン,試験_適正,結果待ち
20234070,r3a127,中村直樹,2026-03-20 06:00:00+00,2026-03-20 07:30:00+00,株式会社ライト,試験_適正,結果待ち
20234067,r3a210,中島拓也,2026-03-20 06:00:00+00,2026-03-20 07:00:00+00,株式会社ノヴァ,インターン,他
20234026,r3a225,阿部陽菜,2026-03-20 06:00:00+00,2026-03-20 07:00:00+00,株式会社アトラス,説明会_合,他
20252001,j1a116,伊藤直樹,2026-03-20 06:00:00+00,2026-03-20 07:00:00+00,株式会社オーシャン,説明会_合,他
20243025,s2a212,加藤海斗,2026-03-20 06:00:00+00,2026-03-20 06:45:00+00,株式会社アビリティ,試験_面接,辞退
20243044,s2a214,山本遥,2026-03-20 06:00:00+00,2026-03-20 06:45:00+00,株式会社テックワークス,試験_面接,結果待ち
20243009,s2a310,林優樹,2026-03-20 06:00:00+00,2026-03-20 07:00:00+00,株式会社ブルーム,セミナー,他
20243027,s2a403,加藤拓也,2026-03-20 06:00:00+00,2026-03-20 06:45:00+00,株式会社アルファ,試験_面接,継続（合格）
20252026,j1a106,松本陽菜,2026-03-21 01:00:00+00,2026-03-21 02:00:00+00,株式会社クラフト,インターン,他
20252033,j2a110,石川葵,2026-03-21 01:00:00+00,2026-03-21 01:45:00+00,株式会社エコー,試験_面接,結果待ち
20234088,r3a117,斎藤美咲,2026-03-21 01:00:00+00,2026-03-21 02:30:00+00,株式会社ネクスト,試験_適正,結果待ち
20234072,r3a130,石川陽菜,2026-03-21 01:00:00+00,2026-03-21 02:30:00+00,株式会社プライム,試験_適正,結果待ち
20234017,r3a143,田中杏奈,2026-03-21 01:00:00+00,2026-03-21 01:45:00+00,株式会社クロス,試験_面接,結果待ち
20234039,r3a209,池田優樹,2026-03-21 01:00:00+00,2026-03-21 01:45:00+00,株式会社ステラ,試験_面接,不合格
20234021,r3a232,前田遥,2026-03-21 01:00:00+00,2026-03-21 01:45:00+00,株式会社シード,試験_面接,結果待ち
20234048,r3a236,佐藤彩香,2026-03-21 01:00:00+00,2026-03-21 02:00:00+00,株式会社ネクスト,説明会_単,他
20243039,s2a407,藤田悠斗,2026-03-21 01:00:00+00,2026-03-21 02:00:00+00,株式会社クレスト,セミナー,他
20243011,s2a409,藤田優樹,2026-03-21 01:00:00+00,2026-03-21 01:45:00+00,株式会社プライム,試験_面接,結果待ち
20252045,j1a108,藤田拓也,2026-03-21 04:00:00+00,2026-03-21 05:30:00+00,株式会社フォース,試験_適正,結果待ち
20252048,j2a121,橋本拓也,2026-03-21 04:00:00+00,2026-03-21 04:45:00+00,株式会社テックワークス,試験_面接,結果待ち
20234042,r3a102,斎藤優奈,2026-03-21 04:00:00+00,2026-03-21 04:45:00+00,株式会社ブリッジ,試験_面接,結果待ち
20234079,r3a204,佐藤彩香,2026-03-21 04:00:00+00,2026-03-21 04:45:00+00,株式会社ライト,試験_面接,結果待ち
20234001,r3a206,藤田優奈,2026-03-21 04:00:00+00,2026-03-21 05:00:00+00,株式会社アビリティ,インターン,他
20234034,r3a227,加藤優奈,2026-03-21 04:00:00+00,2026-03-21 05:00:00+00,株式会社リンク,説明会_単,他
20243032,s2a109,藤田健太,2026-03-21 04:00:00+00,2026-03-21 05:00:00+00,株式会社レイヤー,セミナー,他
20243016,s2a207,佐々木彩香,2026-03-21 04:00:00+00,2026-03-21 05:00:00+00,株式会社ミライ,説明会_合,他
20243024,s2a210,阿部翔太,2026-03-21 04:00:00+00,2026-03-21 05:30:00+00,株式会社アーク,試験_適正,不合格
20243014,s2a211,池田大輔,2026-03-21 04:00:00+00,2026-03-21 04:45:00+00,株式会社ビジョン,試験_面接,結果待ち
20252035,j1a101,吉田健太,2026-03-21 06:00:00+00,2026-03-21 07:30:00+00,株式会社フォース,試験_適正,結果待ち
20252026,j1a106,松本陽菜,2026-03-21 06:00:00+00,2026-03-21 06:45:00+00,株式会社クラフト,試験_面接,継続（合格）
20252032,j1a107,井上花子,2026-03-21 06:00:00+00,2026-03-21 06:45:00+00,株式会社ブルーム,試験_面接,結果待ち
20252020,j1a111,石川杏奈,2026-03-21 06:00:00+00,2026-03-21 06:45:00+00,株式会社グリーン,試験_面接,継続（合格）
20252019,j1a121,加藤遥,2026-03-21 06:00:00+00,2026-03-21 07:30:00+00,株式会社サンライズ,試験_適正,結果待ち
20234073,r3a115,鈴木彩香,2026-03-21 06:00:00+00,2026-03-21 06:45:00+00,株式会社アセント,試験_面接,不合格
20234072,r3a130,石川陽菜,2026-03-21 06:00:00+00,2026-03-21 06:45:00+00,株式会社テックワークス,試験_面接,結果待ち
20243031,s2a105,林翔太,2026-03-21 06:00:00+00,2026-03-21 07:30:00+00,株式会社アビリティ,試験_適正,結果待ち
20243047,s2a110,吉田直樹,2026-03-21 06:00:00+00,2026-03-21 07:30:00+00,株式会社ブリッジ,試験_適正,辞退
20243006,s2a112,山田翔太,2026-03-21 06:00:00+00,2026-03-21 07:00:00+00,株式会社グロース,インターン,他
20243015,s2a213,橋本直樹,2026-03-21 06:00:00+00,2026-03-21 07:00:00+00,株式会社プライム,説明会_単,他
20243003,s2a309,渡辺太郎,2026-03-21 06:00:00+00,2026-03-21 06:45:00+00,株式会社サンライズ,試験_面接,不合格
20243020,s2a313,前田杏奈,2026-03-21 06:00:00+00,2026-03-21 07:00:00+00,株式会社ビジョン,説明会_単,他
20243013,s2a401,山口陸,2026-03-21 06:00:00+00,2026-03-21 06:45:00+00,株式会社リンク,試験_面接,継続（合格）
20243052,s2a410,井上杏奈,2026-03-21 06:00:00+00,2026-03-21 06:45:00+00,株式会社ノヴァ,試験_面接,結果待ち
20243035,s2a204,藤田陸,2026-03-22 01:00:00+00,2026-03-22 01:45:00+00,株式会社エッジ,試験_面接,継続（合格）
20243035,s2a204,藤田陸,2026-03-22 01:00:00+00,2026-03-22 02:00:00+00,株式会社エッジ,説明会_単,他
20243035,s2a204,藤田陸,2026-03-22 01:00:00+00,2026-03-22 01:45:00+00,株式会社マーブル,試験_面接,結果待ち
20243026,s2a308,佐藤拓也,2026-03-22 01:00:00+00,2026-03-22 02:30:00+00,株式会社ベータ,試験_適正,結果待ち
20252020,j1a111,石川杏奈,2026-03-22 01:00:00+00,2026-03-22 02:30:00+00,株式会社リーフ,試験_適正,継続（合格）
20252018,j1a114,藤田健太,2026-03-22 01:00:00+00,2026-03-22 02:30:00+00,株式会社クラフト,試験_適正,結果待ち
20252019,j1a121,加藤遥,2026-03-22 01:00:00+00,2026-03-22 01:45:00+00,株式会社ライト,試験_面接,結果待ち
20252021,j2a115,伊藤陽菜,2026-03-22 01:00:00+00,2026-03-22 02:30:00+00,株式会社ノヴァ,試験_適正,結果待ち
20234055,r3a121,鈴木悠斗,2026-03-22 01:00:00+00,2026-03-22 02:30:00+00,株式会社グリーン,試験_適正,結果待ち
20234050,r3a135,佐藤杏奈,2026-03-22 01:00:00+00,2026-03-22 01:45:00+00,株式会社ブリッジ,試験_面接,結果待ち
20234009,r3a231,清水優奈,2026-03-22 01:00:00+00,2026-03-22 02:00:00+00,株式会社ストリーム,インターン,他
20243060,s2a208,石川彩香,2026-03-22 01:00:00+00,2026-03-22 01:45:00+00,株式会社エンジン,試験_面接,継続（合格）
20252041,j1a103,渡辺陽菜,2026-03-22 01:00:00+00,2026-03-22 02:00:00+00,株式会社テックワークス,説明会_単,他
20243056,s2a303,吉田拓也,2026-03-22 01:00:00+00,2026-03-22 01:45:00+00,株式会社アーク,試験_面接,結果待ち
20243009,s2a310,林優樹,2026-03-22 01:00:00+00,2026-03-22 01:45:00+00,株式会社ライト,試験_面接,不合格
20243052,s2a410,井上杏奈,2026-03-22 01:00:00+00,2026-03-22 02:00:00+00,株式会社マーブル,インターン,他
20243036,s2a412,藤田悠斗,2026-03-22 01:00:00+00,2026-03-22 02:00:00+00,株式会社テックワークス,セミナー,他
20252030,j1a104,山本悠斗,2026-03-22 04:00:00+00,2026-03-22 05:30:00+00,株式会社アセント,試験_適正,不合格
20252045,j1a108,藤田拓也,2026-03-22 04:00:00+00,2026-03-22 05:00:00+00,株式会社ビジョン,説明会_合,他
20252008,j2a114,藤田美咲,2026-03-22 04:00:00+00,2026-03-22 04:45:00+00,株式会社ステラ,試験_面接,不合格
20234073,r3a115,鈴木彩香,2026-03-22 04:00:00+00,2026-03-22 04:45:00+00,株式会社クレスト,試験_面接,不合格
20234025,r3a201,鈴木美咲,2026-03-22 04:00:00+00,2026-03-22 04:45:00+00,株式会社デルタ,試験_面接,結果待ち
20234028,r3a220,前田陸,2026-03-22 04:00:00+00,2026-03-22 04:45:00+00,株式会社マーブル,試験_面接,結果待ち
20234044,r3a221,松本結衣,2026-03-22 04:00:00+00,2026-03-22 04:45:00+00,株式会社ミライ,試験_面接,結果待ち
20252041,j1a103,渡辺陽菜,2026-03-22 04:00:00+00,2026-03-22 05:00:00+00,株式会社ユニオン,セミナー,他
20243049,s2a103,石川優奈,2026-03-22 04:00:00+00,2026-03-22 05:30:00+00,株式会社フォーカス,試験_適正,継続（合格）
20243059,s2a111,田中杏奈,2026-03-22 04:00:00+00,2026-03-22 04:45:00+00,株式会社パルス,試験_面接,継続（合格）
20243006,s2a112,山田翔太,2026-03-22 04:00:00+00,2026-03-22 05:00:00+00,株式会社グリーン,説明会_合,他
20243017,s2a114,佐々木優樹,2026-03-22 04:00:00+00,2026-03-22 04:45:00+00,株式会社アルファ,試験_面接,不合格
20243024,s2a210,阿部翔太,2026-03-22 04:00:00+00,2026-03-22 04:45:00+00,株式会社ライト,試験_面接,結果待ち
20243009,s2a310,林優樹,2026-03-22 04:00:00+00,2026-03-22 05:00:00+00,株式会社ガンマ,インターン,他
20243036,s2a412,藤田悠斗,2026-03-22 04:00:00+00,2026-03-22 04:45:00+00,株式会社オーシャン,試験_面接,結果待ち
20252039,j1a102,田中葵,2026-03-22 06:00:00+00,2026-03-22 07:00:00+00,株式会社リーフ,インターン,他
20252021,j2a115,伊藤陽菜,2026-03-22 06:00:00+00,2026-03-22 07:00:00+00,株式会社ブリッジ,インターン,他
20234060,r3a230,山口杏奈,2026-03-22 06:00:00+00,2026-03-22 06:45:00+00,株式会社グリーン,試験_面接,結果待ち
20234062,r3a238,清水悠斗,2026-03-22 06:00:00+00,2026-03-22 06:45:00+00,株式会社モデスト,試験_面接,継続（合格）
20234051,r3a241,高橋花子,2026-03-22 06:00:00+00,2026-03-22 07:30:00+00,株式会社ネクスト,試験_適正,不合格
20243033,s2a101,山崎彩香,2026-03-22 06:00:00+00,2026-03-22 06:45:00+00,株式会社ミライ,試験_面接,結果待ち
20243034,s2a405,鈴木健太,2026-03-22 06:00:00+00,2026-03-22 06:45:00+00,株式会社クレスト,試験_面接,継続（合格）
20243036,s2a412,藤田悠斗,2026-03-22 06:00:00+00,2026-03-22 07:00:00+00,株式会社デルタ,セミナー,他
20252011,j1a119,阿部拓也,2026-03-23 01:00:00+00,2026-03-23 02:00:00+00,株式会社モデスト,インターン,他
20234001,r3a206,藤田優奈,2026-03-23 01:00:00+00,2026-03-23 01:45:00+00,株式会社ユニオン,試験_面接,結果待ち
20234064,r3a211,橋本陽菜,2026-03-23 01:00:00+00,2026-03-23 01:45:00+00,株式会社シグマ,試験_面接,不合格
20234049,r3a217,石川杏奈,2026-03-23 01:00:00+00,2026-03-23 01:45:00+00,株式会社アーク,試験_面接,結果待ち
20234034,r3a227,加藤優奈,2026-03-23 01:00:00+00,2026-03-23 02:00:00+00,株式会社リンク,セミナー,他
20234011,r3a239,前田彩香,2026-03-23 01:00:00+00,2026-03-23 02:30:00+00,株式会社シグマ,試験_適正,不合格
20243037,s2a102,斎藤太郎,2026-03-23 01:00:00+00,2026-03-23 01:45:00+00,株式会社ブリッジ,試験_面接,継続（合格）
20243024,s2a210,阿部翔太,2026-03-23 01:00:00+00,2026-03-23 01:45:00+00,株式会社エコー,試験_面接,継続（合格）
20243029,s2a408,佐藤遥,2026-03-23 01:00:00+00,2026-03-23 02:30:00+00,株式会社アトラス,試験_適正,継続（合格）
20243035,s2a204,藤田陸,2026-03-23 04:00:00+00,2026-03-23 04:30:00+00,株式会社エッジ,試験_他,内定
20252026,j1a106,松本陽菜,2026-03-23 04:00:00+00,2026-03-23 04:45:00+00,株式会社クラフト,試験_面接,不合格
20252006,j2a104,前田陽菜,2026-03-23 04:00:00+00,2026-03-23 04:45:00+00,株式会社イプシロン,試験_面接,辞退
20252002,j2a105,井上太郎,2026-03-23 04:00:00+00,2026-03-23 05:30:00+00,株式会社サンライズ,試験_適正,不合格
20252044,j2a106,佐々木翔太,2026-03-23 04:00:00+00,2026-03-23 04:45:00+00,株式会社オービット,試験_面接,辞退
20234038,r3a228,林葵,2026-03-23 04:00:00+00,2026-03-23 05:30:00+00,株式会社パルス,試験_適正,継続（合格）
20234023,r3a234,井上翔太,2026-03-23 04:00:00+00,2026-03-23 05:30:00+00,株式会社デルタ,試験_適正,不合格
20234048,r3a236,佐藤彩香,2026-03-23 04:00:00+00,2026-03-23 05:00:00+00,株式会社ビジョン,説明会_単,他
20243056,s2a303,吉田拓也,2026-03-23 04:00:00+00,2026-03-23 05:00:00+00,株式会社イプシロン,説明会_単,他
20243008,s2a406,前田結衣,2026-03-23 04:00:00+00,2026-03-23 04:45:00+00,株式会社ネクスト,試験_面接,継続（合格）
20243036,s2a412,藤田悠斗,2026-03-23 04:00:00+00,2026-03-23 05:30:00+00,株式会社オーシャン,試験_適正,継続（合格）
20252012,j2a113,山田結衣,2026-03-23 06:00:00+00,2026-03-23 07:00:00+00,株式会社フォーカス,セミナー,他
20234082,r3a108,斎藤花子,2026-03-23 06:00:00+00,2026-03-23 07:30:00+00,株式会社モデスト,試験_適正,結果待ち
20234007,r3a131,高橋拓也,2026-03-23 06:00:00+00,2026-03-23 07:30:00+00,株式会社ブルーム,試験_適正,継続（合格）
20234089,r3a223,井上優奈,2026-03-23 06:00:00+00,2026-03-23 06:45:00+00,株式会社アビリティ,試験_面接,継続（合格）
20234026,r3a225,阿部陽菜,2026-03-23 06:00:00+00,2026-03-23 06:45:00+00,株式会社シード,試験_面接,結果待ち
20243049,s2a103,石川優奈,2026-03-23 06:00:00+00,2026-03-23 06:45:00+00,株式会社コア,試験_面接,不合格
20243012,s2a106,橋本大輔,2026-03-23 06:00:00+00,2026-03-23 06:45:00+00,株式会社イプシロン,試験_面接,継続（合格）
20243046,s2a107,井上翔太,2026-03-23 06:00:00+00,2026-03-23 06:45:00+00,株式会社ビジョン,試験_面接,結果待ち
20243016,s2a207,佐々木彩香,2026-03-23 06:00:00+00,2026-03-23 07:30:00+00,株式会社ミライ,試験_適正,結果待ち
20243024,s2a210,阿部翔太,2026-03-23 06:00:00+00,2026-03-23 07:00:00+00,株式会社エコー,説明会_単,他
20243011,s2a409,藤田優樹,2026-03-23 06:00:00+00,2026-03-23 06:45:00+00,株式会社パルス,試験_面接,結果待ち
20243052,s2a410,井上杏奈,2026-03-23 06:00:00+00,2026-03-23 07:30:00+00,株式会社モデスト,試験_適正,結果待ち
20243001,s2a413,佐々木拓也,2026-03-23 06:00:00+00,2026-03-23 06:45:00+00,株式会社シード,試験_面接,結果待ち
20243019,s2a307,山下優奈,2026-03-24 01:00:00+00,2026-03-24 02:30:00+00,株式会社グロース,試験_適正,結果待ち
20252013,j1a110,山口悠斗,2026-03-24 01:00:00+00,2026-03-24 02:30:00+00,株式会社シグマ,試験_適正,不合格
20252020,j1a111,石川杏奈,2026-03-24 01:00:00+00,2026-03-24 01:45:00+00,株式会社リーフ,試験_面接,結果待ち
20252043,j2a111,佐々木海斗,2026-03-24 01:00:00+00,2026-03-24 01:45:00+00,株式会社ノヴァ,試験_面接,継続（合格）
20234077,r3a120,山口陽菜,2026-03-24 01:00:00+00,2026-03-24 01:45:00+00,株式会社フォーカス,試験_面接,結果待ち
20234064,r3a211,橋本陽菜,2026-03-24 01:00:00+00,2026-03-24 02:30:00+00,株式会社ライト,試験_適正,結果待ち
20234069,r3a212,渡辺翔太,2026-03-24 01:00:00+00,2026-03-24 01:45:00+00,株式会社シグマ,試験_面接,継続（合格）
20243032,s2a109,藤田健太,2026-03-24 01:00:00+00,2026-03-24 02:00:00+00,株式会社ストリーム,説明会_合,他
20243032,s2a109,藤田健太,2026-03-24 01:00:00+00,2026-03-24 02:00:00+00,株式会社スカイ,セミナー,他
20252041,j1a103,渡辺陽菜,2026-03-24 01:00:00+00,2026-03-24 01:45:00+00,株式会社テックワークス,試験_面接,結果待ち
20243009,s2a310,林優樹,2026-03-24 01:00:00+00,2026-03-24 02:30:00+00,株式会社ガンマ,試験_適正,結果待ち
20243054,s2a404,林葵,2026-03-24 01:00:00+00,2026-03-24 01:45:00+00,株式会社ブリッジ,試験_面接,継続（合格）
20243039,s2a407,藤田悠斗,2026-03-24 01:00:00+00,2026-03-24 01:45:00+00,株式会社リンク,試験_面接,結果待ち
20252035,j1a101,吉田健太,2026-03-24 04:00:00+00,2026-03-24 04:45:00+00,株式会社サンライズ,試験_面接,結果待ち
20252026,j1a106,松本陽菜,2026-03-24 04:00:00+00,2026-03-24 05:30:00+00,株式会社ハーモニー,試験_適正,不合格
20252031,j1a115,高橋直樹,2026-03-24 04:00:00+00,2026-03-24 04:45:00+00,株式会社ブルーム,試験_面接,継続（合格）
20234073,r3a115,鈴木彩香,2026-03-24 04:00:00+00,2026-03-24 05:30:00+00,株式会社レイヤー,試験_適正,継続（合格）
20234025,r3a201,鈴木美咲,2026-03-24 04:00:00+00,2026-03-24 04:45:00+00,株式会社イノベーション,試験_面接,継続（合格）
20243032,s2a109,藤田健太,2026-03-24 04:00:00+00,2026-03-24 04:45:00+00,株式会社イプシロン,試験_面接,不合格
20252041,j1a103,渡辺陽菜,2026-03-24 04:00:00+00,2026-03-24 05:00:00+00,株式会社クラフト,説明会_合,他
20243052,s2a410,井上杏奈,2026-03-24 04:00:00+00,2026-03-24 05:00:00+00,株式会社モデスト,説明会_単,他
20243036,s2a412,藤田悠斗,2026-03-24 04:00:00+00,2026-03-24 04:30:00+00,株式会社ミライ,試験_他,内定
20234029,r3a112,山口悠斗,2026-03-24 06:00:00+00,2026-03-24 06:30:00+00,株式会社オメガ,試験_他,内定
20234073,r3a115,鈴木彩香,2026-03-24 06:00:00+00,2026-03-24 06:45:00+00,株式会社エンジン,試験_面接,不合格
20234059,r3a203,高橋陸,2026-03-24 06:00:00+00,2026-03-24 07:30:00+00,株式会社フォーカス,試験_適正,結果待ち
20234045,r3a235,木村優奈,2026-03-24 06:00:00+00,2026-03-24 06:45:00+00,株式会社パルス,試験_面接,不合格
20234027,r3a237,池田美咲,2026-03-24 06:00:00+00,2026-03-24 07:00:00+00,株式会社アビリティ,説明会_単,他
20234011,r3a239,前田彩香,2026-03-24 06:00:00+00,2026-03-24 06:45:00+00,株式会社オーシャン,試験_面接,不合格
20252041,j1a103,渡辺陽菜,2026-03-24 06:00:00+00,2026-03-24 07:00:00+00,株式会社テックワークス,説明会_単,他
20243044,s2a214,山本遥,2026-03-24 06:00:00+00,2026-03-24 06:45:00+00,株式会社アーク,試験_面接,不合格
20243009,s2a310,林優樹,2026-03-24 06:00:00+00,2026-03-24 06:45:00+00,株式会社クレスト,試験_面接,継続（合格）
20252039,j1a102,田中葵,2026-03-25 01:00:00+00,2026-03-25 02:00:00+00,株式会社リーフ,説明会_単,他
20252020,j1a111,石川杏奈,2026-03-25 01:00:00+00,2026-03-25 01:45:00+00,株式会社グリーン,試験_面接,結果待ち
20252011,j1a119,阿部拓也,2026-03-25 01:00:00+00,2026-03-25 01:45:00+00,株式会社ライト,試験_面接,結果待ち
20252024,j2a101,清水葵,2026-03-25 01:00:00+00,2026-03-25 01:45:00+00,株式会社オービット,試験_面接,結果待ち
20252021,j2a115,伊藤陽菜,2026-03-25 01:00:00+00,2026-03-25 02:00:00+00,株式会社オメガ,インターン,他
20234086,r3a103,前田優樹,2026-03-25 01:00:00+00,2026-03-25 02:30:00+00,株式会社フォース,試験_適正,不合格
20234032,r3a125,山崎美咲,2026-03-25 01:00:00+00,2026-03-25 02:30:00+00,株式会社グリーン,試験_適正,辞退
20234007,r3a131,高橋拓也,2026-03-25 01:00:00+00,2026-03-25 02:00:00+00,株式会社ブルーム,セミナー,他
20234025,r3a201,鈴木美咲,2026-03-25 01:00:00+00,2026-03-25 02:30:00+00,株式会社オービット,試験_適正,継続（合格）
20234080,r3a202,井上美咲,2026-03-25 01:00:00+00,2026-03-25 02:30:00+00,株式会社プライム,試験_適正,結果待ち
20234024,r3a208,鈴木太郎,2026-03-25 01:00:00+00,2026-03-25 01:45:00+00,株式会社エッジ,試験_面接,結果待ち
20234021,r3a232,前田遥,2026-03-25 01:00:00+00,2026-03-25 02:30:00+00,株式会社ライト,試験_適正,継続（合格）
20243053,s2a203,佐々木大輔,2026-03-25 01:00:00+00,2026-03-25 01:45:00+00,株式会社ステラ,試験_面接,不合格
20243022,s2a209,山本遥,2026-03-25 01:00:00+00,2026-03-25 01:45:00+00,株式会社モデスト,試験_面接,結果待ち
20243024,s2a210,阿部翔太,2026-03-25 01:00:00+00,2026-03-25 02:00:00+00,株式会社エコー,説明会_単,他
20252020,j1a111,石川杏奈,2026-03-25 04:00:00+00,2026-03-25 05:00:00+00,株式会社グリーン,インターン,他
20252017,j1a118,佐々木拓也,2026-03-25 04:00:00+00,2026-03-25 05:00:00+00,株式会社アビリティ,セミナー,他
20252010,j2a112,阿部陸,2026-03-25 04:00:00+00,2026-03-25 04:45:00+00,株式会社エッジ,試験_面接,結果待ち
20234032,r3a125,山崎美咲,2026-03-25 04:00:00+00,2026-03-25 05:00:00+00,株式会社フォース,説明会_単,他
20234081,r3a213,清水遥,2026-03-25 04:00:00+00,2026-03-25 05:00:00+00,株式会社オメガ,インターン,他
20243049,s2a103,石川優奈,2026-03-25 04:00:00+00,2026-03-25 04:45:00+00,株式会社フォーカス,試験_面接,結果待ち
20243035,s2a204,藤田陸,2026-03-25 06:00:00+00,2026-03-25 07:00:00+00,株式会社テックワークス,説明会_合,他
20252021,j2a115,伊藤陽菜,2026-03-25 06:00:00+00,2026-03-25 06:45:00+00,株式会社ブリッジ,試験_面接,結果待ち
20234072,r3a130,石川陽菜,2026-03-25 06:00:00+00,2026-03-25 06:45:00+00,株式会社コア,試験_面接,不合格
20234058,r3a133,佐藤健太,2026-03-25 06:00:00+00,2026-03-25 07:30:00+00,株式会社クロス,試験_適正,結果待ち
20234078,r3a205,小林大輔,2026-03-25 06:00:00+00,2026-03-25 06:45:00+00,株式会社ノヴァ,試験_面接,不合格
20243059,s2a111,田中杏奈,2026-03-25 06:00:00+00,2026-03-25 06:45:00+00,株式会社パルス,試験_面接,継続（合格）
20243034,s2a405,鈴木健太,2026-03-25 06:00:00+00,2026-03-25 06:45:00+00,株式会社クレスト,試験_面接,継続（合格）
20252013,j1a110,山口悠斗,2026-03-26 01:00:00+00,2026-03-26 02:00:00+00,株式会社リンク,説明会_単,他
20252017,j1a118,佐々木拓也,2026-03-26 01:00:00+00,2026-03-26 01:45:00+00,株式会社アビリティ,試験_面接,結果待ち
20252019,j1a121,加藤遥,2026-03-26 01:00:00+00,2026-03-26 02:00:00+00,株式会社エンジン,インターン,他
20252021,j2a115,伊藤陽菜,2026-03-26 01:00:00+00,2026-03-26 02:00:00+00,株式会社オメガ,説明会_合,他
20252029,j2a117,林健太,2026-03-26 01:00:00+00,2026-03-26 02:30:00+00,株式会社ライト,試験_適正,不合格
20252036,j2a119,山本悠斗,2026-03-26 01:00:00+00,2026-03-26 01:45:00+00,株式会社ルミナス,試験_面接,継続（合格）
20252036,j2a119,山本悠斗,2026-03-26 01:00:00+00,2026-03-26 02:00:00+00,株式会社ルミナス,説明会_単,他
20252042,j2a120,鈴木優樹,2026-03-26 01:00:00+00,2026-03-26 02:30:00+00,株式会社リーフ,試験_適正,不合格
20234055,r3a121,鈴木悠斗,2026-03-26 01:00:00+00,2026-03-26 02:00:00+00,株式会社グリーン,説明会_合,他
20234001,r3a206,藤田優奈,2026-03-26 01:00:00+00,2026-03-26 01:45:00+00,株式会社アビリティ,試験_面接,継続（合格）
20234067,r3a210,中島拓也,2026-03-26 01:00:00+00,2026-03-26 01:45:00+00,株式会社ノヴァ,試験_面接,不合格
20234009,r3a231,清水優奈,2026-03-26 01:00:00+00,2026-03-26 02:00:00+00,株式会社リーフ,説明会_単,他
20243060,s2a208,石川彩香,2026-03-26 01:00:00+00,2026-03-26 02:00:00+00,株式会社マーブル,説明会_合,他
20243015,s2a213,橋本直樹,2026-03-26 01:00:00+00,2026-03-26 02:30:00+00,株式会社アルファ,試験_適正,結果待ち
20243013,s2a401,山口陸,2026-03-26 01:00:00+00,2026-03-26 02:00:00+00,株式会社イプシロン,セミナー,他
20243027,s2a403,加藤拓也,2026-03-26 01:00:00+00,2026-03-26 02:30:00+00,株式会社ユニオン,試験_適正,結果待ち
20243039,s2a407,藤田悠斗,2026-03-26 01:00:00+00,2026-03-26 02:00:00+00,株式会社リンク,説明会_合,他
20252032,j1a107,井上花子,2026-03-26 04:00:00+00,2026-03-26 04:45:00+00,株式会社ブリッジ,試験_面接,結果待ち
20252018,j1a114,藤田健太,2026-03-26 04:00:00+00,2026-03-26 05:00:00+00,株式会社アルファ,セミナー,他
20252031,j1a115,高橋直樹,2026-03-26 04:00:00+00,2026-03-26 04:45:00+00,株式会社ブルーム,試験_面接,結果待ち
20252047,j2a103,佐々木葵,2026-03-26 04:00:00+00,2026-03-26 05:30:00+00,株式会社フォース,試験_適正,不合格
20252036,j2a119,山本悠斗,2026-03-26 04:00:00+00,2026-03-26 05:30:00+00,株式会社プライム,試験_適正,結果待ち
20234020,r3a113,井上陸,2026-03-26 04:00:00+00,2026-03-26 05:30:00+00,株式会社ライト,試験_適正,結果待ち
20234032,r3a125,山崎美咲,2026-03-26 04:00:00+00,2026-03-26 05:00:00+00,株式会社グリーン,インターン,他
20234067,r3a210,中島拓也,2026-03-26 04:00:00+00,2026-03-26 05:30:00+00,株式会社ブリッジ,試験_適正,辞退
20234049,r3a217,石川杏奈,2026-03-26 04:00:00+00,2026-03-26 04:45:00+00,株式会社リンク,試験_面接,継続（合格）
20234071,r3a224,山口結衣,2026-03-26 04:00:00+00,2026-03-26 05:30:00+00,株式会社リーフ,試験_適正,結果待ち
20243032,s2a109,藤田健太,2026-03-26 04:00:00+00,2026-03-26 04:45:00+00,株式会社レイヤー,試験_面接,結果待ち
20243022,s2a209,山本遥,2026-03-26 04:00:00+00,2026-03-26 05:00:00+00,株式会社モデスト,説明会_単,他
20243025,s2a212,加藤海斗,2026-03-26 04:00:00+00,2026-03-26 05:00:00+00,株式会社アビリティ,インターン,他
20243028,s2a306,斎藤翔太,2026-03-26 04:00:00+00,2026-03-26 05:00:00+00,株式会社ライト,内定後活動,内定
20252020,j1a111,石川杏奈,2026-03-26 06:00:00+00,2026-03-26 07:30:00+00,株式会社シグマ,試験_適正,辞退
20234047,r3a128,石川太郎,2026-03-26 06:00:00+00,2026-03-26 07:30:00+00,株式会社コア,試験_適正,結果待ち
20234069,r3a212,渡辺翔太,2026-03-26 06:00:00+00,2026-03-26 07:00:00+00,株式会社アルファ,説明会_単,他
20234049,r3a217,石川杏奈,2026-03-26 06:00:00+00,2026-03-26 07:00:00+00,株式会社アビリティ,インターン,他
20234071,r3a224,山口結衣,2026-03-26 06:00:00+00,2026-03-26 06:45:00+00,株式会社テックワークス,試験_面接,不合格
20252011,j1a119,阿部拓也,2026-03-27 01:00:00+00,2026-03-27 02:30:00+00,株式会社デルタ,試験_適正,結果待ち
20252016,j1a120,伊藤悠斗,2026-03-27 01:00:00+00,2026-03-27 01:45:00+00,株式会社オーシャン,試験_面接,辞退
20252012,j2a113,山田結衣,2026-03-27 01:00:00+00,2026-03-27 02:30:00+00,株式会社フロンティア,試験_適正,結果待ち
20252008,j2a114,藤田美咲,2026-03-27 01:00:00+00,2026-03-27 01:45:00+00,株式会社フロンティア,試験_面接,継続（合格）
20252029,j2a117,林健太,2026-03-27 01:00:00+00,2026-03-27 01:45:00+00,株式会社グリーン,試験_面接,結果待ち
20252029,j2a117,林健太,2026-03-27 01:00:00+00,2026-03-27 02:00:00+00,株式会社グリーン,セミナー,他
20252050,j2a118,鈴木陸,2026-03-27 01:00:00+00,2026-03-27 01:45:00+00,株式会社オーシャン,試験_面接,不合格
20234073,r3a115,鈴木彩香,2026-03-27 01:00:00+00,2026-03-27 02:00:00+00,株式会社クレスト,インターン,他
20234088,r3a117,斎藤美咲,2026-03-27 01:00:00+00,2026-03-27 02:00:00+00,株式会社ストリーム,インターン,他
20234077,r3a120,山口陽菜,2026-03-27 01:00:00+00,2026-03-27 02:00:00+00,株式会社パルス,説明会_合,他
20234007,r3a131,高橋拓也,2026-03-27 01:00:00+00,2026-03-27 02:00:00+00,株式会社グリーン,説明会_合,他
20234078,r3a205,小林大輔,2026-03-27 01:00:00+00,2026-03-27 02:30:00+00,株式会社クレスト,試験_適正,継続（合格）
20234045,r3a235,木村優奈,2026-03-27 01:00:00+00,2026-03-27 02:00:00+00,株式会社プライム,説明会_合,他
20243031,s2a105,林翔太,2026-03-27 01:00:00+00,2026-03-27 02:00:00+00,株式会社アビリティ,説明会_合,他
20243041,s2a205,高橋美咲,2026-03-27 01:00:00+00,2026-03-27 02:30:00+00,株式会社アセント,試験_適正,結果待ち
20243018,s2a304,高橋杏奈,2026-03-27 01:00:00+00,2026-03-27 02:00:00+00,株式会社クラフト,説明会_合,他
20243013,s2a401,山口陸,2026-03-27 01:00:00+00,2026-03-27 01:45:00+00,株式会社イプシロン,試験_面接,結果待ち
20243034,s2a405,鈴木健太,2026-03-27 01:00:00+00,2026-03-27 02:30:00+00,株式会社イノベーション,試験_適正,結果待ち
20252028,j2a108,高橋直樹,2026-03-27 04:00:00+00,2026-03-27 04:45:00+00,株式会社ルミナス,試験_面接,継続（合格）
20252027,j2a109,中村陸,2026-03-27 04:00:00+00,2026-03-27 04:45:00+00,株式会社ストリーム,試験_面接,継続（合格）
20252036,j2a119,山本悠斗,2026-03-27 04:00:00+00,2026-03-27 05:00:00+00,株式会社ノヴァ,セミナー,他
20234073,r3a115,鈴木彩香,2026-03-27 04:00:00+00,2026-03-27 04:45:00+00,株式会社レイヤー,試験_面接,継続（合格）
20234070,r3a127,中村直樹,2026-03-27 04:00:00+00,2026-03-27 04:45:00+00,株式会社オメガ,試験_面接,結果待ち
20234070,r3a127,中村直樹,2026-03-27 04:00:00+00,2026-03-27 04:45:00+00,株式会社デルタ,試験_面接,不合格
20234078,r3a205,小林大輔,2026-03-27 04:00:00+00,2026-03-27 04:45:00+00,株式会社ノヴァ,試験_面接,継続（合格）
20234030,r3a215,斎藤優樹,2026-03-27 04:00:00+00,2026-03-27 05:00:00+00,株式会社グロース,セミナー,他
20234034,r3a227,加藤優奈,2026-03-27 04:00:00+00,2026-03-27 05:30:00+00,株式会社リンク,試験_適正,不合格
20252019,j1a121,加藤遥,2026-03-27 04:00:00+00,2026-03-27 05:00:00+00,株式会社ライト,説明会_合,他
20243052,s2a410,井上杏奈,2026-03-27 04:00:00+00,2026-03-27 04:45:00+00,株式会社ノヴァ,試験_面接,継続（合格）
20252018,j1a114,藤田健太,2026-03-27 06:00:00+00,2026-03-27 07:00:00+00,株式会社クラフト,セミナー,他
20252019,j1a121,加藤遥,2026-03-27 06:00:00+00,2026-03-27 06:45:00+00,株式会社ユニオン,試験_面接,継続（合格）
20252014,j2a102,松本遥,2026-03-27 06:00:00+00,2026-03-27 07:30:00+00,株式会社テックワークス,試験_適正,結果待ち
20252027,j2a109,中村陸,2026-03-27 06:00:00+00,2026-03-27 06:45:00+00,株式会社オーシャン,試験_面接,不合格
20234022,r3a105,中村遥,2026-03-27 06:00:00+00,2026-03-27 06:45:00+00,株式会社クロス,試験_面接,不合格
20234073,r3a115,鈴木彩香,2026-03-27 06:00:00+00,2026-03-27 07:30:00+00,株式会社アセント,試験_適正,継続（合格）
20234077,r3a120,山口陽菜,2026-03-27 06:00:00+00,2026-03-27 07:30:00+00,株式会社アーク,試験_適正,結果待ち
20234018,r3a134,井上陸,2026-03-27 06:00:00+00,2026-03-27 07:00:00+00,株式会社フロンティア,インターン,他
20234069,r3a212,渡辺翔太,2026-03-27 06:00:00+00,2026-03-27 07:30:00+00,株式会社アルファ,試験_適正,結果待ち
20234009,r3a231,清水優奈,2026-03-27 06:00:00+00,2026-03-27 07:00:00+00,株式会社イノベーション,セミナー,他
20234052,r3a240,山田結衣,2026-03-27 06:00:00+00,2026-03-27 06:45:00+00,株式会社レイヤー,試験_面接,継続（合格）
20243012,s2a106,橋本大輔,2026-03-27 06:00:00+00,2026-03-27 06:45:00+00,株式会社イプシロン,試験_面接,不合格
20243024,s2a210,阿部翔太,2026-03-27 06:00:00+00,2026-03-27 07:30:00+00,株式会社ユニオン,試験_適正,結果待ち
20243052,s2a410,井上杏奈,2026-03-27 06:00:00+00,2026-03-27 06:45:00+00,株式会社マーブル,試験_面接,不合格
20252039,j1a102,田中葵,2026-03-28 01:00:00+00,2026-03-28 02:30:00+00,株式会社ネクスト,試験_適正,継続（合格）
20252041,j1a103,渡辺陽菜,2026-03-28 01:00:00+00,2026-03-28 01:45:00+00,株式会社ユニオン,試験_面接,継続（合格）
20252013,j1a110,山口悠斗,2026-03-28 01:00:00+00,2026-03-28 02:00:00+00,株式会社ステラ,セミナー,他
20252019,j1a121,加藤遥,2026-03-28 01:00:00+00,2026-03-28 01:45:00+00,株式会社シード,試験_面接,継続（合格）
20252044,j2a106,佐々木翔太,2026-03-28 01:00:00+00,2026-03-28 02:00:00+00,株式会社ルミナス,説明会_合,他
20234019,r3a101,高橋大輔,2026-03-28 01:00:00+00,2026-03-28 02:30:00+00,株式会社エンジン,試験_適正,不合格
20234032,r3a125,山崎美咲,2026-03-28 01:00:00+00,2026-03-28 02:00:00+00,株式会社グリーン,説明会_単,他
20234070,r3a127,中村直樹,2026-03-28 01:00:00+00,2026-03-28 01:45:00+00,株式会社オメガ,試験_面接,継続（合格）
20234061,r3a218,松本海斗,2026-03-28 01:00:00+00,2026-03-28 01:45:00+00,株式会社ミライ,試験_面接,継続（合格）
20234044,r3a221,松本結衣,2026-03-28 01:00:00+00,2026-03-28 02:30:00+00,株式会社レイヤー,試験_適正,継続（合格）
20234026,r3a225,阿部陽菜,2026-03-28 01:00:00+00,2026-03-28 01:45:00+00,株式会社パルス,試験_面接,継続（合格）
20252041,j1a103,渡辺陽菜,2026-03-28 01:00:00+00,2026-03-28 02:00:00+00,株式会社ネクスト,インターン,他
20243014,s2a211,池田大輔,2026-03-28 01:00:00+00,2026-03-28 01:45:00+00,株式会社アトラス,試験_面接,結果待ち
20243050,s2a411,田中陸,2026-03-28 01:00:00+00,2026-03-28 01:45:00+00,株式会社デルタ,試験_面接,不合格
20243036,s2a412,藤田悠斗,2026-03-28 01:00:00+00,2026-03-28 02:30:00+00,株式会社デルタ,試験_適正,不合格
20252034,j1a105,伊藤太郎,2026-03-28 04:00:00+00,2026-03-28 04:45:00+00,株式会社ネクスト,試験_面接,結果待ち
20252024,j2a101,清水葵,2026-03-28 04:00:00+00,2026-03-28 05:00:00+00,株式会社ブリッジ,説明会_合,他
20252006,j2a104,前田陽菜,2026-03-28 04:00:00+00,2026-03-28 04:45:00+00,株式会社ブリッジ,試験_面接,結果待ち
20252006,j2a104,前田陽菜,2026-03-28 04:00:00+00,2026-03-28 05:00:00+00,株式会社イプシロン,説明会_合,他
20234085,r3a136,池田悠斗,2026-03-28 04:00:00+00,2026-03-28 04:45:00+00,株式会社リンク,試験_面接,継続（合格）
20234012,r3a137,林結衣,2026-03-28 04:00:00+00,2026-03-28 05:00:00+00,株式会社ガンマ,セミナー,他
20243048,s2a201,橋本優奈,2026-03-28 04:00:00+00,2026-03-28 04:45:00+00,株式会社ユニオン,試験_面接,継続（合格）
20243052,s2a410,井上杏奈,2026-03-28 04:00:00+00,2026-03-28 04:45:00+00,株式会社ハーモニー,試験_面接,継続（合格）
20252006,j2a104,前田陽菜,2026-03-28 06:00:00+00,2026-03-28 06:45:00+00,株式会社ブリッジ,試験_面接,継続（合格）
20234041,r3a214,小林遥,2026-03-28 06:00:00+00,2026-03-28 07:30:00+00,株式会社ストリーム,試験_適正,結果待ち
20234061,r3a218,松本海斗,2026-03-28 06:00:00+00,2026-03-28 06:45:00+00,株式会社ミライ,試験_面接,不合格
20234044,r3a221,松本結衣,2026-03-28 06:00:00+00,2026-03-28 06:45:00+00,株式会社レイヤー,試験_面接,結果待ち
20243047,s2a110,吉田直樹,2026-03-28 06:00:00+00,2026-03-28 06:45:00+00,株式会社エッジ,試験_面接,継続（合格）
20243056,s2a303,吉田拓也,2026-03-28 06:00:00+00,2026-03-28 07:30:00+00,株式会社イプシロン,試験_適正,結果待ち
20252047,j2a103,佐々木葵,2026-03-29 01:00:00+00,2026-03-29 01:45:00+00,株式会社レイヤー,試験_面接,不合格
20252043,j2a111,佐々木海斗,2026-03-29 01:00:00+00,2026-03-29 01:45:00+00,株式会社ノヴァ,試験_面接,継続（合格）
20252021,j2a115,伊藤陽菜,2026-03-29 01:00:00+00,2026-03-29 02:30:00+00,株式会社ベータ,試験_適正,結果待ち
20252036,j2a119,山本悠斗,2026-03-29 01:00:00+00,2026-03-29 02:30:00+00,株式会社ルミナス,試験_適正,継続（合格）
20234082,r3a108,斎藤花子,2026-03-29 01:00:00+00,2026-03-29 02:30:00+00,株式会社フォース,試験_適正,不合格
20234051,r3a241,高橋花子,2026-03-29 01:00:00+00,2026-03-29 01:45:00+00,株式会社アーク,試験_面接,結果待ち
20234051,r3a241,高橋花子,2026-03-29 01:00:00+00,2026-03-29 02:30:00+00,株式会社クロス,試験_適正,結果待ち
20243032,s2a109,藤田健太,2026-03-29 01:00:00+00,2026-03-29 02:00:00+00,株式会社クラフト,インターン,他
20243047,s2a110,吉田直樹,2026-03-29 01:00:00+00,2026-03-29 01:45:00+00,株式会社オメガ,試験_面接,結果待ち
20252039,j1a102,田中葵,2026-03-29 04:00:00+00,2026-03-29 04:45:00+00,株式会社ネクスト,試験_面接,結果待ち
20252030,j1a104,山本悠斗,2026-03-29 04:00:00+00,2026-03-29 05:30:00+00,株式会社リーフ,試験_適正,結果待ち
20252034,j1a105,伊藤太郎,2026-03-29 04:00:00+00,2026-03-29 05:00:00+00,株式会社シグマ,説明会_単,他
20252025,j1a113,井上美咲,2026-03-29 04:00:00+00,2026-03-29 04:45:00+00,株式会社ミライ,試験_面接,結果待ち
20252009,j2a116,清水優奈,2026-03-29 04:00:00+00,2026-03-29 05:30:00+00,株式会社フォーカス,試験_適正,結果待ち
20234042,r3a102,斎藤優奈,2026-03-29 04:00:00+00,2026-03-29 04:45:00+00,株式会社モデスト,試験_面接,継続（合格）
20234082,r3a108,斎藤花子,2026-03-29 04:00:00+00,2026-03-29 04:45:00+00,株式会社ルミナス,試験_面接,結果待ち
20234015,r3a138,吉田健太,2026-03-29 04:00:00+00,2026-03-29 04:45:00+00,株式会社ミライ,試験_面接,継続（合格）
20234049,r3a217,石川杏奈,2026-03-29 04:00:00+00,2026-03-29 04:45:00+00,株式会社アビリティ,試験_面接,不合格
20243051,s2a202,渡辺優樹,2026-03-29 04:00:00+00,2026-03-29 04:45:00+00,株式会社マーブル,試験_面接,継続（合格）
20243058,s2a206,橋本陸,2026-03-29 04:00:00+00,2026-03-29 05:30:00+00,株式会社ガンマ,試験_適正,結果待ち
20243025,s2a212,加藤海斗,2026-03-29 04:00:00+00,2026-03-29 05:00:00+00,株式会社アビリティ,説明会_合,他
20252018,j1a114,藤田健太,2026-03-29 06:00:00+00,2026-03-29 06:45:00+00,株式会社アルファ,試験_面接,結果待ち
20252001,j1a116,伊藤直樹,2026-03-29 06:00:00+00,2026-03-29 07:30:00+00,株式会社ルミナス,試験_適正,結果待ち
20234019,r3a101,高橋大輔,2026-03-29 06:00:00+00,2026-03-29 06:45:00+00,株式会社ブルーム,試験_面接,継続（合格）
20234037,r3a107,山崎健太,2026-03-29 06:00:00+00,2026-03-29 06:45:00+00,株式会社ネクスト,試験_面接,結果待ち
20234088,r3a117,斎藤美咲,2026-03-29 06:00:00+00,2026-03-29 06:45:00+00,株式会社ストリーム,試験_面接,不合格
20234047,r3a128,石川太郎,2026-03-29 06:00:00+00,2026-03-29 06:45:00+00,株式会社グリーン,試験_面接,不合格
20234078,r3a205,小林大輔,2026-03-29 06:00:00+00,2026-03-29 06:45:00+00,株式会社アトラス,試験_面接,辞退
20243047,s2a110,吉田直樹,2026-03-29 06:00:00+00,2026-03-29 06:45:00+00,株式会社サンライズ,試験_面接,結果待ち
20243059,s2a111,田中杏奈,2026-03-29 06:00:00+00,2026-03-29 07:00:00+00,株式会社パルス,説明会_合,他
20243006,s2a112,山田翔太,2026-03-29 06:00:00+00,2026-03-29 07:00:00+00,株式会社グリーン,セミナー,他
20243019,s2a307,山下優奈,2026-03-29 06:00:00+00,2026-03-29 07:00:00+00,株式会社ストリーム,説明会_合,他
20243029,s2a408,佐藤遥,2026-03-29 06:00:00+00,2026-03-29 06:45:00+00,株式会社ベータ,試験_面接,継続（合格）
20243036,s2a412,藤田悠斗,2026-03-29 06:00:00+00,2026-03-29 07:30:00+00,株式会社テックワークス,試験_適正,結果待ち
20252041,j1a103,渡辺陽菜,2026-03-30 01:00:00+00,2026-03-30 01:45:00+00,株式会社クラフト,試験_面接,不合格
20252034,j1a105,伊藤太郎,2026-03-30 01:00:00+00,2026-03-30 02:30:00+00,株式会社シグマ,試験_適正,結果待ち
20252012,j2a113,山田結衣,2026-03-30 01:00:00+00,2026-03-30 01:45:00+00,株式会社ライト,試験_面接,不合格
20252036,j2a119,山本悠斗,2026-03-30 01:00:00+00,2026-03-30 01:45:00+00,株式会社マーブル,試験_面接,結果待ち
20234004,r3a119,石川陽菜,2026-03-30 01:00:00+00,2026-03-30 02:30:00+00,株式会社エンジン,試験_適正,継続（合格）
20234005,r3a222,森大輔,2026-03-30 01:00:00+00,2026-03-30 02:00:00+00,株式会社モデスト,セミナー,他
20243048,s2a201,橋本優奈,2026-03-30 01:00:00+00,2026-03-30 02:30:00+00,株式会社ハーモニー,試験_適正,不合格
20243020,s2a313,前田杏奈,2026-03-30 01:00:00+00,2026-03-30 01:45:00+00,株式会社ビジョン,試験_面接,結果待ち
20243035,s2a204,藤田陸,2026-03-30 04:00:00+00,2026-03-30 05:30:00+00,株式会社テックワークス,試験_適正,不合格
20252013,j1a110,山口悠斗,2026-03-30 04:00:00+00,2026-03-30 04:45:00+00,株式会社リンク,試験_面接,不合格
20252011,j1a119,阿部拓也,2026-03-30 04:00:00+00,2026-03-30 04:45:00+00,株式会社モデスト,試験_面接,結果待ち
20234019,r3a101,高橋大輔,2026-03-30 04:00:00+00,2026-03-30 04:30:00+00,株式会社ブルーム,試験_他,内定
20234035,r3a104,佐々木遥,2026-03-30 04:00:00+00,2026-03-30 04:45:00+00,株式会社イノベーション,試験_面接,結果待ち
20234080,r3a202,井上美咲,2026-03-30 04:00:00+00,2026-03-30 05:30:00+00,株式会社ユニオン,試験_適正,継続（合格）
20234056,r3a229,山口健太,2026-03-30 04:00:00+00,2026-03-30 04:45:00+00,株式会社アトラス,試験_面接,不合格
20243033,s2a101,山崎彩香,2026-03-30 04:00:00+00,2026-03-30 04:45:00+00,株式会社ミライ,試験_面接,継続（合格）
20243017,s2a114,佐々木優樹,2026-03-30 04:00:00+00,2026-03-30 05:30:00+00,株式会社アセント,試験_適正,結果待ち
20243041,s2a205,高橋美咲,2026-03-30 04:00:00+00,2026-03-30 05:00:00+00,株式会社アセント,セミナー,他
20243060,s2a208,石川彩香,2026-03-30 04:00:00+00,2026-03-30 05:30:00+00,株式会社オメガ,試験_適正,結果待ち
20243057,s2a312,井上陽菜,2026-03-30 04:00:00+00,2026-03-30 05:30:00+00,株式会社アーク,試験_適正,辞退
20243027,s2a403,加藤拓也,2026-03-30 04:00:00+00,2026-03-30 05:30:00+00,株式会社ストリーム,試験_適正,辞退
20243039,s2a407,藤田悠斗,2026-03-30 04:00:00+00,2026-03-30 04:45:00+00,株式会社クレスト,試験_面接,不合格
20252013,j1a110,山口悠斗,2026-03-30 06:00:00+00,2026-03-30 06:45:00+00,株式会社ステラ,試験_面接,結果待ち
20252019,j1a121,加藤遥,2026-03-30 06:00:00+00,2026-03-30 06:30:00+00,株式会社シード,試験_他,内定
20252019,j1a121,加藤遥,2026-03-30 06:00:00+00,2026-03-30 07:30:00+00,株式会社エンジン,試験_適正,結果待ち
20252024,j2a101,清水葵,2026-03-30 06:00:00+00,2026-03-30 07:30:00+00,株式会社オービット,試験_適正,継続（合格）
20252021,j2a115,伊藤陽菜,2026-03-30 06:00:00+00,2026-03-30 07:30:00+00,株式会社オメガ,試験_適正,結果待ち
20234037,r3a107,山崎健太,2026-03-30 06:00:00+00,2026-03-30 07:30:00+00,株式会社クレスト,試験_適正,結果待ち
20234039,r3a209,池田優樹,2026-03-30 06:00:00+00,2026-03-30 07:00:00+00,株式会社ステラ,説明会_単,他
20243006,s2a112,山田翔太,2026-03-30 06:00:00+00,2026-03-30 06:45:00+00,株式会社グリーン,試験_面接,不合格
20243051,s2a202,渡辺優樹,2026-03-30 06:00:00+00,2026-03-30 07:00:00+00,株式会社マーブル,説明会_単,他
20243026,s2a308,佐藤拓也,2026-03-31 01:00:00+00,2026-03-31 02:00:00+00,株式会社ベータ,説明会_合,他
20252039,j1a102,田中葵,2026-03-31 01:00:00+00,2026-03-31 02:30:00+00,株式会社サンライズ,試験_適正,不合格
20252013,j1a110,山口悠斗,2026-03-31 01:00:00+00,2026-03-31 02:00:00+00,株式会社アビリティ,インターン,他
20252016,j1a120,伊藤悠斗,2026-03-31 01:00:00+00,2026-03-31 01:45:00+00,株式会社オーシャン,試験_面接,継続（合格）
20252036,j2a119,山本悠斗,2026-03-31 01:00:00+00,2026-03-31 02:30:00+00,株式会社ノヴァ,試験_適正,継続（合格）
20234087,r3a124,松本翔太,2026-03-31 01:00:00+00,2026-03-31 02:00:00+00,株式会社ノヴァ,説明会_単,他
20234072,r3a130,石川陽菜,2026-03-31 01:00:00+00,2026-03-31 02:30:00+00,株式会社フロンティア,試験_適正,継続（合格）
20234012,r3a137,林結衣,2026-03-31 01:00:00+00,2026-03-31 01:30:00+00,株式会社ガンマ,試験_他,内定
20234015,r3a138,吉田健太,2026-03-31 01:00:00+00,2026-03-31 01:45:00+00,株式会社リーフ,試験_面接,不合格
20234084,r3a141,藤田彩香,2026-03-31 01:00:00+00,2026-03-31 02:00:00+00,株式会社イノベーション,説明会_合,他
20234028,r3a220,前田陸,2026-03-31 01:00:00+00,2026-03-31 02:30:00+00,株式会社マーブル,試験_適正,継続（合格）
20243007,s2a108,前田葵,2026-03-31 01:00:00+00,2026-03-31 01:45:00+00,株式会社プライム,試験_面接,不合格
20243016,s2a207,佐々木彩香,2026-03-31 01:00:00+00,2026-03-31 02:30:00+00,株式会社シグマ,試験_適正,継続（合格）
20243024,s2a210,阿部翔太,2026-03-31 01:00:00+00,2026-03-31 02:30:00+00,株式会社グリーン,試験_適正,結果待ち
20243024,s2a210,阿部翔太,2026-03-31 01:00:00+00,2026-03-31 02:00:00+00,株式会社ユニオン,セミナー,他
20243009,s2a310,林優樹,2026-03-31 01:00:00+00,2026-03-31 02:00:00+00,株式会社ガンマ,インターン,他
20243013,s2a401,山口陸,2026-03-31 01:00:00+00,2026-03-31 01:45:00+00,株式会社リンク,試験_面接,継続（合格）
20243029,s2a408,佐藤遥,2026-03-31 01:00:00+00,2026-03-31 01:45:00+00,株式会社アトラス,試験_面接,結果待ち
20243002,s2a113,山田拓也,2026-03-31 04:00:00+00,2026-03-31 05:00:00+00,株式会社エッジ,インターン,他
20252039,j1a102,田中葵,2026-03-31 04:00:00+00,2026-03-31 05:30:00+00,株式会社アビリティ,試験_適正,継続（合格）
20252008,j2a114,藤田美咲,2026-03-31 04:00:00+00,2026-03-31 05:00:00+00,株式会社ステラ,セミナー,他
20252050,j2a118,鈴木陸,2026-03-31 04:00:00+00,2026-03-31 04:45:00+00,株式会社ノヴァ,試験_面接,継続（合格）
20252036,j2a119,山本悠斗,2026-03-31 04:00:00+00,2026-03-31 04:45:00+00,株式会社ノヴァ,試験_面接,結果待ち
20234016,r3a111,渡辺翔太,2026-03-31 04:00:00+00,2026-03-31 04:45:00+00,株式会社アビリティ,試験_面接,結果待ち
20234077,r3a120,山口陽菜,2026-03-31 04:00:00+00,2026-03-31 05:00:00+00,株式会社アーク,説明会_単,他
20234007,r3a131,高橋拓也,2026-03-31 04:00:00+00,2026-03-31 04:45:00+00,株式会社エッジ,試験_面接,継続（合格）
20234049,r3a217,石川杏奈,2026-03-31 04:00:00+00,2026-03-31 04:45:00+00,株式会社プライム,試験_面接,結果待ち
20234051,r3a241,高橋花子,2026-03-31 04:00:00+00,2026-03-31 05:00:00+00,株式会社ネクスト,説明会_合,他
20243049,s2a103,石川優奈,2026-03-31 04:00:00+00,2026-03-31 04:45:00+00,株式会社コア,試験_面接,継続（合格）
20243047,s2a110,吉田直樹,2026-03-31 04:00:00+00,2026-03-31 05:00:00+00,株式会社ブリッジ,説明会_単,他
20243017,s2a114,佐々木優樹,2026-03-31 04:00:00+00,2026-03-31 04:45:00+00,株式会社ハーモニー,試験_面接,結果待ち
20243022,s2a209,山本遥,2026-03-31 04:00:00+00,2026-03-31 05:30:00+00,株式会社ハーモニー,試験_適正,継続（合格）
20243025,s2a212,加藤海斗,2026-03-31 04:00:00+00,2026-03-31 04:45:00+00,株式会社アビリティ,試験_面接,継続（合格）
20252039,j1a102,田中葵,2026-03-31 06:00:00+00,2026-03-31 06:45:00+00,株式会社アビリティ,試験_面接,継続（合格）
20252034,j1a105,伊藤太郎,2026-03-31 06:00:00+00,2026-03-31 07:00:00+00,株式会社ステラ,セミナー,他
20252019,j1a121,加藤遥,2026-03-31 06:00:00+00,2026-03-31 07:30:00+00,株式会社ユニオン,試験_適正,継続（合格）
20252028,j2a108,高橋直樹,2026-03-31 06:00:00+00,2026-03-31 06:45:00+00,株式会社ルミナス,試験_面接,不合格
20252010,j2a112,阿部陸,2026-03-31 06:00:00+00,2026-03-31 07:30:00+00,株式会社リーフ,試験_適正,結果待ち
20252008,j2a114,藤田美咲,2026-03-31 06:00:00+00,2026-03-31 06:45:00+00,株式会社フロンティア,試験_面接,結果待ち
20234082,r3a108,斎藤花子,2026-03-31 06:00:00+00,2026-03-31 07:00:00+00,株式会社モデスト,説明会_単,他
20234075,r3a118,池田優奈,2026-03-31 06:00:00+00,2026-03-31 06:45:00+00,株式会社ハーモニー,試験_面接,継続（合格）
20234050,r3a135,佐藤杏奈,2026-03-31 06:00:00+00,2026-03-31 06:45:00+00,株式会社ホライズン,試験_面接,不合格
20234001,r3a206,藤田優奈,2026-03-31 06:00:00+00,2026-03-31 06:45:00+00,株式会社アビリティ,試験_面接,不合格
20234081,r3a213,清水遥,2026-03-31 06:00:00+00,2026-03-31 06:45:00+00,株式会社ベータ,試験_面接,結果待ち
20234044,r3a221,松本結衣,2026-03-31 06:00:00+00,2026-03-31 06:45:00+00,株式会社ミライ,試験_面接,継続（合格）
20243033,s2a101,山崎彩香,2026-03-31 06:00:00+00,2026-03-31 07:00:00+00,株式会社ステラ,説明会_単,他
20243016,s2a207,佐々木彩香,2026-03-31 06:00:00+00,2026-03-31 06:45:00+00,株式会社シグマ,試験_面接,継続（合格）
20243044,s2a214,山本遥,2026-03-31 06:00:00+00,2026-03-31 06:45:00+00,株式会社ベータ,試験_面接,不合格
20243013,s2a401,山口陸,2026-03-31 06:00:00+00,2026-03-31 06:45:00+00,株式会社リンク,試験_面接,結果待ち
20243054,s2a404,林葵,2026-03-31 06:00:00+00,2026-03-31 07:30:00+00,株式会社ブリッジ,試験_適正,継続（合格）
20243036,s2a412,藤田悠斗,2026-03-31 06:00:00+00,2026-03-31 07:00:00+00,株式会社ミライ,説明会_単,他
